Num_Acc,senc,catv,occutc,obs,obsm,choc,manv,num_veh
201000003362,0,30,000,12,0,1,01,A01
201000003363,0,01,000,00,0,4,13,B02
201000003363,0,38,001,00,2,2,17,A01
201000003364,0,30,000,00,2,1,01,A01
201000003364,0,07,000,00,2,6,15,B02
201000003365,0,07,000,00,2,6,15,A01
201000003365,0,33,000,00,2,0,02,B02
201000003366,0,33,000,00,2,4,23,C03
201000003366,0,07,000,00,2,4,15,D04
201000003366,0,07,000,00,2,1,01,A01
201000003366,0,07,000,00,2,4,23,B02
201000003367,0,31,000,00,2,8,00,B02
201000003367,0,13,000,00,2,5,17,A01
201000003368,0,07,000,00,2,1,01,A01
201000003368,0,10,000,00,2,1,13,B02
201000003369,0,07,000,00,1,1,01,A01
201000003370,0,07,000,00,1,3,01,A01
201000003371,0,07,000,00,2,1,01,B02
201000003371,0,07,000,00,2,8,01,C03
201000003371,0,07,000,00,2,8,01,D04
201000003371,0,07,000,00,2,1,13,A01
201000003372,0,07,000,00,0,3,13,A01
201000003372,0,07,000,00,0,3,01,B02
201000003373,0,07,000,00,2,3,01,A01
201000003373,0,17,000,00,2,3,01,B02
201000003374,0,10,000,00,0,3,00,B02
201000003374,0,03,000,00,0,5,15,A01
201000003375,0,01,000,00,2,1,09,B02
201000003375,0,10,000,00,0,5,01,A01
201000003376,0,32,000,01,0,2,21,A01
201000003376,0,07,000,00,0,2,24,B02
201000003377,0,07,000,00,5,1,19,A01
201000003378,0,07,000,00,2,2,01,A01
201000003378,0,01,000,00,2,4,01,B02
201000003379,0,02,000,13,0,1,01,A01
201000003380,0,07,000,00,2,3,01,A01
201000003380,0,01,000,00,2,4,15,B02
201000003381,0,02,000,00,2,1,01,A01
201000003381,0,03,000,00,2,3,13,B02
201000003382,0,07,000,00,0,1,19,A01
201000003383,0,21,000,16,0,0,01,A01
201000003384,0,07,000,00,2,3,01,B02
201000003384,0,07,000,00,2,3,13,A01
201000003385,0,07,000,00,2,3,01,A01
201000003385,0,38,001,00,2,3,01,B02
201000003386,0,14,000,00,2,1,01,B02
201000003386,0,07,000,00,2,1,01,A01
201000003387,0,07,000,13,2,8,13,A01
201000003387,0,07,000,00,2,1,01,B02
201000003388,0,07,000,00,2,1,13,A01
201000003388,0,07,000,00,2,3,01,B02
201000003389,0,07,000,00,9,3,15,A01
201000003389,0,01,000,00,2,1,05,B02
201000003390,0,07,000,00,9,1,02,A01
201000003390,0,01,000,00,2,5,02,B02
201000003391,0,07,000,00,2,3,17,A01
201000003391,0,10,000,00,2,3,01,B02
201000003392,0,07,000,00,2,2,17,A01
201000003392,0,07,000,00,2,1,01,B02
201000003393,0,14,000,13,0,9,14,A01
201000003394,0,02,000,00,4,1,01,A01
201000003394,0,39,000,00,2,8,01,B02
201000003395,0,01,000,00,2,8,01,B02
201000003395,1,07,000,00,2,7,01,A01
201000003396,0,07,000,00,0,7,15,A01
201000003396,0,07,000,00,2,1,01,B02
201000003397,0,07,000,00,9,2,19,A01
201000003397,0,31,000,00,2,1,01,B02
201000003398,0,07,000,06,0,9,01,A01
201000003399,0,07,000,00,1,3,01,A01
201000003400,0,02,000,00,2,1,01,B02
201000003400,0,10,000,00,2,3,15,A01
201000003401,0,07,000,08,0,8,01,A01
201000003402,0,07,000,13,0,3,01,A01
201000003403,0,07,000,13,0,1,01,A01
201000003404,0,07,000,00,2,3,01,B02
201000003404,0,07,000,00,2,3,13,A01
201000003405,0,33,000,00,0,7,01,A01
201000003406,0,10,000,02,0,1,01,A01
201000003407,0,33,000,00,0,8,01,A01
201000003408,0,07,000,00,0,2,17,A01
201000003408,0,07,000,00,2,3,15,B02
201000003409,0,07,000,00,2,8,01,A01
201000003409,0,02,000,00,2,7,01,B02
201000003410,2,07,000,13,0,1,01,A01
201000003411,0,07,000,00,1,2,01,A01
201000003412,0,34,000,00,6,1,01,A01
201000003413,1,07,000,00,0,0,00,A01
201000003414,1,07,000,00,1,0,00,A01
201000003415,0,01,000,00,2,7,01,B02
201000003415,0,07,000,00,2,2,01,A01
201000003416,0,33,000,00,5,1,01,A01
201000003417,0,07,000,00,0,2,15,A01
201000003417,0,07,000,00,2,3,01,B02
201000003418,0,07,000,00,2,2,15,A01
201000003418,0,02,000,00,2,1,01,B02
201000003419,0,07,000,00,2,3,01,A01
201000003419,0,07,000,00,2,2,01,B02
201000003420,0,07,000,02,0,0,01,A01
201000003421,0,01,000,12,0,1,01,A01
201000003422,0,07,000,00,2,1,13,A01
201000003422,0,07,000,00,2,3,01,B02
201000003423,0,10,000,00,2,6,19,A01
201000003423,0,33,000,00,2,3,01,B02
201000003424,0,07,000,13,0,2,01,A01
201000003425,0,33,000,16,0,1,01,A01
201000003426,0,07,000,02,0,3,01,A01
201000003427,0,03,000,01,0,1,01,A01
201000003428,0,33,000,00,0,1,00,A01
201000003429,0,07,000,00,2,3,01,A01
201000003429,0,07,000,00,2,3,01,B02
201000003430,0,10,000,00,2,6,01,B02
201000003430,0,33,000,00,2,2,17,A01
201000003431,0,07,000,00,0,0,01,A01
201000003432,0,07,000,02,0,8,02,A01
201000003433,0,07,000,08,0,2,01,A01
201000003434,0,33,000,00,2,1,01,B02
201000003434,0,07,000,00,2,2,17,A01
201000003435,0,07,000,00,2,3,05,B02
201000003435,0,30,000,00,2,1,01,A01
201000003436,0,07,000,00,2,7,01,A01
201000003436,0,01,000,00,2,8,01,B02
201000003437,0,14,000,00,2,6,04,A01
201000003437,0,31,000,00,2,1,01,B02
201000003438,0,07,000,11,0,3,01,A01
201000003439,0,07,000,13,0,1,01,A01
201000003440,0,33,000,08,0,7,01,A01
201000003441,0,10,000,13,0,3,19,A01
201000003442,0,07,000,00,2,1,17,A01
201000003442,0,07,000,00,2,1,01,B02
201000003443,0,07,000,00,6,1,01,A01
201000003443,0,07,000,00,6,2,01,B02
201000003444,0,10,000,13,0,1,00,A01
201000003445,0,07,000,00,1,7,01,A01
201000003446,0,07,000,13,0,2,01,A01
201000003447,0,33,000,00,1,1,01,A01
201000003448,0,07,000,00,2,1,01,B02
201000003448,0,07,000,00,2,8,01,A01
201000003449,0,07,000,00,2,3,01,B02
201000003449,0,07,000,00,2,1,13,A01
201000003450,0,01,000,00,2,1,15,A01
201000003450,0,07,000,00,2,7,01,B02
201000003451,0,30,000,00,2,1,13,A01
201000003451,0,07,000,00,2,1,01,B02
201000003452,0,21,000,00,0,8,15,A01
201000003452,0,07,000,00,2,2,17,B02
201000003453,0,07,000,00,2,1,01,B02
201000003453,0,07,000,00,2,7,01,A01
201000003454,0,07,000,00,2,1,01,A01
201000003454,0,07,000,00,2,1,01,B02
201000003455,0,07,000,15,0,1,01,A01
201000003456,0,14,000,00,0,0,00,B02
201000003456,0,07,000,00,1,3,01,A01
201000003457,0,02,000,00,2,1,01,A01
201000003457,0,14,000,00,2,1,01,B02
201000003458,0,07,000,00,2,6,15,B02
201000003458,0,33,000,00,2,1,17,A01
201000003459,0,07,000,08,0,1,01,A01
201000003460,0,07,000,00,2,0,01,B02
201000003460,0,21,000,00,2,3,19,A01
201000003461,0,07,000,00,2,2,13,A01
201000003461,0,14,000,00,2,2,01,B02
201000003462,0,10,000,00,2,2,01,A01
201000003462,0,30,000,00,2,4,01,B02
201000003463,0,10,000,00,2,3,01,A01
201000003463,0,30,000,00,2,3,01,B02
201000003464,0,07,000,00,2,2,01,B02
201000003464,0,14,000,00,2,3,01,A01
201000003465,0,07,000,00,2,1,01,C03
201000003465,0,10,000,00,2,1,01,A01
201000003465,0,17,000,00,2,1,01,B02
201000003466,0,07,000,00,2,3,01,C03
201000003466,0,10,000,00,2,1,17,A01
201000003466,0,07,000,00,2,1,01,B02
201000003467,0,07,000,07,2,6,15,B02
201000003467,0,33,000,00,2,0,17,A01
201000003468,0,07,000,00,2,7,13,A01
201000003468,0,07,000,00,2,1,01,B02
201000003469,0,14,000,00,2,1,01,A01
201000003469,0,07,000,00,2,8,19,B02
201000003470,0,10,000,08,0,3,01,A01
201000003471,0,07,000,01,2,3,13,A01
201000003471,0,07,000,00,2,3,01,B02
201000003472,0,07,000,02,0,1,01,A01
201000003473,0,07,000,00,2,2,01,A01
201000003473,0,01,000,00,2,8,01,B02
201000003474,0,07,000,00,2,1,01,B02
201000003474,0,07,000,00,2,5,19,A01
201000003475,0,07,000,00,1,1,01,A01
201000003476,0,30,000,00,2,1,01,A01
201000003476,0,07,000,00,0,4,16,B02
201000003477,0,07,000,02,0,3,01,A01
201000003478,0,07,000,00,9,3,13,A01
201000003478,0,01,000,00,2,1,01,B02
201000003479,0,30,000,00,2,1,01,A01
201000003479,0,30,000,00,2,1,01,B02
201000003480,0,07,000,00,2,5,17,A01
201000003480,0,30,000,00,2,1,13,B02
201000003481,0,07,000,00,2,1,15,A01
201000003481,0,33,000,00,2,8,01,B02
201000003482,0,07,000,16,0,9,01,A01
201000003483,0,07,000,00,0,0,00,A01
201000003483,0,07,000,00,2,3,15,B02
201000003484,0,07,000,00,2,6,15,A01
201000003484,0,07,000,00,2,1,17,B02
201000003485,0,33,000,00,0,0,16,A01
201000003486,0,17,000,00,2,1,01,B02
201000003486,0,07,000,00,0,1,13,A01
201000003487,0,07,000,00,1,3,01,A01
201000003488,0,07,000,00,2,3,15,A01
201000003488,0,33,000,00,2,2,01,B02
201000003489,0,10,000,00,1,2,01,A01
201000003490,0,07,000,00,2,1,01,A01
201000003490,0,03,000,00,2,4,01,B02
201000003491,0,07,000,16,0,1,01,A01
201000003492,0,30,000,12,0,2,01,A01
201000003493,0,30,000,00,2,1,13,A01
201000003493,0,07,000,00,2,6,01,B02
201000003494,0,33,000,00,2,9,00,A01
201000003494,0,33,000,00,2,7,20,B02
201000003495,0,33,000,16,0,0,01,A01
201000003496,0,30,000,06,0,1,13,A01
201000003497,0,30,000,00,2,1,15,A01
201000003498,0,07,000,02,0,2,01,A01
201000003499,0,33,000,00,2,1,01,B02
201000003499,0,07,000,00,2,8,10,A01
201000003500,0,07,000,00,2,3,01,B02
201000003500,0,07,000,00,2,1,13,A01
201000003501,0,01,000,00,2,4,01,B02
201000003501,0,10,000,00,2,1,01,A01
201000003502,0,07,000,00,2,1,01,A01
201000003502,0,02,000,00,2,1,13,B02
201000003503,0,07,000,00,2,2,10,A01
201000003503,0,07,000,00,2,3,01,B02
201000003504,0,30,000,00,2,1,17,A01
201000003504,0,21,000,00,2,8,15,B02
201000003505,0,07,000,00,2,8,19,B02
201000003505,0,07,000,00,2,1,19,A01
201000003506,0,07,000,08,0,1,01,A01
201000003507,0,30,000,00,2,2,01,B02
201000003507,0,07,000,00,2,3,01,A01
201000003508,0,33,000,00,0,1,17,A01
201000003508,0,07,000,00,0,6,15,B02
201000003509,0,07,000,00,2,3,01,A01
201000003509,0,07,000,00,2,3,01,B02
201000003510,0,03,000,00,2,8,15,A01
201000003510,0,07,000,00,2,1,01,B02
201000003511,0,07,000,08,0,9,09,A01
201000003512,0,07,000,08,0,2,17,A01
201000003512,0,21,000,00,2,3,15,B02
201000003513,0,07,000,00,6,0,01,A01
201000003514,0,31,000,15,0,0,01,A01
201000003515,0,07,000,00,2,3,21,B02
201000003515,0,30,000,00,2,4,13,A01
201000003516,0,30,000,13,0,1,01,A01
201000003517,0,30,000,00,2,1,01,B02
201000003517,0,07,000,00,2,3,01,A01
201000003518,0,07,000,12,0,1,01,A01
201000003519,0,07,000,00,2,2,01,B02
201000003519,0,20,000,00,2,2,19,A01
201000003520,0,07,000,02,0,2,01,A01
201000003521,0,07,000,00,2,3,01,A01
201000003521,0,07,000,00,2,1,01,B02
201000003522,0,30,000,00,2,1,01,B02
201000003522,0,07,000,00,2,1,17,A01
201000003523,0,07,000,13,0,1,01,A01
201000003524,0,30,000,08,0,1,01,A01
201000003525,0,07,000,08,0,3,13,A01
201000003526,0,30,000,00,2,1,01,A01
201000003526,0,07,000,00,2,4,23,B02
201000003527,0,30,000,06,0,1,01,A01
201000003528,0,07,000,00,2,1,13,A01
201000003528,0,10,000,00,2,1,01,B02
201000003529,0,07,000,02,0,8,19,A01
201000003530,0,33,000,00,6,1,01,A01
201000003531,0,02,000,00,0,0,01,A01
201000003532,0,30,000,00,0,7,00,A01
201000003533,0,33,000,08,0,1,01,A01
201000003534,0,02,000,16,0,1,01,A01
201000003535,0,07,000,08,0,2,14,A01
201000003536,0,07,000,00,2,1,13,A01
201000003536,0,07,000,00,2,1,01,B02
201000003537,0,07,000,00,2,1,01,B02
201000003537,0,07,000,00,2,2,15,A01
201000003538,0,10,000,00,1,3,21,A01
201000003539,0,07,000,00,2,2,19,A01
201000003539,0,07,000,00,2,1,01,B02
201000003540,0,33,000,00,0,9,01,A01
201000003541,0,33,000,00,0,9,01,A01
201000003542,0,07,000,00,0,1,01,A01
201000003543,0,07,000,00,2,1,01,A01
201000003543,0,02,000,00,2,8,19,B02
201000003544,0,07,000,00,2,1,17,A01
201000003544,0,02,000,00,2,1,01,B02
201000003545,0,01,000,00,0,4,15,A01
201000003545,0,30,000,00,2,1,17,B02
201000003546,0,07,000,00,2,3,16,A01
201000003546,0,33,000,11,2,2,01,B02
201000003547,0,07,000,00,2,3,01,B02
201000003547,0,01,000,00,2,3,15,A01
201000003548,0,14,000,00,2,1,01,B02
201000003548,0,07,000,00,0,7,01,A01
201000003549,0,07,000,00,2,1,13,A01
201000003549,0,15,000,00,2,1,00,B02
201000003550,0,07,000,00,2,1,13,A01
201000003550,0,07,000,00,2,1,01,B02
201000003551,0,30,000,00,0,0,00,A01
201000003552,0,07,000,00,2,1,01,A01
201000003552,0,07,000,00,2,3,01,B02
201000003553,0,07,000,13,0,3,01,A01
201000003554,0,33,000,00,0,9,01,A01
201000003555,0,07,000,00,2,2,13,A01
201000003555,0,07,000,00,2,3,01,B02
201000003556,0,07,000,00,0,4,15,A01
201000003556,0,07,000,00,2,1,01,B02
201000003557,0,07,000,00,2,3,01,B02
201000003557,0,07,000,00,2,3,17,A01
201000003558,0,07,000,06,0,1,01,A01
201000003559,0,33,000,00,2,7,02,A01
201000003559,0,07,000,00,0,6,15,B02
201000003560,0,07,000,13,0,1,01,A01
201000003561,0,07,000,02,0,1,13,A01
201000003562,0,33,000,00,2,7,17,B02
201000003562,0,10,000,00,0,3,15,A01
201000003563,0,33,000,00,2,1,17,A01
201000003563,0,15,000,00,2,3,01,B02
201000003564,0,07,000,13,0,9,01,A01
201000003565,0,07,000,13,2,7,19,A01
201000003565,0,14,000,00,2,1,01,B02
201000003566,0,07,000,00,2,3,19,A01
201000003566,0,02,000,00,2,1,01,B02
201000003567,0,33,000,00,2,1,01,B02
201000003567,0,07,000,00,0,5,15,A01
201000003568,0,07,000,08,0,1,13,A01
201000003569,0,07,000,00,1,3,01,A01
201000003570,0,07,000,02,0,3,01,A01
201000003571,0,07,000,06,0,1,00,A01
201000003572,0,07,000,00,0,1,01,B02
201000003572,0,01,000,00,2,8,15,A01
201000003573,0,07,000,06,0,1,13,A01
201000003574,0,07,000,13,0,9,13,A01
201000003575,0,07,000,00,2,3,00,A01
201000003575,0,07,000,00,2,3,01,B02
201000003576,0,07,000,12,1,1,21,A01
201000003577,0,07,000,02,0,1,13,A01
201000003578,0,10,000,00,2,8,01,A01
201000003578,0,02,000,00,2,1,19,B02
201000003579,0,10,000,13,0,1,01,A01
201000003580,1,07,000,00,2,2,01,A01
201000003580,0,01,000,00,2,4,01,B02
201000003581,0,07,000,00,2,1,01,B02
201000003581,0,10,000,00,2,3,13,A01
201000003582,0,07,000,00,2,4,15,A01
201000003582,0,07,000,00,2,1,01,B02
201000003583,0,33,000,13,0,1,01,A01
201000003584,0,33,000,02,0,1,01,A01
201000003585,0,07,000,13,0,8,01,A01
201000003586,0,33,000,16,0,1,00,A01
201000003587,0,07,000,06,0,1,01,A01
201000003588,0,33,000,00,0,1,01,A01
201000003589,0,07,000,02,0,3,13,A01
201000003590,0,07,000,00,2,3,15,B02
201000003590,0,33,000,00,2,1,01,A01
201000003591,0,07,000,13,0,1,01,A01
201000003592,0,07,000,00,9,2,01,A01
201000003593,0,33,000,00,6,1,01,A01
201000003594,0,07,000,01,0,1,01,A01
201000003595,0,07,000,00,2,3,23,C03
201000003595,0,07,000,08,2,1,13,B02
201000003595,0,10,000,01,0,2,21,A01
201000003595,0,10,000,00,2,2,23,D04
201000003596,0,07,000,13,0,1,14,A01
201000003597,0,07,000,00,2,3,14,B02
201000003597,0,07,000,00,2,3,13,A01
201000003598,0,02,000,00,0,0,01,A01
201000003599,0,15,000,00,2,3,20,A01
201000003599,0,33,000,00,2,1,01,B02
201000003600,0,07,000,00,2,1,02,A01
201000003600,0,33,000,00,2,8,15,B02
201000003601,0,07,000,00,1,2,01,A01
201000003602,0,21,000,00,0,4,15,A01
201000003602,0,02,000,00,0,1,01,B02
201000003603,0,03,000,00,0,7,01,A01
201000003603,0,07,000,00,2,1,01,B02
201000003604,0,02,000,00,2,7,19,A01
201000003604,0,07,000,00,2,1,01,B02
201000003605,0,33,000,12,0,7,01,A01
201000003606,0,07,000,00,2,3,01,A01
201000003606,0,07,000,00,2,1,15,B02
201000003607,0,07,000,00,2,7,01,B02
201000003607,0,07,000,00,2,1,19,A01
201000003608,0,07,000,08,2,1,01,A01
201000003608,0,10,000,00,2,1,01,B02
201000003609,0,07,000,00,2,1,01,B02
201000003609,0,07,000,00,2,1,13,A01
201000003609,0,07,000,00,2,6,01,C03
201000003610,0,33,000,00,2,7,01,A01
201000003610,0,07,000,00,2,1,09,B02
201000003611,0,30,000,00,0,8,01,A01
201000003612,0,07,000,13,0,9,01,A01
201000003613,0,07,000,08,0,7,21,A01
201000003614,0,07,000,02,0,1,01,A01
201000003615,0,07,000,08,0,3,01,A01
201000003616,0,07,000,00,2,1,01,B02
201000003616,0,07,000,00,2,3,01,C03
201000003616,0,07,000,00,2,1,13,A01
201000003617,0,15,000,00,2,3,01,B02
201000003617,0,07,000,00,2,3,13,A01
201000003618,0,07,000,00,2,1,01,B02
201000003618,0,07,000,00,2,2,01,A01
201000003619,0,33,000,00,2,9,17,B02
201000003619,0,10,000,00,0,3,15,A01
201000003620,0,07,000,00,9,2,01,A01
201000003620,0,01,000,00,2,1,19,B02
201000003621,0,07,000,00,2,0,00,B02
201000003621,0,33,000,00,2,1,01,A01
201000003622,0,07,000,00,0,1,00,A01
201000003623,0,07,000,13,0,2,22,A01
201000003624,0,07,000,00,2,1,05,A01
201000003624,0,07,000,00,2,1,01,B02
201000003625,0,07,000,00,2,1,01,B02
201000003625,0,10,000,00,2,7,21,A01
201000003626,0,07,000,00,1,1,01,A01
201000003627,0,07,000,00,0,3,00,C03
201000003627,0,17,000,00,0,3,13,A01
201000003628,0,07,000,00,2,1,05,A01
201000003628,0,07,000,00,2,1,01,B02
201000003629,0,07,000,00,2,3,01,B02
201000003629,0,07,000,00,2,3,01,A01
201000003630,0,14,000,00,2,7,01,A01
201000003630,0,10,000,00,2,3,01,B02
201000003631,0,10,000,00,2,1,01,A01
201000003631,0,07,000,00,2,1,13,B02
201000003632,0,07,000,00,2,3,01,B02
201000003632,0,33,000,00,2,1,05,A01
201000003633,0,33,000,00,2,1,21,B02
201000003633,0,07,000,00,2,2,15,A01
201000003634,0,07,000,00,2,3,17,A01
201000003634,0,07,000,00,2,3,01,B02
201000003635,0,07,000,00,1,2,01,A01
201000003636,0,07,000,00,1,1,01,A01
201000003637,0,07,000,00,0,4,01,A01
201000003637,0,07,000,00,2,1,01,B02
201000003638,0,07,000,00,2,3,13,A01
201000003638,0,07,000,00,2,3,01,B02
201000003639,0,07,000,00,0,3,01,A01
201000003639,0,07,000,00,0,8,15,B02
201000003640,0,33,000,00,0,9,11,A01
201000003641,0,33,000,13,0,1,01,A01
201000003642,0,07,000,00,0,2,01,A01
201000003643,1,07,000,00,0,0,01,A01
201000003644,0,33,000,13,0,1,01,A01
201000003645,0,07,000,00,2,1,01,B02
201000003645,0,07,000,00,2,1,01,A01
201000003646,0,07,000,13,0,9,01,A01
201000003647,0,07,000,00,1,2,01,A01
201000003648,0,10,000,00,2,1,01,B02
201000003648,0,07,000,00,2,1,05,A01
201000003649,0,07,000,01,0,2,02,A01
201000003649,0,07,000,01,0,6,24,B02
201000003650,0,07,000,00,2,1,02,C01
201000003650,0,07,000,00,2,4,01,A01
201000003650,0,10,000,00,2,1,02,B01
201000003651,0,31,000,00,2,8,01,B01
201000003651,0,07,000,00,2,1,15,A01
201000003652,0,07,000,01,9,2,09,A01
201000003652,0,33,000,00,2,3,00,B01
201000003653,0,07,000,00,9,3,01,A01
201000003653,0,01,000,00,2,1,01,B01
201000003654,0,30,000,00,0,4,02,A01
201000003654,1,07,000,00,2,1,02,Z01
201000003655,0,07,000,00,2,1,01,B01
201000003655,0,02,000,00,2,1,00,A01
201000003656,0,07,000,00,2,7,10,B01
201000003656,0,07,000,00,2,1,01,A01
201000003657,0,07,000,00,0,8,01,A01
201000003657,0,01,000,00,2,1,19,B01
201000003658,0,02,000,00,2,1,02,A01
201000003658,0,07,000,00,2,4,16,B01
201000003659,0,33,000,00,2,1,01,B01
201000003659,0,07,000,00,2,8,15,A01
201000003660,0,07,000,00,1,1,01,A01
201000003661,0,30,000,00,2,4,02,B01
201000003661,1,07,000,00,2,4,00,A01
201000003662,0,17,000,00,2,3,01,B01
201000003662,0,07,000,00,2,1,13,A01
201000003663,0,30,000,00,2,1,01,B01
201000003663,0,07,000,00,2,4,20,A01
201000003664,0,20,000,00,1,6,16,A01
201000003665,0,07,000,06,0,0,01,A01
201000003666,0,07,000,09,0,1,01,A01
201000003667,0,14,000,00,2,1,01,A01
201000003667,0,07,000,00,2,8,19,B02
201000003668,0,30,000,00,0,0,16,A01
201000003669,0,02,000,00,2,1,01,B02
201000003669,0,07,000,00,0,7,01,A01
201000003670,0,07,000,00,2,1,01,A01
201000003670,0,02,000,00,2,7,19,B02
201000003671,0,03,000,06,0,1,01,A01
201000003672,0,33,000,00,0,0,01,A01
201000003673,0,33,000,00,0,0,01,A01
201000003674,0,33,000,13,0,1,01,A01
201000003675,0,36,000,06,0,7,01,A01
201000003676,0,07,000,00,0,5,15,A01
201000003676,0,33,000,00,0,1,01,B02
201000003677,0,07,000,00,2,1,01,B02
201000003677,0,07,000,00,2,1,13,A01
201000003678,0,07,000,00,1,3,01,A01
201000003679,0,15,000,00,0,1,00,B02
201000003679,0,07,000,00,0,1,00,A01
201000003680,0,07,000,00,0,7,14,A01
201000003681,0,07,000,00,2,3,09,A01
201000003681,0,30,000,00,2,7,01,B02
201000003682,0,10,000,08,0,1,01,A01
201000003683,0,07,000,00,2,1,01,B02
201000003683,0,07,000,00,2,7,15,A01
201000003684,0,07,000,00,2,1,01,C03
201000003684,0,07,000,00,2,3,13,A01
201000003684,0,07,000,00,2,8,01,B02
201000003685,0,33,000,00,2,0,01,A01
201000003686,0,07,000,00,2,7,15,A01
201000003686,0,33,000,00,2,1,01,B02
201000003687,0,07,000,00,2,3,01,A01
201000003687,0,01,000,00,2,7,01,B02
201000003688,0,01,000,00,0,4,11,B02
201000003688,0,07,000,00,2,3,01,A01
201000003689,0,07,000,00,2,2,01,A01
201000003689,0,07,000,00,2,3,01,B02
201000003690,0,07,000,13,0,2,14,A01
201000003691,0,30,000,12,0,1,13,A01
201000003692,0,32,000,00,2,1,17,A01
201000003692,0,07,000,00,0,4,13,B02
201000003693,0,07,000,00,2,3,10,A01
201000003693,0,33,000,00,2,1,01,B02
201000003694,0,07,000,13,5,7,21,A01
201000003695,0,30,000,13,0,1,01,A01
201000003696,0,07,000,13,0,7,01,A01
201000003697,0,33,000,00,0,0,01,A01
201000003698,0,07,000,00,0,2,13,A01
201000003698,0,07,000,00,0,3,00,B02
201000003699,0,07,000,00,1,2,01,A01
201000003700,0,07,000,00,2,2,13,A01
201000003700,0,07,000,00,2,2,01,B02
201000003701,0,07,000,06,0,1,01,A01
201000003702,0,30,000,13,0,1,01,A01
201000003703,0,21,000,00,0,0,01,C03
201000003703,0,02,000,00,2,3,17,A01
201000003703,0,10,000,00,2,3,01,B02
201000003704,0,14,000,00,2,1,01,B02
201000003704,0,07,000,00,2,7,19,A01
201000003705,0,33,000,00,0,0,01,A01
201000003706,0,07,000,16,0,9,01,A01
201000003707,0,07,000,00,2,5,23,B02
201000003707,0,07,000,00,2,1,02,C03
201000003707,0,07,000,00,2,1,01,D04
201000003707,0,10,000,00,2,3,02,A01
201000003708,0,07,000,00,2,6,15,B02
201000003708,0,33,000,00,2,1,01,A01
201000003709,0,20,000,00,2,1,00,B02
201000003709,0,10,000,00,2,1,00,A01
201000003710,0,33,000,00,2,7,01,B02
201000003710,0,07,000,00,2,7,15,A01
201000003711,0,07,000,13,0,9,00,A01
201000003712,0,15,000,00,2,8,01,B02
201000003712,0,07,000,00,2,3,01,A01
201000003713,0,07,000,00,2,3,01,B02
201000003713,0,30,000,00,2,1,13,A01
201000003714,0,07,000,00,2,2,01,A01
201000003714,0,10,000,00,2,3,15,B02
201000003715,0,10,000,00,2,2,17,B02
201000003715,0,21,000,00,2,3,15,A01
201000003716,0,10,000,00,2,3,01,B02
201000003716,0,07,000,00,2,7,17,A01
201000003717,0,01,000,00,2,8,01,B02
201000003717,0,10,000,00,2,3,15,A01
201000003718,0,07,000,00,1,1,17,A01
201000003719,0,01,000,00,2,8,19,A01
201000003719,0,07,000,00,9,1,00,B02
201000003720,0,07,000,13,0,2,01,A01
201000003721,0,07,000,00,0,6,15,B02
201000003721,0,33,000,00,0,1,01,A01
201000003722,0,01,000,00,0,6,01,B02
201000003722,0,07,000,00,9,3,02,A01
201000003723,0,07,000,00,0,1,13,A01
201000003723,0,07,000,00,0,1,01,B02
201000003724,0,07,000,06,0,1,13,A01
201000003725,0,07,000,13,0,1,01,A01
201000003726,0,31,000,13,0,1,01,A01
201000003727,0,14,000,00,2,6,20,B02
201000003727,0,30,000,00,2,7,19,A01
201000003728,0,02,000,00,2,8,01,B02
201000003728,0,07,000,00,2,3,15,A01
201000003729,0,07,000,00,2,3,01,B02
201000003729,0,07,000,00,2,3,01,C03
201000003729,0,07,000,00,2,3,13,A01
201000003730,0,07,000,00,2,3,01,B02
201000003730,0,30,000,00,2,1,19,A01
201000003731,0,07,000,00,0,3,13,A01
201000003731,0,07,000,00,0,3,01,B02
201000003732,0,02,000,00,2,1,01,B02
201000003732,0,07,000,00,2,7,15,A01
201000003733,0,07,000,00,2,3,01,B02
201000003733,0,07,000,00,0,3,17,A01
201000003734,0,31,000,16,1,1,01,A01
201000003735,0,07,000,13,0,9,01,A01
201000003736,0,33,000,00,2,3,01,B02
201000003736,0,21,000,00,0,6,01,A01
201000003737,0,30,000,00,2,0,23,A01
201000003737,0,30,000,14,0,1,01,B02
201000003738,0,33,000,12,0,1,01,A01
201000003739,0,07,000,08,0,1,01,A01
201000003740,0,21,000,00,2,3,15,B02
201000003740,0,33,000,00,2,2,17,A01
201000003741,0,01,000,00,0,4,01,A01
201000003742,0,02,000,00,2,1,13,A01
201000003742,0,10,000,00,2,1,23,B02
201000003743,0,07,000,00,2,3,01,A01
201000003743,0,10,000,00,2,1,19,B02
201000003744,0,07,000,02,2,1,01,A01
201000003744,0,07,000,00,2,1,01,B02
201000003745,0,07,000,08,0,8,15,A01
201000003746,0,07,000,00,2,3,01,B02
201000003746,0,02,000,00,2,1,13,A01
201000003747,0,33,000,08,0,1,01,A01
201000003748,0,07,000,00,9,6,15,B02
201000003748,0,01,000,00,2,1,01,A01
201000003749,0,33,000,00,2,8,01,B02
201000003749,0,07,000,00,2,1,01,A01
201000003750,0,07,000,13,0,2,01,A01
201000003751,2,07,000,00,2,3,01,B02
201000003751,0,07,000,00,2,3,01,A01
201000003752,0,07,000,00,2,3,01,B02
201000003752,0,07,000,00,2,3,01,A01