Num_Acc,senc,catv,occutc,obs,obsm,choc,manv,num_veh
201000004513,0,07,000,00,2,3,01,A01
201000004514,0,07,000,06,0,3,13,A01
201000004515,0,07,000,00,2,7,19,A01
201000004515,0,07,000,00,2,1,01,B02
201000004516,0,07,000,00,2,1,15,A01
201000004516,0,07,000,00,2,8,01,B02
201000004517,0,14,000,00,2,1,01,B02
201000004517,0,07,000,00,2,8,19,A01
201000004518,0,07,000,00,1,2,01,A01
201000004519,0,10,000,01,0,1,02,B02
201000004519,0,15,000,00,0,4,24,A01
201000004520,0,10,000,10,0,1,01,A01
201000004521,0,07,000,00,2,3,01,A01
201000004521,0,07,000,00,2,6,10,B02
201000004522,0,14,000,00,1,1,01,A01
201000004523,0,07,000,00,2,2,02,A01
201000004523,0,01,000,00,2,4,02,B02
201000004524,0,07,000,13,0,3,01,A01
201000004525,0,02,000,12,0,2,14,A01
201000004526,0,38,000,00,2,3,16,A01
201000004526,0,02,000,00,2,8,01,B02
201000004527,0,07,000,00,2,7,01,A01
201000004527,0,17,000,00,2,1,01,B02
201000004528,0,07,000,08,0,5,01,A01
201000004529,0,07,000,00,2,7,15,A01
201000004529,0,07,000,00,2,2,01,B02
201000004530,0,07,000,00,2,1,01,B02
201000004530,0,07,000,16,2,2,01,A01
201000004531,0,30,000,00,0,8,14,A01
201000004532,0,14,000,00,1,7,16,A01
201000004533,0,07,000,00,2,3,15,A01
201000004533,0,33,000,00,2,3,01,B02
201000004534,0,30,000,00,2,7,01,B02
201000004534,0,07,000,00,2,1,09,A01
201000004535,0,07,000,00,2,8,15,B02
201000004535,0,30,000,00,2,1,17,A01
201000004536,0,10,000,00,1,3,15,A01
201000004537,0,33,000,00,2,7,16,B02
201000004537,0,07,000,00,2,3,15,A01
201000004538,0,01,000,00,2,4,15,A01
201000004538,0,33,000,00,9,1,01,B02
201000004539,0,33,000,10,2,1,13,A01
201000004539,0,07,000,00,2,8,01,B02
201000004540,0,07,000,00,2,3,01,B02
201000004540,0,07,000,00,2,3,13,A01
201000004541,0,30,000,00,2,3,01,B02
201000004541,0,10,000,00,2,3,01,A01
201000004542,0,10,000,00,2,3,15,A01
201000004542,0,30,000,00,0,2,17,B02
201000004543,0,07,000,13,0,9,01,A01
201000004544,0,07,000,00,2,3,01,A01
201000004544,0,02,000,00,2,1,13,B02
201000004545,0,30,000,00,2,1,16,B02
201000004545,0,07,000,00,2,7,01,A01
201000004546,0,07,000,00,2,1,01,B02
201000004546,0,07,000,00,2,7,13,A01
201000004547,0,07,000,02,0,1,01,A01
201000004548,0,07,000,00,2,7,13,A01
201000004548,0,38,000,00,2,1,01,B02
201000004549,0,07,000,00,2,2,19,A01
201000004549,0,07,000,00,2,3,01,B02
201000004550,0,07,000,00,2,3,01,B02
201000004550,0,10,000,00,2,2,15,A01
201000004551,0,07,000,00,2,6,19,A01
201000004551,0,33,000,00,2,1,01,B02
201000004552,0,07,000,00,2,1,05,B02
201000004552,0,07,000,00,2,1,21,A01
201000004553,0,07,000,00,2,3,15,A01
201000004553,0,33,000,00,2,1,01,B02
201000004554,0,07,000,00,2,3,13,A01
201000004554,0,07,000,00,2,3,01,B02
201000004555,0,14,000,00,2,1,01,B02
201000004555,0,07,000,00,2,1,13,A01
201000004556,0,07,000,06,0,1,14,A01
201000004557,0,07,000,13,0,7,01,A01
201000004558,0,07,000,13,0,3,21,A01
201000004559,0,07,000,00,0,1,01,A01
201000004560,0,07,000,00,2,1,01,A01
201000004561,0,07,000,00,2,3,01,A01
201000004561,0,07,000,00,2,3,13,B02
201000004562,0,07,000,02,0,3,14,A01
201000004563,0,07,000,00,1,2,19,A01
201000004564,0,30,000,00,2,8,05,B02
201000004564,0,07,000,00,2,3,01,A01
201000004565,0,33,000,00,2,1,01,A01
201000004565,0,20,000,00,2,8,01,B02
201000004566,0,07,000,06,1,1,01,A01
201000004567,0,14,000,00,2,2,23,B02
201000004567,0,02,000,00,2,1,01,A01
201000004568,0,07,000,00,2,2,15,B02
201000004568,0,33,000,00,2,1,01,A01
201000004569,0,14,000,00,2,8,16,A01
201000004570,0,07,000,00,1,3,01,A01
201000004571,0,07,000,00,2,1,05,A01
201000004571,0,07,000,00,2,1,21,B02
201000004572,0,07,000,02,0,5,06,A01
201000004573,0,07,000,00,2,5,17,A01
201000004573,0,31,000,00,2,8,01,B02
201000004574,0,07,000,00,2,3,01,A01
201000004574,0,07,000,00,2,3,01,B02
201000004575,0,07,000,00,2,3,01,A01
201000004575,0,30,000,00,2,1,01,B02
201000004576,0,07,000,00,2,1,01,B02
201000004576,0,07,000,00,2,7,15,A01
201000004577,0,07,000,00,2,1,01,A01
201000004577,0,10,000,00,2,1,19,B02
201000004578,0,07,000,00,1,3,20,A01
201000004579,0,30,000,00,2,1,16,A01
201000004579,0,21,000,00,2,1,01,B02
201000004580,0,07,000,13,0,2,02,A01
201000004581,0,07,000,00,2,1,15,B02
201000004581,0,10,000,00,2,1,01,A01
201000004582,0,07,000,00,0,7,13,A01
201000004583,0,30,000,00,2,8,16,B02
201000004583,0,07,000,00,2,5,17,A01
201000004584,0,07,000,00,2,3,01,B02
201000004584,0,07,000,00,2,3,13,A01
201000004585,0,07,000,02,0,2,14,A01
201000004586,0,07,000,13,2,8,01,B02
201000004586,0,07,000,13,2,8,13,A01
201000004587,0,07,000,00,2,3,15,A01
201000004587,0,10,000,00,2,3,01,B02
201000004588,0,07,000,00,2,3,01,B02
201000004588,0,10,000,00,2,3,01,A01
201000004589,0,33,000,00,2,1,01,A01
201000004589,0,10,000,00,2,5,09,B02
201000004590,0,07,000,00,2,3,01,B02
201000004590,0,07,000,00,2,3,13,A01
201000004591,0,02,000,04,0,1,14,A01
201000004592,0,07,000,00,2,1,02,A01
201000004592,0,21,000,00,2,4,01,B02
201000004593,0,07,000,00,2,1,01,B02
201000004593,0,17,000,00,2,8,10,A01
201000004594,0,10,000,13,0,3,01,A01
201000004595,0,07,000,02,0,8,14,A01
201000004596,0,07,000,13,0,3,13,A01
201000004597,0,31,000,00,2,1,01,B01
201000004597,0,07,000,00,2,3,15,A01
201000004598,0,10,000,00,2,2,01,A01
201000004598,0,07,000,00,2,7,13,B02
201000004599,0,07,000,02,0,1,00,A01
201000004600,0,07,000,08,0,9,14,A01
201000004601,0,07,000,13,0,1,13,A01
201000004602,0,07,000,13,0,3,21,A01
201000004603,0,07,000,00,2,1,09,A01
201000004603,0,07,000,00,2,9,01,B02
201000004604,0,14,000,08,0,3,13,A01
201000004605,0,07,000,00,2,3,01,B02
201000004605,0,07,000,00,2,3,13,A01
201000004606,0,10,000,08,0,1,14,A01
201000004607,0,10,000,13,0,9,14,A01
201000004608,0,07,000,00,2,3,13,A01
201000004608,0,07,000,00,2,3,01,B02
201000004609,0,14,000,13,0,3,13,A01
201000004610,0,07,000,02,0,7,13,A01
201000004611,0,07,000,02,0,1,13,A01
201000004612,0,07,000,02,0,8,01,A01
201000004613,0,01,000,00,2,4,01,B02
201000004613,0,14,000,00,2,2,02,A01
201000004614,0,07,000,00,2,1,01,B02
201000004614,0,07,000,00,2,1,13,A01
201000004615,0,07,000,02,0,3,14,A01
201000004616,0,38,052,00,2,2,01,B02
201000004616,0,07,000,00,2,3,09,A01
201000004617,0,07,000,02,0,1,01,A01
201000004618,0,07,000,02,0,8,13,A01
201000004619,0,36,000,06,0,2,01,A01
201000004620,0,02,000,00,0,0,14,A01
201000004621,0,07,000,06,0,1,14,A01
201000004622,0,31,000,11,0,1,13,A01
201000004623,0,21,000,00,2,8,01,B02
201000004623,0,07,000,00,2,7,17,A01
201000004624,0,07,000,00,2,3,13,A01
201000004624,0,07,000,00,2,3,01,B02
201000004625,0,14,000,,1,2,01,A01
201000004626,0,14,000,00,2,8,01,B02
201000004626,0,07,000,,2,1,13,A01
201000004627,0,14,000,00,2,3,01,B02
201000004627,0,07,000,00,2,2,09,A01
201000004628,0,07,000,00,2,1,01,B01
201000004628,0,07,000,00,2,3,15,A01
201000004629,0,07,000,00,2,1,01,B01
201000004629,0,07,000,00,2,1,23,C02
201000004629,0,07,000,16,2,7,19,A01
201000004630,0,07,000,16,0,1,14,A01
201000004631,0,01,000,00,1,1,01,A01
201000004632,0,07,000,00,2,5,21,B02
201000004632,0,07,000,00,0,3,09,A01
201000004633,0,07,000,,2,8,01,A01
201000004633,0,30,000,,2,8,21,B02
201000004634,0,07,000,00,2,1,01,B02
201000004634,0,07,000,00,2,8,15,A01
201000004635,0,33,000,11,0,1,01,A01
201000004636,0,07,000,00,2,3,13,A01
201000004636,0,10,000,00,2,3,01,B02
201000004637,0,30,000,16,0,1,14,A01
201000004638,0,07,000,02,0,1,01,A01
201000004639,0,33,000,16,0,1,13,A01
201000004640,0,33,000,00,2,1,01,A01
201000004640,0,07,000,00,2,4,15,B02
201000004641,0,07,000,02,0,2,14,A01
201000004642,0,07,000,06,0,1,13,A01
201000004643,0,07,000,00,2,3,01,A01
201000004643,0,07,000,00,2,3,13,B02
201000004644,0,14,000,00,2,7,17,A01
201000004644,0,01,000,00,2,1,01,B02
201000004645,0,33,000,00,2,1,17,A01
201000004645,0,07,000,00,2,3,15,B02
201000004646,0,33,000,13,0,1,13,A01
201000004647,0,07,000,00,2,1,01,B01
201000004647,0,07,000,00,2,3,15,A01
201000004648,0,07,000,00,2,3,01,B02
201000004648,0,07,000,00,2,3,13,A01
201000004649,0,07,000,00,0,2,01,A01
201000004649,0,07,000,00,0,8,15,B02
201000004650,0,07,000,02,0,1,13,A01
201000004651,0,33,000,00,2,1,01,B02
201000004651,0,07,000,00,0,5,15,A01
201000004652,0,07,000,00,1,1,01,A01
201000004653,0,07,000,07,2,5,01,A01
201000004653,0,07,000,00,2,1,09,B01
201000004654,0,07,000,,2,2,15,A01
201000004654,0,07,000,00,2,1,01,B02
201000004655,0,07,000,00,2,1,13,A01
201000004655,0,10,000,00,2,1,01,B02
201000004656,0,07,000,00,1,2,16,A01
201000004657,0,10,000,00,2,3,13,A01
201000004657,0,07,000,00,2,3,01,B02
201000004658,0,07,000,00,2,1,13,A01
201000004658,0,07,000,00,2,1,01,B02
201000004659,0,07,000,00,2,4,02,C03
201000004659,0,07,000,00,2,4,02,B02
201000004659,0,07,000,00,0,0,01,E05
201000004659,0,07,000,00,2,1,01,A01
201000004659,0,07,000,00,2,4,02,D04
201000004660,0,30,000,00,2,1,01,B02
201000004660,0,07,000,00,2,3,09,A01
201000004661,0,07,000,02,0,1,14,A01
201000004662,0,10,000,00,2,8,24,C03
201000004662,0,07,000,00,2,3,13,A01
201000004662,0,07,000,01,2,3,01,B02
201000004663,0,07,000,00,2,7,01,B02
201000004663,0,07,000,00,2,1,09,A01
201000004664,0,07,000,00,0,7,01,A01
201000004664,0,07,000,00,2,8,19,B02
201000004665,0,07,000,00,1,1,01,A01
201000004666,0,01,000,00,2,4,01,B02
201000004666,0,14,000,00,2,7,17,A01
201000004667,0,02,000,00,2,1,01,A01
201000004667,0,07,000,14,2,2,15,B02
201000004667,0,07,000,00,2,1,23,C03
201000004668,0,07,000,00,2,3,01,A01
201000004668,0,01,000,00,2,8,19,B02
201000004669,0,07,000,02,0,1,13,A01
201000004670,0,07,000,13,0,1,14,A01
201000004671,0,10,000,00,2,2,15,A01
201000004671,0,33,000,00,2,1,01,B02
201000004672,0,07,000,00,1,3,01,A01
201000004673,0,07,000,01,1,7,17,A01
201000004674,0,07,000,00,2,2,15,A01
201000004674,0,07,000,00,2,1,01,B02
201000004675,0,02,000,00,2,4,01,B02
201000004675,0,07,000,00,2,2,02,A01
201000004676,0,10,000,02,0,1,01,B01
201000004677,0,01,000,00,2,1,01,B02
201000004677,0,07,000,00,2,3,16,A01
201000004678,0,07,000,16,0,1,13,A01
201000004679,0,30,000,00,2,1,02,B02
201000004679,0,07,000,00,,,04,C03
201000004679,0,07,000,00,2,4,01,A01
201000004680,0,07,000,00,2,3,01,B01
201000004680,0,01,000,00,2,1,19,A02
201000004681,0,07,000,02,2,1,13,A01
201000004681,0,02,000,00,2,1,01,B02
201000004682,0,07,000,08,0,1,01,A01
201000004683,0,07,000,00,2,2,15,A01
201000004683,0,33,000,07,2,7,17,B02
201000004684,0,31,000,00,2,1,01,B02
201000004684,0,07,000,00,2,3,17,A01
201000004685,0,07,000,00,2,2,15,A01
201000004685,0,02,000,00,2,1,01,B02
201000004686,0,07,000,00,1,2,01,A01
201000004687,0,30,000,12,0,8,14,A01
201000004688,0,31,000,00,2,1,17,A01
201000004688,0,01,000,00,2,3,19,B02
201000004689,0,07,000,00,1,5,20,A01
201000004690,0,07,000,00,2,2,02,A01
201000004690,0,01,000,00,2,4,01,B02
201000004691,0,07,000,00,1,3,01,A01
201000004692,0,07,000,02,0,1,14,A01
201000004693,0,31,000,00,2,1,01,A01
201000004693,0,07,000,00,2,3,09,B02
201000004694,0,07,000,00,9,1,23,C03
201000004694,0,07,000,00,2,1,09,B02
201000004694,0,33,000,00,2,1,17,A01
201000004695,0,07,000,00,2,3,15,A01
201000004695,0,31,000,00,2,1,01,B02
201000004696,0,07,000,00,2,2,15,A01
201000004696,0,33,000,00,2,1,01,B02
201000004697,0,10,000,00,2,4,13,A01
201000004697,0,07,000,00,2,3,01,B02
201000004698,0,30,000,00,2,1,02,A01
201000004698,0,07,000,00,2,4,15,B02
201000004699,0,07,000,00,4,2,01,A01
201000004699,0,39,001,00,2,3,01,B02
201000004700,0,33,000,00,0,8,01,A01
201000004701,0,33,000,00,2,1,17,A01
201000004701,0,10,000,00,2,6,15,B02
201000004702,0,07,000,06,2,4,01,B02
201000004702,0,07,000,00,2,1,02,A01
201000004703,0,32,000,00,5,1,01,A01
201000004704,0,07,000,00,2,2,01,B02
201000004704,0,31,000,00,2,1,13,A01
201000004705,0,33,000,00,2,2,17,A01
201000004705,0,07,000,00,2,3,11,B02
201000004706,0,33,000,08,0,8,14,A01
201000004707,0,34,000,00,2,2,17,A01
201000004707,0,07,000,00,2,3,15,B02
201000004708,0,30,000,00,0,1,01,A01
201000004709,0,33,000,00,2,1,18,B02
201000004709,0,10,000,00,2,5,15,A01
201000004710,0,30,000,00,2,1,01,B02
201000004710,0,07,000,00,2,2,15,A01
201000004711,0,07,000,00,5,3,01,A01
201000004712,0,07,000,00,2,2,01,B02
201000004712,0,07,000,,2,3,19,A01
201000004713,0,07,000,00,2,8,15,B02
201000004713,0,07,000,00,2,1,17,A01
201000004714,0,07,000,00,2,1,13,A01
201000004714,0,07,000,00,2,1,01,B02
201000004715,0,01,000,00,2,1,02,A01
201000004715,0,01,000,00,2,4,02,B02
201000004715,0,01,000,00,0,0,01,C03
201000004716,0,01,000,00,1,1,01,A01
201000004717,0,07,000,02,2,7,01,B02
201000004717,0,07,000,00,2,1,19,A01
201000004718,0,07,000,16,0,9,21,A01
201000004719,0,33,000,00,2,2,21,A01
201000004719,0,15,000,00,2,8,15,B02
201000004720,0,07,000,00,2,3,02,A01
201000004720,0,07,000,00,2,5,01,B02
201000004721,0,07,000,00,2,5,15,A01
201000004721,0,33,000,00,2,1,17,B02
201000004722,0,07,000,00,2,3,01,B02
201000004722,0,07,000,00,2,3,13,A01
201000004723,0,07,000,13,0,1,13,A01
201000004724,0,07,000,00,2,2,09,B02
201000004724,0,02,000,00,2,1,01,A01
201000004725,0,33,000,00,6,1,01,A01
201000004726,0,07,000,00,2,3,13,A01
201000004726,0,07,000,13,2,1,01,B02
201000004727,0,31,000,13,0,1,14,A01
201000004728,0,07,000,00,2,1,01,B02
201000004728,0,07,000,00,2,7,19,A01
201000004729,0,07,000,00,2,1,13,A01
201000004729,0,36,000,00,2,1,01,B02
201000004730,0,33,000,00,2,1,01,A01
201000004730,0,07,000,00,2,5,15,B02
201000004731,0,30,000,00,2,8,01,A01
201000004731,0,07,000,00,2,1,11,B02
201000004732,0,07,000,06,0,9,13,A01
201000004733,0,17,000,13,0,8,13,A01
201000004734,0,07,000,00,2,3,01,B02
201000004734,0,07,000,00,2,3,13,A01
201000004735,0,31,000,06,0,7,14,A01
201000004736,0,30,000,08,0,3,15,A01
201000004737,0,10,000,00,0,9,13,A01
201000004738,0,33,000,13,0,3,13,A01
201000004739,0,07,000,13,0,1,01,A01
201000004740,0,07,000,02,0,1,13,A01
201000004741,0,07,000,00,4,4,23,B02
201000004741,0,14,000,00,2,1,01,A01
201000004741,0,39,010,00,2,3,01,C03
201000004742,0,07,000,00,2,7,14,A01
201000004742,0,15,000,00,2,1,01,B02
201000004743,0,15,000,00,1,2,01,A01
201000004744,0,07,000,00,1,2,15,A01
201000004745,0,07,000,02,0,1,13,A01
201000004746,0,01,000,00,2,1,15,A01
201000004746,0,07,000,00,2,8,01,B02
201000004747,0,10,000,13,2,8,19,A01
201000004747,0,07,000,00,2,1,01,B02
201000004748,0,07,000,00,2,1,01,B02
201000004748,0,07,000,08,2,4,16,A01
201000004749,0,07,000,13,0,3,13,A01
201000004750,0,07,000,13,0,2,14,A01
201000004751,0,07,000,00,0,1,17,A01
201000004752,0,15,000,00,2,3,13,A01
201000004752,0,15,000,00,2,3,21,B02
201000004752,0,07,000,13,0,2,21,C03
201000004753,0,07,000,16,0,9,13,A01
201000004754,0,07,000,13,0,9,14,A01
201000004755,0,07,000,00,2,1,21,C03
201000004755,0,07,000,00,2,1,21,D04
201000004755,0,07,000,00,2,1,13,A01
201000004755,0,07,000,00,2,1,01,B02
201000004756,0,07,000,00,2,3,13,A01
201000004756,0,15,000,00,2,3,01,B02
201000004757,0,07,000,13,0,9,13,A01
201000004758,0,07,000,00,2,1,09,A01
201000004758,0,01,000,00,2,2,01,B01
201000004759,0,07,000,00,2,1,13,A01
201000004759,0,10,000,00,2,1,01,B02
201000004760,0,02,000,00,2,8,13,A01
201000004760,0,17,000,00,2,2,17,B02
201000004761,0,30,000,00,2,1,13,A01
201000004761,0,17,000,00,2,8,01,B02
201000004762,0,07,000,02,0,1,13,A01
201000004763,0,07,000,00,2,3,13,A01
201000004763,0,07,000,00,2,3,21,B02
201000004764,0,07,000,00,2,1,01,B02
201000004764,0,07,000,00,2,1,13,A01
201000004765,0,10,000,03,0,3,13,A01
201000004766,0,07,000,00,2,2,15,A01
201000004766,0,07,000,00,2,1,13,B02
201000004767,0,07,000,00,2,2,02,A01
201000004767,0,02,000,00,2,4,01,B02
201000004768,0,07,000,13,0,1,21,A01
201000004769,0,07,000,00,2,3,13,A01
201000004769,0,07,000,00,2,3,01,B02
201000004770,0,07,000,13,0,5,14,A01
201000004771,0,33,000,00,0,1,14,A01
201000004772,0,17,000,13,0,1,13,A01
201000004773,0,07,000,08,1,2,05,A01
201000004774,0,07,000,00,2,8,09,B02
201000004774,0,01,000,00,2,1,01,A01
201000004775,0,07,000,00,2,1,01,A01
201000004775,0,07,000,00,2,1,01,B02
201000004776,0,07,000,13,0,1,14,A01
201000004777,0,07,000,02,0,2,14,A01
201000004778,0,07,000,02,0,1,01,A01
201000004779,0,17,000,16,0,8,01,A01
201000004780,0,07,000,00,2,1,01,A01
201000004780,0,02,000,00,2,7,19,B02
201000004781,0,07,000,00,2,6,01,C03
201000004781,0,07,000,00,2,6,01,B02
201000004781,0,07,000,00,2,3,13,A01
201000004782,0,07,000,08,0,1,16,A01
201000004783,0,15,000,00,0,1,01,A01
201000004784,0,07,000,00,2,7,19,A01
201000004784,0,07,000,00,2,1,01,B02
201000004785,0,07,000,00,2,1,01,B02
201000004785,0,07,000,00,2,8,15,A01
201000004786,0,07,000,,2,1,01,B02
201000004786,0,17,000,00,,8,04,A01
201000004787,0,17,000,13,0,3,13,A01
201000004788,0,36,000,00,2,8,19,A01
201000004788,0,07,000,00,2,2,01,B02
201000004789,0,17,000,00,0,0,13,A01
201000004790,0,07,000,03,0,7,14,A01
201000004791,0,07,000,08,0,2,00,A01
201000004792,0,07,000,13,6,4,21,A01
201000004793,0,07,000,00,2,2,13,A01
201000004793,0,17,000,00,2,2,01,B02
201000004794,0,07,000,08,0,2,14,A01
201000004795,0,07,000,00,2,2,15,A01
201000004795,0,07,000,00,2,1,01,B02
201000004796,0,02,000,00,2,1,01,B02
201000004796,0,07,000,00,2,2,15,A01
201000004797,0,17,000,13,0,3,13,A01
201000004798,0,33,000,00,2,1,13,A01
201000004798,0,07,000,00,2,3,01,B02
201000004799,0,07,000,00,2,3,01,C03
201000004799,0,07,000,13,2,3,13,A01
201000004799,0,07,000,00,2,7,01,B02
201000004800,0,07,000,13,0,2,17,A01
201000004801,0,07,000,01,2,1,14,A01
201000004801,0,10,000,00,2,3,23,B02
201000004802,0,07,000,06,0,1,00,A01
201000004803,0,14,000,00,0,8,19,A01
201000004803,0,33,000,00,2,7,21,B01
201000004804,0,07,000,00,2,3,02,A01
201000004804,0,02,000,00,2,4,02,B01
201000004805,0,07,000,00,1,2,14,A01
201000004806,0,07,000,06,0,1,17,A01
201000004807,0,07,000,02,0,2,01,A01
201000004808,0,10,000,00,2,1,13,A01
201000004808,0,10,000,00,2,1,01,B01
201000004808,0,10,000,00,2,2,01,C01
201000004809,0,07,000,00,2,1,13,A01
201000004809,0,07,000,00,2,1,01,B01
201000004810,0,33,000,13,0,1,01,A01
201000004811,0,07,000,00,2,3,01,B02
201000004811,0,30,000,00,2,2,13,A01
201000004812,0,07,000,00,2,3,10,A01
201000004812,0,01,000,00,2,7,21,B02
201000004813,0,31,000,03,0,1,13,A01
201000004814,0,07,000,00,2,1,15,A01
201000004814,0,30,000,00,2,2,17,B01
201000004815,0,07,000,00,2,1,13,A01
201000004815,0,07,000,00,0,1,01,B02
201000004816,0,07,000,00,2,3,01,B02
201000004816,0,07,000,00,2,3,01,A01
201000004817,0,07,000,16,0,1,01,A01
201000004818,0,07,000,00,2,2,13,A01
201000004818,0,07,000,00,2,3,01,B02
201000004819,0,07,000,00,0,3,13,A01
201000004819,0,33,000,00,0,8,00,B02
201000004820,0,07,000,16,0,7,14,A01
201000004821,0,01,000,00,9,1,02,A01
201000004821,0,01,000,00,0,4,01,B02
201000004822,0,07,000,00,2,1,01,B02
201000004822,0,17,000,00,2,6,01,C03
201000004822,0,07,000,00,2,3,13,A01
201000004823,0,30,000,00,0,0,01,A01
201000004824,0,07,000,00,9,8,01,B02
201000004824,0,07,000,00,9,6,01,C03
201000004824,0,02,000,00,2,1,17,A01
201000004825,0,07,000,00,2,8,21,B02
201000004825,0,07,000,00,2,3,13,A01
201000004826,0,02,000,00,0,7,01,A01
201000004827,0,07,000,00,2,2,01,B02
201000004827,0,07,000,00,2,2,01,C03
201000004827,0,07,000,00,2,1,01,D04
201000004827,0,07,000,00,2,1,13,A01
201000004827,0,07,000,00,2,1,01,E05
201000004828,0,21,000,00,2,6,02,B02
201000004828,0,07,000,00,2,2,02,A01
201000004829,0,07,000,00,1,7,01,A01
201000004830,0,33,000,00,2,1,01,B02
201000004830,0,07,000,00,2,3,15,A01
201000004831,0,07,000,00,2,1,01,B02
201000004831,0,33,000,00,2,1,13,A01
201000004832,0,10,000,00,2,7,01,B02
201000004832,0,02,000,00,2,8,09,A01
201000004833,0,07,000,00,2,7,15,A01
201000004833,0,01,000,00,2,1,01,B02
201000004834,0,07,000,06,0,0,13,A01
201000004835,0,07,000,00,2,1,13,A01
201000004835,0,07,000,13,0,8,01,C03
201000004835,0,10,000,03,0,1,01,B02
201000004836,0,07,000,13,2,7,01,A01
201000004836,0,07,000,00,2,1,01,B02
201000004837,0,07,000,00,2,1,01,A01
201000004837,0,02,000,00,2,7,01,B02
201000004838,0,10,000,00,2,1,01,B01
201000004838,0,10,000,00,2,1,13,A01
201000004839,0,31,000,00,2,1,01,B02
201000004839,0,07,000,00,2,7,15,A01
201000004840,0,07,000,00,2,8,13,A01
201000004840,0,07,000,00,2,3,01,B02
201000004841,0,07,000,00,2,1,01,B02
201000004841,0,07,000,00,2,0,13,A01
201000004842,0,07,000,00,2,3,01,B02
201000004842,0,30,000,00,2,2,15,A01
201000004843,0,07,000,13,0,2,01,A01
201000004844,0,07,000,13,0,2,01,A01
201000004845,0,33,000,00,6,1,01,A01
201000004846,0,07,000,00,0,3,01,B01
201000004846,0,10,000,00,0,2,19,A01
201000004847,0,07,000,00,1,2,01,A01
201000004848,0,10,000,00,2,1,01,B02
201000004848,0,30,000,00,2,7,19,A01
201000004849,0,07,000,00,2,1,13,B02
201000004849,0,07,000,00,2,1,01,A01
201000004850,0,07,000,00,1,2,10,A01
201000004851,0,07,000,00,2,2,01,B02
201000004851,0,10,000,00,2,2,06,A01
201000004852,0,02,000,00,5,1,01,A01
201000004853,0,10,000,00,2,7,15,A01
201000004853,0,33,000,00,2,1,01,B02
201000004854,0,07,000,00,2,1,01,B01
201000004854,0,07,000,02,2,7,01,A01
201000004855,0,07,000,00,2,1,01,B01
201000004855,0,07,000,00,2,2,15,A01
201000004856,0,33,000,00,2,1,01,B02
201000004856,0,07,000,00,2,8,15,A01
201000004857,0,07,000,00,0,1,01,A01
201000004857,0,07,000,00,0,8,15,B02
201000004858,0,07,000,00,2,1,05,A01
201000004858,0,07,000,00,2,1,01,B02
201000004859,0,07,000,13,0,1,19,A01
201000004860,0,01,000,00,2,1,01,A01
201000004860,0,07,000,00,0,5,06,B02
201000004861,0,33,000,00,2,1,01,A01
201000004861,0,10,000,00,2,8,01,B01
201000004862,0,07,000,00,2,1,17,A01
201000004862,0,10,000,00,2,3,15,B02
201000004863,0,01,000,00,2,6,15,B02
201000004863,0,07,000,00,2,3,01,A01
201000004864,0,07,000,00,2,8,01,B02
201000004864,0,14,000,00,2,1,01,A01
201000004865,0,07,000,13,0,9,01,A01
201000004866,0,07,000,02,6,1,01,A01
201000004867,0,07,000,08,0,2,14,A01
201000004868,0,07,000,02,0,2,14,A01
201000004869,0,07,000,02,2,1,17,B01
201000004869,0,07,000,00,2,8,17,A01
201000004870,0,07,000,06,0,1,13,A01
201000004871,0,07,000,00,2,3,01,A01
201000004871,0,10,000,00,2,2,19,B02
201000004872,0,10,000,02,0,1,01,A01
201000004873,0,07,000,00,2,3,13,A01
201000004873,0,07,000,00,2,3,01,B02
201000004874,0,07,000,06,0,1,00,A01
201000004875,0,07,000,00,2,6,15,B02
201000004875,0,33,000,00,2,1,17,A01
201000004876,0,07,000,02,0,6,01,A01
201000004877,0,33,000,06,0,7,01,A01
201000004878,0,07,000,08,0,8,13,A01
201000004879,0,07,000,00,2,8,13,A01
201000004879,0,07,000,00,2,1,01,B02
201000004880,0,02,000,00,2,1,21,B01
201000004880,0,07,000,00,0,4,04,A01
201000004881,0,17,000,02,0,1,13,A01
201000004882,0,07,000,08,0,9,01,A01
201000004883,0,33,000,00,0,0,01,A01
201000004884,0,10,000,00,2,2,01,A01
201000004884,0,01,000,00,2,4,01,B02
201000004885,0,14,000,00,2,3,01,B02
201000004885,0,07,000,00,2,1,13,A01
201000004886,0,35,000,00,0,4,02,B02
201000004886,2,07,000,00,2,1,02,A01
201000004887,0,07,000,00,2,3,01,B02
201000004887,0,07,000,00,2,2,15,A01
201000004888,0,10,000,00,0,1,01,A01
201000004889,0,17,000,00,2,6,13,A01
201000004889,0,07,000,00,2,3,00,B02
201000004890,0,07,000,00,2,8,19,A01
201000004890,0,30,000,00,2,1,01,B02
201000004891,0,07,000,00,2,8,19,A01
201000004891,0,10,000,00,2,1,00,B01
201000004892,0,07,000,00,2,4,02,B01
201000004892,0,07,000,00,2,3,02,A01
201000004893,0,07,000,02,0,1,01,A01
201000004894,0,07,000,00,0,4,15,A01
201000004894,0,07,000,00,2,1,01,B02
201000004895,0,07,000,00,2,1,01,B02
201000004895,0,10,000,00,2,2,19,A01
201000004896,0,10,000,00,2,3,13,A01
201000004896,0,07,000,00,2,3,01,B02
201000004897,0,10,000,06,0,1,01,A01
201000004898,0,30,000,00,0,8,01,A01