Num_Acc,senc,catv,occutc,obs,obsm,choc,manv,num_veh
201000004899,0,07,000,00,1,3,01,A01
201000004900,0,07,000,00,2,1,15,A01
201000004900,0,30,000,00,2,1,01,B02
201000004901,0,17,000,13,0,3,01,A01
201000004902,0,30,000,00,0,7,01,B02
201000004902,0,07,000,06,2,1,15,A01
201000004903,0,07,000,00,2,1,01,B02
201000004903,0,07,000,00,2,1,13,A01
201000004904,0,07,000,00,0,0,01,A01
201000004905,0,07,000,00,2,6,01,B02
201000004905,2,31,000,00,2,3,13,A01
201000004906,0,07,000,13,0,9,01,A01
201000004907,0,07,000,02,0,1,14,A01
201000004908,0,07,000,00,2,7,13,A01
201000004908,0,07,000,00,2,1,01,B02
201000004909,0,38,000,00,2,3,00,B01
201000004909,0,07,000,00,2,3,01,A01
201000004910,0,10,000,13,0,2,01,A01
201000004911,0,07,000,00,2,8,17,B02
201000004911,0,07,000,00,2,1,17,A01
201000004912,0,10,000,00,2,3,01,B02
201000004912,0,10,000,00,2,2,13,A01
201000004913,0,30,000,13,2,1,15,B02
201000004913,0,07,000,08,2,2,17,A01
201000004914,0,07,000,13,0,3,17,A01
201000004915,0,33,000,00,6,1,02,A01
201000004916,0,07,000,00,2,3,15,B02
201000004916,0,33,000,00,2,1,17,A01
201000004917,0,07,000,00,2,3,19,A01
201000004917,0,33,000,00,2,1,01,B02
201000004918,0,07,000,16,0,9,13,A01
201000004919,0,14,000,00,2,0,01,B01
201000004919,0,07,000,03,2,1,01,A01
201000004920,0,07,000,00,2,1,01,A01
201000004920,0,15,000,00,2,1,01,B01
201000004921,0,07,000,00,1,2,13,A01
201000004922,0,07,000,02,0,2,01,A01
201000004923,0,10,000,00,2,1,17,A01
201000004923,0,10,000,00,2,1,01,B02
201000004924,0,07,000,00,2,2,01,B02
201000004924,0,01,000,00,2,8,19,A01
201000004925,0,07,000,00,2,7,13,A01
201000004925,0,07,000,00,2,1,01,B02
201000004926,0,30,000,02,0,1,00,A01
201000004927,0,14,000,00,2,4,04,A01
201000004927,0,02,000,00,2,1,01,B02
201000004928,0,34,000,03,0,3,01,A01
201000004929,0,07,000,00,2,3,01,B02
201000004929,0,02,000,00,2,1,16,A01
201000004930,0,07,000,02,0,7,01,A01
201000004931,0,07,000,00,2,2,01,B02
201000004931,0,02,000,16,2,0,13,A01
201000004932,0,07,000,13,0,1,01,A01
201000004933,0,01,000,00,2,6,01,C03
201000004933,0,07,000,00,9,2,01,A01
201000004933,0,01,000,00,2,3,01,B02
201000004934,0,07,000,06,0,2,01,A01
201000004935,0,30,000,00,2,1,02,A01
201000004935,0,07,000,00,0,6,02,B02
201000004935,0,07,000,00,2,3,01,C03
201000004936,0,07,000,00,2,1,01,B02
201000004936,0,07,000,00,2,7,09,A01
201000004937,0,07,000,00,2,2,01,B02
201000004937,0,21,000,00,2,3,21,A01
201000004938,0,07,000,00,1,4,04,A01
201000004939,0,07,000,00,2,1,01,A01
201000004939,0,07,000,06,0,4,16,B02
201000004940,0,07,000,00,1,1,00,A01
201000004941,0,01,000,00,2,1,13,B02
201000004941,0,07,000,00,9,3,01,A01
201000004942,0,07,000,00,2,1,01,B02
201000004942,0,30,000,00,2,3,09,A01
201000004943,0,07,000,00,0,0,01,A01
201000004944,0,21,000,00,0,6,01,A01
201000004944,0,07,000,00,2,3,13,B02
201000004945,0,07,000,00,2,2,19,A01
201000004945,0,33,000,00,2,1,01,B02
201000004946,0,07,000,00,0,1,01,B02
201000004946,0,07,000,00,0,1,13,A01
201000004947,0,07,000,00,2,3,00,B02
201000004947,0,07,000,00,2,3,01,A01
201000004948,0,33,000,14,0,1,01,A01
201000004949,0,07,000,08,0,1,14,A01
201000004950,0,21,000,00,2,8,01,B02
201000004950,0,07,000,00,2,3,17,A01
201000004951,0,07,000,10,0,9,01,A01
201000004952,0,07,000,00,2,1,01,B02
201000004952,0,07,000,00,2,1,15,A01
201000004953,0,10,000,00,0,0,20,A01
201000004953,0,02,000,00,2,1,01,B02
201000004954,0,07,000,00,2,3,01,C03
201000004954,0,07,000,00,2,5,15,B02
201000004954,0,07,000,00,2,3,01,A01
201000004955,0,33,000,00,0,8,00,A01
201000004956,0,07,000,00,0,1,13,A01
201000004956,0,07,000,00,0,1,01,B02
201000004957,0,07,000,13,0,2,01,A01
201000004958,0,30,000,00,2,8,19,B02
201000004958,0,07,000,00,2,2,01,A01
201000004959,0,01,000,00,2,1,09,B02
201000004959,0,07,000,00,2,7,01,A01
201000004960,0,07,000,00,1,2,01,A01
201000004961,0,07,000,00,2,3,15,A01
201000004961,0,33,000,00,2,8,01,B02
201000004962,0,07,000,00,0,3,13,A01
201000004963,0,07,000,02,0,3,01,A01
201000004964,1,07,000,00,1,2,01,A01
201000004965,0,07,000,00,2,3,01,A01
201000004965,0,10,000,00,2,3,13,B02
201000004966,0,02,000,00,1,2,01,A01
201000004967,0,07,000,00,2,1,19,A01
201000004967,0,07,000,06,2,2,01,B02
201000004968,0,14,000,00,2,0,01,B02
201000004969,0,07,000,00,0,2,01,A01
201000004969,0,07,000,00,0,2,01,B02
201000004970,0,07,000,00,2,3,01,B02
201000004970,0,07,000,00,2,2,15,A01
201000004971,0,07,000,08,0,6,01,B02
201000004971,0,07,000,00,0,2,01,A01
201000004972,0,07,000,02,0,1,01,A01
201000004973,0,07,000,06,5,1,01,A01
201000004974,0,01,000,00,2,8,13,A01
201000004974,0,07,000,00,2,3,01,B02
201000004975,0,07,000,00,2,5,17,A01
201000004975,0,02,000,00,2,3,15,B02
201000004976,0,07,000,00,2,3,09,B02
201000004976,0,07,000,00,2,1,01,A01
201000004977,0,10,000,00,1,2,01,A01
201000004978,0,02,000,06,0,1,01,A01
201000004979,0,07,000,00,2,1,01,A01
201000004979,0,02,000,00,2,7,19,B02
201000004980,0,33,000,00,0,5,01,B02
201000004980,0,15,000,00,0,5,15,A01
201000004981,0,07,000,00,2,3,01,B02
201000004981,2,07,000,00,2,1,01,A01
201000004982,0,07,000,00,2,5,15,A01
201000004982,0,33,000,00,2,1,01,B02
201000004982,0,07,000,00,2,8,01,C03
201000004983,0,07,000,00,2,3,01,B02
201000004983,0,32,000,00,2,1,13,A01
201000004984,0,13,000,00,1,2,01,A01
201000004985,0,07,000,00,2,3,19,B02
201000004985,0,15,000,00,2,1,01,A01
201000004986,0,07,000,00,4,8,21,A01
201000004986,0,39,000,00,2,1,01,B02
201000004987,0,07,000,08,0,3,01,A01
201000004988,0,07,000,13,0,1,01,A01
201000004989,0,07,000,00,2,1,15,B02
201000004990,0,07,000,05,0,2,01,A01
201000004991,0,33,000,05,0,8,01,A01
201000004992,0,07,000,00,0,3,01,A01
201000004992,0,07,000,00,0,3,01,B02
201000004993,0,07,000,02,0,3,13,A01
201000004994,0,15,000,00,2,1,01,B02
201000004994,0,07,000,00,2,8,13,A01
201000004995,0,07,000,13,2,1,13,A01
201000004995,0,07,000,00,2,1,01,B02
201000004996,0,07,000,02,0,9,01,A01
201000004997,0,01,000,00,0,1,01,A01
201000004997,0,07,000,00,0,2,15,B02
201000004998,0,07,000,02,0,3,01,A01
201000004999,0,01,000,00,5,1,01,A01
201000005000,0,07,000,00,2,3,13,B02
201000005000,0,33,000,00,2,1,21,A01
201000005001,0,07,000,00,0,1,14,A01
201000005002,0,07,000,02,0,3,13,A01
201000005003,0,07,000,00,2,3,19,A01
201000005003,0,07,000,00,2,2,21,B02
201000005004,1,07,000,00,9,2,02,A01
201000005004,0,01,000,00,2,8,02,B02
201000005005,0,02,000,00,2,1,01,B02
201000005005,0,02,000,00,2,1,13,A01
201000005006,0,01,000,00,2,1,05,A01
201000005006,0,07,000,00,9,3,01,B02
201000005007,0,07,000,00,2,7,13,A01
201000005008,0,30,000,10,0,7,13,A01
201000005009,0,07,000,00,2,3,01,B02
201000005009,0,02,000,00,2,1,13,A01
201000005010,0,07,000,00,9,0,17,A01
201000005010,0,01,000,00,2,0,02,B02
201000005011,0,07,000,00,0,3,19,A01
201000005011,0,02,000,00,2,1,01,B02
201000005012,0,07,000,00,2,8,01,A01
201000005012,0,31,000,00,2,1,01,B02
201000005013,0,33,000,00,2,1,01,B02
201000005013,0,07,000,00,2,8,15,A01
201000005014,0,07,000,02,0,8,01,A01
201000005015,0,07,000,00,2,2,13,A01
201000005015,0,07,000,00,2,1,01,B02
201000005016,0,31,000,00,0,8,01,A01
201000005017,0,01,000,00,1,3,01,A01
201000005018,0,33,000,00,2,8,01,A01
201000005018,0,07,000,00,2,2,01,B02
201000005019,0,07,000,00,2,1,13,A01
201000005019,0,07,000,00,2,1,01,B02
201000005020,0,33,000,00,2,1,01,A01
201000005020,0,07,000,00,2,1,01,B02
201000005021,0,07,000,00,2,3,13,A01
201000005021,0,07,000,00,2,3,01,B02
201000005021,0,07,000,00,2,3,01,C03
201000005022,0,07,000,07,0,7,01,A01
201000005023,0,07,000,00,2,8,01,B02
201000005023,0,07,000,00,2,3,01,C03
201000005023,0,10,000,00,2,3,13,A01
201000005024,0,07,000,00,2,1,01,B02
201000005024,0,07,000,00,2,3,13,A01
201000005025,0,07,000,00,1,1,01,A01
201000005026,0,02,000,00,0,8,01,B02
201000005026,0,07,000,00,2,1,19,A01
201000005027,0,07,000,00,2,1,01,C03
201000005027,0,07,000,00,0,8,01,B02
201000005027,0,07,000,00,2,7,17,A01
201000005028,0,02,000,00,2,1,13,A01
201000005028,0,07,000,00,2,3,01,B02
201000005029,0,07,000,00,2,2,01,B02
201000005029,0,07,000,00,2,5,13,A01
201000005030,0,07,000,03,2,1,01,C03
201000005030,0,07,000,00,2,1,00,D04
201000005030,0,07,000,00,2,7,01,A01
201000005030,0,07,000,00,2,1,00,B02
201000005031,0,37,000,00,2,4,23,A01
201000005031,0,07,000,01,0,1,01,B02
201000005032,0,07,000,16,0,3,01,A01
201000005033,0,07,000,13,0,2,14,A01
201000005034,0,07,000,06,0,1,01,A01
201000005035,0,07,000,00,2,4,19,A01
201000005035,0,02,000,00,2,1,01,B02
201000005036,0,07,000,15,0,8,14,A01
201000005037,0,10,000,00,1,1,01,A01
201000005038,0,01,000,00,2,1,01,B02
201000005038,0,07,000,00,9,2,09,A01
201000005039,0,07,000,02,0,8,01,A01
201000005040,0,07,000,00,2,1,01,B02
201000005040,0,07,000,00,2,7,17,A01
201000005041,0,07,000,00,2,1,01,B02
201000005041,0,07,000,00,2,7,01,A01
201000005042,0,07,000,13,0,9,01,A01
201000005043,0,07,000,13,0,1,01,A01
201000005044,0,33,000,04,0,1,01,A01
201000005045,0,07,000,00,2,1,15,A01
201000005045,0,07,000,00,2,1,01,B02
201000005046,0,33,000,16,0,0,01,A01
201000005047,0,07,000,13,0,3,00,A01
201000005048,0,07,000,16,0,9,01,A01
201000005049,0,33,000,00,2,1,17,A01
201000005049,0,07,000,00,2,8,15,B02
201000005050,0,07,000,06,0,1,13,A01
201000005051,0,33,000,16,0,8,01,A01
201000005052,0,07,000,13,0,2,01,A01
201000005053,0,07,000,00,0,1,00,A01
201000005054,0,07,000,06,2,7,01,A01
201000005054,0,10,000,00,2,1,01,B02
201000005055,0,07,000,00,2,1,01,B02
201000005055,0,07,000,00,2,3,17,A01
201000005056,0,02,000,09,0,1,01,A01
201000005057,0,07,000,00,1,3,17,A01
201000005058,0,15,000,00,2,3,19,A01
201000005058,0,33,000,00,2,1,01,B02
201000005059,0,07,000,13,0,3,01,A01
201000005060,0,33,000,06,0,2,01,A01
201000005061,0,07,000,00,2,1,01,C03
201000005061,0,07,000,00,2,1,01,B02
201000005061,0,07,000,00,2,1,05,A01
201000005062,0,33,000,13,0,0,00,A01
201000005063,0,07,000,00,0,9,01,A01
201000005064,0,07,000,00,1,2,14,A01
201000005065,0,07,000,10,0,3,00,A01
201000005066,0,33,000,10,0,2,01,A01
201000005067,0,07,000,00,1,3,01,A01
201000005068,0,36,000,08,0,1,14,A01
201000005069,0,33,000,00,2,2,17,A01
201000005069,0,21,000,00,0,8,15,B02
201000005070,0,30,000,00,2,1,15,B02
201000005070,0,10,000,00,2,2,13,A01
201000005071,0,07,000,00,1,2,01,A01
201000005072,0,07,000,14,0,1,01,A01
201000005073,0,02,000,00,2,1,02,A01
201000005073,0,10,000,00,2,6,20,B02
201000005074,0,33,000,00,5,1,01,A01
201000005075,0,33,000,00,2,1,01,C03
201000005075,0,07,000,00,2,1,01,B02
201000005075,0,07,000,00,2,1,19,A01
201000005076,0,07,000,10,0,3,01,A01
201000005077,0,07,000,00,2,3,13,A01
201000005077,0,14,000,00,2,3,01,B02
201000005078,0,07,000,00,2,7,02,A01
201000005078,0,02,000,00,2,8,02,B02
201000005079,0,07,000,00,2,5,09,A01
201000005079,0,33,000,00,2,1,01,B02
201000005080,0,07,000,00,2,1,01,B02
201000005080,0,07,000,00,2,1,13,A01
201000005081,0,31,000,00,2,3,01,B02
201000005081,0,07,000,00,9,3,01,A01
201000005082,0,07,000,00,1,1,15,A01
201000005083,0,07,000,00,0,9,01,A01
201000005084,0,07,000,13,0,2,01,A01
201000005085,0,07,000,00,2,3,13,A01
201000005085,0,37,050,00,2,3,01,B02
201000005086,0,07,000,16,0,1,13,A01
201000005087,0,07,000,00,2,2,21,B02
201000005087,0,07,000,00,2,3,13,A01
201000005088,0,07,000,00,2,2,01,B02
201000005088,0,07,000,00,2,3,01,A01
201000005089,0,33,000,00,2,7,15,A01
201000005089,0,33,000,00,2,1,01,B02
201000005090,0,07,000,00,2,2,21,C03
201000005090,0,07,000,00,2,3,13,A01
201000005090,0,07,000,00,2,3,01,B02
201000005091,0,07,000,14,0,3,15,A01
201000005092,0,07,000,00,2,1,01,B02
201000005092,0,07,000,00,2,7,13,A01
201000005093,0,07,000,16,0,9,01,A01
201000005094,0,07,000,02,0,8,14,A01
201000005095,0,07,000,00,2,2,01,B02
201000005095,0,30,000,00,2,1,13,A01
201000005096,0,07,000,00,2,8,01,B02
201000005096,0,31,000,00,2,8,13,A01
201000005097,0,07,000,02,0,1,13,A01
201000005098,0,33,000,00,0,0,14,A01
201000005099,0,07,000,06,0,1,01,A01
201000005100,0,07,000,00,2,3,01,B02
201000005100,0,07,000,02,0,1,01,A01
201000005101,0,07,000,02,0,2,02,A01
201000005102,0,07,000,00,2,1,01,B02
201000005102,0,10,000,00,2,1,13,A01
201000005103,0,07,000,00,1,3,15,A01
201000005104,0,07,000,00,2,2,01,B02
201000005104,0,07,000,00,2,1,01,A01
201000005105,0,07,000,13,0,0,01,A01
201000005106,0,07,000,00,2,1,01,B02
201000005106,0,10,000,00,2,1,13,A01
201000005107,0,10,000,06,0,1,01,A01
201000005108,0,07,000,06,0,3,01,A01
201000005109,0,14,000,03,2,3,01,B02
201000005109,0,07,000,00,2,3,13,A01
201000005110,0,07,000,00,2,3,01,A01
201000005110,0,33,000,00,0,4,01,B02
201000005111,0,07,000,08,0,9,01,A01
201000005112,0,10,000,00,2,1,01,B02
201000005112,0,10,000,00,2,4,15,A01
201000005113,0,15,000,00,2,3,01,B02
201000005113,0,07,000,00,2,2,13,A01
201000005114,0,31,000,00,2,1,01,A01
201000005114,0,07,000,00,2,1,01,B02
201000005115,0,07,000,00,2,3,01,A01
201000005115,0,02,000,00,2,1,05,B02
201000005116,0,07,000,00,2,8,19,A01
201000005116,0,33,000,00,2,1,01,B02
201000005117,0,07,000,08,0,1,00,A01
201000005118,0,07,000,02,0,3,13,A01
201000005119,0,07,000,00,1,1,16,A01
201000005120,0,14,000,00,2,1,01,A01
201000005120,0,07,000,00,2,7,01,B02
201000005121,0,07,000,00,2,3,01,A01
201000005121,0,33,000,00,2,1,01,B02
201000005122,0,10,000,00,2,8,01,B02
201000005122,0,33,000,00,2,1,01,A01
201000005123,0,07,000,00,2,8,00,B02
201000005123,0,14,000,00,2,2,19,A01
201000005124,0,17,000,00,2,1,01,A01
201000005124,0,10,000,00,2,8,19,B02
201000005125,0,07,000,13,0,2,01,A01
201000005126,0,07,000,06,0,2,14,A01
201000005127,0,36,000,00,0,8,01,A01
201000005128,0,07,000,08,0,3,00,A01
201000005129,0,07,000,00,2,0,15,A01
201000005129,0,07,000,00,2,0,01,B02
201000005130,0,07,000,00,1,8,01,A01
201000005131,0,07,000,00,0,0,01,A01
201000005132,0,07,000,00,1,3,01,A01
201000005133,0,30,000,00,0,0,01,A01
201000005134,0,07,000,00,0,1,01,A01
201000005134,0,07,000,00,0,7,01,B02
201000005135,0,02,000,00,2,1,13,B02
201000005135,0,07,000,00,2,3,13,A01
201000005136,0,07,000,10,0,1,13,A01
201000005137,0,07,000,00,2,3,13,A01
201000005137,0,01,000,00,2,1,01,B02
201000005138,0,07,000,00,9,2,01,A01
201000005138,0,01,000,00,2,8,15,B02
201000005139,0,03,000,00,2,2,15,A01
201000005139,0,01,000,00,2,3,01,B02
201000005140,0,33,000,00,2,1,01,A01
201000005140,0,07,000,00,2,5,15,B02
201000005141,0,02,000,01,0,1,01,A01
201000005141,0,07,000,00,0,6,23,B02
201000005142,0,07,000,14,0,1,01,C03
201000005142,0,07,000,00,2,4,01,B02
201000005142,0,07,000,00,2,1,01,A01
201000005143,0,30,000,00,0,8,01,A01
201000005144,0,02,000,01,0,1,02,A01
201000005144,0,07,000,00,2,6,24,B02
201000005145,0,07,000,00,0,9,00,A01
201000005146,0,33,000,00,2,1,01,B02
201000005146,0,07,000,00,2,1,15,A01
201000005147,0,07,000,00,2,3,15,B02
201000005147,0,02,000,00,2,1,02,A01
201000005148,0,10,000,00,0,9,01,A01
201000005149,0,07,000,00,2,8,13,A01
201000005149,0,01,000,00,2,1,00,B02
201000005150,0,30,000,00,2,1,19,B02
201000005150,0,07,000,00,9,2,01,A01
201000005151,0,07,000,00,2,3,00,A01
201000005151,0,01,000,00,2,1,00,B02
201000005152,0,07,000,00,2,1,01,A01
201000005152,0,07,000,00,2,1,01,B02
201000005153,0,30,000,00,2,1,17,A01
201000005153,0,07,000,00,2,3,15,B02
201000005154,0,10,000,00,0,8,01,C03
201000005154,0,07,000,00,0,4,15,B02
201000005154,0,17,000,00,2,2,01,A01
201000005155,0,17,000,00,0,3,24,B02
201000005155,0,07,000,01,0,7,19,A01
201000005156,0,30,000,00,2,1,01,A01
201000005156,0,07,000,00,2,5,15,B02
201000005157,0,07,000,00,9,1,01,A01
201000005157,0,01,000,00,2,1,15,B02
201000005158,0,17,000,00,9,1,02,A01
201000005158,0,01,000,00,0,8,15,C03
201000005159,0,07,000,00,2,1,01,A01
201000005159,0,17,000,00,2,1,01,B02
201000005160,0,07,000,00,2,1,15,B02
201000005160,0,03,000,00,0,1,01,A01
201000005161,0,07,000,00,0,1,00,A01
201000005162,0,21,000,00,2,1,15,A01
201000005162,0,30,000,00,2,1,01,B02
201000005163,0,07,000,08,0,2,14,A01
201000005164,0,07,000,06,0,1,01,A01
201000005165,0,07,000,00,2,7,15,B02
201000005165,0,07,000,00,2,1,01,A01
201000005166,0,33,000,00,2,1,01,A01
201000005166,0,07,000,00,2,3,01,B02
201000005167,0,10,000,15,0,3,01,B02
201000005167,0,10,000,15,2,1,19,A01
201000005168,0,07,000,00,0,2,01,A01
201000005169,0,07,000,00,2,3,19,A01
201000005169,0,31,000,00,2,3,00,B02
201000005170,0,07,000,13,0,9,01,A01
201000005171,0,07,000,00,2,1,17,A01
201000005171,0,07,000,00,2,1,01,B02
201000005172,0,17,000,00,0,0,01,A01
201000005172,0,07,000,00,0,3,01,C03
201000005172,0,10,000,00,0,3,01,B02
201000005172,0,07,000,00,0,1,01,D04
201000005173,0,07,000,00,2,2,13,A01
201000005173,0,10,000,00,2,1,01,C03
201000005173,0,07,000,00,2,3,11,B02
201000005173,0,15,000,00,2,3,01,D04
201000005174,0,07,000,00,2,1,13,A01
201000005174,0,14,000,00,2,3,01,B02
201000005174,0,14,000,00,2,3,01,C03
201000005175,0,02,000,00,2,1,01,B02
201000005175,0,07,000,00,2,5,04,A01
201000005176,0,33,000,00,0,7,01,A01
201000005177,0,02,000,12,0,1,06,A01
201000005178,0,14,000,01,0,6,00,B02
201000005178,0,02,000,01,0,1,01,A01
201000005179,0,07,000,00,2,3,13,A01
201000005179,0,17,000,00,2,3,21,B02
201000005180,0,07,000,00,0,0,01,B02
201000005180,0,07,000,13,0,3,17,A01
201000005181,0,02,000,00,2,3,01,B02
201000005181,0,07,000,00,2,3,17,A01
201000005182,0,07,000,06,0,3,01,A01
201000005183,0,07,000,00,2,1,01,A01
201000005183,0,07,000,00,2,2,01,C03
201000005183,0,10,000,00,0,1,13,B02
201000005184,0,07,000,00,0,6,01,B02
201000005184,0,07,000,00,0,1,15,A01
201000005185,0,02,000,00,2,1,13,A01
201000005185,0,10,000,00,2,8,15,B02
201000005186,0,07,000,00,2,2,01,B02
201000005186,0,07,000,00,2,8,19,A01
201000005187,0,07,000,00,2,3,16,A01
201000005187,0,07,000,00,2,1,01,B02
201000005188,0,07,000,02,0,8,01,A01
201000005189,0,07,000,10,0,7,13,A01
201000005190,0,33,000,07,0,8,01,A01
201000005191,0,33,000,00,2,1,01,A01
201000005191,0,07,000,00,2,8,16,B02
201000005192,0,33,000,00,2,2,17,B02
201000005192,0,17,000,00,2,8,11,A01
201000005193,0,17,000,00,2,1,02,B02
201000005193,0,15,000,00,2,4,02,A01
201000005194,0,15,000,00,0,4,24,B02
201000005194,0,07,000,04,0,1,17,A01
201000005195,0,07,000,00,2,1,01,A01
201000005195,0,30,000,00,2,8,15,B02
201000005196,0,07,000,00,2,1,15,A01
201000005196,0,02,000,00,2,7,01,B02
201000005197,0,07,000,06,0,1,01,A01
201000005198,0,07,000,00,2,7,19,B02
201000005198,0,10,000,00,2,1,01,A01
201000005199,0,07,000,08,0,9,14,A01
201000005200,0,07,000,02,0,8,01,A01
201000005201,0,07,000,16,0,9,01,A01
201000005202,0,33,000,08,0,1,01,A01
201000005203,0,33,000,00,2,1,13,A01
201000005203,0,07,000,00,2,1,01,B02
201000005204,0,17,000,13,0,8,13,A01
201000005205,0,07,000,00,2,3,19,B02
201000005205,0,07,000,00,2,5,01,A01
201000005206,0,07,000,02,0,3,01,A01
201000005207,0,07,000,02,0,1,01,A01
201000005208,0,07,000,13,0,9,14,A01
201000005209,0,07,000,00,1,2,01,A01
201000005210,0,10,000,00,2,1,01,B02
201000005210,0,07,000,00,2,1,17,A01
201000005211,0,07,000,00,2,1,13,A01
201000005211,0,07,000,00,2,1,01,B02
201000005212,0,36,000,13,0,1,19,A01
201000005213,0,10,000,00,2,3,13,A01
201000005213,0,07,000,00,2,1,01,B02
201000005214,0,07,000,00,2,3,13,B02
201000005215,0,33,000,00,2,1,17,B02
201000005215,0,21,000,00,2,3,15,A01
201000005216,0,07,000,00,2,8,15,B02
201000005216,0,07,000,00,2,1,01,A01
201000005217,0,07,000,00,2,6,23,B02
201000005217,0,33,000,14,2,8,21,A01
201000005218,0,10,000,00,2,1,17,A01
201000005218,0,07,000,00,2,8,15,B02
201000005219,0,13,000,00,2,5,23,B02
201000005219,0,31,000,00,2,1,02,A01
201000005220,0,33,000,13,0,7,14,A01
201000005221,0,32,000,13,0,8,01,A01
201000005222,0,17,000,00,2,4,23,B02
201000005222,0,38,043,01,0,1,17,A01
201000005223,0,07,000,02,0,9,01,A01
201000005224,0,07,000,06,1,1,20,A01
201000005225,0,07,000,00,0,0,04,B02
201000005225,0,07,000,13,2,1,21,A01
201000005226,0,07,000,03,0,8,13,A01
201000005227,0,36,000,13,0,1,01,A01
201000005228,0,07,000,00,2,3,15,B02
201000005228,0,33,000,00,2,1,17,A01
201000005229,0,07,000,00,2,2,01,A01
201000005229,0,02,000,00,2,1,19,B02
201000005230,0,07,000,13,0,1,01,A01
201000005231,0,07,000,00,2,3,01,B02
201000005231,0,07,000,00,2,1,19,A01
201000005232,0,10,000,13,0,1,01,A01
201000005233,0,07,000,00,2,6,01,B02
201000005233,0,07,000,00,2,2,17,A01
201000005234,0,07,000,00,2,3,01,B02
201000005234,0,10,000,00,2,3,13,A01
201000005235,0,02,000,00,2,3,15,B02
201000005235,0,07,000,00,2,2,19,A01
201000005236,0,01,000,00,2,1,16,B02
201000005236,0,07,000,00,2,2,01,A01
201000005237,0,01,000,00,2,4,01,B02
201000005237,0,07,000,00,9,1,01,A01
201000005238,0,02,000,00,2,1,01,A01
201000005238,0,07,000,00,2,1,01,B02
201000005239,0,07,000,04,0,2,01,A01
201000005240,0,07,000,00,9,8,22,A01
201000005240,0,01,000,01,0,1,01,B02
201000005241,0,07,000,08,0,2,01,A01
201000005242,0,07,000,00,1,3,01,A01
201000005243,0,33,000,00,2,3,13,A01
201000005243,0,07,000,00,2,8,01,B02
201000005244,0,31,000,00,2,1,23,B02
201000005244,0,07,000,01,0,3,15,A01
201000005245,0,33,000,00,2,3,01,A01
201000005245,0,07,000,00,2,4,15,B02
201000005246,0,07,000,00,2,2,17,A01
201000005246,0,02,000,00,2,1,01,B02
201000005247,0,14,000,00,2,0,24,A01
201000005247,0,07,000,00,1,3,01,B02
201000005247,0,07,000,00,2,1,02,C03
201000005248,0,10,000,00,2,3,14,B02
201000005248,0,07,000,00,2,3,01,A01
201000005249,0,30,000,06,0,1,01,A01
201000005250,0,17,000,02,0,1,14,A01
201000005251,0,07,000,00,2,8,19,B02
201000005251,0,33,000,00,2,1,01,A01
201000005252,0,17,000,00,2,3,01,B02
201000005252,0,07,000,00,2,3,13,A01
201000005253,0,07,000,13,0,2,14,A01
201000005254,0,07,000,00,2,3,01,B02
201000005254,0,17,000,00,2,3,13,A01
201000005255,0,07,000,00,2,3,13,A01
201000005255,0,07,000,00,2,3,01,B02
201000005256,0,33,000,00,2,1,17,A01
201000005256,0,21,000,00,2,3,15,B02
201000005257,0,07,000,13,0,2,01,A01
201000005258,0,07,000,00,2,3,13,A01
201000005258,0,15,000,00,2,1,01,B02
201000005259,0,01,000,00,2,8,15,B02
201000005259,0,07,000,00,2,1,01,A01
201000005260,0,30,000,00,0,1,01,B02
201000005260,0,30,000,00,2,1,05,A01
201000005261,0,31,000,00,2,1,01,B02
201000005261,0,07,000,00,2,2,15,A01
201000005262,0,33,000,00,2,1,01,B02
201000005262,0,07,000,00,2,3,15,A01
201000005263,0,15,000,13,0,3,14,A01
201000005264,0,30,000,00,2,2,15,A01
201000005264,0,07,000,00,2,1,01,B02
201000005265,0,07,000,00,2,1,01,B02
201000005265,0,07,000,00,2,1,13,A01
201000005266,0,07,000,13,0,1,14,A01
201000005267,0,07,000,00,0,0,15,C03
201000005267,0,07,000,00,2,3,01,B02
201000005267,0,07,000,00,2,1,21,A01
201000005268,0,07,000,02,0,2,14,A01
201000005269,0,33,000,00,2,1,01,B02
201000005269,0,07,000,00,2,7,15,A01
201000005270,0,07,000,00,2,3,01,B02
201000005270,0,07,000,00,2,3,13,A01
201000005271,0,07,000,13,0,2,02,A01
201000005272,0,07,000,00,2,1,01,C03
201000005272,0,15,000,00,2,1,01,B02
201000005272,0,07,000,00,2,7,15,A01
201000005273,0,02,000,00,2,7,01,B02
201000005273,0,07,000,00,2,1,15,A01
201000005274,0,31,000,00,6,1,01,A01
201000005275,0,03,000,00,2,1,13,A01
201000005275,0,10,000,00,2,1,01,B02
201000005276,0,07,000,02,0,3,01,A01
201000005277,0,07,000,00,2,3,01,A01
201000005277,0,30,000,00,2,1,13,B02
201000005278,0,07,000,00,2,2,01,B02
201000005278,0,01,000,00,2,1,19,A01
201000005279,0,07,000,00,1,3,01,A01
201000005280,0,17,000,00,2,3,01,A01
201000005280,0,07,000,00,2,7,15,B02
201000005281,0,07,000,10,0,2,14,A01
201000005282,0,07,000,00,2,1,01,B02
201000005282,0,30,000,00,2,1,05,A01
201000005283,0,07,000,00,2,5,15,A01
201000005283,0,33,000,00,2,1,21,B02
201000005284,0,07,000,00,2,8,15,A01