Num_Acc,senc,catv,occutc,obs,obsm,choc,manv,num_veh
201000005666,0,07,000,00,2,1,13,A01
201000005667,0,07,000,00,2,1,21,B02
201000005667,0,10,000,00,2,8,13,A01
201000005668,0,10,000,00,2,2,01,A01
201000005668,0,07,000,00,2,3,15,B02
201000005669,0,31,000,00,0,0,01,A01
201000005670,0,10,000,00,2,1,01,A01
201000005670,0,21,000,00,0,5,16,B02
201000005671,0,07,000,00,2,1,01,B02
201000005671,0,07,000,00,2,2,19,A01
201000005672,0,17,000,16,0,9,01,A01
201000005672,0,17,000,00,2,8,01,B02
201000005673,0,07,000,00,2,1,01,A01
201000005673,0,14,000,00,2,1,01,B02
201000005674,0,07,000,13,0,1,01,A01
201000005675,0,30,000,00,2,0,13,A01
201000005675,0,07,000,00,2,1,01,B02
201000005676,0,10,000,00,2,7,01,B02
201000005676,0,21,000,00,2,3,23,A01
201000005677,0,07,000,13,0,2,01,A01
201000005678,0,07,000,00,2,2,13,A01
201000005678,0,07,000,00,2,3,01,B02
201000005679,0,07,000,02,0,2,01,A01
201000005680,0,07,000,00,2,1,01,B02
201000005680,0,02,000,00,2,1,13,A01
201000005681,0,07,000,00,2,7,13,A01
201000005681,0,07,000,00,2,1,01,B02
201000005682,0,02,000,00,0,8,21,A01
201000005683,0,07,000,08,0,9,01,A01
201000005684,0,15,000,00,2,1,01,B02
201000005684,0,07,000,00,2,7,13,A01
201000005685,0,07,000,08,0,1,01,A01
201000005686,0,07,000,06,0,2,13,A01
201000005687,0,07,000,02,0,2,13,A01
201000005688,0,07,000,00,2,3,19,A01
201000005688,0,07,000,00,2,1,01,B02
201000005689,0,07,000,13,0,6,13,A01
201000005690,0,30,000,08,0,7,01,A01
201000005691,0,07,000,00,2,1,01,B02
201000005691,0,07,000,00,2,1,13,A01
201000005692,0,07,000,06,0,3,13,A01
201000005693,0,07,000,06,0,1,01,A01
201000005694,0,31,000,06,0,8,01,A01
201000005695,0,10,000,13,0,3,01,A01
201000005696,0,07,000,00,2,6,01,C03
201000005696,0,13,000,00,2,3,11,A01
201000005696,0,07,000,00,2,8,24,B02
201000005697,0,07,000,02,0,3,13,A01
201000005698,0,07,000,02,0,3,01,A01
201000005699,0,07,000,00,2,1,01,A01
201000005699,0,31,000,00,2,1,01,B02
201000005700,0,33,000,00,2,1,01,B02
201000005700,0,07,000,00,2,3,15,A01
201000005701,0,07,000,00,2,1,01,B01
201000005701,0,07,000,13,2,7,15,A01
201000005702,0,33,000,08,0,1,17,A01
201000005703,0,07,000,00,2,3,13,A01
201000005703,0,07,000,00,2,3,01,B01
201000005704,0,07,000,00,2,1,13,A01
201000005704,0,10,000,00,2,1,01,B01
201000005705,0,07,000,01,2,7,01,B02
201000005705,0,10,000,00,2,3,19,A01
201000005706,0,07,000,00,9,9,01,C01
201000005706,0,31,000,00,2,4,01,B01
201000005706,2,07,000,00,2,3,01,A01
201000005706,0,07,000,00,2,1,01,D01
201000005707,0,07,000,00,0,9,13,A01
201000005708,0,01,000,00,2,4,01,B01
201000005708,0,07,000,00,2,2,01,A01
201000005709,0,07,000,00,2,1,17,A01
201000005709,0,07,000,00,2,1,01,B01
201000005710,0,07,000,02,0,9,01,A01
201000005711,0,07,000,00,2,1,16,A01
201000005711,0,33,000,00,2,7,01,B01
201000005712,0,07,000,00,2,2,15,A01
201000005712,0,07,000,00,2,1,01,B01
201000005713,0,33,000,06,0,3,01,A01
201000005714,0,07,000,00,2,1,01,A01
201000005714,0,07,000,00,2,3,01,B02
201000005715,0,14,000,00,2,3,01,A01
201000005715,0,07,000,01,2,6,15,B01
201000005716,0,07,000,00,2,3,13,A01
201000005716,0,07,000,00,2,8,01,B01
201000005717,0,07,000,00,2,3,01,A01
201000005717,0,21,000,00,2,2,15,B01
201000005718,0,02,000,00,0,1,01,A01
201000005719,0,30,000,00,1,2,01,A01
201000005720,0,07,000,00,0,9,01,A01
201000005721,0,07,000,00,1,3,01,A01
201000005722,0,07,000,00,0,9,00,A01
201000005723,0,01,000,08,0,7,01,A01
201000005724,0,10,000,00,2,3,01,A01
201000005724,0,02,000,00,2,8,19,B01
201000005725,0,33,000,00,2,8,01,B01
201000005725,0,07,000,00,2,8,01,A01
201000005726,0,10,000,00,2,1,13,A01
201000005726,0,10,000,00,2,1,21,B01
201000005727,0,31,000,01,0,1,01,A01
201000005727,0,07,000,00,2,1,24,B02
201000005728,0,07,000,02,0,8,01,A01
201000005729,0,07,000,00,2,3,01,A01
201000005729,0,02,000,00,2,1,16,B01
201000005730,0,07,000,00,2,3,01,B01
201000005730,0,15,000,00,2,3,13,A01
201000005731,0,07,000,00,2,3,01,B01
201000005731,0,33,000,00,2,1,13,A01
201000005732,0,10,000,00,2,1,01,B01
201000005732,0,03,000,00,2,3,15,A01
201000005733,0,07,000,00,2,3,10,A01
201000005733,0,02,000,00,2,1,01,B01
201000005734,0,07,000,02,0,1,01,A01
201000005735,0,07,000,00,1,1,02,A01
201000005736,0,15,000,13,0,0,01,A01
201000005737,0,07,000,00,2,2,02,C01
201000005737,0,17,000,00,2,1,01,B01
201000005737,0,07,000,00,2,1,13,A01
201000005738,0,07,000,13,0,2,14,A01
201000005739,0,07,000,00,0,9,13,A01
201000005740,0,07,000,00,2,8,15,B01
201000005740,0,10,000,00,2,1,17,A01
201000005741,0,10,000,00,2,1,05,A01
201000005741,0,07,000,00,2,1,01,B02
201000005742,0,07,000,00,2,1,05,A01
201000005742,0,10,000,00,2,1,01,B02
201000005743,0,33,000,00,2,1,02,A01
201000005743,0,07,000,00,2,4,02,B02
201000005744,0,07,000,03,0,1,01,A01
201000005745,0,33,000,00,0,8,15,A01
201000005746,0,33,000,16,0,1,01,A01
201000005747,0,07,000,13,0,1,13,A01
201000005748,0,07,000,00,2,2,15,B01
201000005748,0,30,000,00,2,1,16,A01
201000005749,0,33,000,00,2,1,01,B02
201000005749,0,07,000,00,2,3,15,A01
201000005750,0,14,000,00,2,3,01,A01
201000005750,0,07,000,00,2,1,13,B02
201000005751,0,07,000,10,0,3,01,A01
201000005752,0,07,000,00,2,1,02,A01
201000005752,0,07,000,00,0,4,23,B01
201000005753,0,07,000,00,2,5,01,B01
201000005753,0,07,000,00,2,7,15,A01
201000005754,0,07,000,00,2,1,01,A01
201000005754,0,07,000,00,2,2,19,B01
201000005755,0,07,000,00,2,1,01,B01
201000005755,0,07,000,00,2,6,17,A01
201000005756,0,02,000,00,2,1,01,B01
201000005756,0,07,000,00,2,1,15,A01
201000005757,0,07,000,06,0,1,01,A01
201000005758,0,14,000,00,2,1,01,B01
201000005758,0,07,000,00,2,1,13,A01
201000005759,0,07,000,08,0,5,01,A01
201000005760,0,07,000,00,0,6,01,C01
201000005760,0,07,000,00,2,3,13,A01
201000005760,0,07,000,00,0,3,01,B01
201000005761,0,33,000,13,6,1,02,A01
201000005762,0,07,000,00,2,1,01,A01
201000005762,0,01,000,00,2,1,19,B01
201000005763,0,02,000,11,0,1,13,A01
201000005764,0,02,000,06,2,2,13,A01
201000005764,0,33,000,00,2,2,01,B01
201000005765,0,07,000,00,2,3,01,A01
201000005765,0,02,000,00,2,7,01,B01
201000005766,0,30,000,00,0,0,00,A01
201000005767,0,07,000,00,2,1,01,A01
201000005767,0,02,000,00,2,1,01,B01
201000005768,0,07,000,00,1,3,01,A01
201000005769,0,07,000,00,0,0,00,A01
201000005770,0,07,000,00,2,1,17,A01
201000005770,0,07,000,00,0,3,01,B01
201000005771,0,02,000,00,2,1,13,A01
201000005771,0,14,000,00,2,1,01,B01
201000005772,0,07,000,00,1,3,01,A01
201000005773,0,30,000,00,2,7,01,B01
201000005773,0,07,000,00,2,3,09,A01
201000005774,0,31,000,13,0,7,01,A01
201000005775,0,33,000,13,0,1,01,A01
201000005776,0,10,000,00,2,8,01,A01
201000005776,0,02,000,00,2,1,19,B01
201000005777,0,30,000,00,2,1,13,B01
201000005777,0,07,000,00,2,3,01,A01
201000005778,0,07,000,00,2,1,01,B01
201000005778,0,07,000,00,2,1,15,A01
201000005779,0,07,000,02,0,3,01,A01
201000005780,0,07,000,00,2,1,01,B01
201000005780,0,07,000,00,2,7,13,A01
201000005781,0,07,000,00,2,1,01,B02
201000005781,0,07,000,00,2,1,17,A01
201000005782,0,37,000,00,2,1,01,B02
201000005782,0,07,000,05,2,9,13,A01
201000005783,0,07,000,00,2,1,01,B02
201000005783,0,07,000,00,2,3,17,A01
201000005783,0,10,000,00,2,1,01,C03
201000005784,0,07,000,00,2,2,01,B02
201000005784,0,07,000,00,2,5,16,A01
201000005785,0,07,000,00,2,1,13,A01
201000005785,0,07,000,00,2,1,01,B02
201000005786,0,07,000,00,2,2,01,A01
201000005786,0,10,000,00,2,3,01,B02
201000005787,0,31,000,06,0,9,01,A01
201000005788,0,07,000,00,0,9,17,A01
201000005789,0,07,000,00,2,1,01,B01
201000005789,0,07,000,00,2,2,01,A01
201000005790,0,07,000,02,0,8,01,A01
201000005791,0,07,000,00,2,1,01,B02
201000005791,0,07,000,00,2,1,16,A01
201000005792,0,07,000,13,0,1,01,A01
201000005793,0,07,000,00,1,1,00,A01
201000005794,0,07,000,02,0,1,01,A01
201000005795,0,31,000,00,2,1,01,B02
201000005795,0,31,000,00,2,1,01,A01
201000005796,0,14,000,00,2,3,01,B02
201000005796,0,99,000,00,2,3,01,A01
201000005797,0,07,000,00,2,3,01,B02
201000005797,0,07,000,00,2,3,13,A01
201000005798,0,07,000,13,0,9,01,A01
201000005799,0,10,000,00,2,1,01,B02
201000005799,0,33,000,00,2,1,01,A01
201000005800,0,07,000,00,2,1,01,B02
201000005800,0,07,000,00,2,1,01,C03
201000005800,0,07,000,00,2,1,17,A01
201000005801,0,07,000,00,2,1,01,B02
201000005801,0,07,000,05,2,7,19,A01
201000005802,0,07,000,02,0,7,00,A01
201000005803,0,07,000,00,2,2,13,A01
201000005803,0,15,000,00,2,3,01,B02
201000005804,0,10,000,00,1,3,17,A01
201000005805,0,07,000,00,2,3,01,B02
201000005805,0,07,000,00,2,3,13,A01
201000005806,0,07,000,00,2,1,01,A01
201000005806,0,02,000,00,2,1,01,B02
201000005807,0,07,000,00,2,1,02,A01
201000005807,0,21,000,00,0,4,02,B02
201000005808,0,07,000,02,0,3,01,A01
201000005809,0,07,000,00,2,1,01,B02
201000005809,0,07,000,00,2,7,01,A01
201000005810,0,07,000,00,1,3,01,A01
201000005811,0,10,000,10,2,1,01,B02
201000005811,0,07,000,00,2,1,13,A01
201000005812,0,10,000,13,0,3,01,A01
201000005813,0,07,000,13,0,3,01,A01
201000005814,0,07,000,08,0,1,01,A01
201000005815,0,07,000,13,0,9,02,A01
201000005816,0,07,000,00,2,2,23,B02
201000005816,0,33,000,00,2,1,01,A01
201000005817,0,01,000,00,2,8,01,B02
201000005817,0,07,000,00,9,2,17,A01
201000005818,0,07,000,00,2,3,05,A01
201000005818,0,07,000,00,2,3,05,B02
201000005819,0,07,000,13,0,9,00,A01
201000005820,0,07,000,02,6,3,01,A01
201000005821,0,07,000,00,2,3,01,A01
201000005821,0,02,000,00,2,1,13,B02
201000005822,0,07,000,00,2,3,13,A01
201000005822,0,07,000,00,2,3,01,B02
201000005823,0,07,000,13,0,1,01,A01
201000005824,0,07,000,00,2,6,15,B02
201000005824,0,07,000,00,2,2,17,A01
201000005825,0,07,000,00,2,2,17,A01
201000005825,0,02,000,00,2,8,15,B02
201000005826,0,07,000,13,0,9,01,A01
201000005827,0,07,000,00,9,1,01,A01
201000005827,0,01,000,00,2,7,01,B02
201000005828,0,07,000,00,2,1,01,B02
201000005828,0,07,000,00,2,7,19,A01
201000005829,0,07,000,06,0,3,01,A01
201000005830,0,07,000,00,2,1,13,A01
201000005830,0,07,000,00,2,1,00,B02
201000005831,0,07,000,00,2,1,00,B02
201000005831,0,14,000,00,0,1,16,A01
201000005832,0,10,000,16,0,1,01,A01
201000005833,0,07,000,00,2,1,01,A01
201000005833,0,02,000,00,2,4,15,B02
201000005834,0,07,000,00,2,1,01,B02
201000005834,0,07,000,00,0,8,01,A01
201000005835,0,10,000,02,0,1,14,A01
201000005836,0,07,000,02,0,1,01,A01
201000005837,0,07,000,02,0,7,14,A01
201000005838,0,14,000,06,0,2,01,A01
201000005839,0,07,000,00,0,8,15,B02
201000005839,0,10,000,00,2,3,01,A01
201000005840,0,07,000,15,0,1,01,A01
201000005841,0,07,000,00,2,3,01,A01
201000005841,0,10,000,00,2,3,01,B02
201000005842,0,07,000,00,2,2,01,B02
201000005842,0,30,000,00,2,2,15,A01
201000005843,0,07,000,13,0,2,01,A01
201000005844,0,02,000,06,0,7,01,A01
201000005845,0,07,000,00,2,1,01,B02
201000005845,0,07,000,00,2,3,01,A01
201000005846,0,14,000,00,2,1,01,B01
201000005846,0,07,000,00,2,7,13,A01
201000005847,0,07,000,06,0,1,14,A01
201000005848,0,07,000,08,0,9,01,A01
201000005849,0,33,000,13,0,1,01,A01
201000005850,0,07,000,00,2,3,00,B02
201000005850,0,30,000,00,2,3,13,A01
201000005851,0,07,000,00,2,2,01,A01
201000005851,0,01,000,00,2,1,15,B02
201000005852,0,07,000,00,0,2,14,A01
201000005853,0,33,000,00,0,1,01,A01
201000005854,0,33,000,00,2,1,17,A01
201000005854,0,07,000,00,2,8,17,B02
201000005855,0,33,000,00,0,9,01,A01
201000005856,0,07,000,00,2,7,13,A01
201000005856,0,07,000,00,2,1,01,B02
201000005857,0,07,000,06,0,1,01,A01
201000005858,0,14,000,02,0,1,01,A01
201000005859,0,07,000,01,0,2,01,A01
201000005860,0,10,000,02,0,7,01,A01
201000005861,0,07,000,02,0,1,14,A01
201000005862,0,30,000,00,0,0,01,A01
201000005863,0,07,000,00,2,2,01,B02
201000005863,0,07,000,13,2,7,13,A01
201000005864,0,07,000,06,0,7,01,A01
201000005865,0,07,000,00,2,2,01,B02
201000005865,0,33,000,00,2,3,13,A01
201000005866,0,21,000,00,2,3,02,B02
201000005866,0,02,000,00,2,1,02,A01
201000005867,0,07,000,00,2,1,01,B02
201000005867,0,07,000,00,2,1,13,A01
201000005868,0,07,000,08,0,8,01,A01
201000005869,0,31,000,06,0,1,01,A01
201000005870,0,07,000,13,0,2,14,A01
201000005871,0,07,000,02,0,2,01,A01
201000005872,0,07,000,00,0,0,01,A01
201000005873,0,02,000,00,2,1,17,A01
201000005873,0,21,000,00,2,6,15,B02
201000005874,0,01,000,13,0,0,01,A01
201000005875,0,07,000,13,2,1,01,A01
201000005875,0,33,000,00,9,1,01,B02
201000005876,0,07,000,00,2,8,10,A01
201000005876,0,15,000,00,2,2,01,B02
201000005877,0,07,000,00,0,1,01,A01
201000005878,0,30,000,00,2,1,01,A01
201000005878,0,31,000,00,2,3,01,B02
201000005879,0,30,000,00,0,1,01,A01
201000005880,0,02,000,00,2,9,19,A01
201000005880,0,10,000,00,2,2,01,B02
201000005881,0,07,000,01,0,8,01,C03
201000005881,0,07,000,00,2,2,01,B02
201000005881,0,07,000,00,0,6,15,A01
201000005882,0,10,000,02,0,3,01,A01
201000005883,0,14,000,00,2,3,01,B02
201000005883,0,07,000,00,2,3,01,A01
201000005884,0,15,000,00,2,3,01,B02
201000005884,0,07,000,00,2,3,13,A01
201000005885,0,02,000,00,2,1,15,A01
201000005885,0,07,000,00,2,1,01,B02
201000005886,0,07,000,04,0,3,01,A01
201000005887,0,07,000,13,0,1,01,A01
201000005888,0,07,000,00,2,8,01,B02
201000005888,0,07,000,00,2,8,13,A01
201000005889,0,07,000,13,0,1,01,A01
201000005890,0,21,000,00,1,7,21,A01
201000005891,0,07,000,13,0,1,12,A01
201000005892,0,07,000,15,0,3,13,A01
201000005893,0,07,000,00,2,1,01,A01
201000005893,0,07,000,00,2,1,01,B02
201000005894,0,07,000,13,0,3,01,A01
201000005895,0,07,000,13,0,1,01,A01
201000005896,0,10,000,00,2,2,20,A01
201000005896,0,02,000,00,2,1,01,B02
201000005897,0,07,000,13,0,1,13,A01
201000005898,0,21,000,00,2,3,15,B02
201000005898,0,33,000,00,2,2,02,A01
201000005899,0,07,000,00,1,1,01,A01
201000005900,0,07,000,00,0,7,21,A01
201000005901,0,07,000,00,1,2,19,A01
201000005902,0,10,000,00,1,3,01,A01
201000005903,0,10,000,13,0,3,13,A01
201000005904,0,10,000,02,0,1,01,A01
201000005905,0,07,000,13,0,1,01,A01
201000005906,0,07,000,00,2,1,01,A01
201000005906,0,10,000,00,2,3,15,B02
201000005907,0,07,000,00,2,3,01,B02
201000005907,0,07,000,00,2,3,01,A01
201000005908,0,10,000,00,2,3,01,A01
201000005908,0,07,000,00,2,3,01,B02
201000005909,0,14,000,00,1,5,04,A01
201000005910,0,07,000,15,0,2,01,A01
201000005911,0,07,000,13,0,8,01,A01
201000005912,0,07,000,00,1,0,01,A01
201000005913,0,07,000,00,2,3,01,B02
201000005913,0,07,000,00,0,4,15,A01
201000005914,0,21,000,00,0,9,01,A01
201000005915,0,30,000,00,0,8,01,A01
201000005916,0,99,000,08,0,1,01,A01
201000005917,0,07,000,00,2,3,05,A01
201000005917,0,01,000,00,2,7,01,B02
201000005918,0,07,000,00,2,3,05,A01
201000005918,0,07,000,00,2,3,01,B02
201000005919,0,07,000,00,0,3,01,A01
201000005919,0,01,000,00,0,1,01,B02
201000005920,0,07,000,00,2,5,13,A01
201000005920,0,07,000,00,2,5,01,B02
201000005921,0,07,000,02,0,2,01,A01
201000005922,0,07,000,00,0,7,15,A01
201000005922,0,31,000,00,0,0,01,B02
201000005923,0,07,000,00,2,3,09,A01
201000005923,0,33,000,00,2,1,01,B02
201000005924,0,07,000,00,0,3,01,B02
201000005924,0,07,000,00,0,6,01,A01
201000005924,0,33,000,00,0,4,13,C03
201000005924,0,07,000,00,0,3,01,D04
201000005925,0,10,000,06,0,1,14,A01
201000005926,0,07,000,06,0,1,01,A01
201000005927,0,07,000,00,2,1,01,A01
201000005927,0,07,000,08,2,7,19,B02
201000005928,0,07,000,00,2,1,05,B02
201000005928,0,07,000,00,2,1,01,A01
201000005929,0,07,000,00,2,1,15,A01
201000005929,0,07,000,00,2,1,01,B02
201000005930,0,07,000,00,2,3,15,A01
201000005930,0,33,000,00,2,8,01,B02
201000005931,0,14,000,00,2,2,01,A01
201000005931,0,30,000,00,2,1,15,B02
201000005932,0,14,000,02,0,8,01,A01
201000005933,0,07,000,00,2,1,01,B02
201000005933,0,38,000,00,2,1,01,A01
201000005934,0,07,000,02,0,3,13,A01
201000005935,0,01,000,00,2,1,01,B02
201000005935,0,07,000,00,2,7,15,A01
201000005936,0,31,000,08,0,3,01,A01
201000005937,0,07,000,00,0,7,15,A01
201000005937,0,02,000,00,0,1,01,B02
201000005938,0,07,000,00,1,2,01,A01
201000005939,0,07,000,16,0,1,13,A01
201000005940,0,07,000,00,0,5,15,B02
201000005940,0,07,000,00,0,3,01,C03
201000005940,0,07,000,14,0,1,01,A01
201000005940,0,07,000,00,2,6,15,D04
201000005941,0,07,000,00,2,3,10,A01
201000005941,0,33,000,00,2,1,13,B02
201000005942,0,01,000,00,2,1,13,A01
201000005942,0,07,000,00,2,3,01,B01
201000005943,0,07,000,13,0,3,01,A01
201000005944,0,07,000,00,0,8,01,A01
201000005944,0,07,000,00,0,2,15,B02
201000005945,0,07,000,00,9,5,02,A01
201000005945,0,01,000,00,2,8,01,B02
201000005946,0,07,000,16,0,1,01,A01
201000005947,0,07,000,00,2,3,13,A01
201000005947,0,10,000,00,2,8,01,B02
201000005948,0,07,000,06,0,3,01,A01
201000005949,0,07,000,15,0,2,01,A01
201000005950,0,30,000,00,0,1,00,A01
201000005951,0,07,000,06,0,6,13,A01
201000005952,0,10,000,00,2,1,19,A01
201000005952,0,07,000,00,2,1,01,B02
201000005952,0,32,000,00,2,1,01,C03
201000005953,0,33,000,06,0,1,14,A01
201000005954,0,07,000,13,0,2,01,A01
201000005955,0,07,000,00,2,1,01,A01
201000005955,2,07,000,00,2,1,13,B02
201000005956,0,07,000,16,0,1,19,A01
201000005957,0,07,000,08,0,8,01,A01
201000005958,0,07,000,00,0,6,01,A01
201000005958,0,33,000,00,2,1,17,B02
201000005959,0,07,000,01,1,1,21,A01
201000005959,0,07,000,00,2,7,23,B02
201000005960,0,07,000,13,0,1,01,A01
201000005961,0,31,000,00,2,8,01,B02
201000005961,0,07,000,00,2,1,19,A01
201000005962,0,07,000,00,2,3,01,B02
201000005963,0,01,000,00,2,7,02,B01
201000005963,0,07,000,00,2,3,09,A01
201000005964,0,07,000,02,0,1,01,A01
201000005965,0,07,000,00,1,1,01,A01
201000005966,0,33,000,13,0,1,01,A01
201000005967,0,33,000,12,0,1,01,A01
201000005968,0,07,000,00,2,3,01,B02
201000005968,0,10,000,00,2,3,01,A01
201000005969,0,07,000,00,2,3,00,B02
201000005969,0,07,000,00,2,6,01,A01
201000005970,0,33,000,00,2,1,17,A01
201000005970,0,07,000,00,2,3,19,B01
201000005971,0,30,000,00,2,1,17,B02
201000005971,0,07,000,00,2,8,02,E05
201000005971,0,31,000,00,2,1,17,A01
201000005971,0,07,000,00,2,6,01,F06
201000005971,0,30,000,00,2,1,17,C03
201000005971,0,07,000,00,2,3,01,D04
201000005972,0,34,000,00,0,1,01,A01
201000005973,0,07,000,00,2,7,13,A01
201000005973,0,10,000,00,2,1,01,B02
201000005974,0,33,000,00,2,1,01,A01
201000005974,0,07,000,00,2,7,15,B02
201000005975,0,33,000,02,0,2,01,A01
201000005976,0,36,000,00,1,3,01,A01
201000005977,0,07,000,02,0,2,14,A01
201000005978,0,07,000,00,2,3,15,A01
201000005978,0,33,000,00,2,8,01,B02
201000005979,0,07,000,00,2,3,17,B01
201000005979,0,30,000,00,2,1,01,A01
201000005980,0,07,000,06,0,5,00,A01
201000005981,0,10,000,00,2,6,19,B02
201000005981,0,07,000,00,2,3,01,A01
201000005982,0,07,000,13,0,9,01,A01
201000005983,0,10,000,12,2,3,01,B02
201000005983,0,07,000,00,2,6,01,A01
201000005984,0,14,000,00,2,3,01,B02
201000005984,0,07,000,00,2,1,01,A01
201000005985,0,07,000,00,2,2,15,A01
201000005985,0,33,000,00,2,1,01,B02
201000005986,0,07,000,09,0,8,14,A01
201000005987,0,36,000,12,0,1,01,A01
201000005988,0,07,000,02,0,1,01,A01
201000005989,0,07,000,02,0,1,01,A01
201000005990,0,34,000,00,2,4,15,B02
201000005990,0,07,000,00,2,2,17,A01
201000005991,0,07,000,00,0,1,01,A01
201000005992,0,10,000,00,2,3,01,B02
201000005992,0,10,000,00,2,5,01,A01
201000005993,0,07,000,08,0,1,01,A01
201000005994,0,07,000,00,2,7,01,A01
201000005994,0,02,000,00,2,8,01,B02
201000005995,0,07,000,01,1,2,01,A01
201000005995,0,07,000,00,0,8,23,B01
201000005996,0,07,000,04,6,2,17,A01
201000005997,0,10,000,00,1,3,01,A01
201000005998,2,07,000,13,2,8,02,B02
201000005998,0,07,000,13,2,7,02,A01
201000005999,0,02,000,00,2,1,17,B02
201000005999,0,02,000,00,2,8,15,A01
201000006000,0,33,000,13,0,1,01,A01
201000006001,0,07,000,00,2,4,23,A01
201000006001,0,30,000,00,2,1,02,B02
201000006002,0,07,000,00,0,7,19,A01
201000006002,0,33,000,00,2,1,01,B02
201000006003,0,07,000,00,2,3,13,A01
201000006003,0,07,000,00,2,3,01,B02
201000006004,0,07,000,02,2,8,01,A01
201000006004,0,07,000,00,2,1,19,B02
201000006005,0,07,000,00,2,1,01,C03
201000006005,0,07,000,00,2,3,13,A01
201000006005,0,07,000,00,2,8,01,B02
201000006006,0,07,000,00,2,2,01,A01
201000006006,0,30,000,00,2,2,19,B02
201000006007,0,07,000,00,0,7,01,A01
201000006007,0,02,000,00,2,1,19,B02
201000006008,0,33,000,00,2,1,01,B02
201000006008,0,07,000,00,2,4,13,A01
201000006009,0,07,000,00,1,1,01,A01
201000006010,0,33,000,00,2,2,12,A01
201000006010,0,07,000,00,2,3,01,B02
201000006011,0,07,000,00,2,1,15,A01
201000006011,0,01,000,00,2,1,01,B02
201000006012,0,02,000,05,0,1,01,A01
201000006012,0,07,000,00,2,2,19,B02
201000006013,0,10,000,00,2,2,15,A01
201000006013,0,33,000,00,0,1,01,B02
201000006014,0,32,000,00,2,4,02,B02
201000006014,0,07,000,00,2,1,02,A01
201000006015,0,07,000,02,0,2,13,A01
201000006016,0,02,000,00,2,1,01,B01
201000006016,0,07,000,00,2,3,19,A01
201000006017,0,07,000,00,2,6,02,C03
201000006017,0,33,000,00,2,1,02,A01
201000006017,0,07,000,00,2,5,11,B02
201000006018,0,30,000,01,0,1,13,A01
201000006019,0,37,000,00,1,2,01,A01
201000006020,0,33,000,00,2,1,17,B02
201000006020,0,07,000,00,2,8,10,A01
201000006021,0,38,000,00,1,3,07,A01
201000006022,0,07,000,00,2,8,15,B01
201000006022,0,33,000,00,2,1,17,A01
201000006023,0,07,000,00,2,3,13,A01
201000006023,0,07,000,00,2,3,01,B02
201000006024,0,07,000,02,0,8,01,A01
201000006025,0,07,000,02,0,1,01,A01
201000006026,0,33,000,00,2,1,01,A01
201000006026,0,07,000,00,0,5,16,B02
201000006027,0,07,000,00,0,1,01,A01
201000006028,0,30,000,00,2,3,01,B02
201000006029,0,07,000,00,2,3,01,A01
201000006029,0,02,000,00,2,8,15,B02
201000006030,0,33,000,13,0,1,01,A01
201000006031,0,07,000,00,2,2,13,A01
201000006031,0,07,000,00,2,2,01,B02
201000006032,0,07,000,00,2,3,09,A01
201000006032,0,02,000,00,2,2,09,B02
201000006033,0,07,000,13,0,1,01,A01
201000006034,0,07,000,00,1,1,01,A01
201000006035,0,07,000,00,2,1,19,A01
201000006035,0,34,000,00,2,1,17,B02
201000006036,0,07,000,00,2,2,09,A01
201000006036,0,07,000,00,2,8,01,C03
201000006036,0,07,000,00,2,8,01,B02
201000006036,0,07,000,00,2,1,01,D04
201000006037,0,07,000,00,2,8,15,B02
201000006037,0,32,000,00,2,2,01,A01
201000006038,0,07,000,00,1,3,01,A01
201000006039,0,07,000,00,2,3,01,A01
201000006039,0,07,000,00,2,3,01,B02
201000006040,0,07,000,00,1,1,01,A01
201000006041,0,07,000,00,2,3,01,B02
201000006041,0,07,000,00,2,1,13,A01
201000006042,0,07,000,00,1,1,01,A01
201000006043,0,37,000,00,2,1,01,A01
201000006043,0,07,000,00,2,4,23,B02
201000006043,0,07,000,00,2,4,23,C03
201000006043,0,07,000,00,0,4,23,D04
201000006044,0,02,000,00,2,1,01,B02
201000006044,0,07,000,00,2,3,17,A01
201000006045,0,07,000,13,2,7,01,C03
201000006045,0,33,000,00,2,1,17,A01
201000006045,0,07,000,00,2,1,01,B02
201000006046,0,07,000,13,0,3,13,A01
201000006046,0,10,000,02,0,3,01,B02
201000006047,0,01,000,00,2,1,00,B02
201000006047,0,07,000,00,0,5,12,A01
201000006048,0,33,000,00,1,1,00,A01
201000006049,0,03,000,02,0,3,13,A01
201000006050,1,07,000,00,1,3,01,Z01
201000006051,0,07,000,00,2,1,01,A01
201000006051,0,01,000,00,0,4,01,B01
201000006052,0,07,000,02,0,1,14,A01
201000006053,0,07,000,00,2,1,11,A01
201000006053,0,33,000,00,2,1,01,B02
201000006054,0,01,000,00,2,7,01,B01
201000006054,0,07,000,00,2,1,15,A01
201000006055,0,07,000,02,0,2,01,A01
201000006056,0,07,000,13,0,3,13,A01
201000006057,0,10,000,00,2,3,01,C03
201000006058,0,33,000,08,0,1,01,A01
201000006059,0,07,000,00,2,3,15,A01
201000006059,0,33,000,00,2,1,01,B02
201000006060,0,07,000,00,1,7,13,A01
201000006061,0,07,000,00,2,2,15,A01
201000006061,0,02,000,00,2,1,01,B02
201000006062,0,14,000,16,0,9,01,A01
201000006063,0,07,000,00,2,3,19,A01
201000006063,0,07,000,00,2,1,01,B02