Num_Acc,senc,catv,occutc,obs,obsm,choc,manv,num_veh
201000006461,0,33,000,00,2,1,01,B02
201000006462,0,13,000,13,0,8,01,A01
201000006463,0,07,000,00,2,1,01,B02
201000006463,0,07,000,08,0,7,15,A01
201000006464,0,14,000,00,2,7,01,B01
201000006464,0,30,000,00,2,1,19,A02
201000006465,0,02,000,00,2,1,19,A01
201000006465,0,07,000,00,2,3,01,B02
201000006466,0,07,000,00,2,2,17,B02
201000006466,0,07,000,00,2,3,17,A01
201000006467,0,30,000,00,2,1,16,A01
201000006467,0,07,000,00,2,2,01,B02
201000006468,0,07,000,02,0,7,14,A01
201000006469,0,33,000,04,0,1,14,A01
201000006470,0,07,000,03,0,2,01,A01
201000006471,0,10,000,06,0,3,01,A01
201000006472,0,07,000,13,0,1,01,A01
201000006473,0,07,000,00,2,3,13,A01
201000006473,0,07,000,00,2,3,01,B01
201000006474,0,07,000,02,0,2,00,A01
201000006475,0,07,000,02,0,8,01,A01
201000006476,0,07,000,00,2,3,01,B01
201000006476,0,30,000,00,2,3,01,A01
201000006477,0,07,000,00,2,3,01,B01
201000006477,0,07,000,00,2,3,01,A01
201000006478,0,07,000,00,2,1,01,B01
201000006478,0,02,000,00,2,1,13,A01
201000006479,0,07,000,13,0,1,13,A01
201000006480,0,07,000,00,2,1,20,B01
201000006480,0,07,000,00,2,1,13,A01
201000006481,0,07,000,14,0,1,02,A01
201000006482,0,10,000,00,1,1,01,A01
201000006483,0,07,000,16,0,1,21,A01
201000006484,0,07,000,02,0,8,01,A01
201000006485,0,10,000,13,6,3,01,A01
201000006486,0,33,000,06,5,1,02,A01
201000006487,0,07,000,00,2,8,01,B01
201000006487,0,07,000,00,2,1,19,A01
201000006488,0,33,000,00,2,1,01,B01
201000006488,0,21,000,00,0,1,15,A01
201000006489,0,10,000,13,0,3,13,A01
201000006490,0,07,000,00,1,2,00,A01
201000006491,0,07,000,13,0,9,01,A01
201000006492,0,07,000,00,2,7,13,A01
201000006492,0,14,000,00,2,1,01,B01
201000006493,0,07,000,00,2,3,05,B01
201000006493,0,33,000,00,2,1,17,A01
201000006494,0,33,000,00,0,1,01,A01
201000006495,0,10,000,00,2,3,01,A01
201000006495,0,07,000,06,2,8,15,B01
201000006496,0,07,000,02,0,1,01,A01
201000006497,0,07,000,15,0,1,01,A01
201000006498,0,07,000,00,0,0,00,C01
201000006498,0,07,000,00,2,1,01,B01
201000006499,0,10,000,00,2,7,19,A01
201000006499,0,10,000,00,2,1,01,B01
201000006500,0,07,000,00,2,1,19,B01
201000006500,0,33,000,00,2,1,01,A01
201000006501,0,07,000,00,2,2,01,A01
201000006501,0,01,000,00,2,4,13,B02
201000006502,0,07,000,00,0,0,00,A01
201000006503,0,07,000,00,0,3,19,A01
201000006503,0,33,000,00,2,1,01,B01
201000006504,0,33,000,00,2,1,01,B01
201000006504,0,07,000,00,0,5,15,A01
201000006505,0,02,000,13,0,8,13,A01
201000006506,0,10,000,00,1,3,01,A01
201000006507,0,07,000,00,2,3,01,B01
201000006507,0,07,000,00,2,2,01,C01
201000006507,0,07,000,00,2,1,13,A01
201000006508,0,10,000,00,0,0,01,A01
201000006509,0,07,000,06,0,1,01,A01
201000006510,0,10,000,16,0,1,01,A01
201000006511,0,07,000,02,0,7,01,A01
201000006512,0,30,000,06,0,1,00,A01
201000006513,0,07,000,00,2,3,01,A01
201000006513,0,02,000,00,2,1,01,B01
201000006514,0,07,000,00,1,1,01,A01
201000006515,0,07,000,00,2,1,15,A01
201000006515,0,33,000,00,2,1,01,B02
201000006516,0,07,000,13,0,3,01,A01
201000006517,0,07,000,00,0,8,15,B01
201000006517,0,33,000,00,2,1,17,A01
201000006518,0,07,000,00,2,1,15,B01
201000006518,0,01,000,00,2,1,01,A01
201000006519,0,01,000,00,0,0,01,A01
201000006520,0,07,000,00,2,3,01,B01
201000006520,0,07,000,00,2,3,01,A01
201000006521,0,02,000,00,2,1,01,A01
201000006521,0,07,000,00,2,2,20,B01
201000006522,0,02,000,00,2,1,05,A01
201000006522,0,07,000,00,2,3,01,B01
201000006523,0,07,000,00,2,1,01,B02
201000006523,0,07,000,00,2,1,15,A01
201000006524,0,33,000,00,0,8,01,A01
201000006525,0,30,000,00,0,1,01,A01
201000006526,0,33,000,00,0,0,01,A01
201000006527,0,02,000,00,2,1,01,B02
201000006527,0,07,000,00,2,3,16,A01
201000006528,0,31,000,00,2,1,01,B02
201000006528,0,10,000,00,2,8,19,A01
201000006529,0,10,000,00,1,5,04,A01
201000006530,0,10,000,00,2,1,01,A01
201000006530,0,07,000,00,2,2,15,B01
201000006531,0,07,000,05,0,2,01,A01
201000006532,0,07,000,13,0,3,01,A01
201000006533,0,07,000,00,1,1,01,A01
201000006534,0,07,000,13,0,9,01,A01
201000006535,0,07,000,13,0,3,01,A01
201000006536,0,07,000,08,0,2,01,A01
201000006537,0,07,000,08,0,1,14,A01
201000006538,0,30,000,06,0,1,01,A01
201000006539,0,07,000,08,0,8,01,A01
201000006540,0,07,000,02,6,1,01,A01
201000006541,0,07,000,00,2,2,01,A01
201000006541,0,07,000,00,2,2,15,B01
201000006542,0,33,000,00,2,2,17,A01
201000006542,0,07,000,00,2,3,01,B02
201000006543,0,07,000,00,2,7,13,A01
201000006543,0,14,000,00,2,1,01,B01
201000006544,0,07,000,02,0,7,00,A01
201000006545,0,10,000,13,0,3,19,A01
201000006546,0,07,000,00,2,8,01,B01
201000006546,0,10,000,00,2,3,13,A01
201000006547,0,07,000,13,0,9,01,A01
201000006548,0,07,000,00,2,1,13,A01
201000006548,0,07,000,00,2,1,01,B01
201000006549,0,07,000,00,2,3,13,A01
201000006549,0,07,000,00,2,8,01,B01
201000006550,0,34,000,00,0,8,01,A01
201000006551,0,07,000,00,2,1,01,A01
201000006551,0,07,000,00,2,8,01,B01
201000006552,0,33,000,05,0,7,01,A01
201000006553,0,07,000,00,2,1,01,B01
201000006553,0,07,000,00,2,7,00,A01
201000006554,0,33,000,00,0,0,13,A01
201000006555,0,07,000,00,1,2,17,A01
201000006556,0,14,000,16,0,9,17,A01
201000006556,1,07,000,00,0,0,13,B02
201000006557,0,07,000,00,2,1,01,B02
201000006557,0,07,000,00,2,1,13,C03
201000006557,0,07,000,00,2,1,01,A01
201000006558,0,07,000,00,2,1,01,A01
201000006558,0,07,000,00,2,3,13,B02
201000006559,0,33,000,00,0,0,00,A01
201000006560,0,10,000,00,2,3,01,A01
201000006560,0,30,000,00,2,3,05,B02
201000006561,0,07,000,13,0,1,01,A01
201000006562,0,07,000,00,1,2,01,A01
201000006563,0,37,000,00,0,7,01,B02
201000006563,0,07,000,00,2,8,13,A01
201000006564,0,07,000,13,0,1,13,A01
201000006565,0,33,000,00,0,0,01,A01
201000006566,0,07,000,00,2,1,02,A01
201000006566,0,07,000,00,2,4,02,B02
201000006567,0,07,000,00,2,1,17,A01
201000006567,0,07,000,00,2,1,01,B02
201000006568,0,07,000,00,2,1,05,A01
201000006568,0,07,000,00,2,2,21,B02
201000006569,0,07,000,06,0,1,01,A01
201000006570,0,07,000,02,0,2,14,A01
201000006571,0,07,000,15,0,2,01,A01
201000006572,0,33,000,00,2,1,01,A01
201000006572,0,07,000,00,2,6,01,B02
201000006573,0,10,000,00,2,2,21,B02
201000006574,0,07,000,00,0,3,01,A01
201000006574,0,07,000,00,0,3,01,B02
201000006575,0,07,000,00,9,1,01,A01
201000006575,0,01,000,00,0,0,13,B02
201000006576,0,07,000,00,2,3,01,A01
201000006576,0,07,000,00,2,2,19,B02
201000006577,0,15,000,00,2,1,01,C03
201000006577,0,07,000,00,0,5,23,B02
201000006577,0,07,000,00,0,6,15,A01
201000006578,0,17,000,13,0,3,19,A01
201000006579,0,07,000,00,0,0,01,A01
201000006580,0,07,000,02,0,3,00,A01
201000006581,0,02,000,14,0,1,09,A01
201000006582,0,07,000,08,2,3,21,A01
201000006583,0,07,000,00,0,1,13,A01
201000006583,0,07,000,00,2,1,01,B02
201000006584,0,07,000,12,0,7,00,A01
201000006585,1,07,000,13,0,1,13,A01
201000006586,0,31,000,06,0,1,00,A01
201000006587,0,10,000,00,2,2,17,A01
201000006587,0,01,000,00,2,4,01,B02
201000006588,0,07,000,00,0,0,13,A01
201000006588,0,33,000,00,0,1,01,B02
201000006589,0,07,000,06,0,4,14,A01
201000006590,0,01,000,06,0,1,01,A01
201000006591,0,07,000,13,0,1,14,A01
201000006592,0,10,000,00,2,1,01,B02
201000006592,0,10,000,00,2,8,10,A01
201000006593,0,10,000,00,2,3,01,B02
201000006593,0,07,000,00,2,3,13,A01
201000006594,0,31,000,00,2,8,01,B02
201000006594,0,07,000,00,2,3,15,A01
201000006595,0,07,000,00,2,3,01,A01
201000006595,0,07,000,00,2,3,01,B02
201000006596,0,14,000,00,1,3,01,A01
201000006597,0,07,000,02,0,7,01,A01
201000006598,0,07,000,08,0,9,14,A01
201000006599,0,33,000,13,0,3,01,A01
201000006600,0,31,000,00,0,2,00,A01
201000006601,0,07,000,00,2,1,02,A01
201000006601,0,01,000,00,0,4,01,B02
201000006602,0,36,000,13,0,9,13,A01
201000006603,0,01,000,00,0,4,02,A01
201000006604,0,07,000,00,2,3,13,A01
201000006604,0,07,000,00,2,1,01,C03
201000006604,0,07,000,00,2,3,01,B02
201000006605,0,07,000,00,2,3,17,A01
201000006605,0,02,000,00,2,1,01,B02
201000006606,0,33,000,00,2,1,01,B02
201000006606,0,33,000,00,2,1,01,C03
201000006606,0,07,000,00,2,3,13,A01
201000006607,0,07,000,00,2,1,01,B02
201000006607,0,07,000,00,2,1,11,A01
201000006608,0,07,000,16,0,2,14,A01
201000006609,0,02,000,13,0,1,01,A01
201000006610,0,07,000,02,0,6,01,A01
201000006611,0,10,000,00,2,1,01,C03
201000006611,0,07,000,00,2,2,05,A01
201000006611,0,15,000,00,2,2,01,B02
201000006612,0,07,000,00,1,3,01,A01
201000006613,0,07,000,02,0,2,14,A01
201000006614,0,07,000,00,2,3,01,A01
201000006614,0,02,000,00,2,3,01,B02
201000006615,0,07,000,02,0,7,01,A01
201000006616,0,10,000,00,1,1,01,A01
201000006617,0,07,000,06,0,7,01,A01
201000006618,0,30,000,06,0,7,14,A01
201000006619,0,01,000,01,0,1,01,A01
201000006620,0,07,000,00,2,7,00,A01
201000006620,0,07,000,00,2,7,00,B02
201000006621,0,01,000,00,2,1,01,B02
201000006621,0,07,000,00,2,5,16,A01
201000006622,0,07,000,00,9,1,01,B02
201000006622,0,33,000,00,0,0,00,A01
201000006623,0,33,000,00,2,7,17,B02
201000006623,0,07,000,00,2,8,15,A01
201000006624,0,07,000,09,0,9,14,A01
201000006625,0,30,000,00,0,8,01,B02
201000006625,0,07,000,00,0,3,01,A01
201000006626,0,07,000,08,0,9,01,A01
201000006627,0,03,000,00,0,8,19,A01
201000006627,0,14,000,00,0,1,21,B02
201000006628,0,07,000,00,2,3,01,B02
201000006628,0,07,000,00,2,3,13,A01
201000006629,0,33,000,00,2,3,01,A01
201000006629,0,14,000,00,2,8,01,B02
201000006630,0,10,000,02,0,3,01,A01
201000006631,0,07,000,00,2,1,19,B02
201000006631,0,07,000,00,2,2,01,A01
201000006632,0,07,000,02,0,4,01,A01
201000006633,0,07,000,00,2,2,15,A01
201000006633,0,07,000,00,2,3,01,B02
201000006634,0,10,000,00,2,3,15,B02
201000006634,0,14,000,00,2,1,01,A01
201000006635,0,07,000,13,0,1,01,A01
201000006636,0,10,000,00,2,7,01,A01
201000006636,0,01,000,00,2,8,01,B02
201000006637,0,07,000,00,2,3,01,B02
201000006637,0,07,000,00,2,3,01,A01
201000006638,0,07,000,13,0,3,01,A01
201000006639,0,07,000,00,2,1,01,A01
201000006639,0,07,000,00,2,1,01,B02
201000006640,0,17,000,00,0,3,01,A01
201000006641,0,33,000,08,0,2,01,A01
201000006642,0,07,000,02,0,1,01,A01
201000006643,0,10,000,13,0,1,01,A01
201000006644,0,10,000,02,0,8,17,A01
201000006645,0,07,000,00,2,3,01,A01
201000006645,0,07,000,00,2,3,01,B02
201000006646,0,07,000,00,2,7,19,A01
201000006646,0,07,000,00,2,1,01,B02
201000006647,0,33,000,00,2,1,01,A01
201000006647,0,33,000,00,0,4,01,B02
201000006648,0,07,000,09,0,1,01,A01
201000006649,0,07,000,00,2,3,01,B02
201000006649,0,07,000,00,2,3,13,A01
201000006650,0,07,000,00,2,3,13,A01
201000006650,0,07,000,00,2,3,01,B02
201000006651,0,07,000,02,0,2,14,A01
201000006652,0,07,000,02,0,2,13,A01
201000006653,0,01,000,00,2,4,19,A01
201000006653,0,07,000,00,2,2,01,B02
201000006654,0,31,000,13,0,1,01,A01
201000006655,0,07,000,02,0,8,01,A01
201000006656,0,07,000,06,0,1,01,A01
201000006657,0,07,000,13,0,3,01,A01
201000006658,0,07,000,00,0,7,19,B02
201000006658,0,07,000,00,2,1,01,A01
201000006659,0,15,000,00,1,3,01,A01
201000006660,0,07,000,00,2,1,13,A01
201000006660,0,07,000,00,2,3,01,B02
201000006661,0,07,000,00,2,1,01,B02
201000006661,0,07,000,00,2,1,01,A01
201000006662,0,07,000,00,2,2,15,A01
201000006662,0,02,000,00,2,1,01,B02
201000006663,0,07,000,00,1,1,01,A01
201000006664,0,33,000,00,2,7,01,A01
201000006664,0,07,000,00,2,2,19,B02
201000006665,0,07,000,02,0,1,01,A01
201000006666,0,07,000,03,0,9,14,A01
201000006667,0,33,000,14,0,8,17,A01
201000006668,0,10,000,00,2,1,01,B02
201000006668,0,07,000,00,2,3,19,A01
201000006669,0,07,000,02,0,1,06,A01
201000006670,0,07,000,02,0,9,19,A01
201000006671,0,07,000,13,0,7,01,A01
201000006672,0,07,000,02,0,8,02,A01
201000006673,0,07,000,00,1,2,01,A01
201000006674,0,07,000,10,0,1,01,A01
201000006675,0,02,000,00,2,2,01,B02
201000006675,0,07,000,00,2,3,19,A01
201000006676,0,07,000,02,0,1,01,A01
201000006677,0,07,000,00,2,8,19,B02
201000006677,0,07,000,00,2,3,01,A01
201000006678,0,07,000,00,2,1,01,A01
201000006678,0,07,000,00,2,8,15,B02
201000006679,0,07,000,00,2,7,13,A01
201000006679,0,07,000,00,2,1,01,B02
201000006680,0,07,000,00,0,7,15,A01
201000006680,0,33,000,00,2,1,01,B02
201000006681,0,30,000,00,2,1,19,A01
201000006681,0,07,000,00,2,2,19,B02
201000006682,0,07,000,02,0,8,01,A01
201000006683,0,07,000,00,2,1,02,A01
201000006683,0,07,000,00,2,4,01,B02
201000006684,0,07,000,02,0,1,13,A01
201000006685,0,07,000,00,2,7,09,A01
201000006685,0,07,000,00,2,3,01,B02
201000006686,0,07,000,13,0,1,01,A01
201000006687,0,07,000,00,1,8,01,A01
201000006688,0,07,000,00,2,1,19,B02
201000006688,0,99,000,00,2,3,01,A01
201000006689,0,07,000,02,0,8,01,A01
201000006690,0,37,001,00,1,7,01,A01
201000006691,0,30,000,11,0,1,17,A01
201000006692,0,31,000,00,1,1,03,A01
201000006693,0,07,000,00,2,2,14,A01
201000006693,0,30,000,00,2,3,18,B02
201000006694,0,07,000,00,0,1,02,A01
201000006694,0,02,000,00,0,4,02,B02
201000006695,0,07,000,00,2,1,01,A01
201000006695,0,31,000,00,2,8,01,B02
201000006696,0,07,000,00,2,7,09,B02
201000006696,0,33,000,00,2,3,01,A01
201000006697,0,07,000,00,1,7,01,A01
201000006698,0,07,000,00,2,2,16,A01
201000006698,0,33,000,00,2,3,18,B02
201000006699,0,32,000,00,2,0,07,A01
201000006699,0,07,000,00,2,3,09,B02
201000006700,0,07,000,00,1,1,15,A01
201000006701,0,07,000,00,0,2,01,A01
201000006702,0,07,000,00,1,1,15,A01
201000006703,0,33,000,00,2,7,01,B01
201000006703,0,07,000,00,2,3,19,A01
201000006704,0,07,000,,1,1,01,A01
201000006705,0,07,000,02,0,8,14,A01
201000006706,0,07,000,00,0,2,10,A01
201000006706,0,02,000,00,0,1,01,B01
201000006707,0,07,000,00,2,1,01,A01
201000006707,0,01,000,00,2,1,05,B01
201000006708,0,07,000,01,0,1,13,A01
201000006709,0,02,000,12,0,2,00,A01
201000006710,2,07,000,00,0,9,13,A01
201000006711,0,07,000,00,2,3,01,B02
201000006711,0,07,000,00,2,1,13,A01
201000006712,0,10,000,00,2,1,01,B02
201000006712,0,07,000,00,2,1,13,A01
201000006713,0,10,000,00,1,7,01,A01
201000006714,0,03,000,00,2,1,13,A01
201000006714,0,07,000,00,2,1,01,B02
201000006715,0,07,000,02,0,1,01,A01
201000006716,0,10,000,13,0,2,14,A01
201000006717,0,07,000,00,1,1,01,B03
201000006717,0,07,000,03,0,3,13,A01
201000006718,0,07,000,13,0,3,13,A01
201000006719,0,07,000,13,0,2,01,A01
201000006720,0,07,000,00,2,7,15,A01
201000006720,0,30,000,00,2,1,01,B02
201000006721,0,10,000,03,0,1,01,A01
201000006722,0,07,000,00,5,9,21,A01
201000006723,0,07,000,02,0,3,13,A01
201000006724,0,32,000,00,2,1,01,C03
201000006724,0,07,000,00,2,0,01,A01
201000006725,0,07,000,02,0,8,01,A01
201000006726,0,07,000,00,2,1,01,A01
201000006726,0,02,000,00,2,3,19,B02
201000006727,0,07,000,00,1,3,01,A01
201000006728,0,14,000,00,2,3,01,B02
201000006728,0,07,000,00,2,3,13,A01
201000006729,0,07,000,00,2,3,19,A01
201000006729,0,10,000,00,2,1,01,B02
201000006730,0,33,000,03,0,7,17,A01
201000006730,0,38,001,00,0,3,15,B02
201000006731,0,07,000,00,0,3,01,B02
201000006731,0,07,000,00,0,7,01,A01
201000006732,0,07,000,00,2,1,13,A01
201000006732,0,07,000,00,2,1,01,B02
201000006733,0,07,000,00,0,9,14,A01
201000006734,0,07,000,00,0,9,01,A01
201000006735,0,07,000,02,0,1,01,A01
201000006736,0,10,000,02,0,7,13,A01
201000006737,0,07,000,00,1,2,01,A01
201000006738,0,07,000,06,0,1,01,A01
201000006739,0,33,000,00,2,1,13,B02
201000006739,0,07,000,00,2,3,01,A01
201000006740,0,33,000,16,0,8,01,B02
201000006740,0,10,000,00,2,2,15,A01
201000006741,0,07,000,06,0,1,01,A01
201000006742,0,07,000,08,0,8,01,A01
201000006743,0,07,000,02,0,8,01,A01
201000006744,0,10,000,02,0,1,01,A01
201000006745,0,07,000,00,2,3,01,B02
201000006745,0,10,000,00,2,8,17,A01
201000006746,0,07,000,13,0,1,01,A01
201000006747,0,07,000,13,0,1,21,D04
201000006747,0,07,000,00,2,1,17,A01
201000006747,0,07,000,00,2,1,01,B02
201000006747,0,07,000,00,2,3,01,C03
201000006748,0,17,000,00,2,1,01,C03
201000006748,0,07,000,00,2,1,13,A01
201000006748,0,07,000,00,2,1,01,B02
201000006748,0,07,000,00,0,0,15,D04
201000006749,0,07,000,06,0,2,01,A01
201000006750,0,07,000,00,2,1,01,A01
201000006750,0,07,000,00,0,8,01,B02
201000006751,0,07,000,00,2,3,13,A01
201000006751,0,17,000,00,2,3,01,B02
201000006752,0,07,000,13,0,9,01,A01
201000006753,0,30,000,00,2,1,13,A01
201000006753,0,07,000,00,2,3,01,B02
201000006754,0,07,000,08,2,1,01,B02
201000006754,0,07,000,06,2,8,15,A01
201000006755,0,07,000,00,1,8,01,A01
201000006756,0,10,000,06,0,1,13,A01
201000006757,0,07,000,02,0,1,14,A01
201000006758,0,07,000,00,2,4,15,B02
201000006758,0,07,000,01,0,1,02,A01
201000006758,0,20,000,01,0,2,05,C03
201000006759,0,07,000,00,2,2,15,B02
201000006759,0,02,000,00,2,7,01,A01
201000006760,0,10,000,00,2,2,01,A01
201000006760,0,33,000,00,2,1,01,B02
201000006761,0,07,000,06,2,1,01,A01
201000006761,0,07,000,00,2,1,01,B02
201000006762,0,07,000,00,2,1,13,A01
201000006762,0,07,000,05,2,1,01,B02
201000006763,0,01,000,00,0,6,15,B02
201000006763,0,07,000,00,0,2,17,A01
201000006764,0,07,000,10,0,3,01,A01
201000006765,0,07,000,00,2,3,01,B02
201000006765,0,02,000,00,2,1,01,A01
201000006766,0,02,000,05,0,1,01,A01
201000006767,0,31,000,06,0,1,01,A01
201000006768,0,07,000,02,0,1,01,A01
201000006769,0,07,000,02,0,8,01,A01
201000006770,0,07,000,00,0,9,17,A01
201000006771,0,33,000,00,2,1,01,B02
201000006771,0,07,000,00,2,7,15,A01
201000006772,0,02,000,00,2,1,01,B02
201000006772,0,07,000,00,0,2,01,A01
201000006773,1,07,000,00,1,3,02,A01
201000006774,0,10,000,13,0,2,01,A01
201000006775,0,07,000,02,0,1,01,A01
201000006776,0,03,000,00,2,1,21,A01
201000006776,0,07,000,00,2,5,16,B02
201000006777,0,10,000,00,2,3,01,B02
201000006777,0,07,000,00,2,3,01,A01
201000006778,0,07,000,06,0,5,01,A01
201000006779,0,07,000,10,0,1,13,A01
201000006780,0,07,000,00,2,1,01,A01
201000006780,0,07,000,00,2,8,19,B02
201000006781,0,07,000,00,2,3,15,B02
201000006781,0,07,000,00,0,7,17,A01
201000006782,0,33,000,00,2,1,05,A01
201000006782,0,07,000,00,2,1,01,B02
201000006783,0,31,000,00,0,1,01,A01
201000006784,0,07,000,02,0,3,14,A01
201000006785,0,07,000,02,0,1,01,A01
201000006786,0,07,000,00,2,8,15,A01
201000006786,0,07,000,00,2,1,01,B02
201000006787,0,07,000,00,2,1,13,A01
201000006787,0,07,000,00,2,1,01,B02
201000006788,0,33,000,00,2,1,01,A01
201000006788,0,07,000,00,2,3,15,B02
201000006789,0,21,000,00,0,3,01,A01
201000006790,0,07,000,06,0,8,17,A01
201000006791,0,10,000,00,2,2,14,B02
201000006791,0,07,000,00,2,8,13,A01
201000006792,0,17,000,00,2,2,01,B02
201000006792,0,07,000,00,2,7,13,A01
201000006793,0,07,000,00,0,7,01,A01
201000006794,0,99,000,00,2,0,01,B02
201000006794,0,07,000,00,1,3,15,A01
201000006795,0,07,000,02,0,1,01,A01
201000006796,0,07,000,00,2,8,15,A01
201000006796,0,07,000,00,2,1,01,B02
201000006797,0,07,000,10,0,3,01,A01
201000006798,0,07,000,00,2,1,01,B02
201000006798,0,07,000,00,2,1,01,A01
201000006799,0,07,000,00,1,0,01,A01
201000006800,0,07,000,00,2,7,15,A01
201000006800,0,07,000,00,2,1,01,C03
201000006800,0,07,000,00,2,1,01,B02
201000006801,0,07,000,00,2,1,01,B02
201000006801,0,07,000,00,2,3,13,A01
201000006802,0,31,000,13,0,7,01,A01
201000006803,0,07,000,02,0,1,01,A01
201000006804,0,02,000,00,2,1,01,B02
201000006804,0,07,000,00,2,1,17,A01
201000006805,0,07,000,00,2,3,13,B02
201000006805,0,33,000,00,2,1,13,A01
201000006806,0,10,000,00,2,3,01,A01
201000006806,0,07,000,00,2,2,01,B02
201000006807,0,07,000,02,0,3,01,A01
201000006808,0,07,000,00,2,2,21,B02
201000006808,0,07,000,00,2,2,13,A01
201000006809,0,10,000,06,0,9,01,A01
201000006810,0,07,000,08,0,1,01,A01
201000006811,0,31,000,13,0,1,01,A01
201000006812,0,07,000,02,0,3,01,A01
201000006813,0,30,000,09,0,2,01,A01
201000006814,0,07,000,00,2,1,01,B02
201000006814,0,07,000,14,0,7,01,C03
201000006814,0,07,000,00,2,1,13,A01
201000006815,0,07,000,00,2,1,01,C03
201000006815,0,07,000,14,0,3,01,A01
201000006815,0,07,000,00,2,6,23,B02
201000006816,0,07,000,02,0,7,01,A01
201000006817,0,07,000,00,2,2,13,A01
201000006817,0,07,000,00,2,1,01,B02
201000006818,0,07,000,13,0,1,14,A01
201000006819,0,07,000,13,0,1,14,A01
201000006820,0,01,000,13,0,1,01,A01
201000006821,0,07,000,06,0,3,01,A01
201000006822,0,07,000,00,2,1,01,B02
201000006822,0,07,000,00,2,1,13,A01
201000006823,0,01,000,00,0,8,01,B02
201000006823,0,15,000,00,0,2,16,A01
201000006824,0,07,000,00,2,1,01,A01
201000006824,0,07,000,00,2,3,16,B02
201000006825,0,07,000,00,0,2,01,A01
201000006826,0,07,000,03,0,2,01,A01
201000006827,0,07,000,08,0,9,00,A01
201000006827,0,07,000,00,9,1,00,B02
201000006828,0,15,000,13,0,7,01,A01
201000006829,0,07,000,02,0,1,01,A01
201000006830,0,07,000,02,0,3,01,A01
201000006831,0,07,000,00,2,2,15,A01
201000006831,0,02,000,00,2,1,01,B02
201000006832,0,07,000,13,0,1,01,A01
201000006833,0,10,000,00,2,3,01,B02
201000006833,0,07,000,00,2,2,13,A01
201000006834,0,07,000,02,0,1,14,A01
201000006835,0,03,000,00,2,3,15,B02
201000006835,0,07,000,02,0,2,17,A01
201000006836,0,07,000,00,2,3,13,A01
201000006836,0,07,000,00,2,3,01,B02
201000006837,0,14,000,00,2,8,15,A01
201000006837,0,33,000,00,2,1,01,B02
201000006838,0,33,000,02,0,7,01,A01
201000006839,0,10,000,02,0,8,01,A01
201000006840,0,07,000,00,2,1,13,A01
201000006840,0,10,000,00,2,2,21,B02
201000006841,0,10,000,13,1,6,19,B02
201000006841,0,07,000,00,2,3,01,A01
201000006842,0,07,000,00,2,5,01,B02
201000006842,0,31,000,00,2,3,21,A01
201000006843,0,07,000,01,0,9,01,A01
201000006844,0,15,000,00,2,3,01,B02
201000006844,0,30,000,00,0,3,01,A01
201000006845,0,10,000,08,0,1,01,A01
201000006846,0,07,000,02,0,3,13,A01
201000006847,0,07,000,02,0,8,14,A01
201000006848,0,07,000,13,0,9,01,A01
201000006849,0,02,000,00,2,1,01,B02
201000006849,0,07,000,00,2,7,01,A01
201000006850,0,02,000,00,2,4,01,B02
201000006850,0,30,000,00,2,4,01,A01
201000006851,0,07,000,00,0,6,15,B02
201000006851,0,33,000,00,2,1,17,A01
201000006852,0,01,000,00,0,4,01,B02
201000006852,0,07,000,00,2,2,01,A01
201000006853,0,07,000,00,2,1,13,A01
201000006853,0,07,000,00,2,1,01,B02
201000006854,0,07,000,02,0,8,14,A01
201000006855,0,10,000,00,9,1,01,A01
201000006856,0,07,000,00,0,3,22,A01
201000006856,0,15,000,00,0,5,01,B02
201000006857,0,07,000,00,2,6,19,A01
201000006857,0,33,000,00,2,1,02,B02
201000006858,0,33,000,00,2,3,01,B02
201000006858,0,07,000,00,2,3,01,C03
201000006858,0,30,000,00,2,1,10,A01
201000006859,0,07,000,06,0,1,01,A01
201000006860,0,33,000,00,2,1,01,B02
201000006860,0,07,000,00,1,8,09,A01
201000006861,0,07,000,00,0,4,01,B02
201000006861,0,33,000,00,2,7,01,A01
201000006862,0,07,000,00,1,3,01,A01
201000006863,0,14,000,00,2,2,21,B02
201000006863,0,07,000,00,2,3,19,A01
201000006864,0,99,000,00,0,1,01,B02
201000006864,0,10,000,00,0,0,01,A01
201000006864,0,07,000,00,2,1,01,C03
201000006865,0,07,000,00,2,3,23,B02
201000006865,0,30,000,00,2,1,17,A01
201000006866,0,07,000,06,0,7,01,A01
201000006867,0,07,000,00,2,5,01,D04
201000006867,0,17,000,00,2,3,01,B02
201000006867,0,07,000,13,2,1,01,C03
201000006867,0,10,000,15,2,3,13,A01
201000006868,0,32,000,00,2,1,17,A01
201000006868,0,07,000,00,2,3,15,B01
201000006869,0,07,000,00,2,8,13,A01
201000006869,0,07,000,00,2,1,01,B02
201000006870,0,07,000,06,0,2,01,A01
201000006871,0,10,000,08,0,1,01,A01
201000006872,1,07,000,00,0,0,00,Z01
201000006873,0,07,000,00,0,2,00,B01
201000006873,0,07,000,00,0,6,00,A01
201000006874,0,07,000,00,2,6,00,B02
201000006874,0,33,000,00,2,8,00,A01
201000006875,0,31,000,00,2,3,13,A01
201000006875,0,07,000,00,2,7,00,B02
201000006876,0,32,000,00,9,2,16,A01
201000006877,0,07,000,13,0,1,14,A01
201000006878,0,07,000,00,9,2,15,A01
201000006878,0,01,000,00,2,1,01,B02