Num_Acc,senc,catv,occutc,obs,obsm,choc,manv,num_veh
201000006879,0,07,000,00,2,2,01,A01
201000006879,0,33,000,00,2,1,01,B02
201000006880,0,07,000,00,2,2,01,B02
201000006880,0,14,000,00,2,3,19,A01
201000006881,0,07,000,06,0,7,01,A01
201000006882,0,07,000,00,2,4,01,B02
201000006882,0,33,000,00,2,1,01,A01
201000006883,0,33,000,00,0,1,01,B02
201000006883,0,07,000,00,0,5,15,A01
201000006884,0,07,000,13,0,1,01,A01
201000006885,0,07,000,00,2,2,15,A01
201000006885,0,02,000,00,2,1,01,B02
201000006886,0,10,000,00,2,3,15,A01
201000006886,0,33,000,00,2,3,01,B02
201000006887,0,07,000,00,1,2,01,A01
201000006888,0,07,000,00,1,2,01,A01
201000006889,0,07,000,00,0,1,01,C03
201000006889,0,07,000,00,2,4,01,B02
201000006889,0,07,000,00,2,4,01,A01
201000006890,0,14,000,00,0,3,01,B02
201000006890,0,01,000,14,0,3,19,A01
201000006891,0,07,000,00,0,8,15,B02
201000006891,0,07,000,00,0,2,17,A01
201000006892,0,33,000,00,2,0,17,A01
201000006893,0,33,000,08,0,1,17,A01
201000006894,0,03,000,00,2,1,01,B01
201000006894,0,10,000,00,2,3,20,A01
201000006895,0,07,000,00,1,1,01,A01
201000006896,0,10,000,00,2,3,01,B02
201000006896,0,10,000,01,0,4,19,A01
201000006897,0,07,000,00,1,2,01,A01
201000006898,0,07,000,00,2,1,17,A01
201000006898,0,07,000,00,2,1,01,B01
201000006899,0,33,000,00,2,8,01,B02
201000006899,0,07,000,00,2,3,01,A01
201000006900,0,33,000,00,0,1,01,B02
201000006900,0,07,000,00,2,3,03,A01
201000006901,0,07,000,00,2,6,01,B02
201000006901,0,33,000,00,2,1,17,A01
201000006902,0,07,000,00,0,8,06,A01
201000006902,0,33,000,00,2,1,01,B02
201000006903,0,30,000,00,2,1,00,B01
201000006903,0,07,000,00,0,3,01,A01
201000006904,0,07,000,00,1,3,01,A01
201000006905,0,30,000,00,2,1,01,B01
201000006905,0,07,000,00,2,1,16,A01
201000006906,0,31,000,00,2,1,13,A01
201000006906,0,07,000,00,2,2,01,B02
201000006907,0,07,000,00,5,0,19,A01
201000006908,0,33,000,00,2,1,17,B02
201000006908,0,07,000,00,2,8,10,A01
201000006909,0,07,000,00,2,1,01,B02
201000006909,0,07,000,00,2,8,13,A01
201000006910,0,99,000,00,1,1,01,A01
201000006911,0,30,000,00,2,0,01,B01
201000006911,0,07,000,00,2,2,00,A01
201000006912,0,15,000,00,0,8,13,A01
201000006913,0,07,000,00,1,2,01,A01
201000006914,0,31,000,00,2,3,01,A01
201000006914,0,07,000,00,2,1,15,B02
201000006915,0,31,000,00,0,7,01,A01
201000006916,0,07,000,00,2,1,01,B01
201000006916,0,07,000,00,2,1,05,A01
201000006917,0,07,000,00,2,2,01,B01
201000006917,0,07,000,00,2,1,17,A01
201000006918,0,33,000,00,2,1,03,B02
201000006918,0,07,000,00,2,8,15,A01
201000006919,0,07,000,14,0,2,02,C03
201000006919,0,07,000,14,0,1,13,A01
201000006919,0,07,000,14,0,1,05,B02
201000006920,0,10,000,00,1,1,15,A01
201000006921,0,07,000,00,1,2,01,A01
201000006922,0,33,000,00,2,1,01,B02
201000006922,0,07,000,00,2,4,15,A01
201000006923,0,07,000,00,1,3,01,A01
201000006924,0,07,000,00,2,3,23,C03
201000006924,0,33,000,00,2,1,01,B02
201000006924,0,07,000,00,2,3,15,A01
201000006925,0,07,000,00,2,3,10,A01
201000006925,0,33,000,00,2,2,17,B01
201000006926,0,33,000,00,2,1,01,B02
201000006926,0,07,000,00,2,7,19,A01
201000006927,0,01,000,00,2,7,01,B02
201000006927,0,07,000,00,2,1,19,A01
201000006928,0,07,000,00,2,8,16,A01
201000006928,0,07,000,00,2,3,05,B02
201000006929,0,33,000,00,2,1,08,A01
201000006929,2,07,000,00,0,8,10,B02
201000006930,0,07,000,00,2,1,01,A01
201000006930,0,07,000,00,2,3,15,B02
201000006931,1,07,000,00,1,1,00,A01
201000006932,0,99,000,00,2,0,00,B02
201000006932,0,07,000,00,1,2,01,A01
201000006933,0,07,000,00,1,2,01,A01
201000006934,0,30,000,00,2,1,01,A01
201000006934,0,07,000,00,2,3,15,B02
201000006935,0,07,000,00,1,3,01,A01
201000006936,0,07,000,00,2,1,00,B02
201000006936,0,07,000,00,2,4,00,A01
201000006937,0,33,000,14,0,1,02,A01
201000006937,0,37,001,00,2,5,23,B02
201000006938,0,01,000,00,2,1,01,B02
201000006938,0,07,000,00,0,7,22,A01
201000006939,0,02,000,12,2,8,16,A01
201000006939,0,07,000,00,2,2,16,B02
201000006940,0,07,000,00,2,1,01,B02
201000006940,0,07,000,00,0,0,00,A01
201000006941,0,30,000,02,0,1,14,A01
201000006942,0,17,000,03,0,2,02,A01
201000006943,0,07,000,00,0,2,01,B02
201000006943,0,30,000,00,0,1,01,A01
201000006944,0,07,000,00,2,3,10,B02
201000006944,0,33,000,00,2,1,21,A01
201000006945,0,33,000,00,2,0,17,A01
201000006946,0,07,000,12,0,9,00,A01
201000006947,2,07,000,00,2,1,03,A01
201000006947,0,07,000,00,2,1,02,B02
201000006948,0,33,000,02,0,1,01,A01
201000006949,0,07,000,00,2,3,15,A01
201000006949,0,33,000,00,2,1,01,B02
201000006950,0,07,000,00,2,1,01,A01
201000006950,0,10,000,00,2,7,01,B02
201000006951,0,07,000,00,0,8,15,A01
201000006951,0,10,000,00,0,2,17,B02
201000006952,0,33,000,00,2,1,01,A01
201000006952,0,37,001,00,2,3,15,B02
201000006953,0,07,000,00,0,3,15,B02
201000006953,0,07,000,00,0,3,01,A01
201000006954,0,14,000,00,2,2,11,A01
201000006954,0,01,000,00,2,1,01,B02
201000006955,0,07,000,00,2,1,15,B02
201000006955,0,31,000,00,2,1,01,A01
201000006956,0,07,000,00,1,2,01,A01
201000006957,0,07,000,08,0,7,01,A01
201000006958,0,07,000,00,1,1,01,C03
201000006958,0,07,000,14,0,0,00,F06
201000006958,0,07,000,14,0,1,01,E05
201000006958,0,07,000,00,0,4,23,B02
201000006958,0,03,000,00,2,1,02,A01
201000006958,0,07,000,14,0,0,01,D04
201000006959,0,07,000,00,2,1,13,A01
201000006959,0,07,000,00,2,1,01,B02
201000006960,0,14,000,00,2,3,01,B02
201000006960,0,07,000,00,2,3,13,A01
201000006961,0,07,000,00,2,2,09,A01
201000006961,0,33,000,00,2,1,17,B02
201000006962,0,07,000,00,2,3,01,B02
201000006962,0,07,000,00,0,3,13,A01
201000006962,0,07,000,00,2,1,01,C03
201000006963,0,07,000,00,0,7,15,A01
201000006963,0,33,000,00,2,1,21,B02
201000006964,0,07,000,00,2,3,01,B02
201000006964,0,14,000,00,2,6,01,A01
201000006965,0,33,000,06,0,1,01,A01
201000006966,0,10,000,02,0,1,13,A01
201000006967,0,36,000,00,2,1,17,B02
201000006967,0,07,000,00,2,6,15,A01
201000006968,0,07,000,00,2,2,01,A01
201000006968,0,30,000,00,2,6,01,B02
201000006969,0,07,000,00,2,1,19,A01
201000006969,0,07,000,00,2,3,01,B02
201000006969,0,07,000,00,2,3,01,C03
201000006970,0,03,000,13,0,9,02,A01
201000006971,0,07,000,00,0,0,01,B02
201000006971,0,02,000,00,0,7,21,A01
201000006972,0,07,000,00,2,3,13,A01
201000006972,0,07,000,00,2,2,01,C03
201000006972,0,14,000,00,2,3,01,B02
201000006973,0,07,000,00,2,1,13,A01
201000006973,0,07,000,00,2,3,01,C03
201000006973,0,07,000,00,2,8,01,B02
201000006974,0,07,000,13,0,1,01,A01
201000006975,0,07,000,00,2,1,23,A01
201000006975,0,33,000,00,2,4,23,B02
201000006976,0,07,000,08,0,2,01,A01
201000006977,0,14,000,00,2,2,14,A01
201000006977,0,10,000,00,2,7,01,B02
201000006978,0,07,000,00,2,2,15,B02
201000006978,0,07,000,00,2,1,01,A01
201000006979,0,07,000,13,0,1,01,A01
201000006980,0,07,000,00,2,1,01,B02
201000006980,0,07,000,00,2,1,01,A01
201000006981,2,14,000,00,0,0,00,B02
201000006981,0,30,000,00,2,1,01,A01
201000006982,0,02,000,03,0,8,00,A01
201000006983,0,30,000,00,0,7,01,A01
201000006984,0,07,000,00,1,2,00,A01
201000006985,0,07,000,00,2,7,13,A01
201000006985,0,07,000,00,2,1,01,B02
201000006986,0,10,000,00,2,3,13,A01
201000006986,0,07,000,00,2,1,01,B02
201000006987,0,02,000,00,9,1,01,B02
201000006987,0,10,000,00,2,0,01,A01
201000006988,0,07,000,00,2,3,01,B02
201000006988,0,07,000,00,2,1,13,A01
201000006989,0,07,000,00,2,7,19,A01
201000006989,0,07,000,00,2,1,01,B02
201000006990,0,07,000,13,0,9,14,A01
201000006991,0,07,000,00,2,3,01,B02
201000006991,0,07,000,00,2,1,13,A01
201000006992,0,30,000,00,2,6,23,A01
201000006992,0,07,000,00,2,3,01,B02
201000006992,0,10,000,00,2,3,01,C03
201000006993,0,38,004,00,2,1,01,B02
201000006993,0,07,000,00,2,2,13,A01
201000006994,0,07,000,00,2,2,21,C03
201000006994,0,07,000,00,2,1,01,B02
201000006994,0,07,000,00,2,1,13,A01
201000006995,0,33,000,02,0,1,01,A01
201000006996,0,07,000,00,2,0,01,B02
201000006996,0,07,000,00,2,1,17,A01
201000006997,0,07,000,00,2,1,01,B02
201000006997,0,30,000,00,0,4,01,A01
201000006998,0,07,000,00,2,8,01,A01
201000006998,0,33,000,00,2,9,13,B02
201000006999,0,17,000,00,0,7,01,A01
201000007000,0,02,000,00,2,1,01,B02
201000007000,0,07,000,00,2,1,13,A01
201000007001,0,10,000,00,0,1,01,A01
201000007002,0,17,000,13,0,0,01,A01
201000007003,0,33,000,16,0,9,01,A01
201000007004,0,07,000,06,0,0,13,A01
201000007005,0,38,001,12,1,0,16,A01
201000007006,0,07,000,04,0,1,13,A01
201000007006,0,02,000,00,2,1,13,B02
201000007006,0,07,000,00,2,3,01,C03
201000007007,0,07,000,00,2,3,13,A01
201000007007,0,33,000,13,2,1,01,B02
201000007008,0,07,000,03,0,1,01,B02
201000007008,0,07,000,03,0,1,13,A01
201000007009,0,10,000,00,1,8,00,A01
201000007010,0,02,000,00,0,1,02,A01
201000007010,0,07,000,00,2,4,02,B02
201000007011,0,07,000,00,1,2,01,A01
201000007012,0,07,000,00,0,9,01,A01
201000007013,0,07,000,00,2,2,01,A01
201000007013,0,07,000,00,2,8,15,B02
201000007014,0,07,000,00,2,3,01,B02
201000007014,0,07,000,00,2,3,13,A01
201000007015,0,07,000,06,0,2,01,A01
201000007016,0,21,000,00,0,8,00,B02
201000007016,0,01,000,00,0,0,01,A01
201000007017,0,01,000,00,2,0,01,B02
201000007017,1,07,000,00,2,7,17,A01
201000007018,0,01,000,00,0,0,00,A01
201000007018,0,01,000,00,0,0,00,B02
201000007019,0,13,000,00,2,1,21,B02
201000007019,0,07,000,00,2,3,05,C03
201000007019,0,07,000,00,2,6,09,A01
201000007020,0,10,000,00,0,6,01,A01
201000007020,0,07,000,00,0,3,00,B02
201000007021,0,21,000,00,2,3,09,A01
201000007021,0,33,000,00,2,8,05,B02
201000007022,0,07,000,00,2,1,01,B02
201000007022,0,07,000,00,2,6,02,A01
201000007023,0,07,000,13,0,2,01,A01
201000007024,0,07,000,08,0,1,01,A01
201000007025,0,07,000,09,0,2,01,A01
201000007026,0,07,000,00,2,8,19,A01
201000007026,0,07,000,00,2,1,01,B02
201000007027,0,07,000,00,2,3,05,B02
201000007027,0,07,000,00,2,3,01,A01
201000007028,0,07,000,00,0,1,01,B02
201000007028,0,07,000,00,0,1,05,A01
201000007029,0,07,000,00,0,8,19,B02
201000007029,0,33,000,00,2,1,01,A01
201000007030,0,33,000,00,2,1,01,B02
201000007030,0,07,000,00,2,3,15,A01
201000007030,0,07,000,00,2,8,23,C03
201000007031,0,07,000,01,0,2,00,A01
201000007032,0,33,000,00,0,1,01,B02
201000007032,0,07,000,00,0,2,15,A01
201000007033,0,07,000,08,0,8,01,A01
201000007034,0,07,000,00,2,2,01,C03
201000007034,0,07,000,00,2,7,13,A01
201000007034,0,07,000,00,2,1,01,B02
201000007035,0,10,000,00,2,3,01,B02
201000007035,0,33,000,00,2,1,17,A01
201000007036,0,10,000,00,2,1,15,A01
201000007036,0,33,000,00,2,7,01,B02
201000007037,0,07,000,00,2,1,01,B02
201000007037,0,07,000,00,2,7,13,A01
201000007038,0,07,000,00,2,3,15,A01
201000007038,0,01,000,00,2,1,01,B02
201000007039,0,01,000,00,0,8,01,A01
201000007040,0,07,000,00,2,3,15,B02
201000007040,0,02,000,00,2,1,17,A01
201000007041,0,33,000,00,2,8,01,B02
201000007041,0,07,000,00,2,1,06,A01
201000007042,0,14,000,00,2,3,15,A01
201000007042,0,01,000,00,0,1,01,B02
201000007043,0,10,000,00,2,1,01,B02
201000007043,0,10,000,00,2,3,19,A01
201000007044,0,07,000,14,0,1,01,A01
201000007045,0,07,000,00,2,1,01,B02
201000007045,0,07,000,00,2,2,13,A01
201000007046,0,07,000,00,2,5,06,A01
201000007046,0,15,000,00,2,3,01,B01
201000007047,0,33,000,00,2,1,13,A01
201000007047,0,07,000,00,2,1,01,B02
201000007048,0,07,000,00,2,2,09,A01
201000007048,0,36,000,00,2,1,01,B02
201000007049,0,07,000,00,2,1,13,A01
201000007049,0,07,000,00,2,1,01,B02
201000007050,0,07,000,00,2,1,13,A01
201000007050,0,33,000,00,2,3,01,B02
201000007051,0,01,000,00,2,3,01,D04
201000007051,0,07,000,00,2,1,01,B02
201000007051,0,33,000,00,2,2,16,C03
201000007051,0,33,000,00,9,1,16,A01
201000007052,0,14,000,05,0,1,01,A01
201000007053,0,07,000,00,1,4,04,A01
201000007054,0,07,000,00,2,8,01,B02
201000007054,0,07,000,00,2,6,01,C03
201000007054,0,07,000,00,2,1,01,D04
201000007054,0,07,000,00,2,1,13,A01
201000007055,0,07,000,00,2,1,01,B02
201000007055,0,07,000,00,2,1,15,A01
201000007056,0,31,000,00,9,0,00,A01
201000007057,0,07,000,00,2,3,01,A01
201000007057,0,01,000,00,2,4,13,B02
201000007058,0,07,000,00,2,1,01,B02
201000007058,0,07,000,00,2,1,13,A01
201000007059,0,30,000,14,9,8,17,B02
201000007059,0,07,000,00,0,3,15,A01
201000007060,0,07,000,00,1,3,01,A01
201000007061,0,07,000,00,0,8,01,C03
201000007061,0,07,000,00,0,3,01,B02
201000007061,0,07,000,00,0,2,15,A01
201000007062,0,07,000,00,2,1,09,A01
201000007062,0,99,000,00,2,1,01,B02
201000007063,0,07,000,00,1,1,01,A01
201000007064,0,07,000,00,0,1,15,A01
201000007064,0,33,000,00,0,1,14,B02
201000007065,0,07,000,00,2,1,01,B02
201000007065,0,07,000,00,2,3,01,A01
201000007066,0,34,000,02,0,1,01,A01
201000007067,0,01,000,00,0,1,01,A01
201000007068,0,02,000,01,0,1,14,B02
201000007068,0,07,000,01,0,4,24,A01
201000007069,0,07,000,06,0,2,13,A01
201000007070,0,33,000,09,0,1,17,A01
201000007071,0,07,000,13,0,1,01,A01
201000007072,0,07,000,00,2,7,17,A01
201000007072,0,01,000,00,2,8,01,B02
201000007073,0,07,000,00,0,6,09,A01
201000007073,0,07,000,00,2,1,01,B02
201000007074,0,02,000,00,2,1,01,B02
201000007074,0,07,000,00,2,3,01,A01
201000007075,0,01,000,00,9,7,01,B02
201000007075,0,07,000,00,9,3,01,A01
201000007076,0,30,000,00,2,2,01,B02
201000007076,0,33,000,00,0,8,23,A01
201000007077,0,07,000,00,1,1,15,A01
201000007078,0,07,000,00,2,3,15,B02
201000007078,0,31,000,00,2,2,01,A01
201000007079,0,07,000,00,1,1,01,A01
201000007080,0,07,000,00,2,1,19,B02
201000007080,0,07,000,00,2,2,01,A01
201000007081,0,33,000,01,0,1,01,A01
201000007081,0,10,000,00,0,8,00,B02
201000007082,0,33,000,00,2,1,01,A01
201000007082,0,10,000,00,2,1,01,B02
201000007083,0,07,000,00,2,3,01,B02
201000007083,0,07,000,00,2,3,17,A01
201000007084,0,07,000,00,2,1,01,B02
201000007084,0,07,000,00,2,8,09,A01
201000007085,0,10,000,02,0,1,01,A01
201000007086,0,33,000,03,0,1,01,A01
201000007087,0,07,000,13,0,9,01,A01
201000007088,0,07,000,13,0,1,00,A01
201000007089,2,07,000,00,2,1,02,A01
201000007089,0,01,000,00,0,4,01,B02
201000007090,0,07,000,00,2,4,23,B02
201000007090,0,07,000,00,2,1,02,A01
201000007090,0,15,000,00,2,4,23,C03
201000007091,0,07,000,00,2,3,13,A01
201000007091,0,33,000,00,2,2,17,B02
201000007092,0,30,000,00,0,8,17,A01
201000007092,0,07,000,00,0,8,05,B02
201000007093,0,07,000,00,2,8,15,A01
201000007093,0,10,000,00,2,3,01,B02
201000007094,0,07,000,00,1,1,01,A01
201000007095,0,07,000,00,2,4,16,B01
201000007095,0,07,000,00,2,3,01,A01
201000007096,0,30,000,00,2,1,00,B01
201000007096,0,07,000,00,2,8,00,A01
201000007097,0,10,000,00,2,8,01,A01
201000007097,0,30,000,00,2,0,01,B02
201000007098,0,07,000,00,1,3,01,A01
201000007099,0,07,000,00,2,8,01,A01
201000007099,0,07,000,00,2,2,19,B02
201000007100,0,10,000,00,2,1,01,C03
201000007100,0,07,000,00,2,4,23,A01
201000007100,0,07,000,00,2,4,23,B02
201000007101,0,07,000,00,2,3,13,A01
201000007101,0,10,000,00,2,6,01,B02
201000007102,0,33,000,13,0,1,01,A01
201000007103,0,07,000,06,0,3,16,A01
201000007104,0,33,000,03,0,1,01,A01
201000007105,0,07,000,00,2,1,13,A01
201000007105,0,07,000,00,2,1,01,B02
201000007106,0,07,000,13,0,2,01,A01
201000007107,0,07,000,00,2,2,15,A01
201000007107,0,33,000,00,2,1,01,B02
201000007108,0,07,000,13,0,3,01,A01
201000007109,0,07,000,00,2,1,01,A01
201000007109,0,02,000,00,2,8,01,B02
201000007110,2,07,000,13,0,2,13,A01
201000007111,0,10,000,00,2,1,01,A01
201000007111,0,21,000,00,0,6,01,B02
201000007112,0,07,000,00,1,2,14,A01
201000007113,0,07,000,13,0,1,01,A01
201000007114,0,07,000,00,2,5,15,A01
201000007114,0,07,000,00,2,3,01,B02
201000007115,0,31,000,00,2,1,01,B02
201000007115,0,07,000,00,2,3,15,A01
201000007116,0,07,000,08,0,8,01,A01
201000007117,0,07,000,00,2,1,01,B02
201000007117,0,07,000,00,2,3,19,A01
201000007118,0,33,000,00,2,1,01,A01
201000007118,0,10,000,00,2,1,19,B02
201000007119,0,01,000,00,2,8,01,B02
201000007119,0,07,000,00,2,1,15,A01
201000007120,0,07,000,00,2,3,13,A01
201000007120,0,07,000,00,2,3,01,B02
201000007121,0,07,000,00,2,8,21,B02
201000007121,0,07,000,00,2,8,13,A01
201000007121,0,07,000,00,2,7,21,C03
201000007122,0,10,000,00,0,0,14,A01
201000007123,0,07,000,02,0,2,14,A01
201000007124,0,07,000,00,2,7,01,A01
201000007124,0,02,000,00,2,1,13,B02
201000007125,0,07,000,00,2,1,17,A01
201000007125,0,07,000,00,2,1,01,C03
201000007125,0,07,000,00,2,1,01,B02
201000007125,0,07,000,00,2,1,01,D04
201000007126,0,07,000,00,2,1,13,A01
201000007126,0,07,000,00,2,1,01,B02
201000007127,0,07,000,00,2,1,01,B02
201000007127,0,03,000,00,2,5,15,A01
201000007128,0,07,000,00,2,3,01,C03
201000007128,0,07,000,00,2,1,15,A01
201000007128,0,07,000,00,2,8,01,B02
201000007129,0,10,000,00,2,2,13,B02
201000007129,0,14,000,00,2,2,21,A01
201000007130,0,33,000,13,0,2,01,A01
201000007131,0,14,000,13,0,1,01,A01
201000007132,0,07,000,00,2,3,01,A01
201000007132,0,33,000,00,2,3,17,B02
201000007133,0,07,000,16,0,9,14,A01
201000007134,0,07,000,13,0,3,01,A01
201000007135,0,07,000,00,2,1,05,C03
201000007135,0,07,000,00,2,1,05,B02
201000007135,0,07,000,00,2,1,05,A01
201000007136,0,07,000,00,2,2,01,A01
201000007136,0,30,000,00,2,1,01,B02
201000007137,0,07,000,02,0,1,01,A01
201000007138,0,02,000,00,2,1,01,B02
201000007138,0,07,000,00,0,3,00,A01
201000007139,0,07,000,00,2,3,15,A01
201000007139,0,14,000,00,2,3,01,B02
201000007140,0,07,000,00,2,7,19,A01
201000007140,0,07,000,00,2,1,01,D04
201000007140,0,07,000,00,2,3,01,C03
201000007140,0,07,000,00,2,1,01,B02
201000007141,0,07,000,00,1,3,01,A01
201000007142,0,07,000,,2,2,11,A01
201000007142,0,01,000,,,,01,B02
201000007143,0,14,000,00,1,2,01,A01
201000007144,0,32,000,00,2,1,01,B02
201000007144,0,07,000,00,0,4,23,A01
201000007145,0,07,000,00,0,6,15,A01
201000007145,0,30,000,00,0,3,01,B02
201000007146,0,07,000,01,0,1,21,A01
201000007147,0,07,000,00,2,1,05,A01
201000007147,0,07,000,00,2,1,01,B02
201000007148,0,07,000,16,0,9,01,A01
201000007149,0,07,000,06,0,1,01,A01
201000007149,0,07,000,00,2,2,21,B02
201000007150,0,01,000,00,2,1,01,A01
201000007150,0,07,000,00,0,1,00,B02
201000007151,0,33,000,00,2,1,01,A01
201000007151,0,10,000,00,0,6,15,B02
201000007152,0,07,000,02,0,1,13,A01
201000007153,0,07,000,00,2,6,01,B02
201000007153,0,07,000,00,2,2,01,A01
201000007153,0,10,000,00,2,1,01,C03
201000007154,0,07,000,00,2,2,15,B01
201000007154,0,31,000,00,2,1,01,A01
201000007155,0,10,000,00,2,2,19,A01
201000007155,0,07,000,00,2,3,01,B02
201000007156,0,10,000,00,2,3,01,A01
201000007156,0,02,000,00,2,1,01,B02
201000007157,0,07,000,06,0,8,01,A01
201000007158,0,30,000,00,2,1,01,B02
201000007158,0,07,000,00,2,2,01,A01
201000007159,0,14,000,00,2,3,01,B02
201000007159,0,07,000,00,2,3,13,A01
201000007160,0,02,000,00,2,1,19,B02
201000007160,0,07,000,00,2,2,19,A01
201000007161,0,30,000,13,0,1,01,A01
201000007162,0,07,000,00,0,6,04,A01
201000007162,0,30,000,00,2,1,01,B02
201000007163,0,31,000,09,0,1,01,A01
201000007164,0,07,000,00,2,1,13,A01
201000007164,0,30,000,00,2,1,01,B02
201000007165,0,15,000,00,0,0,01,A01
201000007166,0,07,000,00,1,3,01,A01
201000007167,0,07,000,13,0,9,01,A01
201000007168,0,07,000,06,0,1,01,A01
201000007169,0,07,000,00,2,3,02,A01
201000007169,0,07,000,00,0,5,15,B02
201000007170,0,07,000,00,2,3,01,A01
201000007170,0,07,000,07,2,8,01,B02
201000007171,0,07,000,13,0,2,14,A01
201000007172,0,07,000,00,1,3,01,A01
201000007173,0,07,000,00,2,3,01,A01
201000007173,0,01,000,00,2,1,16,B02
201000007174,0,07,000,13,0,2,01,A01
201000007175,0,07,000,00,2,1,01,B02
201000007175,0,07,000,00,0,3,01,A01
201000007176,0,07,000,03,0,3,19,A01
201000007176,0,07,000,08,0,1,01,B02
201000007177,0,33,000,08,0,1,01,A01
201000007178,0,07,000,02,0,8,14,A01
201000007179,0,07,000,00,2,6,01,B02
201000007179,0,07,000,00,2,3,13,A01
201000007180,0,02,000,01,0,1,01,B02
201000007180,0,21,000,00,2,1,23,A01
201000007181,0,07,000,00,1,2,01,A01
201000007182,0,07,000,00,1,2,01,A01
201000007183,0,07,000,00,2,1,01,A01
201000007183,0,07,000,00,2,1,01,B02
201000007184,0,07,000,02,0,7,01,A01
201000007185,0,10,000,00,2,1,01,B02
201000007185,0,07,000,00,2,1,13,A01
201000007186,0,10,000,00,2,2,15,B02
201000007186,0,02,000,00,2,1,01,A01
201000007187,0,30,000,00,0,4,00,B02
201000007187,0,07,000,00,0,3,00,A01
201000007188,0,15,000,00,2,3,01,B02
201000007188,0,07,000,00,2,3,13,A01
201000007189,0,32,000,02,0,1,00,A01
201000007190,0,07,000,02,0,1,01,A01
201000007191,0,02,000,00,2,3,05,A01
201000007191,0,10,000,00,2,2,01,B02
201000007192,0,07,000,02,1,3,15,A01
201000007193,0,13,000,00,2,1,13,A01
201000007193,0,07,000,00,2,1,01,B02
201000007194,0,07,000,00,2,1,01,A01
201000007194,0,02,000,00,2,1,13,B02
201000007195,0,10,000,00,2,1,01,B02
201000007195,0,07,000,00,2,1,05,A01
201000007196,0,10,000,00,2,3,01,B02
201000007196,0,02,000,00,2,1,05,A01
201000007197,0,07,000,00,5,0,19,A01
201000007198,0,07,000,00,0,3,17,A01
201000007198,0,07,000,00,2,3,01,B02
201000007199,0,02,000,00,2,7,01,B02
201000007199,0,07,000,00,2,2,01,A01
201000007200,0,07,000,00,2,7,01,B02
201000007200,0,07,000,00,2,1,01,A01
201000007201,0,07,000,00,1,2,09,A01
201000007202,0,33,000,00,2,1,01,A01
201000007202,0,07,000,00,2,3,19,B02
201000007203,0,07,000,00,0,1,00,A01
201000007204,0,07,000,00,2,8,19,A01
201000007204,0,15,000,00,2,2,01,B02
201000007205,0,07,000,00,1,2,01,A01
201000007206,0,07,000,00,2,3,13,B02
201000007206,0,07,000,00,2,8,01,A01
201000007207,0,07,000,13,0,9,01,A01
201000007208,0,15,000,00,2,3,01,A01
201000007208,0,03,000,00,2,3,01,B02
201000007209,0,07,000,08,0,1,01,A01
201000007210,0,07,000,00,0,0,00,A01
201000007211,0,01,000,00,1,1,01,A01
201000007212,0,07,000,13,0,0,13,A01
201000007213,0,07,000,00,2,2,15,A01
201000007213,0,07,000,00,2,2,21,B02
201000007214,0,30,000,00,2,1,05,A01
201000007214,0,10,000,00,2,3,01,B02
201000007215,0,07,000,00,0,6,15,A01
201000007215,0,33,000,00,2,1,17,B02
201000007216,0,33,000,00,2,1,01,B02
201000007216,0,07,000,00,0,6,01,A01
201000007217,0,01,000,00,2,4,02,C03
201000007217,0,01,000,00,2,4,02,B02
201000007217,0,07,000,00,2,2,01,A01
201000007218,0,07,000,00,2,3,01,B02
201000007218,0,01,000,00,2,1,01,A01
201000007219,0,07,000,00,2,3,01,B02
201000007219,0,15,000,00,0,0,00,A01
201000007220,0,07,000,00,2,7,21,A01
201000007220,0,07,000,00,2,1,01,B02
201000007221,0,07,000,06,2,1,13,A01
201000007221,0,20,000,00,0,4,23,B02
201000007222,0,07,000,00,1,1,01,A01
201000007223,0,07,000,00,0,9,14,A01
201000007224,0,07,000,00,2,1,01,B02
201000007224,0,07,000,00,0,8,01,A01
201000007225,0,07,000,00,2,7,15,A01
201000007225,0,02,000,00,2,1,01,B02
201000007226,0,02,000,00,2,8,15,A01
201000007226,0,07,000,00,2,8,01,B02
201000007227,0,14,000,00,2,3,21,B02
201000007227,0,07,000,00,2,3,21,A01
201000007228,0,07,000,08,0,2,01,A01
201000007229,0,02,000,00,2,1,01,B02
201000007229,0,07,000,00,2,2,15,A01
201000007230,0,10,000,00,0,3,01,A01
201000007230,0,07,000,00,2,3,01,B02
201000007231,0,07,000,00,2,2,01,B02
201000007231,0,07,000,06,0,8,01,A01
201000007232,0,07,000,00,2,1,15,B02
201000007232,0,30,000,00,2,1,01,A01
201000007233,0,07,000,00,1,1,01,A01
201000007234,0,07,000,01,1,2,21,A01
201000007234,0,07,000,14,2,0,00,C03
201000007234,0,10,000,00,2,7,23,B02
201000007235,0,07,000,08,2,1,01,B02
201000007235,0,07,000,15,2,1,13,A01
201000007236,0,07,000,00,2,1,01,B02
201000007236,0,07,000,00,2,0,01,C03
201000007236,0,15,000,00,2,2,13,A01
201000007237,0,99,000,00,0,9,02,A01
201000007238,0,33,000,14,0,8,02,A01
201000007239,0,07,000,00,2,3,01,B02
201000007239,0,07,000,00,2,3,01,A01
201000007240,0,07,000,00,2,1,01,B02
201000007240,0,10,000,00,2,8,15,A01
201000007241,0,10,000,00,1,3,09,A01