Num_Acc,senc,catv,occutc,obs,obsm,choc,manv,num_veh
201000009946,0,02,000,00,2,1,01,A01
201000009946,0,17,000,00,2,3,01,B02
201000009947,0,07,000,00,2,1,15,A01
201000009947,0,07,000,00,2,6,01,B02
201000009948,0,07,000,00,2,3,01,A01
201000009948,0,07,000,00,2,1,01,B02
201000009949,2,07,000,00,1,1,13,A01
201000009950,0,07,000,00,9,3,01,A01
201000009950,0,32,000,00,2,8,19,B02
201000009951,0,07,000,00,2,1,02,A01
201000009951,0,33,000,00,2,4,23,B02
201000009952,0,07,000,00,2,3,00,B02
201000009952,0,07,000,00,2,3,13,A01
201000009953,0,02,000,00,0,8,01,B02
201000009953,0,07,000,00,0,3,15,A01
201000009954,0,01,000,00,2,1,19,B02
201000009954,0,07,000,00,2,7,15,A01
201000009955,0,21,000,00,2,6,05,B02
201000009955,0,31,000,00,2,3,05,A01
201000009956,0,10,000,00,1,2,01,A01
201000009957,0,10,000,00,2,1,00,D04
201000009957,0,07,000,00,2,8,13,B02
201000009957,0,07,000,00,2,3,13,A01
201000009957,0,07,000,13,0,0,21,C03
201000009958,0,07,000,00,1,1,01,A01
201000009959,0,07,000,02,0,3,01,B02
201000009959,0,07,000,00,2,3,13,A01
201000009960,0,10,000,00,1,1,01,A01
201000009961,0,33,000,13,0,1,15,A01
201000009962,0,07,000,06,0,3,16,A01
201000009963,0,07,000,00,2,2,13,A01
201000009963,0,10,000,00,2,2,01,B02
201000009964,0,07,000,00,2,2,15,A01
201000009964,0,33,000,00,2,1,01,B02
201000009965,0,07,000,00,2,1,01,C03
201000009965,0,07,000,00,2,4,01,A01
201000009965,0,07,000,00,2,9,01,B02
201000009966,0,33,000,16,0,1,01,A01
201000009967,0,38,001,00,2,1,00,A01
201000009967,0,30,000,00,0,8,19,B02
201000009968,0,10,000,16,0,9,01,A01
201000009969,0,33,000,00,2,3,01,A01
201000009969,0,10,000,00,2,7,16,B02
201000009970,0,07,000,00,2,8,01,B02
201000009970,0,07,000,00,2,1,19,A01
201000009971,0,07,000,00,2,1,00,B01
201000009971,0,07,000,00,2,8,00,A01
201000009972,0,07,000,00,0,1,01,A01
201000009972,0,33,000,00,0,4,01,B02
201000009973,0,07,000,02,0,3,01,A01
201000009974,0,33,000,00,6,1,01,A01
201000009975,0,10,000,00,1,3,01,A01
201000009976,0,10,000,12,0,9,14,A01
201000009977,0,07,000,00,2,1,01,A01
201000009977,0,02,000,00,0,4,23,C03
201000009977,0,07,000,00,0,5,23,B02
201000009978,0,30,000,00,2,1,01,B02
201000009978,0,07,000,00,2,2,15,A01
201000009979,0,07,000,00,2,2,15,B02
201000009979,0,30,000,00,2,1,01,A01
201000009980,0,07,000,08,2,1,01,B02
201000009980,0,07,000,13,2,1,13,A01
201000009981,0,07,000,00,5,1,01,A01
201000009982,0,01,000,00,2,8,19,B02
201000009982,0,07,000,00,2,1,01,A01
201000009983,0,30,000,01,0,1,13,A01
201000009984,0,07,000,13,0,1,01,A01
201000009985,0,07,000,00,9,3,01,A01
201000009985,0,01,000,00,2,9,09,B02
201000009986,0,10,000,00,1,1,01,A01
201000009987,0,07,000,00,2,2,17,A01
201000009987,0,07,000,00,2,2,15,B02
201000009988,0,07,000,00,2,3,01,B02
201000009988,0,30,000,00,2,1,01,A01
201000009989,0,07,000,02,0,1,13,A01
201000009990,0,30,000,00,2,1,01,A01
201000009990,0,07,000,00,0,8,10,B02
201000009991,0,07,000,00,2,2,01,B02
201000009991,0,01,000,00,2,8,19,A01
201000009992,0,07,000,00,2,3,01,A01
201000009992,0,07,000,00,2,1,05,B02
201000009993,0,01,000,00,2,1,01,A01
201000009993,0,07,000,00,2,3,00,B02
201000009994,0,07,000,02,0,1,01,A01
201000009995,0,33,000,14,0,1,01,A01
201000009996,0,07,000,02,0,3,01,A01
201000009997,0,07,000,02,0,6,01,A01
201000009998,0,07,000,00,1,1,01,A01
201000009999,0,01,000,00,2,2,01,B02
201000009999,0,07,000,00,9,8,24,A01
201000010000,0,07,000,00,2,7,13,A01
201000010000,0,07,000,00,2,1,01,B02
201000010001,0,07,000,00,2,3,01,B02
201000010001,0,07,000,00,2,1,20,A01
201000010002,0,07,000,00,2,1,01,A01
201000010002,0,07,000,00,2,3,01,B02
201000010002,0,07,000,00,2,1,05,C03
201000010003,0,10,000,00,2,1,02,A01
201000010003,0,07,000,00,0,4,23,B02
201000010004,0,30,000,15,0,1,01,A01
201000010005,0,15,000,00,0,1,01,A01
201000010005,0,01,000,00,2,7,16,B02
201000010006,0,07,000,00,2,3,01,A01
201000010006,0,07,000,00,2,1,21,B02
201000010007,0,33,000,00,2,2,17,A01
201000010007,0,07,000,00,2,3,01,B02
201000010008,0,07,000,02,0,1,17,A01
201000010009,0,07,000,09,0,2,01,A01
201000010010,0,01,000,00,2,2,01,A01
201000010010,0,99,000,00,2,7,01,B02
201000010011,0,01,000,00,2,2,15,B02
201000010011,0,38,002,00,9,3,01,A01
201000010012,0,01,000,00,0,3,02,B02
201000010012,0,07,000,00,6,2,16,A01
201000010013,0,07,000,00,2,1,01,A01
201000010013,0,07,000,00,2,7,19,B02
201000010014,0,33,000,01,0,0,18,A01
201000010014,0,07,000,00,0,4,00,B02
201000010015,0,33,000,00,0,8,13,A01
201000010015,0,07,000,00,0,3,01,B02
201000010016,0,07,000,08,0,8,00,A01
201000010017,0,07,000,00,2,5,15,A01
201000010017,0,31,000,00,2,7,01,B02
201000010018,0,37,000,00,2,5,15,B02
201000010018,0,07,000,00,2,1,01,A01
201000010019,0,07,000,00,2,1,17,A01
201000010019,0,07,000,00,2,1,01,C03
201000010019,0,02,000,00,2,1,01,B02
201000010020,0,07,000,00,0,9,01,A01
201000010021,0,07,000,00,2,1,01,B02
201000010021,0,07,000,00,2,1,13,A01
201000010022,0,07,000,00,2,8,01,A01
201000010022,0,30,000,00,2,1,01,B02
201000010023,0,33,000,07,0,0,14,A01
201000010024,0,01,000,00,2,1,01,A01
201000010024,0,07,000,00,2,5,01,B02
201000010025,0,32,000,00,2,1,01,B02
201000010025,0,07,000,00,2,3,15,A01
201000010026,0,01,000,00,2,4,02,B02
201000010026,0,07,000,00,2,1,02,A01
201000010027,0,15,000,00,0,5,16,A01
201000010027,0,02,000,01,0,1,02,B02
201000010028,0,07,000,00,2,3,01,B02
201000010028,0,07,000,00,2,8,01,C03
201000010028,0,10,000,00,2,3,01,A01
201000010029,0,07,000,02,0,7,13,A01
201000010030,0,02,000,00,2,8,13,B02
201000010030,0,07,000,00,2,3,15,A01
201000010031,0,33,000,00,0,3,01,A01
201000010032,0,07,000,00,6,3,21,A01
201000010033,0,07,000,00,2,3,01,A01
201000010033,0,07,000,00,2,3,13,B02
201000010034,0,07,000,13,0,2,14,A01
201000010035,0,07,000,00,2,3,13,A01
201000010036,0,07,000,00,2,3,15,B02
201000010036,0,07,000,00,0,0,01,A01
201000010037,0,01,000,00,1,1,18,A01
201000010038,0,07,000,00,0,6,10,A01
201000010038,0,31,000,00,2,1,01,B02
201000010039,0,33,000,03,2,1,01,A01
201000010039,0,07,000,00,2,3,01,B02
201000010040,0,33,000,00,2,7,17,A01
201000010041,0,31,000,00,0,3,01,A01
201000010042,0,14,000,06,0,2,01,A01
201000010043,0,07,000,02,0,8,21,A01
201000010044,0,33,000,00,2,1,17,B02
201000010044,0,07,000,00,2,1,10,A01
201000010045,0,07,000,13,0,1,01,A01
201000010046,0,07,000,00,2,3,01,B02
201000010046,0,33,000,00,2,1,01,A01
201000010047,0,33,000,13,0,3,01,A01
201000010048,0,07,000,00,2,1,01,A01
201000010048,0,07,000,00,2,7,01,B02
201000010049,0,07,000,02,0,2,21,A01
201000010049,0,07,000,00,0,0,17,B02
201000010050,2,02,000,00,2,0,20,A01
201000010050,0,02,000,00,2,0,02,A02
201000010051,0,02,000,13,0,1,01,A01
201000010052,0,07,000,00,2,3,13,A01
201000010052,0,33,000,00,2,0,17,B02
201000010053,0,07,000,00,2,3,10,A01
201000010053,0,33,000,00,2,1,01,B02
201000010054,0,07,000,00,9,3,01,A01
201000010054,0,01,000,00,0,0,00,B02
201000010055,0,33,000,00,2,0,13,A01
201000010056,0,07,000,06,0,3,16,A01
201000010057,0,07,000,00,2,8,01,A01
201000010057,0,07,000,09,2,2,19,B02
201000010058,0,02,000,00,2,1,01,B02
201000010058,0,07,000,00,2,3,09,A01
201000010059,0,02,000,00,2,1,18,B02
201000010059,0,10,000,00,2,5,15,A01
201000010060,0,07,000,00,2,1,17,B02
201000010060,0,21,000,00,2,8,15,A01
201000010061,0,07,000,02,0,1,00,A01
201000010062,1,07,000,00,0,0,00,B02
201000010062,0,01,000,00,0,5,01,A01
201000010063,0,07,000,01,2,4,01,A01
201000010063,0,07,000,00,2,1,01,B02
201000010064,0,33,000,00,2,8,01,A01
201000010064,0,07,000,00,2,8,01,B02
201000010065,0,14,000,00,2,3,21,B02
201000010065,0,07,000,00,2,3,21,A01
201000010066,0,33,000,00,6,0,21,A01
201000010067,0,21,000,16,0,1,14,A01
201000010068,0,33,000,00,0,3,01,A01
201000010069,0,33,000,00,0,1,01,A01
201000010070,0,07,000,00,0,6,00,A01
201000010071,0,07,000,00,2,3,05,B02
201000010071,0,07,000,00,2,3,05,A01
201000010072,0,07,000,02,0,2,01,A01
201000010073,0,07,000,00,1,8,01,A01
201000010074,0,33,000,00,2,4,02,A01
201000010074,0,07,000,00,2,1,02,B02
201000010075,0,07,000,06,0,2,01,A01
201000010076,1,14,000,00,1,0,00,A01
201000010077,0,07,000,00,1,3,01,A01
201000010078,0,07,000,02,0,8,01,A01
201000010079,0,07,000,00,0,3,24,A01
201000010080,0,10,000,00,2,1,19,A01
201000010080,0,07,000,00,2,3,01,B02
201000010081,0,10,000,00,0,2,15,A01
201000010081,0,02,000,00,0,7,01,B02
201000010082,0,07,000,00,2,3,01,B02
201000010082,0,07,000,00,2,3,19,A01
201000010083,0,33,000,03,0,3,01,A01
201000010084,0,07,000,02,0,3,13,A01
201000010085,0,31,000,14,0,7,01,A01
201000010086,0,03,000,00,1,2,14,A01
201000010087,0,07,000,00,2,1,01,B02
201000010087,0,07,000,00,2,2,13,A01
201000010088,0,07,000,02,0,3,01,A01
201000010089,0,07,000,00,1,7,17,A01
201000010090,0,07,000,00,2,3,00,B02
201000010090,0,33,000,00,2,3,00,A01
201000010091,0,02,000,00,0,3,01,B02
201000010091,0,07,000,00,2,3,01,A01
201000010092,0,07,000,00,2,8,01,B02
201000010092,0,33,000,00,2,8,13,A01
201000010093,1,30,000,00,0,0,00,A02
201000010093,0,01,000,00,0,3,01,A01
201000010094,0,10,000,00,2,8,15,A01
201000010094,0,33,000,00,2,1,01,B02
201000010095,0,07,000,00,2,7,13,A01
201000010095,0,07,000,00,2,1,01,B02
201000010096,0,07,000,15,0,2,01,A01
201000010097,0,07,000,02,0,1,01,A01
201000010098,0,07,000,00,2,3,01,A01
201000010098,0,02,000,00,2,8,15,B02
201000010099,0,01,000,00,0,6,19,B02
201000010099,0,30,000,00,2,3,01,A01
201000010100,0,07,000,00,2,3,01,A01
201000010100,0,01,000,00,0,4,19,B02
201000010101,0,33,000,00,6,2,01,A01
201000010102,0,07,000,00,2,1,01,A01
201000010102,0,07,000,00,0,8,19,B02
201000010103,0,10,000,00,2,1,01,A01
201000010103,0,07,000,00,2,7,01,B02
201000010104,0,07,000,00,2,8,09,A01
201000010104,0,01,000,00,2,1,01,B02
201000010105,0,07,000,00,2,3,15,A01
201000010105,0,33,000,00,2,1,17,B02
201000010106,0,07,000,00,0,1,01,B02
201000010106,0,01,000,00,2,1,13,A01
201000010107,0,33,000,00,2,7,21,A01
201000010107,0,10,000,00,2,1,09,B02
201000010108,0,07,000,00,2,2,13,A01
201000010108,0,10,000,00,2,2,21,B02
201000010109,0,10,000,00,0,3,00,B02
201000010109,0,33,000,00,2,1,01,A01
201000010110,0,07,000,00,1,1,01,A01
201000010111,0,07,000,00,0,7,01,A01
201000010111,0,01,000,00,2,1,19,B02
201000010112,0,07,000,00,1,3,01,A01
201000010113,0,14,000,00,1,2,01,A01
201000010114,0,31,000,00,2,1,01,A01
201000010114,0,17,000,00,2,7,15,B02
201000010115,0,10,000,00,2,1,01,A01
201000010115,0,01,000,00,2,7,19,B02
201000010116,0,07,000,00,1,7,01,A01
201000010117,0,33,000,00,2,3,01,A01
201000010117,0,33,000,00,2,1,01,B02
201000010118,0,10,000,00,2,3,01,A01
201000010118,0,01,000,00,2,2,00,B02
201000010119,0,33,000,00,2,3,13,B02
201000010119,0,07,000,00,2,2,02,A01
201000010120,0,07,000,00,2,6,15,A01
201000010120,0,01,000,00,2,2,01,B02
201000010121,0,31,000,00,2,2,17,A01
201000010121,0,07,000,00,2,6,13,B02
201000010122,0,33,000,08,0,1,01,A01
201000010123,0,33,000,00,2,2,03,B02
201000010123,0,07,000,00,2,3,15,A01
201000010124,0,01,000,00,2,3,13,A01
201000010124,0,07,000,00,2,3,21,B02
201000010125,0,07,000,00,0,7,15,A01
201000010125,0,31,000,00,2,1,01,B02
201000010126,0,07,000,00,2,2,17,B02
201000010126,0,07,000,00,2,9,01,A01
201000010127,0,07,000,06,0,1,01,A01
201000010128,0,30,000,00,0,1,01,A01
201000010129,0,07,000,06,0,3,13,A01
201000010130,0,07,000,02,0,8,13,A01
201000010131,0,07,000,00,2,2,01,B02
201000010131,0,33,000,00,2,1,16,A01
201000010132,0,07,000,00,2,3,01,B02
201000010132,0,07,000,00,2,3,13,A01
201000010133,0,07,000,00,2,1,01,A01
201000010133,0,03,000,00,2,8,15,B02
201000010134,0,07,000,00,2,3,01,A01
201000010134,0,07,000,00,2,1,01,C03
201000010134,0,07,000,00,2,3,01,B02
201000010135,0,07,000,00,0,7,01,E02
201000010135,0,07,000,00,2,1,13,A01
201000010135,0,07,000,00,0,2,01,D02
201000010135,0,07,000,00,0,8,01,C02
201000010135,0,07,000,00,2,1,01,B02
201000010136,0,07,000,00,0,2,14,A01
201000010137,0,07,000,00,2,3,01,A01
201000010137,0,07,000,00,2,3,13,B02
201000010138,0,07,000,13,0,1,01,A01
201000010139,0,30,000,05,0,1,01,A01
201000010140,0,07,000,13,0,3,13,A01
201000010141,0,07,000,02,0,2,01,A01
201000010142,0,07,000,00,2,7,01,A01
201000010142,0,07,000,00,2,1,01,B02
201000010143,0,10,000,00,0,9,01,A01
201000010144,0,07,000,02,0,4,01,A01
201000010145,0,33,000,00,2,1,01,A01
201000010145,0,07,000,00,2,2,15,B02
201000010146,0,30,000,07,0,2,01,A01
201000010147,0,07,000,16,0,2,01,A01
201000010148,0,07,000,02,0,9,01,A01
201000010149,0,02,000,00,2,1,17,A01
201000010149,0,07,000,00,2,8,22,B02
201000010150,0,07,000,02,0,7,01,A01
201000010151,0,07,000,00,2,3,01,B02
201000010151,0,07,000,00,2,2,15,A01
201000010152,0,20,000,00,2,3,01,A01
201000010152,0,07,000,00,2,1,01,B02
201000010153,0,07,000,02,0,5,01,A01
201000010154,0,30,000,00,2,1,01,B02
201000010154,0,07,000,00,2,2,15,A01
201000010155,0,07,000,00,2,7,15,A01
201000010155,0,30,000,00,2,1,01,B02
201000010156,0,07,000,00,2,1,01,B02
201000010156,0,10,000,00,2,2,15,A01
201000010157,0,07,000,02,0,1,01,A01
201000010158,0,07,000,00,2,1,01,B02
201000010158,0,07,000,00,2,2,15,A01
201000010159,0,07,000,13,0,1,06,A01
201000010160,0,02,000,00,2,1,01,B02
201000010160,0,07,000,00,2,2,01,A01
201000010161,0,33,000,00,0,8,01,A01
201000010162,0,07,000,02,0,1,13,A01
201000010163,0,14,000,00,2,1,01,B02
201000010163,0,07,000,00,2,7,23,A01
201000010164,0,07,000,12,0,1,01,A01
201000010165,0,07,000,03,0,9,01,A01
201000010166,0,17,000,00,2,2,01,A01
201000010166,0,07,000,07,2,5,19,B02
201000010166,0,07,000,00,0,8,01,C03
201000010167,0,07,000,00,2,1,01,B02
201000010167,0,07,000,00,2,1,13,A01
201000010168,0,07,000,00,0,1,01,A01
201000010168,0,07,000,00,0,7,19,B02
201000010169,0,07,000,00,2,1,01,B02
201000010169,0,07,000,00,2,1,13,A01
201000010169,0,07,000,00,2,8,01,C03
201000010170,0,07,000,00,2,1,01,B02
201000010170,0,10,000,00,2,3,01,A01
201000010171,0,07,000,00,0,1,01,A01
201000010172,0,17,000,00,0,2,02,A01
201000010172,0,21,000,00,0,6,02,B02
201000010173,0,07,000,00,2,5,20,B02
201000010173,0,30,000,00,2,1,01,A01
201000010174,0,07,000,00,2,2,01,A01
201000010174,0,07,000,00,2,8,15,B02
201000010175,0,07,000,00,2,1,02,A01
201000010175,0,07,000,00,2,4,23,B02
201000010175,0,07,000,00,2,7,23,C03
201000010176,0,07,000,16,0,9,00,A01
201000010177,0,10,000,00,2,2,17,A01
201000010177,0,07,000,00,2,6,01,B02
201000010178,0,01,000,00,2,1,01,B02
201000010178,0,07,000,00,2,1,09,A01
201000010179,0,30,000,14,0,9,01,A01
201000010180,0,07,000,00,0,1,01,A01
201000010181,0,30,000,00,0,0,19,B02
201000010181,0,33,000,00,2,0,21,A01
201000010182,0,07,000,06,0,8,01,A01
201000010183,0,07,000,00,2,1,01,B02
201000010183,0,07,000,00,2,7,13,A01
201000010184,0,07,000,02,0,7,01,A01
201000010185,0,07,000,00,0,4,02,B02
201000010185,0,07,000,00,2,1,02,A01
201000010186,0,07,000,00,2,1,23,A01
201000010186,0,01,000,00,2,7,01,B02
201000010187,0,07,000,00,1,3,01,A01
201000010188,0,07,000,02,0,1,17,A01
201000010189,0,07,000,16,0,9,17,A01
201000010190,0,07,000,00,1,7,01,A01
201000010191,0,02,000,08,0,1,01,A01
201000010192,0,07,000,00,2,1,01,B02
201000010192,0,07,000,00,2,8,19,A01
201000010193,0,07,000,00,2,5,17,A01
201000010193,0,02,000,00,2,8,01,B02
201000010194,0,07,000,00,2,1,02,B02
201000010194,0,07,000,00,0,4,23,A01
201000010195,0,07,000,02,0,7,19,A01
201000010196,0,07,000,00,1,3,01,A01
201000010197,0,10,000,00,2,1,21,B02
201000010197,0,10,000,13,2,1,01,A01
201000010198,0,07,000,00,2,3,01,B02
201000010198,0,07,000,00,2,3,13,A01
201000010199,0,15,000,00,1,3,01,A01
201000010200,0,07,000,02,0,1,01,A01
201000010201,0,07,000,00,2,3,01,B02
201000010201,0,07,000,00,2,3,13,A01
201000010202,0,07,000,00,2,3,01,C03
201000010202,0,07,000,00,2,6,01,B02
201000010202,0,07,000,00,2,2,01,D04
201000010202,0,07,000,00,2,3,03,A01
201000010203,0,07,000,00,5,4,01,B02
201000010203,0,07,000,00,0,1,01,A01
201000010204,0,33,000,01,2,1,13,A01
201000010204,0,10,000,00,0,1,01,B02
201000010205,0,07,000,00,5,2,01,B02
201000010205,0,07,000,00,2,5,01,A01
201000010206,0,07,000,00,2,2,15,B02
201000010206,0,07,000,00,2,9,01,A01
201000010207,0,07,000,00,2,1,01,B02
201000010207,0,02,000,00,0,4,01,A01
201000010208,0,07,000,00,2,9,01,B02
201000010208,0,07,000,00,0,0,17,A01
201000010209,0,07,000,00,2,1,01,A01
201000010209,0,07,000,00,2,4,01,C03
201000010209,0,07,000,00,2,4,01,D04
201000010209,0,07,000,00,0,4,23,B02
201000010210,0,07,000,00,2,3,01,B02
201000010210,0,07,000,00,2,3,13,A01
201000010211,0,07,000,00,2,3,15,B02
201000010211,0,33,000,00,2,1,17,A01
201000010212,0,07,000,00,0,5,23,B02
201000010212,0,07,000,14,0,1,01,A01
201000010212,0,33,000,00,0,4,23,C03
201000010213,0,07,000,00,2,3,15,B02
201000010213,0,30,000,00,2,3,01,A01
201000010214,0,02,000,00,2,1,01,B02
201000010214,0,07,000,00,2,7,15,A01
201000010215,0,07,000,02,0,7,01,A01
201000010216,0,07,000,00,2,6,01,A01
201000010216,0,01,000,00,2,1,01,B02
201000010217,0,07,000,00,1,7,01,A01
201000010218,0,01,000,00,2,1,01,B02
201000010218,0,07,000,00,2,7,01,A01
201000010219,0,07,000,01,1,1,01,A01
201000010220,0,36,000,13,0,1,01,A01
201000010221,0,07,000,13,0,1,01,A01
201000010222,0,33,000,00,2,1,01,B02
201000010222,0,07,000,00,2,1,01,A01
201000010223,0,01,000,00,2,8,01,B02
201000010223,0,07,000,00,2,2,17,A01
201000010224,0,33,000,00,2,7,13,A01
201000010224,0,07,000,00,0,1,15,B02
201000010225,0,07,000,02,0,9,01,A01
201000010226,0,33,000,00,0,0,01,A01
201000010227,0,01,000,00,2,4,01,B02
201000010227,2,07,000,00,2,1,01,A01
201000010228,0,07,000,00,2,3,01,B02
201000010228,0,30,000,00,2,5,16,A01
201000010229,0,33,000,13,0,9,14,A01
201000010230,0,07,000,00,1,6,01,A01
201000010231,0,33,000,00,0,7,13,A01
201000010232,0,33,000,00,0,7,15,A01
201000010233,0,33,000,00,2,7,01,B02
201000010233,0,07,000,00,2,2,09,A01
201000010234,0,07,000,00,1,2,21,A01
201000010235,0,07,000,00,0,8,00,B02
201000010235,0,33,000,00,2,1,13,A01
201000010236,0,07,000,00,0,6,01,B02
201000010236,0,33,000,00,2,1,13,A01
201000010236,0,07,000,00,0,1,01,C03
201000010237,0,33,000,03,0,1,16,A01
201000010238,0,33,000,03,0,1,01,A01
201000010239,0,07,000,00,1,3,01,A01
201000010240,0,07,000,02,0,8,14,A01
201000010241,0,07,000,00,0,2,01,B02
201000010241,0,07,000,00,2,3,13,A01
201000010242,0,07,000,06,2,2,17,A01
201000010242,0,01,000,00,2,1,01,B02
201000010242,0,01,000,00,2,1,01,C03
201000010243,0,07,000,15,0,1,21,A01
201000010244,0,30,000,06,0,1,14,A01
201000010245,0,07,000,00,2,3,19,B02
201000010245,0,33,000,00,2,2,01,A01
201000010246,0,07,000,00,0,5,15,A01
201000010246,0,02,000,00,2,1,01,B02
201000010247,0,07,000,03,0,2,01,A01
201000010248,0,30,000,00,2,1,13,B02
201000010248,0,07,000,00,2,3,01,A01
201000010249,0,10,000,00,1,2,01,A01
201000010250,0,07,000,00,1,1,01,A01
201000010251,0,07,000,12,0,1,01,A01
201000010252,0,07,000,02,0,1,01,A01
201000010253,0,07,000,02,0,1,13,A01
201000010254,0,33,000,16,0,1,01,A01
201000010255,0,07,000,02,0,3,13,A01
201000010256,0,07,000,00,2,8,01,B02
201000010256,0,07,000,00,2,3,13,A01
201000010257,0,10,000,00,2,9,00,B02
201000010257,0,10,000,00,2,1,00,A01
201000010258,0,21,000,00,2,1,19,A01
201000010258,0,01,000,00,2,2,01,B02
201000010259,0,07,000,00,2,3,01,B02
201000010259,0,07,000,00,2,6,15,A01
201000010260,0,07,000,00,2,8,15,A01
201000010260,0,07,000,00,2,1,01,B02
201000010261,0,10,000,00,1,2,01,A01
201000010262,0,33,000,13,0,3,00,A01
201000010263,0,02,000,00,6,8,19,A01
201000010264,0,31,000,00,2,1,01,B02
201000010264,0,31,000,00,2,4,13,A01
201000010265,0,10,000,08,2,1,01,A01
201000010265,0,07,000,02,2,8,19,B02
201000010266,0,10,000,00,2,2,01,B02
201000010266,0,07,000,00,0,3,01,A01
201000010267,1,10,000,00,1,7,01,A01
201000010268,0,01,000,00,2,1,21,B02
201000010268,0,07,000,00,2,3,23,A01
201000010269,0,07,000,00,2,8,01,A01
201000010269,0,01,000,00,2,1,16,B02
201000010270,0,07,000,00,2,8,01,B02
201000010270,0,07,000,02,2,8,13,A01
201000010271,0,07,000,00,2,3,13,A01
201000010271,0,07,000,00,2,3,21,B02
201000010272,0,21,000,00,2,5,15,A01
201000010272,0,33,000,00,2,1,01,B02
201000010273,0,07,000,00,1,3,01,A01
201000010274,0,10,000,00,2,3,13,A01
201000010274,0,15,000,00,2,8,21,B02
201000010275,0,02,000,00,2,1,01,A01
201000010275,0,07,000,00,2,3,01,B02
201000010276,0,07,000,00,1,2,01,A01
201000010277,0,07,000,13,0,1,01,A01
201000010278,0,02,000,00,2,1,01,B02
201000010278,0,03,000,00,2,3,15,A01
201000010279,0,30,000,10,0,1,01,A01
201000010280,0,21,000,00,1,1,01,A01
201000010281,0,15,000,00,2,6,24,B02
201000010281,0,07,000,00,2,2,02,A01
201000010282,0,14,000,07,0,1,01,A01
201000010283,0,30,000,00,2,1,01,B02
201000010283,0,21,000,00,2,0,23,C03
201000010283,0,10,000,00,2,3,15,A01
201000010284,0,07,000,00,2,3,01,A01
201000010284,0,07,000,00,2,3,15,B02
201000010285,0,07,000,00,2,1,01,B02
201000010285,0,07,000,00,2,7,15,A01
201000010286,0,07,000,00,2,3,13,A01
201000010286,0,15,000,00,2,3,01,B02
201000010287,0,07,000,00,2,1,01,A01
201000010287,0,07,000,00,2,1,01,B02
201000010288,0,07,000,16,0,9,01,A01
201000010289,0,07,000,00,2,1,17,A01
201000010289,0,15,000,00,2,3,01,C03
201000010289,0,07,000,00,2,1,01,B02
201000010290,0,07,000,00,1,3,01,A01
201000010291,0,07,000,00,2,3,01,A01
201000010291,0,07,000,00,2,3,01,B02
201000010292,0,07,000,00,0,3,13,A01
201000010292,0,07,000,00,0,1,01,B02
201000010293,0,30,000,08,0,1,01,A01
201000010294,0,30,000,00,2,1,01,B02
201000010294,0,07,000,00,2,8,09,A01
201000010295,0,10,000,00,2,3,01,A01
201000010295,0,07,000,00,2,8,15,B02
201000010296,0,07,000,00,2,1,02,A01
201000010296,0,07,000,00,2,6,15,B02
201000010297,0,07,000,02,0,8,01,A01
201000010298,0,07,000,00,2,1,01,A01
201000010298,0,32,000,00,2,1,01,B02
201000010299,0,07,000,16,0,9,01,A01
201000010300,0,07,000,16,0,9,01,A01
201000010301,0,36,000,03,0,2,01,A01
201000010302,0,17,000,00,2,4,02,B02
201000010302,0,10,000,00,2,1,02,A01
201000010303,0,07,000,00,2,8,19,B02
201000010303,0,07,000,00,2,1,01,A01
201000010304,0,07,000,00,2,3,09,B02
201000010304,0,02,000,00,2,1,01,A01
201000010305,0,07,000,00,6,1,01,A01
201000010306,0,07,000,00,0,7,19,A01
201000010306,0,07,000,00,2,1,01,B02
201000010306,0,07,000,00,0,3,23,C03
201000010307,0,33,000,00,6,1,01,A01
201000010308,0,07,000,02,0,1,13,A01
201000010309,0,07,000,00,2,7,01,A01
201000010309,0,10,000,00,2,1,19,B02
201000010310,0,07,000,02,0,7,21,A01
201000010311,0,07,000,00,2,3,15,A01
201000010311,0,30,000,00,2,1,01,B02
201000010312,0,30,000,00,2,1,01,A01
201000010312,0,07,000,00,2,3,19,B02
201000010313,0,07,000,06,0,2,01,A01
201000010314,0,07,000,00,2,1,15,A01
201000010314,0,33,000,00,2,1,01,B02
201000010315,0,07,000,16,0,9,01,A01
201000010316,0,17,000,00,2,3,01,B02
201000010316,0,10,000,00,2,3,01,A01
201000010317,0,15,000,00,0,7,01,A01
201000010318,0,10,000,00,2,3,01,B02
201000010318,0,07,000,00,2,1,13,A01
201000010319,0,07,000,08,0,1,01,A01
201000010320,0,10,000,12,0,8,13,A01
201000010321,0,30,000,00,0,0,00,A01
201000010322,0,01,000,00,2,1,13,B02
201000010322,0,10,000,00,2,2,01,A01
201000010323,0,33,000,00,2,1,02,A01
201000010323,0,07,000,00,2,4,02,B02
201000010324,0,07,000,16,0,9,01,A01
201000010325,0,07,000,16,0,0,01,A01
201000010326,0,07,000,00,2,3,01,B02
201000010326,0,07,000,00,2,1,13,A01
201000010327,0,07,000,00,1,2,01,A01
201000010328,0,01,000,00,2,1,01,A01
201000010328,0,07,000,00,2,3,01,B02
201000010329,0,02,000,06,0,1,01,A01
201000010330,0,07,000,00,2,1,01,B02
201000010330,0,07,000,00,2,7,13,A01
201000010331,0,33,000,00,0,8,01,A01
201000010332,0,07,000,00,2,1,01,B02
201000010332,0,07,000,00,2,1,21,A01