Num_Acc,senc,catv,occutc,obs,obsm,choc,manv,num_veh
201000010735,0,07,000,00,2,8,13,A01
201000010736,0,07,000,08,0,9,01,A01
201000010737,0,10,000,13,0,3,01,A01
201000010738,0,07,000,00,2,1,02,A01
201000010738,0,07,000,00,0,4,01,B02
201000010739,0,33,000,00,0,0,01,A01
201000010740,0,07,000,00,2,3,15,A01
201000010740,0,07,000,00,2,3,01,B02
201000010741,0,07,000,00,0,3,01,B02
201000010741,0,07,000,00,0,3,13,A01
201000010742,0,31,000,16,0,1,01,A01
201000010743,0,33,000,09,0,1,01,A01
201000010744,0,01,000,06,0,1,01,A01
201000010745,2,10,000,00,2,1,01,B02
201000010745,0,07,000,00,2,2,01,A01
201000010746,0,33,000,00,2,1,01,B02
201000010746,0,07,000,00,2,8,01,A01
201000010746,0,33,000,00,2,1,01,C03
201000010747,0,07,000,00,2,2,19,B02
201000010747,0,02,000,00,2,5,15,A01
201000010748,0,31,000,00,2,1,01,A01
201000010748,0,07,000,00,2,4,01,B02
201000010749,0,07,000,00,2,1,02,C01
201000010749,0,07,000,00,2,4,02,B01
201000010750,0,07,000,00,2,0,13,A01
201000010750,0,07,000,00,2,0,01,B01
201000010751,0,07,000,00,2,1,01,A01
201000010751,0,07,000,15,2,6,19,B02
201000010752,0,33,000,08,0,8,01,A01
201000010753,0,07,000,00,2,1,13,A01
201000010753,0,10,000,00,2,1,01,B02
201000010754,0,07,000,00,2,1,01,B02
201000010754,0,07,000,00,2,2,13,A01
201000010755,0,10,000,13,0,2,01,A01
201000010756,0,07,000,08,0,1,01,A01
201000010757,0,07,000,00,2,1,01,A01
201000010757,0,10,000,00,2,1,13,B02
201000010758,0,07,000,00,2,1,13,A01
201000010758,0,07,000,00,2,1,01,B02
201000010759,0,36,000,13,0,1,00,A01
201000010760,0,07,000,00,1,2,09,A01
201000010761,0,07,000,00,2,2,02,A01
201000010761,0,01,000,00,0,4,02,B02
201000010762,0,07,000,00,2,1,00,A01
201000010762,0,07,000,00,2,1,00,B01
201000010763,0,07,000,08,0,2,13,A01
201000010764,0,07,000,00,2,8,15,A01
201000010764,0,07,000,00,2,1,01,B02
201000010765,0,07,000,00,1,3,21,A01
201000010766,0,07,000,06,0,1,18,A01
201000010767,0,33,000,00,2,1,02,A01
201000010767,0,10,000,00,2,4,09,B02
201000010768,0,07,000,15,0,2,01,A01
201000010769,0,10,000,00,1,2,01,A01
201000010770,0,07,000,05,0,3,21,A01
201000010771,0,99,000,06,1,3,13,B02
201000010772,0,07,000,00,2,2,02,B02
201000010772,0,30,000,00,2,8,15,A01
201000010773,0,02,000,12,0,0,01,A01
201000010774,0,07,000,00,2,2,01,A01
201000010774,0,30,000,00,2,8,15,B02
201000010775,0,07,000,00,0,3,15,A01
201000010775,0,02,000,00,0,1,01,B02
201000010776,0,07,000,06,0,1,14,A01
201000010777,0,07,000,00,2,3,01,A02
201000010778,0,10,000,02,0,2,01,A01
201000010779,0,07,000,00,2,3,01,B02
201000010779,0,17,000,00,2,8,01,C03
201000010779,0,07,000,00,2,3,17,A01
201000010780,0,07,000,00,2,3,00,B02
201000010780,0,07,000,00,2,1,17,A01
201000010781,0,33,000,00,2,1,01,B01
201000010781,0,17,000,00,9,7,15,A01
201000010782,0,07,000,00,2,7,19,A02
201000010782,0,07,000,00,2,1,01,B01
201000010783,0,07,000,13,0,2,13,A01
201000010784,0,07,000,13,0,1,19,A01
201000010785,0,07,000,16,0,9,14,A01
201000010786,0,07,000,00,1,2,01,A01
201000010787,0,07,000,00,1,1,17,A01
201000010788,0,33,000,00,2,0,01,B01
201000010788,0,07,000,00,2,0,15,A01
201000010789,0,30,000,00,0,1,15,A01
201000010789,0,07,000,00,0,8,01,B02
201000010790,0,30,000,00,2,1,13,A01
201000010790,0,07,000,00,2,3,01,B02
201000010791,0,07,000,00,0,8,00,A01
201000010792,0,03,000,13,0,3,01,A01
201000010793,0,07,000,02,0,8,01,A01
201000010794,0,07,000,00,2,1,19,B02
201000010794,0,17,000,00,2,2,01,A01
201000010795,0,10,000,00,2,1,15,B02
201000010795,0,02,000,00,2,0,01,A01
201000010796,0,07,000,00,1,1,01,A01
201000010797,0,07,000,00,2,2,01,A01
201000010797,0,07,000,00,2,2,01,B02
201000010798,0,07,000,00,2,2,01,B02
201000010798,0,33,000,00,2,1,13,A01
201000010799,0,07,000,02,0,3,01,A01
201000010800,0,10,000,00,2,3,00,B02
201000010800,0,14,000,00,2,3,00,A01
201000010801,0,07,000,13,0,1,17,A01
201000010802,0,33,000,00,0,0,01,A01
201000010803,0,07,000,00,0,2,01,A01
201000010804,0,30,000,03,0,0,01,A01
201000010805,0,35,000,00,2,3,13,B02
201000010805,0,07,000,00,2,3,01,A01
201000010806,0,10,000,00,2,3,15,A02
201000010806,0,07,000,00,2,1,01,B01
201000010807,0,07,000,00,2,8,15,A03
201000010807,0,07,000,00,2,5,01,B01
201000010807,0,07,000,00,2,1,01,C02
201000010808,0,07,000,00,1,1,01,A01
201000010809,0,07,000,00,2,1,13,A01
201000010809,0,07,000,00,2,1,01,B02
201000010810,0,07,000,02,0,1,13,A01
201000010811,0,07,000,00,2,1,01,A01
201000010811,0,07,000,00,2,3,01,B02
201000010811,0,07,000,00,2,1,01,C03
201000010812,0,07,000,00,2,1,01,B02
201000010812,0,07,000,00,2,7,01,A01
201000010813,0,07,000,06,0,1,14,A01
201000010814,0,07,000,00,2,3,13,A01
201000010814,0,07,000,00,2,3,01,B02
201000010815,0,07,000,00,1,3,13,A01
201000010816,0,07,000,00,2,1,00,A01
201000010816,0,21,000,00,0,6,15,B01
201000010817,0,07,000,00,6,1,01,A01
201000010818,0,14,000,00,2,2,01,B02
201000010818,0,07,000,00,2,8,10,A01
201000010819,0,07,000,02,0,5,01,A01
201000010820,0,07,000,02,0,3,13,A01
201000010821,0,07,000,02,0,1,01,A01
201000010822,0,17,000,00,2,1,01,B01
201000010822,0,07,000,00,2,2,13,A01
201000010823,0,10,000,00,2,3,13,A01
201000010823,0,10,000,00,2,3,01,B02
201000010824,0,07,000,06,0,2,01,A01
201000010825,0,07,000,13,0,2,01,A01
201000010826,0,07,000,00,2,2,02,A01
201000010826,0,07,000,00,2,5,02,B02
201000010827,0,07,000,00,0,0,15,B02
201000010827,0,07,000,01,2,1,17,A01
201000010828,0,07,000,00,2,1,01,B02
201000010828,0,07,000,00,2,1,13,A01
201000010829,0,01,000,00,2,7,19,A01
201000010829,0,07,000,00,9,3,01,B02
201000010830,0,10,000,00,1,3,15,A01
201000010831,0,07,000,00,0,1,01,B02
201000010831,0,07,000,00,0,8,01,A01
201000010831,0,10,000,00,0,8,00,D04
201000010831,0,07,000,00,2,3,01,E05
201000010831,0,07,000,00,2,1,17,C03
201000010832,0,07,000,00,2,2,01,A01
201000010832,0,01,000,00,0,4,01,B02
201000010833,0,33,000,00,2,1,01,A01
201000010833,0,37,000,00,2,5,15,B02
201000010834,0,30,000,00,2,7,17,A01
201000010834,0,07,000,00,2,1,15,B02
201000010835,0,07,000,13,0,9,16,A01
201000010836,0,07,000,13,0,9,01,A01
201000010837,0,33,000,00,2,3,13,A01
201000010837,0,07,000,00,2,8,01,B02
201000010838,0,07,000,00,0,6,15,A01
201000010838,0,02,000,00,2,1,02,B02
201000010839,0,07,000,00,2,3,16,A01
201000010839,0,07,000,00,2,3,01,B02
201000010840,0,07,000,00,0,3,11,A01
201000010840,0,07,000,00,0,3,01,B02
201000010841,0,10,000,02,0,1,01,A01
201000010842,0,33,000,00,2,1,21,A01
201000010842,0,31,000,00,2,1,10,B02
201000010843,0,07,000,08,0,3,01,A01
201000010844,0,07,000,00,2,1,01,B02
201000010844,0,07,000,00,2,1,01,A01
201000010845,0,07,000,00,2,8,01,B02
201000010845,0,17,000,00,2,1,01,A01
201000010846,0,07,000,00,9,2,01,A01
201000010846,0,01,000,00,2,1,19,B02
201000010847,0,07,000,00,2,2,19,A01
201000010847,0,31,000,00,2,1,21,B02
201000010848,0,07,000,00,2,3,13,B02
201000010848,0,15,000,00,2,3,01,A01
201000010849,0,07,000,00,9,1,01,C03
201000010849,0,17,000,00,2,3,01,B02
201000010849,0,07,000,00,2,1,13,A01
201000010850,0,07,000,02,0,2,01,A01
201000010851,0,07,000,00,2,2,15,B02
201000010851,0,07,000,00,0,2,00,A01
201000010852,0,10,000,02,0,2,01,A01
201000010853,0,07,000,00,0,9,13,A01
201000010854,0,07,000,06,0,3,01,A01
201000010855,0,07,000,00,1,3,01,A01
201000010856,0,07,000,00,0,0,00,A01
201000010856,0,07,000,00,2,3,01,B02
201000010857,0,07,000,02,0,2,13,A01
201000010858,0,07,000,00,9,1,17,A01
201000010858,0,02,000,00,0,4,15,B02
201000010859,0,33,000,13,0,1,01,A01
201000010860,0,33,000,00,0,9,01,A01
201000010861,0,31,000,08,0,1,16,A01
201000010862,0,07,000,00,0,9,01,A01
201000010863,0,07,000,00,2,1,01,B02
201000010863,0,07,000,00,2,7,01,A01
201000010864,0,33,000,00,2,1,13,A01
201000010864,0,07,000,00,2,8,01,B02
201000010865,0,07,000,00,2,7,00,A01
201000010865,0,07,000,00,2,3,00,B02
201000010866,0,07,000,13,0,1,01,A01
201000010867,0,30,000,00,2,1,01,A01
201000010867,0,02,000,00,2,8,10,B02
201000010868,0,17,000,00,9,3,17,A01
201000010868,0,01,000,00,0,4,15,B02
201000010869,0,07,000,00,2,1,01,B02
201000010869,0,07,000,00,2,1,13,A01
201000010870,0,07,000,00,2,1,13,A01
201000010870,0,10,000,00,2,1,14,B02
201000010871,0,07,000,06,0,7,01,A01
201000010872,0,07,000,00,0,1,01,A01
201000010872,0,07,000,00,0,1,01,B02
201000010873,0,07,000,01,0,3,01,A01
201000010874,0,30,000,12,0,2,01,A01
201000010875,0,07,000,10,0,3,01,A01
201000010876,0,01,000,00,2,1,13,A01
201000010876,0,07,000,00,2,1,01,B02
201000010877,0,07,000,13,0,1,01,A01
201000010878,0,10,000,02,0,8,13,A01
201000010879,0,07,000,00,2,1,01,A01
201000010879,0,07,000,00,2,1,01,B02
201000010880,0,02,000,03,0,1,01,A01
201000010881,0,07,000,08,0,1,01,A01
201000010882,0,07,000,00,2,3,13,A01
201000010882,0,07,000,13,2,3,01,B02
201000010883,0,07,000,02,2,1,17,A01
201000010883,0,07,000,16,2,3,15,B02
201000010884,0,07,000,00,2,3,15,A01
201000010884,0,07,000,00,0,2,01,B02
201000010885,0,33,000,13,0,1,01,A01
201000010886,0,33,000,00,2,1,01,B02
201000010886,0,07,000,00,2,8,19,A01
201000010887,0,07,000,00,2,3,01,A01
201000010887,0,02,000,00,2,8,19,B02
201000010888,0,30,000,00,2,1,01,B02
201000010888,0,07,000,00,2,2,15,A01
201000010889,0,07,000,02,0,5,01,A01
201000010890,0,02,000,00,2,1,01,B02
201000010890,0,07,000,00,2,7,15,A01
201000010891,0,07,000,15,0,2,00,A01
201000010892,0,17,000,13,0,7,21,E05
201000010892,0,17,000,00,2,3,14,C03
201000010892,0,17,000,00,2,1,13,A01
201000010893,0,07,000,00,2,2,01,A01
201000010893,0,02,000,00,2,1,01,B02
201000010894,0,33,000,00,2,1,13,A01
201000010894,0,07,000,00,2,6,19,B02
201000010895,0,07,000,02,0,8,00,A01
201000010896,0,10,000,00,2,3,13,A01
201000010896,0,07,000,00,2,3,01,B02
201000010896,0,10,000,00,2,6,01,C03
201000010897,0,07,000,00,2,3,19,B02
201000010897,0,07,000,00,2,2,01,A01
201000010898,0,02,000,00,2,2,01,B02
201000010898,0,10,000,00,2,8,01,A01
201000010899,0,02,000,00,0,8,19,B02
201000010899,0,07,000,00,0,1,01,A01
201000010900,0,33,000,00,2,1,01,B02
201000010900,0,07,000,00,0,2,09,A01
201000010901,0,07,000,00,2,3,01,B02
201000010901,0,17,000,00,1,3,01,A01
201000010902,0,02,000,00,2,8,01,B02
201000010902,0,07,000,00,2,2,19,A01
201000010903,0,07,000,00,0,7,01,B02
201000010903,0,30,000,00,2,1,19,A01
201000010904,0,33,000,00,1,1,01,A01
201000010905,0,07,000,00,1,2,01,A01
201000010906,0,10,000,00,2,6,17,A01
201000010906,0,10,000,00,2,2,17,B02
201000010907,0,31,000,00,0,8,01,A01
201000010908,0,02,000,00,2,1,05,B02
201000010908,0,07,000,00,2,1,01,A01
201000010909,0,07,000,05,0,1,19,A01
201000010910,0,07,000,00,1,2,01,A01
201000010911,0,07,000,00,2,3,01,A01
201000010911,0,07,000,00,2,3,01,B02
201000010912,0,07,000,02,0,3,01,A01
201000010913,0,07,000,00,2,2,01,A01
201000010913,0,30,000,00,2,1,00,B02
201000010914,0,07,000,00,2,3,01,B02
201000010914,0,02,000,00,2,1,16,A01
201000010915,0,07,000,00,2,3,19,A01
201000010915,0,33,000,00,2,1,01,B02
201000010916,0,30,000,00,0,1,01,A01
201000010917,0,07,000,02,0,1,15,A01
201000010918,0,31,000,00,0,0,15,A01
201000010918,0,33,000,00,2,0,21,B02
201000010919,0,07,000,00,1,3,15,A01
201000010920,0,07,000,00,2,8,01,B02
201000010920,0,14,000,06,2,8,13,A01
201000010921,0,10,000,00,2,1,17,B02
201000010921,0,07,000,00,2,8,19,A01
201000010922,0,21,000,00,2,3,01,B02
201000010922,0,07,000,00,2,3,13,A01
201000010923,0,07,000,00,0,7,19,A01
201000010923,0,02,000,00,2,1,01,B02
201000010924,0,17,000,00,0,5,02,B02
201000010924,0,02,000,00,2,1,02,A01
201000010925,0,07,000,00,2,3,13,A01
201000010925,0,07,000,00,2,1,01,B02
201000010926,0,07,000,00,2,3,01,B02
201000010926,0,07,000,00,2,3,13,A01
201000010927,0,07,000,13,0,0,13,A01
201000010928,0,07,000,02,0,1,01,A01
201000010929,0,10,000,06,0,7,01,A01
201000010930,0,07,000,00,2,2,20,A01
201000010930,0,31,000,00,2,1,01,B02
201000010931,0,07,000,00,2,3,19,B02
201000010931,0,07,000,00,2,2,01,A01
201000010932,0,33,000,00,2,1,02,B02
201000010932,0,07,000,00,2,5,15,A01
201000010933,0,07,000,00,1,5,01,A01
201000010934,0,07,000,00,2,3,00,B02
201000010934,0,07,000,00,2,1,01,A01
201000010935,0,07,000,13,0,2,13,A01
201000010936,0,07,000,13,0,1,01,A01
201000010937,0,07,000,00,1,6,04,A01
201000010938,0,07,000,00,2,3,15,A01
201000010938,0,01,000,00,2,1,01,B02
201000010939,0,07,000,01,1,3,01,B02
201000010939,0,07,000,00,0,5,24,A01
201000010940,0,01,000,00,2,1,01,A01
201000010940,0,10,000,00,2,6,15,B02
201000010941,0,07,000,02,0,1,01,A01
201000010942,0,07,000,00,2,1,01,B02
201000010942,0,07,000,00,2,1,13,A01
201000010943,0,07,000,13,0,1,01,A01
201000010944,0,07,000,16,0,7,00,A01
201000010945,0,17,000,16,0,0,01,A01
201000010946,0,10,000,00,2,7,01,A01
201000010946,0,01,000,00,2,1,01,B02
201000010947,0,07,000,00,2,7,01,B02
201000010947,0,07,000,00,2,2,01,A01
201000010948,0,31,000,00,2,1,01,A01
201000010948,0,03,000,00,2,5,15,B02
201000010949,0,07,000,00,1,2,01,A01
201000010950,0,07,000,00,2,1,01,B02
201000010950,0,01,000,00,2,1,13,A01
201000010951,0,01,000,00,0,0,01,B02
201000010951,0,07,000,00,0,0,15,A01
201000010952,0,07,000,02,0,8,01,A01
201000010953,0,02,000,00,2,1,01,B02
201000010953,0,07,000,00,2,3,17,A01
201000010954,0,10,000,00,2,1,01,B02
201000010954,0,07,000,00,2,1,13,A01
201000010955,0,07,000,06,0,1,01,A01
201000010956,0,10,000,08,0,3,01,A01
201000010957,0,07,000,00,2,4,23,B02
201000010957,0,07,000,00,2,1,01,A01
201000010957,0,07,000,00,0,4,23,C03
201000010957,0,07,000,00,0,0,23,D04
201000010958,0,07,000,00,0,3,21,A01
201000010959,0,07,000,00,2,3,01,B02
201000010960,0,30,000,00,2,3,15,B02
201000010960,0,07,000,00,2,7,17,A01
201000010961,0,07,000,13,0,9,01,A01
201000010962,0,07,000,00,2,3,09,A01
201000010962,0,02,000,00,2,1,01,B02
201000010963,0,07,000,13,0,3,01,A01
201000010964,0,07,000,13,0,1,00,A01
201000010965,0,07,000,00,2,6,05,A01
201000010965,0,07,000,00,2,3,01,B02
201000010966,0,07,000,00,2,1,01,B02
201000010966,0,21,000,00,2,4,01,A01
201000010967,0,07,000,00,2,7,17,A01
201000010967,0,07,000,00,2,1,01,B02
201000010968,0,07,000,02,0,1,01,A01
201000010969,0,07,000,00,9,3,13,A01
201000010970,0,33,000,00,2,1,17,A01
201000010970,0,07,000,00,2,3,15,B02
201000010971,0,01,000,00,0,1,15,B02
201000010971,0,07,000,00,0,2,01,A01
201000010972,0,33,000,00,0,0,01,A01
201000010973,0,07,000,00,0,2,05,A01
201000010973,0,07,000,00,0,2,01,B02
201000010974,0,17,000,00,0,4,01,A01
201000010974,0,07,000,00,2,1,02,C03
201000010974,0,10,000,00,2,1,02,B02
201000010975,0,30,000,08,0,1,17,A01
201000010976,0,33,000,03,0,3,17,A01
201000010977,0,17,000,00,2,1,01,A01
201000010977,0,07,000,13,0,8,19,C03
201000010978,0,07,000,06,0,1,02,A01
201000010979,0,31,000,00,2,1,21,C03
201000010979,0,21,000,00,2,3,19,A01
201000010980,0,33,000,16,0,3,17,A01
201000010981,0,07,000,08,0,8,13,A01
201000010982,0,10,000,08,0,7,01,A01
201000010983,0,07,000,00,2,3,01,B02
201000010983,0,02,000,00,2,1,13,A01
201000010984,0,07,000,13,0,3,01,A01
201000010985,0,07,000,08,0,5,01,A01
201000010986,0,07,000,00,2,5,13,A01
201000010986,0,07,000,00,2,1,01,B02
201000010987,0,31,000,00,2,1,01,B02
201000010987,0,07,000,00,2,8,10,A01
201000010988,0,33,000,00,2,9,01,B02
201000010988,0,07,000,00,2,5,15,C03
201000010988,2,07,000,00,2,0,15,A01
201000010989,0,07,000,02,0,1,01,A01
201000010990,0,07,000,00,0,0,13,A01
201000010990,0,07,000,02,0,1,01,B02
201000010991,0,07,000,02,0,3,13,A01
201000010992,0,02,000,00,2,2,17,B02
201000010992,0,07,000,00,2,3,15,A01
201000010993,0,07,000,00,2,6,04,A01
201000010993,0,30,000,00,2,1,01,B02
201000010994,0,17,000,13,0,1,01,A01
201000010995,0,17,000,00,0,0,01,B02
201000010996,0,07,000,00,2,3,01,B02
201000010996,0,02,000,00,2,1,13,A01
201000010997,0,07,000,06,0,2,01,A01
201000010998,0,07,000,00,0,7,15,A01
201000010998,0,33,000,14,2,1,01,B02
201000010999,0,07,000,00,2,1,05,A01
201000010999,0,07,000,00,2,1,01,B02
201000011000,0,07,000,00,2,1,01,B02
201000011000,0,07,000,00,2,1,01,A01
201000011001,0,07,000,13,0,1,01,A01
201000011002,0,21,000,00,2,7,01,A01
201000011002,0,01,000,00,0,8,01,B02
201000011003,0,07,000,00,0,0,01,B02
201000011003,0,07,000,16,0,0,01,A01
201000011004,0,07,000,00,2,8,01,B02
201000011004,0,07,000,00,2,8,13,A01
201000011005,0,10,000,00,2,3,01,B02
201000011005,0,07,000,00,2,1,17,A01
201000011006,0,07,000,00,2,1,13,A01
201000011006,0,07,000,00,2,1,01,B02
201000011007,0,10,000,00,2,1,15,B02
201000011007,0,10,000,00,0,8,23,A01
201000011008,0,07,000,15,0,7,13,A01
201000011009,0,17,000,00,2,8,13,A01
201000011009,0,10,000,00,2,8,01,B02
201000011010,0,07,000,00,2,7,15,A01
201000011010,0,02,000,00,2,1,01,B02
201000011011,0,07,000,13,0,3,01,A01
201000011012,0,32,000,00,2,1,01,B02
201000011012,0,07,000,00,2,8,16,A01
201000011013,0,07,000,01,1,1,01,A01
201000011013,0,07,000,00,1,6,24,B02
201000011014,0,03,000,00,1,1,00,A01
201000011015,0,33,000,00,2,1,05,B02
201000011015,0,07,000,00,2,3,01,A01
201000011016,0,07,000,00,0,6,00,C03
201000011016,0,07,000,00,0,6,23,B02
201000011016,0,07,000,01,2,2,01,A01
201000011017,0,07,000,06,0,1,01,A01
201000011018,0,33,000,03,0,1,00,A01
201000011019,0,10,000,00,2,1,21,B02
201000011019,0,07,000,00,2,1,13,A01
201000011020,0,21,000,00,2,4,02,B02
201000011020,0,07,000,00,2,1,02,A01
201000011021,0,07,000,00,2,1,02,F06
201000011021,0,38,042,00,0,0,01,A01
201000011021,0,07,000,00,2,2,02,E05
201000011021,0,07,000,00,2,1,05,B02
201000011021,0,07,000,00,2,3,01,D04
201000011021,0,10,000,00,2,1,02,C03
201000011022,0,30,000,00,2,1,01,B02
201000011022,0,07,000,00,2,3,15,A01
201000011023,0,07,000,13,0,3,13,A01
201000011024,0,33,000,00,2,1,01,B02
201000011024,0,15,000,00,2,7,15,A01
201000011025,0,33,000,00,2,3,01,A01
201000011025,0,14,000,00,2,3,01,B02
201000011026,0,17,000,00,2,3,01,B02
201000011026,0,07,000,00,2,3,01,A01
201000011027,0,07,000,03,0,2,01,A01
201000011028,0,07,000,00,2,1,01,B02
201000011028,0,07,000,00,2,7,01,A01
201000011029,0,07,000,00,1,2,01,A01
201000011030,0,07,000,00,2,3,01,B02
201000011030,0,10,000,00,2,8,01,A01
201000011031,0,14,000,06,0,3,01,A01
201000011032,0,33,000,00,1,8,01,A01
201000011033,0,07,000,00,2,3,13,A01
201000011033,0,17,000,00,2,3,01,B02
201000011034,0,03,000,00,2,2,15,A01
201000011034,0,14,000,00,2,3,01,B02
201000011035,0,31,000,00,2,1,01,A01
201000011035,0,07,000,00,2,2,15,B02
201000011036,0,33,000,15,0,1,01,A01
201000011037,0,07,000,02,0,9,01,A01
201000011038,0,07,000,00,2,5,01,A01
201000011038,0,30,000,00,2,1,01,B02
201000011039,0,07,000,13,0,1,13,A01
201000011039,0,07,000,00,2,3,24,C03
201000011039,0,07,000,14,0,1,01,B02
201000011040,0,07,000,16,0,1,01,A01
201000011041,0,07,000,00,2,3,01,A01
201000011041,0,30,000,00,2,4,01,B02
201000011042,0,10,000,00,2,3,01,A01
201000011042,0,14,000,00,2,3,01,B02
201000011043,0,07,000,06,0,1,19,A01
201000011044,0,10,000,00,2,1,15,A01
201000011044,0,07,000,00,2,3,23,C03
201000011044,0,07,000,00,2,1,01,B02
201000011045,0,07,000,00,2,8,23,B02
201000011045,0,07,000,16,0,6,01,A01
201000011045,0,07,000,14,0,2,21,C03
201000011046,0,07,000,00,1,2,01,A01
201000011047,0,07,000,00,2,3,01,A01
201000011047,0,33,000,00,2,3,01,B02
201000011048,0,17,000,00,2,3,01,C03
201000011048,0,17,000,00,2,0,01,A01
201000011049,0,17,000,00,2,1,13,A01
201000011049,0,17,000,00,2,1,00,C03
201000011050,0,07,000,00,2,1,17,A01
201000011050,0,15,000,00,2,1,01,B02
201000011051,0,33,000,00,2,1,01,A01
201000011051,0,10,000,00,2,3,01,B02
201000011052,0,07,000,00,2,1,01,B02
201000011052,0,14,000,00,2,5,15,A01
201000011053,0,07,000,06,0,1,14,A01
201000011054,0,07,000,13,0,2,01,A01
201000011055,0,07,000,00,2,2,01,B02
201000011055,0,07,000,00,2,3,19,A01
201000011056,0,07,000,00,2,3,01,A01
201000011056,0,07,000,00,0,3,01,B02
201000011057,0,30,000,03,0,7,01,A01
201000011058,0,33,000,16,0,7,01,A01
201000011059,0,07,000,00,2,3,01,B02
201000011059,0,07,000,00,2,1,01,C03
201000011059,0,07,000,00,2,9,13,A01
201000011060,0,21,000,00,2,4,01,B02
201000011060,0,02,000,00,2,1,01,A01
201000011061,0,07,000,00,0,1,01,B02
201000011061,0,07,000,00,0,7,19,A01
201000011062,0,07,000,00,2,8,19,A01
201000011062,0,33,000,00,2,1,01,B02
201000011063,0,07,000,04,0,2,21,A01
201000011064,0,07,000,00,2,1,01,A01
201000011064,0,10,000,00,0,4,01,B02
201000011065,0,17,000,00,0,4,01,B02
201000011065,0,07,000,00,2,1,02,A01
201000011066,0,07,000,00,2,2,17,A01
201000011066,0,07,000,00,2,8,01,B02
201000011067,0,07,000,03,0,1,01,A01
201000011068,0,07,000,00,2,2,02,A01
201000011068,0,17,000,00,2,4,24,C03
201000011068,0,07,000,01,2,4,02,B02
201000011069,0,07,000,00,0,1,01,A01
201000011070,0,07,000,13,0,2,01,A01
201000011071,0,07,000,04,0,3,01,A01
201000011072,0,07,000,00,2,6,01,B02
201000011072,2,07,000,00,2,2,17,A01
201000011073,0,07,000,02,0,2,14,A01
201000011074,0,07,000,02,0,3,01,A01
201000011075,0,07,000,02,0,2,14,A01
201000011076,0,01,000,00,2,1,19,A01
201000011076,0,07,000,00,9,2,01,B02
201000011077,0,07,000,02,0,7,21,A01
201000011078,0,01,000,01,0,1,14,A01
201000011079,0,07,000,00,2,2,15,B02
201000011079,0,07,000,00,2,3,01,A01
201000011080,0,33,000,00,2,7,17,A01
201000011080,0,10,000,00,2,8,01,B02
201000011081,0,31,000,00,0,0,01,A01
201000011082,0,30,000,00,0,1,16,A01
201000011083,0,07,000,00,0,4,01,B02
201000011083,0,07,000,00,2,1,02,A01
201000011084,0,07,000,00,0,5,15,A01
201000011084,0,02,000,00,0,1,01,B02
201000011085,0,07,000,00,2,1,01,B02
201000011085,0,07,000,00,2,8,15,A01
201000011086,0,10,000,06,0,8,01,A01
201000011087,0,07,000,00,1,2,00,A01
201000011088,0,01,000,00,2,4,16,B02
201000011088,0,07,000,00,2,3,09,A01
201000011089,0,07,000,00,2,2,01,B01
201000011089,0,07,000,00,2,2,01,A02
201000011090,0,07,000,00,2,1,01,B02
201000011090,0,07,000,00,2,4,15,A01
201000011091,0,07,000,00,0,9,01,A01
201000011092,0,35,000,16,0,1,01,A01
201000011093,0,07,000,00,2,3,13,A01
201000011093,0,07,000,00,2,3,13,B02
201000011094,0,14,000,00,2,3,01,B02
201000011094,0,07,000,00,2,3,05,A01
201000011095,0,07,000,13,0,1,01,A01
201000011096,0,07,000,00,0,9,01,A01
201000011097,0,21,000,00,9,8,01,A01
201000011097,0,01,000,00,2,7,17,B02
201000011098,0,07,000,13,0,2,01,A01
201000011099,0,14,000,13,0,1,13,A01
201000011100,0,07,000,06,0,2,01,A01
201000011101,0,07,000,13,0,2,01,A01
201000011102,0,07,000,00,2,3,21,A01
201000011102,0,07,000,00,2,3,01,B02
201000011103,0,07,000,00,1,2,01,A01
201000011104,0,07,000,16,0,1,13,A01
201000011105,0,10,000,00,2,1,01,B02
201000011105,0,10,000,00,2,1,13,A01
201000011105,0,10,000,00,1,8,01,C03
201000011106,0,07,000,00,1,2,01,A01
201000011107,0,07,000,06,0,7,01,A01
201000011108,0,07,000,00,0,0,00,A01
201000011109,0,14,000,13,0,3,13,A01
201000011110,0,07,000,00,2,3,01,A01
201000011110,0,07,000,00,2,3,01,B02
201000011111,0,21,000,00,2,6,01,B02
201000011111,0,07,000,00,2,2,01,A01
201000011112,0,07,000,00,2,1,13,B02
201000011112,0,07,000,03,2,1,01,A01
201000011113,0,07,000,00,2,3,13,B02
201000011113,0,07,000,00,2,3,01,A01
201000011114,0,30,000,16,0,8,01,A01
201000011115,0,02,000,00,2,1,01,B02
201000011115,0,01,000,00,0,4,01,A01
201000011116,0,07,000,08,0,1,01,A01
201000011117,0,30,000,00,2,1,01,B02
201000011117,0,07,000,00,2,3,15,A01
201000011118,0,07,000,00,6,8,01,A01
201000011119,0,17,000,00,2,3,01,A01
201000011119,0,07,000,00,2,8,01,B02
201000011120,0,07,000,16,0,9,01,A01
201000011121,0,10,000,13,0,8,01,A01
201000011122,0,07,000,06,2,8,01,A01
201000011122,0,07,000,00,2,6,01,B02
201000011123,0,07,000,13,0,2,01,A01
201000011124,0,33,000,13,0,7,01,A01
201000011125,0,07,000,00,4,8,01,A01
201000011125,0,39,000,00,2,1,01,B02
201000011126,0,07,000,13,0,9,01,A01