Num_Acc,senc,catv,occutc,obs,obsm,choc,manv,num_veh
201000011127,0,15,000,00,2,2,01,A01
201000011127,0,01,000,00,2,4,01,B02
201000011128,0,07,000,00,2,3,01,C03
201000011128,0,07,000,00,2,1,01,A01
201000011128,0,07,000,00,2,4,15,B02
201000011128,0,07,000,00,2,3,23,D04
201000011129,0,07,000,00,0,9,01,A01
201000011130,0,07,000,00,2,8,23,C03
201000011130,0,07,000,00,2,2,15,A01
201000011130,0,07,000,00,2,3,01,B02
201000011131,0,07,000,00,2,2,01,B02
201000011131,0,01,000,00,2,1,15,A01
201000011132,0,07,000,00,1,2,02,A01
201000011133,0,33,000,00,2,7,01,B02
201000011133,0,07,000,00,2,1,19,A01
201000011134,0,10,000,05,0,1,14,A01
201000011135,0,33,000,00,2,4,01,B02
201000011135,0,33,000,00,2,1,01,A01
201000011136,0,07,000,00,2,3,01,B02
201000011136,0,07,000,00,2,1,01,A01
201000011137,0,33,000,03,0,8,01,A01
201000011138,0,07,000,13,0,1,14,A01
201000011139,0,07,000,00,2,2,01,A01
201000011139,0,02,000,00,2,4,00,B02
201000011140,0,07,000,00,1,3,01,A01
201000011141,1,07,000,00,1,3,01,A01
201000011142,0,07,000,00,2,3,13,A01
201000011142,0,37,001,00,2,3,01,B02
201000011143,0,33,000,00,2,1,01,B02
201000011143,0,07,000,00,2,5,15,A01
201000011144,0,10,000,00,0,9,14,A01
201000011145,0,32,000,00,2,8,15,B02
201000011145,0,07,000,00,2,2,17,A01
201000011146,0,33,000,00,2,4,01,B02
201000011146,0,33,000,00,2,1,01,A01
201000011147,0,07,000,02,0,2,14,A01
201000011148,0,07,000,00,2,1,14,B02
201000011148,0,07,000,00,2,1,13,A01
201000011149,0,07,000,00,0,3,00,B02
201000011149,0,07,000,00,0,1,01,A01
201000011150,0,07,000,06,0,1,14,A01
201000011151,0,07,000,00,2,8,15,B02
201000011151,0,30,000,00,2,1,01,A01
201000011152,0,33,000,00,0,1,14,A01
201000011153,0,01,000,00,0,0,23,B02
201000011153,0,07,000,00,1,2,13,A01
201000011154,0,10,000,00,2,2,01,A01
201000011154,0,02,000,00,2,8,19,B02
201000011155,0,07,000,00,2,1,01,A01
201000011155,0,07,000,00,2,1,13,B02
201000011156,0,07,000,02,0,3,01,A01
201000011157,0,07,000,00,2,3,01,B02
201000011157,0,07,000,00,2,1,13,A01
201000011158,0,07,000,00,2,1,13,A01
201000011158,0,14,000,00,2,1,01,B02
201000011159,0,33,000,00,2,1,01,B02
201000011159,0,33,000,00,2,1,01,A01
201000011160,0,30,000,00,2,9,21,A01
201000011161,0,38,004,00,2,1,01,B02
201000011161,0,07,000,00,2,1,13,A01
201000011162,0,07,000,00,2,1,15,A01
201000011162,0,21,000,00,2,1,01,B02
201000011163,0,07,000,00,2,8,15,A01
201000011163,0,31,000,00,2,7,01,B02
201000011164,0,07,000,00,2,3,01,C03
201000011164,0,33,000,00,2,3,13,A01
201000011164,0,07,000,00,2,8,01,B02
201000011165,1,07,000,00,1,3,01,A01
201000011166,0,07,000,00,0,9,01,A01
201000011167,0,10,000,16,0,1,01,A01
201000011168,0,07,000,02,0,5,01,A01
201000011169,0,33,000,00,6,1,01,A01
201000011170,0,14,000,00,2,3,15,A01
201000011170,0,33,000,00,0,8,01,B02
201000011171,0,07,000,00,2,1,01,A01
201000011171,0,07,000,00,2,3,19,B02
201000011172,0,07,000,00,2,3,15,A01
201000011172,0,10,000,00,2,2,01,B02
201000011173,0,01,000,00,0,1,19,B02
201000011173,0,07,000,00,0,7,01,A01
201000011174,0,07,000,00,1,3,01,A01
201000011175,0,17,000,16,0,8,01,A01
201000011176,0,07,000,00,2,7,00,C03
201000011176,0,07,000,01,0,1,06,A01
201000011177,1,07,000,,2,,02,A02
201000011177,0,07,000,00,2,4,01,A01
201000011178,0,10,000,00,1,4,04,A01
201000011179,0,10,000,06,0,3,01,A01
201000011180,0,07,000,13,0,2,01,A01
201000011181,0,07,000,02,0,2,14,A01
201000011182,0,07,000,13,0,3,13,A01
201000011183,0,01,000,00,2,1,01,B02
201000011183,0,07,000,00,9,8,17,A01
201000011184,0,07,000,13,0,9,01,A01
201000011185,0,07,000,13,0,3,13,A01
201000011186,0,07,000,08,0,4,01,A01
201000011187,0,07,000,02,0,1,01,A01
201000011188,0,07,000,00,2,1,01,B02
201000011188,0,07,000,00,2,7,21,A01
201000011189,0,17,000,07,0,8,01,A01
201000011190,0,30,000,01,0,2,17,A01
201000011191,0,07,000,13,0,3,13,A01
201000011192,0,02,000,00,2,1,17,B02
201000011192,0,07,000,00,2,8,15,A01
201000011193,0,21,000,00,2,4,01,B02
201000011193,0,15,000,00,2,1,01,A01
201000011194,0,07,000,09,0,1,01,A01
201000011195,0,07,000,00,1,2,01,A01
201000011196,0,07,000,00,9,1,01,E05
201000011196,0,07,000,00,2,4,01,C03
201000011196,0,07,000,00,2,3,01,B02
201000011196,0,07,000,00,2,3,17,A01
201000011196,0,07,000,00,9,1,01,D04
201000011197,0,07,000,13,0,1,13,A01
201000011198,0,07,000,00,2,3,13,A01
201000011198,0,07,000,00,2,3,01,B02
201000011199,0,07,000,00,2,2,17,A01
201000011199,0,07,000,00,0,6,01,B02
201000011200,0,07,000,00,2,1,01,B02
201000011200,0,07,000,00,2,3,15,A01
201000011201,0,07,000,00,2,8,00,B02
201000011201,0,33,000,00,2,1,00,A01
201000011202,0,07,000,13,0,1,01,A01
201000011203,0,31,000,00,2,7,01,A01
201000011203,0,07,000,00,2,6,09,B02
201000011204,0,02,000,00,1,1,16,A01
201000011205,0,07,000,00,2,7,01,B02
201000011205,0,07,000,00,2,1,01,A01
201000011206,0,17,000,00,2,8,01,B02
201000011206,0,07,000,00,2,1,17,A01
201000011207,0,07,000,02,0,7,00,A01
201000011208,0,07,000,00,2,6,15,A01
201000011208,0,07,000,00,2,1,01,B02
201000011209,0,17,000,00,0,8,01,B02
201000011209,0,07,000,00,9,3,01,A01
201000011210,0,07,000,00,6,9,21,A01
201000011211,0,14,000,00,2,6,01,B02
201000011211,0,02,000,00,2,1,17,A01
201000011212,0,07,000,00,9,9,01,A01
201000011213,0,07,000,02,0,1,16,A01
201000011214,0,07,000,00,2,3,13,B02
201000011214,0,07,000,00,2,3,01,A01
201000011215,0,07,000,00,2,2,15,A01
201000011215,0,33,000,00,2,1,01,B02
201000011216,0,07,000,00,2,3,01,A01
201000011216,0,07,000,00,2,3,21,B02
201000011217,0,17,000,00,2,6,24,A01
201000011217,0,07,000,01,,2,14,B02
201000011218,0,07,000,00,2,3,13,A01
201000011218,0,07,000,00,2,8,01,B02
201000011219,0,31,000,01,0,3,17,A01
201000011219,0,07,000,01,0,3,09,B02
201000011220,0,33,000,02,0,1,13,A01
201000011221,0,07,000,00,2,2,01,B02
201000011221,0,07,000,00,2,1,01,C03
201000011221,0,07,000,00,0,6,12,A01
201000011222,0,07,000,00,2,6,24,B02
201000011222,0,07,000,01,0,1,01,A01
201000011223,0,07,000,00,1,2,21,A01
201000011224,0,07,000,13,0,1,01,A01
201000011225,0,07,000,00,0,9,01,A01
201000011226,0,33,000,00,6,1,01,A01
201000011227,0,07,000,00,0,1,21,A01
201000011228,0,07,000,13,0,7,14,A01
201000011229,0,07,000,06,0,1,01,A01
201000011230,0,07,000,00,2,2,19,A01
201000011230,0,21,000,00,2,3,23,C03
201000011230,0,07,000,00,2,2,01,B02
201000011231,0,17,000,00,0,7,01,A01
201000011232,0,36,000,00,0,3,01,A01
201000011233,0,17,000,00,2,3,15,A01
201000011233,0,07,000,00,2,3,01,B02
201000011234,0,07,000,08,0,7,01,A01
201000011235,0,07,000,13,0,1,14,A01
201000011236,0,07,000,00,2,1,01,B02
201000011236,0,07,000,00,2,3,19,A01
201000011237,0,33,000,00,0,0,01,A01
201000011238,0,33,000,16,0,8,01,A01
201000011239,0,33,000,00,2,8,01,B02
201000011239,0,07,000,00,2,1,20,A01
201000011240,0,07,000,13,0,1,01,A01
201000011241,0,07,000,02,0,2,01,A01
201000011242,0,33,000,00,2,1,01,B02
201000011242,0,07,000,00,2,3,15,A01
201000011243,0,07,000,00,2,2,01,B02
201000011243,0,33,000,00,2,1,16,A01
201000011244,0,07,000,00,0,1,01,A01
201000011245,0,07,000,02,0,2,14,A01
201000011246,0,10,000,00,2,1,13,A01
201000011246,0,21,000,00,2,1,01,B02
201000011247,0,02,000,06,0,1,14,A01
201000011248,0,35,000,08,0,1,01,A01
201000011249,0,07,000,02,0,1,19,A01
201000011250,0,07,000,16,0,1,01,A01
201000011251,0,07,000,00,2,3,13,A01
201000011251,0,07,000,00,2,3,01,B02
201000011252,0,01,000,00,2,4,01,B02
201000011252,0,07,000,00,9,2,01,A01
201000011253,0,07,000,02,0,3,14,A01
201000011254,0,07,000,13,0,3,19,A01
201000011255,0,07,000,00,2,2,05,A01
201000011255,0,99,000,00,2,3,01,B02
201000011256,0,37,010,00,2,3,01,B02
201000011256,0,14,000,00,2,3,01,A01
201000011257,0,14,000,13,0,1,01,A01
201000011258,0,07,000,02,0,1,13,A01
201000011259,0,07,000,00,0,9,01,A01
201000011260,0,07,000,00,2,3,01,B02
201000011260,0,15,000,00,2,7,13,A01
201000011261,0,07,000,03,0,2,13,A01
201000011262,0,10,000,00,1,7,01,A01
201000011263,0,07,000,08,0,2,13,A01
201000011264,0,10,000,00,2,8,01,B02
201000011264,0,33,000,04,2,2,17,A01
201000011265,0,01,000,00,2,1,01,B02
201000011265,0,07,000,00,9,2,00,A01
201000011266,0,07,000,00,2,1,13,A01
201000011266,0,38,006,00,2,1,01,B02
201000011267,0,07,000,00,0,9,14,A01
201000011268,0,07,000,00,2,2,13,A01
201000011268,0,07,000,00,2,2,05,B02
201000011269,0,21,000,00,0,0,01,A01
201000011270,0,07,000,02,0,8,01,A01
201000011271,0,07,000,02,0,1,14,A01
201000011272,0,07,000,00,2,3,13,A01
201000011272,0,07,000,00,2,1,01,C03
201000011272,0,10,000,00,2,3,01,B02
201000011273,0,07,000,02,0,1,00,A01
201000011274,0,07,000,00,2,1,01,A01
201000011274,0,01,000,00,2,1,19,B02
201000011275,0,07,000,06,0,3,13,A01
201000011276,0,07,000,02,0,2,14,A01
201000011277,0,07,000,00,2,2,01,B02
201000011277,0,07,000,00,2,3,10,A01
201000011278,0,07,000,00,2,1,21,B02
201000011278,0,07,000,00,2,8,21,A01
201000011279,0,07,000,00,2,2,13,A01
201000011279,0,07,000,00,2,1,00,C03
201000011279,0,10,000,00,2,2,00,B02
201000011280,0,10,000,00,2,3,13,A01
201000011280,0,39,020,00,4,2,01,B02
201000011281,0,07,000,03,0,2,13,A01
201000011282,0,15,000,00,2,2,01,A01
201000011282,0,15,000,00,2,3,01,B02
201000011283,0,30,000,00,2,7,15,B02
201000011283,0,07,000,00,2,2,01,A01
201000011284,0,07,000,16,0,8,00,A01
201000011285,0,31,000,00,2,0,17,B02
201000011285,0,07,000,00,2,1,01,A01
201000011286,0,07,000,00,1,1,01,A01
201000011287,0,02,000,06,0,1,06,A01
201000011288,0,30,000,00,2,3,17,A01
201000011288,0,07,000,00,2,8,01,B02
201000011289,0,07,000,13,2,1,05,A01
201000011289,0,07,000,03,2,1,05,B02
201000011290,0,07,000,00,2,3,15,A01
201000011290,0,32,000,00,2,3,01,B02
201000011291,0,33,000,03,2,1,02,A01
201000011291,0,07,000,00,2,5,02,B02
201000011292,0,30,000,00,2,1,15,A01
201000011292,0,07,000,00,2,3,01,B02
201000011293,0,07,000,00,2,1,02,A01
201000011293,0,33,000,00,2,4,02,B02
201000011294,0,07,000,00,0,1,17,A01
201000011294,0,07,000,00,0,8,15,B02
201000011295,0,07,000,00,0,3,13,A01
201000011295,0,07,000,00,0,3,01,C03
201000011295,0,07,000,00,0,8,01,B02
201000011296,0,02,000,15,0,1,14,A01
201000011297,0,30,000,00,2,2,15,A01
201000011297,0,07,000,00,2,1,01,B02
201000011298,0,07,000,00,2,3,13,A01
201000011298,0,07,000,00,2,3,01,B02
201000011299,0,30,000,00,0,0,01,A01
201000011300,0,07,000,00,2,3,16,A01
201000011300,0,31,000,00,0,4,01,B02
201000011301,0,07,000,00,2,3,15,A01
201000011301,0,01,000,00,2,1,01,B02
201000011302,0,07,000,00,0,8,01,A01
201000011303,0,30,000,00,2,3,15,A01
201000011303,0,07,000,00,2,2,02,B02
201000011304,0,07,000,00,0,3,01,B02
201000011304,0,07,000,00,0,2,01,A01
201000011305,0,07,000,00,2,7,13,B02
201000011305,0,07,000,00,2,3,23,A01
201000011306,0,07,000,00,2,1,01,C03
201000011306,0,07,000,00,2,3,01,B02
201000011306,0,07,000,00,2,2,17,A01
201000011307,0,07,000,00,1,2,15,A01
201000011308,0,33,000,00,2,0,17,A01
201000011308,0,33,000,00,2,0,01,B02
201000011309,0,07,000,00,2,1,01,A01
201000011309,0,02,000,00,2,1,15,B02
201000011310,0,07,000,02,0,3,00,A01
201000011311,0,07,000,00,2,3,01,C03
201000011311,0,07,000,00,2,8,01,B02
201000011311,0,33,000,00,2,8,13,A01
201000011312,0,33,000,00,2,1,17,A01
201000011312,0,07,000,00,2,3,15,B02
201000011313,0,07,000,00,1,3,01,A01
201000011314,0,07,000,00,2,8,15,A01
201000011314,0,07,000,00,2,1,01,B02
201000011315,0,07,000,00,2,3,01,B02
201000011315,0,07,000,00,2,3,13,A01
201000011316,0,10,000,00,2,2,17,A01
201000011316,0,30,000,00,2,4,02,B02
201000011317,0,07,000,00,2,2,15,A01
201000011317,0,30,000,00,2,1,01,B02
201000011318,0,07,000,06,0,1,01,A01
201000011319,0,07,000,00,2,1,01,A01
201000011319,0,07,000,00,2,1,01,B02
201000011320,0,33,000,00,2,1,02,A01
201000011321,0,07,000,00,2,2,09,A01
201000011321,0,33,000,00,2,1,01,B02
201000011322,0,07,000,00,2,3,01,B02
201000011322,0,07,000,00,2,1,13,A01
201000011323,0,01,000,00,2,8,13,B02
201000011323,0,17,000,00,9,5,01,A01
201000011324,0,33,000,13,0,7,01,A01
201000011325,0,33,000,13,0,1,17,B02
201000011325,0,07,000,00,0,0,17,A01
201000011326,0,33,000,13,0,1,01,A01
201000011327,0,07,000,00,2,3,01,B02
201000011327,0,33,000,00,2,1,01,A01
201000011328,0,01,000,00,2,1,01,B02
201000011328,0,07,000,00,2,7,15,A01
201000011329,0,33,000,00,6,1,01,A01
201000011330,0,07,000,00,2,3,01,B02
201000011330,0,07,000,00,2,1,13,A01
201000011331,0,07,000,02,0,3,01,A01
201000011332,0,07,000,02,0,2,01,A01
201000011333,0,33,000,00,2,1,13,A01
201000011333,0,07,000,00,2,1,01,B02
201000011334,0,07,000,00,2,3,01,A01
201000011334,0,01,000,00,2,1,01,B02
201000011335,0,01,000,00,2,8,19,B02
201000011335,0,07,000,00,2,1,01,A01
201000011336,0,07,000,02,0,7,01,A01
201000011337,0,30,000,00,2,1,01,B02
201000011337,0,07,000,00,2,1,13,A01
201000011338,0,07,000,00,2,3,13,A01
201000011338,0,07,000,00,2,3,01,B02
201000011339,0,33,000,00,9,1,01,B02
201000011339,0,02,000,00,9,1,13,A01
201000011340,0,07,000,00,2,2,13,A01
201000011340,0,10,000,00,2,1,00,B02
201000011341,0,07,000,02,0,7,13,A01
201000011342,0,07,000,06,0,1,21,A01
201000011343,1,07,000,02,0,7,14,A01
201000011344,0,07,000,02,0,1,13,A01
201000011345,0,07,000,06,0,7,01,A01
201000011346,0,07,000,00,2,1,01,B02
201000011346,0,07,000,00,2,7,17,A01
201000011347,0,07,000,08,0,6,13,A01
201000011348,0,33,000,13,0,8,01,A01
201000011349,0,30,000,00,2,1,17,B02
201000011349,0,07,000,00,2,6,15,A01
201000011350,0,01,000,00,0,0,01,A01
201000011351,0,07,000,13,0,2,01,A01
201000011352,0,33,000,00,0,4,01,A01
201000011352,0,33,000,00,2,1,01,B02
201000011353,0,02,000,00,2,1,01,B02
201000011353,0,10,000,00,2,2,15,A01
201000011354,0,31,000,00,2,1,11,B02
201000011354,0,07,000,00,2,3,01,A01
201000011355,0,07,000,08,0,1,14,A01
201000011356,0,31,000,05,0,0,21,A01
201000011357,0,07,000,00,2,2,15,A01
201000011357,0,37,001,00,2,3,01,B02
201000011358,0,07,000,00,9,1,01,C03
201000011358,0,07,000,00,2,1,00,D04
201000011358,0,14,000,00,2,2,01,B02
201000011358,0,07,000,01,2,2,13,A01
201000011359,0,33,000,00,0,8,15,A01
201000011359,0,33,000,00,2,2,00,B02
201000011360,0,07,000,00,0,1,15,B02
201000011360,0,07,000,00,0,2,01,A01
201000011361,0,07,000,00,2,8,01,C03
201000011361,0,07,000,00,2,1,01,B02
201000011361,0,07,000,00,2,1,13,A01
201000011362,0,33,000,00,2,1,13,A01
201000011362,0,07,000,00,2,1,01,B02
201000011363,0,07,000,08,0,7,13,A01
201000011364,0,10,000,02,0,8,01,A01
201000011365,0,07,000,00,2,3,13,A01
201000011365,0,07,000,00,2,3,01,B02
201000011366,0,07,000,02,0,7,01,A01
201000011367,0,07,000,00,2,1,01,C03
201000011368,0,07,000,00,2,3,14,B02
201000011368,0,07,000,00,2,3,13,A01
201000011368,0,07,000,00,2,3,14,D04
201000011368,0,07,000,00,2,2,13,C03
201000011369,0,07,000,00,2,2,15,B02
201000011369,0,33,000,00,2,1,00,A01
201000011370,0,07,000,00,2,7,13,A01
201000011370,0,07,000,00,2,1,01,B02
201000011371,1,07,000,00,2,1,16,B02
201000011371,0,01,000,00,0,7,01,A01
201000011372,0,07,000,13,0,1,13,A01
201000011373,0,07,000,00,2,3,01,B02
201000011373,0,33,000,00,2,1,05,A01
201000011374,0,07,000,00,9,3,00,B02
201000011374,0,17,000,00,9,0,00,A01
201000011375,0,07,000,00,2,3,11,B02
201000011375,0,10,000,00,2,1,01,C03
201000011375,0,07,000,00,2,3,05,A01
201000011376,0,07,000,06,0,1,16,A01
201000011377,0,33,000,00,2,1,01,B02
201000011377,0,07,000,00,2,3,13,A01
201000011378,0,07,000,08,0,7,01,A01
201000011379,0,07,000,00,2,3,15,A01
201000011379,0,33,000,00,2,1,01,B02
201000011379,0,33,000,00,2,1,00,C03
201000011380,0,33,000,00,0,0,01,A01
201000011381,0,14,000,00,2,3,21,B02
201000011381,0,10,000,00,2,1,13,A01
201000011382,0,07,000,06,0,1,14,A01
201000011383,0,07,000,00,2,1,13,A01
201000011383,0,07,000,00,2,1,01,B02
201000011384,0,07,000,03,0,2,17,A01
201000011385,0,07,000,02,0,1,01,A01
201000011386,0,07,000,00,2,1,01,B02
201000011386,0,07,000,00,2,7,19,A01
201000011387,0,07,000,02,0,1,01,A01
201000011388,0,10,000,00,2,2,21,B02
201000011388,0,10,000,03,2,2,15,A01
201000011389,0,07,000,01,0,2,01,A01
201000011389,0,07,000,00,2,2,24,B02
201000011390,0,07,000,00,2,1,01,A01
201000011390,0,07,000,00,2,2,01,B02
201000011391,0,07,000,00,0,9,01,A01
201000011392,0,07,000,00,2,3,01,B02
201000011392,0,02,000,00,2,1,13,A01
201000011393,0,10,000,00,2,1,13,B02
201000011393,0,15,000,00,2,3,01,A01
201000011394,0,07,000,00,0,1,01,A01
201000011395,0,07,000,00,2,5,05,A01
201000011395,0,07,000,00,2,2,01,B02
201000011396,0,10,000,00,2,3,01,B02
201000011396,0,10,000,00,2,2,09,A01
201000011396,0,38,004,00,2,6,01,C03
201000011397,0,07,000,13,0,1,13,A01
201000011398,0,07,000,00,1,3,01,A01
201000011399,0,07,000,00,2,3,01,A01
201000011399,0,30,000,00,2,1,00,B02
201000011400,0,33,000,00,0,8,01,A01
201000011401,0,33,000,00,0,8,01,A01
201000011402,0,07,000,00,2,1,01,B02
201000011402,0,07,000,00,2,7,13,A01
201000011403,0,07,000,00,1,1,01,A01
201000011404,0,07,000,01,1,7,01,A01
201000011405,0,33,000,00,2,1,11,B01
201000011405,0,07,000,00,2,8,09,A01
201000011406,0,07,000,00,9,7,17,A01
201000011406,0,30,000,00,2,7,15,B01
201000011407,0,07,000,00,2,1,01,B01
201000011407,0,07,000,00,2,1,13,A01
201000011408,0,07,000,00,2,1,00,B01
201000011408,0,02,000,00,2,1,00,A01
201000011409,0,01,000,00,2,8,01,B01
201000011409,0,07,000,00,1,8,01,A01
201000011410,0,02,000,14,0,9,02,A01
201000011411,0,07,000,00,1,2,02,A01
201000011412,0,10,000,00,2,3,01,B01
201000011412,0,30,000,00,2,1,14,A01
201000011413,0,07,000,00,2,3,11,A01
201000011413,0,07,000,00,2,3,01,B01
201000011414,0,10,000,00,2,1,02,B01
201000011414,0,07,000,00,2,1,13,A01
201000011415,0,07,000,00,1,3,01,A01
201000011416,0,10,000,00,2,3,01,B02
201000011416,0,31,000,00,2,1,13,A01
201000011417,0,07,000,00,0,0,00,A01
201000011418,0,07,000,00,2,1,01,B02
201000011418,0,07,000,00,2,8,21,A01
201000011419,0,07,000,02,0,3,00,A01
201000011420,0,07,000,00,2,3,19,A01
201000011420,0,31,000,00,0,8,01,B02
201000011421,0,07,000,00,2,7,13,A01
201000011421,0,07,000,00,2,1,01,B02
201000011422,0,13,000,00,2,1,19,A01
201000011422,0,07,000,00,2,7,02,B02
201000011423,0,07,000,00,2,1,01,C03
201000011423,0,07,000,00,2,1,13,A01
201000011423,0,07,000,00,2,1,01,B02
201000011424,0,07,000,02,0,1,01,A01
201000011425,0,07,000,00,2,2,01,B02
201000011425,0,07,000,00,0,3,04,A01
201000011426,0,07,000,02,0,1,13,A01
201000011427,0,30,000,00,1,1,01,A01
201000011428,0,07,000,00,2,7,01,B02
201000011428,0,07,000,00,2,8,13,A01
201000011429,0,02,000,00,2,1,00,A01
201000011429,0,07,000,00,2,8,15,B02
201000011430,0,07,000,00,2,8,01,A01
201000011430,0,07,000,00,2,1,01,B02
201000011431,0,07,000,00,2,2,01,A01
201000011431,0,02,000,00,2,4,01,B02
201000011432,0,14,000,00,0,8,01,D04
201000011432,0,07,000,00,2,1,13,C03
201000011432,0,07,000,00,2,5,13,A01
201000011432,0,07,000,00,2,2,23,B02
201000011432,0,07,000,00,0,0,24,E05
201000011433,0,07,000,00,2,2,01,A01
201000011433,0,07,000,00,2,1,01,B02
201000011434,0,07,000,13,0,7,01,A01
201000011435,0,33,000,00,2,1,01,A01
201000011435,0,07,000,00,2,5,15,B02
201000011435,0,07,000,00,0,1,01,C03
201000011436,0,02,000,00,2,1,01,B02
201000011436,0,07,000,00,2,8,01,A01
201000011437,0,07,000,02,0,2,01,A01
201000011438,0,17,000,00,2,3,01,B02
201000011438,0,07,000,00,2,8,01,A01
201000011439,0,07,000,00,2,3,13,A01
201000011439,0,07,000,00,2,3,01,B02
201000011439,0,07,000,00,2,2,01,C03
201000011440,0,07,000,00,2,1,19,B02
201000011440,0,07,000,00,2,7,01,A01
201000011441,0,07,000,06,0,3,01,A01
201000011442,0,07,000,00,2,6,00,C03
201000011442,0,07,000,00,2,1,01,B02
201000011442,0,07,000,00,2,1,14,A01
201000011443,0,17,000,00,2,1,14,B02
201000011443,0,17,000,00,2,1,01,C03
201000011443,0,07,000,00,2,1,17,A01
201000011444,0,10,000,00,2,3,15,B02
201000011444,0,33,000,00,2,3,01,A01
201000011445,0,02,000,00,2,1,01,A01
201000011445,0,02,000,00,2,1,01,B02
201000011446,0,07,000,03,0,1,21,A01
201000011447,0,10,000,00,2,1,01,B02
201000011447,0,07,000,00,2,2,19,A01
201000011448,0,07,000,00,1,3,01,A01
201000011449,0,02,000,00,2,1,13,A01
201000011449,0,07,000,00,2,3,01,B02
201000011450,0,07,000,00,1,2,13,A01
201000011451,0,07,000,00,2,4,01,A01
201000011451,0,17,000,00,2,3,01,B02
201000011452,0,07,000,00,2,1,13,A01
201000011452,0,07,000,00,2,3,01,B02
201000011453,0,07,000,00,2,3,01,A01
201000011453,0,07,000,00,2,2,01,B02
201000011454,0,07,000,00,1,3,01,A01
201000011455,0,07,000,00,0,4,24,C03
201000011455,0,07,000,00,2,1,02,A01
201000011455,0,07,000,01,0,4,02,B02
201000011456,0,33,000,00,0,0,13,A01
201000011457,0,33,000,16,0,9,19,A01
201000011458,0,33,000,00,2,2,01,B02
201000011458,0,07,000,00,2,7,15,A01
201000011459,0,33,000,05,0,1,00,A01
201000011460,0,07,000,13,0,3,01,A01
201000011461,0,07,000,00,2,1,19,A01
201000011461,0,10,000,00,2,5,01,B02
201000011462,0,30,000,00,1,1,00,A01
201000011463,0,07,000,13,0,2,01,A01
201000011464,0,07,000,00,2,1,01,B02
201000011464,0,10,000,00,2,1,13,A01
201000011465,0,07,000,00,2,8,01,B02
201000011465,0,07,000,00,2,1,01,A01
201000011466,0,07,000,13,0,3,19,A01
201000011467,0,07,000,02,0,3,01,A01
201000011468,0,33,000,16,0,0,17,A01
201000011469,0,01,000,00,2,8,00,B02
201000011469,0,07,000,00,2,7,17,A01
201000011470,0,07,000,00,2,1,01,B02
201000011470,0,07,000,08,0,4,19,A01
201000011471,0,17,000,00,2,2,15,A01
201000011471,0,07,000,00,2,1,01,B02
201000011472,0,07,000,08,0,1,01,A01
201000011473,0,10,000,00,2,7,01,A01
201000011473,0,07,000,00,2,1,01,B02
201000011474,0,07,000,00,2,3,01,B02
201000011474,0,10,000,00,2,3,13,A01
201000011475,0,07,000,01,0,3,13,A01
201000011476,0,07,000,00,2,3,01,B02
201000011476,0,30,000,00,2,3,13,A01
201000011477,0,07,000,12,0,2,06,A01
201000011478,0,07,000,13,0,3,13,A01
201000011479,0,07,000,02,0,6,01,A01
201000011480,0,07,000,08,0,8,13,A01
201000011481,0,10,000,00,2,8,13,A01
201000011481,0,07,000,00,2,1,01,C03
201000011481,0,15,000,00,2,7,01,B02
201000011482,0,07,000,00,2,6,01,C03
201000011482,0,33,000,00,2,1,21,A01
201000011482,0,07,000,00,2,1,01,B02
201000011483,0,31,000,00,2,1,01,A01
201000011483,0,10,000,00,2,7,15,B02
201000011484,0,10,000,00,0,8,19,A01
201000011484,0,10,000,00,2,1,01,B02
201000011485,0,10,000,00,2,1,02,B02
201000011485,0,07,000,00,2,1,02,D04
201000011485,0,15,000,00,2,1,05,A01
201000011485,0,07,000,00,2,1,02,C03
201000011486,0,07,000,00,2,2,19,B02
201000011486,0,07,000,00,2,3,01,A01
201000011487,0,07,000,13,0,1,13,A01
201000011488,0,07,000,16,0,1,01,A01
201000011489,0,31,000,16,0,7,01,A01
201000011490,0,07,000,00,2,1,13,A01
201000011490,0,07,000,00,2,3,01,B02
201000011491,0,07,000,02,0,1,13,A01
201000011492,0,07,000,02,0,7,01,A01
201000011493,0,07,000,09,0,2,01,A01
201000011494,0,07,000,00,2,1,01,A01
201000011494,0,07,000,00,2,1,01,B02
201000011495,0,07,000,00,2,1,05,A01
201000011495,0,07,000,00,2,1,01,B02
201000011495,0,07,000,00,2,2,21,C03
201000011496,0,07,000,00,2,8,15,B02
201000011496,0,30,000,00,2,1,17,A01
201000011497,0,07,000,00,2,1,13,A01
201000011497,0,14,000,00,2,1,01,B02
201000011498,0,07,000,01,0,3,01,A01
201000011499,0,07,000,00,2,3,01,B02
201000011499,0,07,000,00,2,3,01,C03
201000011499,0,33,000,00,2,1,17,A01
201000011500,0,07,000,06,0,3,01,A01
201000011501,0,20,000,00,0,0,01,A01
201000011502,0,07,000,13,0,2,01,A01
201000011503,0,07,000,00,2,1,01,A01
201000011503,0,07,000,00,2,1,01,B02
201000011504,0,33,000,00,2,8,01,B02
201000011504,0,07,000,00,2,3,05,A01
201000011505,0,33,000,03,0,9,01,A01
201000011506,0,07,000,00,2,3,01,C03
201000011506,0,33,000,00,2,1,01,B02
201000011506,0,33,000,00,2,1,01,A01
201000011507,0,07,000,00,2,1,01,B02
201000011507,0,07,000,00,2,1,05,A01
201000011508,0,07,000,00,2,2,13,A01