Num_Acc,senc,catv,occutc,obs,obsm,choc,manv,num_veh
201000012607,0,31,000,00,2,1,01,B02
201000012607,0,07,000,00,2,7,15,A01
201000012608,0,07,000,00,2,4,23,A01
201000012608,0,07,000,14,0,1,01,B02
201000012608,0,07,000,00,2,3,01,C03
201000012608,0,10,000,00,2,8,23,D04
201000012609,0,07,000,00,2,8,23,A01
201000012609,0,07,000,01,0,1,01,B02
201000012610,0,07,000,00,2,1,13,A01
201000012610,0,07,000,00,0,1,01,B02
201000012611,0,07,000,00,2,3,13,D04
201000012611,0,07,000,00,0,0,00,C03
201000012611,0,07,000,00,2,3,13,A01
201000012611,0,07,000,00,2,1,01,B02
201000012612,0,07,000,00,0,3,01,A01
201000012613,0,07,000,13,0,1,01,A01
201000012614,0,07,000,00,2,2,01,A01
201000012614,0,31,000,00,2,1,05,B02
201000012615,0,07,000,15,9,1,02,A01
201000012616,0,14,000,00,2,8,01,A01
201000012616,0,07,000,00,2,1,13,B02
201000012617,0,10,000,00,2,6,05,B02
201000012617,0,07,000,00,2,1,05,C03
201000012617,0,07,000,00,2,1,05,A01
201000012618,0,07,000,00,2,1,09,B02
201000012618,0,07,000,00,2,5,01,A01
201000012619,0,07,000,00,0,2,15,A01
201000012619,0,33,000,00,2,7,01,B02
201000012620,0,07,000,00,1,1,01,A01
201000012621,0,10,000,00,2,8,01,B02
201000012621,0,14,000,00,2,3,15,A01
201000012622,0,07,000,00,2,3,10,A01
201000012622,0,02,000,00,2,1,01,B02
201000012623,0,31,000,16,0,1,14,A01
201000012624,0,33,000,00,9,2,01,A01
201000012624,0,01,000,00,2,3,09,B02
201000012625,0,07,000,00,2,1,01,A01
201000012625,0,07,000,00,2,8,01,B02
201000012626,0,07,000,00,1,3,15,A01
201000012627,0,07,000,00,1,2,00,A01
201000012628,0,07,000,02,0,1,01,A01
201000012629,0,07,000,00,2,6,02,A01
201000012629,0,01,000,00,0,0,00,B02
201000012630,0,07,000,02,0,1,14,A01
201000012631,0,30,000,00,0,7,21,A01
201000012632,0,07,000,00,2,2,01,A01
201000012632,0,01,000,00,2,4,02,B02
201000012633,0,33,000,00,2,1,09,A01
201000012633,0,07,000,00,2,5,01,B02
201000012634,0,31,000,00,2,7,01,B02
201000012634,0,07,000,00,2,2,19,A01
201000012635,0,07,000,00,2,2,01,A01
201000012635,0,07,000,00,2,6,23,B02
201000012636,0,07,000,00,0,1,02,C03
201000012636,0,07,000,00,0,6,23,A01
201000012636,0,07,000,00,0,2,01,B02
201000012637,0,17,000,00,2,5,16,A01
201000012637,0,01,000,00,2,8,23,B02
201000012638,0,31,000,00,2,7,17,A01
201000012639,0,07,000,00,2,2,01,A01
201000012639,0,10,000,00,2,3,19,B02
201000012640,0,32,000,02,0,1,01,A01
201000012641,0,33,000,00,2,8,01,B02
201000012641,0,07,000,00,2,1,19,A01
201000012642,0,33,000,00,2,1,01,A01
201000012642,0,07,000,04,2,6,01,B02
201000012643,0,32,000,03,0,2,01,A01
201000012644,0,07,000,13,0,2,14,A01
201000012645,0,31,000,00,2,1,01,A01
201000012645,0,07,000,00,2,5,09,B02
201000012646,0,07,000,04,0,1,15,A01
201000012647,0,10,000,01,0,6,04,A01
201000012647,0,07,000,00,2,7,24,B02
201000012648,0,07,000,00,0,4,02,C03
201000012648,0,07,000,00,2,1,02,A01
201000012648,0,07,000,00,2,4,02,B02
201000012649,0,30,000,00,2,1,01,B02
201000012649,0,07,000,00,2,1,15,A01
201000012650,0,07,000,00,2,1,01,A01
201000012650,0,07,000,00,2,3,05,B02
201000012651,0,33,000,00,2,7,01,A01
201000012651,0,07,000,00,2,1,15,B02
201000012652,0,07,000,00,0,4,23,A01
201000012652,0,07,000,01,0,3,02,B02
201000012653,0,30,000,00,2,1,01,A01
201000012653,0,07,000,00,2,3,19,B02
201000012654,0,07,000,00,2,1,01,C03
201000012654,0,07,000,00,2,3,05,A01
201000012654,0,07,000,00,2,1,01,B02
201000012655,0,07,000,00,1,1,14,A01
201000012656,0,10,000,02,0,1,02,A01
201000012657,0,31,000,00,2,1,13,A01
201000012657,0,13,000,00,2,3,01,B02
201000012658,0,30,000,00,2,1,05,A01
201000012658,0,07,000,00,2,1,01,B02
201000012659,0,07,000,00,2,1,13,A01
201000012659,0,07,000,00,2,1,01,B02
201000012660,0,07,000,13,0,1,01,A01
201000012661,0,07,000,02,0,1,01,A01
201000012662,0,13,000,03,2,2,00,A01
201000012662,0,10,000,00,9,1,21,C03
201000012662,0,13,000,00,2,8,21,B02
201000012662,0,07,000,00,9,1,21,D04
201000012663,0,02,000,00,2,1,13,B02
201000012663,0,07,000,00,2,3,10,A01
201000012664,0,33,000,00,2,1,06,A01
201000012664,0,07,000,00,2,1,01,D04
201000012664,0,07,000,00,2,6,01,B02
201000012664,0,07,000,00,2,1,01,C03
201000012665,0,07,000,00,2,3,01,A01
201000012665,0,33,000,00,2,1,01,B02
201000012666,0,15,000,00,0,0,15,A01
201000012667,0,07,000,00,0,3,17,B02
201000012667,0,07,000,00,0,3,01,A01
201000012668,0,07,000,00,1,1,01,A01
201000012669,0,03,000,00,2,1,01,B02
201000012669,0,07,000,00,2,1,01,A01
201000012670,0,07,000,00,0,8,19,A01
201000012670,0,10,000,00,2,1,01,B02
201000012671,0,07,000,13,0,2,01,A01
201000012672,0,07,000,00,0,3,01,B02
201000012672,0,33,000,00,2,1,01,A01
201000012673,0,07,000,08,0,3,17,A01
201000012674,0,07,000,13,0,3,16,A01
201000012675,0,07,000,00,0,7,01,B02
201000012675,0,07,000,00,2,1,01,A01
201000012676,0,07,000,02,0,8,00,A01
201000012677,0,07,000,00,0,2,00,B02
201000012677,0,07,000,00,0,2,13,A01
201000012678,0,33,000,00,2,8,01,B02
201000012678,0,21,000,00,2,7,16,A01
201000012679,0,07,000,00,2,2,02,A01
201000012679,0,01,000,00,2,4,02,B02
201000012680,0,07,000,01,0,7,01,A01
201000012681,0,07,000,00,2,1,05,B02
201000012681,0,07,000,00,2,1,05,A01
201000012682,0,20,000,00,0,6,01,A01
201000012682,0,07,000,00,2,1,01,B02
201000012683,0,07,000,00,2,7,15,A01
201000012683,0,02,000,00,2,1,01,B02
201000012684,0,07,000,00,2,1,15,A01
201000012684,0,33,000,00,2,1,01,B02
201000012685,0,07,000,08,0,1,01,A01
201000012686,0,10,000,00,2,3,01,C03
201000012686,0,10,000,00,2,3,13,A01
201000012686,0,07,000,00,2,3,01,B02
201000012687,0,33,000,00,2,1,01,C03
201000012687,0,07,000,00,2,2,01,B02
201000012687,0,07,000,00,2,3,15,A01
201000012688,0,07,000,00,2,3,01,B02
201000012688,0,07,000,00,2,3,13,A01
201000012689,0,07,000,00,1,3,01,A01
201000012690,0,07,000,00,2,7,01,B02
201000012690,0,31,000,00,2,1,09,A01
201000012691,0,07,000,00,2,2,00,A01
201000012691,0,30,000,00,0,7,00,B02
201000012692,0,07,000,00,0,0,00,B02
201000012692,0,07,000,00,0,0,00,A01
201000012693,0,07,000,00,2,2,09,A01
201000012693,0,30,000,00,2,1,01,B02
201000012694,0,07,000,02,0,9,01,A01
201000012695,0,15,000,02,0,1,01,A01
201000012696,0,07,000,00,2,1,01,B02
201000012696,0,07,000,00,2,1,01,A01
201000012697,0,33,000,00,2,1,01,A01
201000012697,0,07,000,00,2,3,01,C03
201000012697,0,07,000,00,2,6,23,B02
201000012698,0,07,000,00,2,3,00,B02
201000012698,0,33,000,00,2,1,17,A01
201000012699,0,07,000,00,2,3,00,B02
201000012699,0,30,000,00,2,1,13,A01
201000012700,0,07,000,02,0,1,00,A01
201000012701,0,07,000,00,2,3,01,B02
201000012701,0,07,000,00,2,2,01,A01
201000012702,0,31,000,11,0,1,17,A01
201000012703,0,10,000,08,0,2,01,A01
201000012704,0,10,000,00,2,3,23,C03
201000012704,0,03,000,00,2,2,15,A01
201000012704,0,07,000,00,2,1,01,B02
201000012705,0,07,000,02,0,3,00,A01
201000012706,0,07,000,13,0,1,01,A01
201000012707,0,30,000,00,2,4,02,A01
201000012707,0,07,000,00,2,1,02,B02
201000012708,0,07,000,00,2,3,11,A01
201000012708,0,33,000,00,2,1,02,B02
201000012709,0,07,000,00,2,1,19,A01
201000012710,0,33,000,00,0,1,00,A01
201000012711,0,02,000,00,0,0,00,A01
201000012712,0,07,000,00,2,1,01,B02
201000012712,0,07,000,00,2,8,13,A01
201000012713,0,10,000,02,0,7,01,A01
201000012714,0,01,000,00,2,1,13,A01
201000012714,0,33,000,00,2,3,01,B02
201000012715,0,36,000,02,0,9,16,A01
201000012716,0,07,000,02,0,8,01,A01
201000012717,0,33,000,00,2,2,01,B02
201000012717,0,07,000,00,0,0,00,A01
201000012718,0,31,000,00,2,1,13,A01
201000012718,0,07,000,00,2,1,01,B02
201000012719,0,10,000,13,0,9,01,A01
201000012720,0,01,000,00,2,1,01,B02
201000012720,0,07,000,00,0,6,10,A01
201000012721,0,31,000,01,0,1,01,A01
201000012721,0,13,000,00,0,6,23,B02
201000012722,0,07,000,00,2,1,02,A01
201000012722,0,07,000,00,2,4,15,B02
201000012723,0,07,000,00,2,3,01,B02
201000012723,0,07,000,00,2,3,13,A01
201000012724,0,10,000,00,1,1,15,A01
201000012725,0,07,000,02,0,5,21,A01
201000012726,0,07,000,00,1,1,01,A01
201000012727,0,10,000,02,0,3,14,A01
201000012728,0,07,000,00,2,7,19,A01
201000012728,0,32,000,00,2,1,01,B02
201000012729,0,07,000,00,2,1,15,A01
201000012729,0,30,000,00,2,1,01,B02
201000012730,0,07,000,02,0,7,13,A01
201000012731,0,07,000,00,2,7,01,B02
201000012731,0,07,000,00,2,3,01,A01
201000012731,0,07,000,00,2,1,01,C03
201000012732,0,02,000,00,0,1,01,A01
201000012733,0,07,000,13,9,3,00,A01
201000012734,0,01,000,00,2,1,02,A01
201000012734,0,07,000,00,0,7,23,B02
201000012735,0,33,000,16,2,1,21,A01
201000012736,0,30,000,00,2,1,01,A01
201000012736,0,07,000,00,2,2,15,B02
201000012737,0,07,000,10,0,1,13,A01
201000012738,0,10,000,00,2,1,16,B02
201000012738,0,01,000,00,2,7,05,A01
201000012739,0,07,000,02,0,8,01,A01
201000012740,0,10,000,13,0,1,01,A01
201000012741,0,07,000,00,0,0,15,A01
201000012741,0,31,000,00,2,0,01,B02
201000012742,0,07,000,00,2,3,13,A01
201000012742,0,07,000,00,2,3,01,B02
201000012743,0,33,000,00,0,7,02,A01
201000012744,0,10,000,00,2,8,23,B02
201000012744,0,07,000,00,2,3,14,A01
201000012745,0,33,000,03,0,2,00,A01
201000012746,0,31,000,00,2,1,01,A01
201000012746,0,07,000,00,2,7,15,B02
201000012747,0,07,000,00,2,3,01,A01
201000012747,0,01,000,00,2,1,00,B02
201000012748,0,31,000,08,0,8,00,B02
201000012748,0,07,000,00,0,7,17,A01
201000012749,0,07,000,00,0,1,01,A01
201000012750,0,07,000,02,0,1,14,A01
201000012751,0,31,000,00,2,8,01,A01
201000012751,0,07,000,00,2,3,01,B02
201000012752,0,07,000,00,0,9,01,A01
201000012753,0,07,000,00,2,2,15,A01
201000012753,0,07,000,00,2,3,01,B02
201000012754,0,07,000,00,2,1,01,B02
201000012754,0,07,000,00,2,1,05,A01
201000012755,0,07,000,02,0,1,21,A01
201000012756,0,07,000,00,2,1,01,B02
201000012756,0,01,000,00,2,4,15,A01
201000012757,0,07,000,00,1,2,02,A01
201000012758,0,07,000,00,2,3,01,C03
201000012758,0,07,000,00,2,0,15,A01
201000012758,0,31,000,00,2,4,21,B02
201000012759,0,02,000,00,2,8,13,A01
201000012759,0,07,000,00,2,7,01,B02
201000012760,0,14,000,00,2,2,01,B02
201000012760,0,07,000,00,2,8,01,A01
201000012761,0,07,000,00,1,1,01,A01
201000012762,0,10,000,00,2,7,15,A01
201000012762,0,07,000,00,2,3,01,B02
201000012763,0,32,000,00,0,1,01,B02
201000012763,0,07,000,00,0,8,15,A01
201000012764,0,07,000,01,0,1,01,B02
201000012764,0,15,000,00,0,5,23,A01
201000012765,0,07,000,13,0,1,13,A01
201000012766,0,07,000,00,2,1,00,B02
201000012766,0,07,000,00,0,3,05,A01
201000012767,0,07,000,00,1,1,20,A01
201000012768,0,07,000,00,6,3,21,A01
201000012769,0,07,000,00,2,1,00,A01
201000012769,0,32,000,00,2,8,09,B02
201000012770,0,07,000,00,2,2,15,A01
201000012770,0,07,000,00,2,1,01,B02
201000012771,0,33,000,00,0,0,05,C03
201000012771,0,33,000,00,9,1,21,A01
201000012771,0,01,000,00,2,4,02,B02
201000012772,0,30,000,00,2,1,09,A01
201000012772,0,07,000,00,2,3,01,B02
201000012773,0,07,000,00,2,1,13,A01
201000012773,0,07,000,00,2,6,01,C03
201000012773,0,07,000,00,2,1,01,B02
201000012774,0,07,000,00,2,3,01,B02
201000012774,0,07,000,00,2,3,13,A01
201000012775,0,07,000,00,1,2,15,A01
201000012776,0,07,000,13,0,2,14,A01
201000012777,0,07,000,13,0,1,02,A01
201000012778,0,07,000,00,1,2,01,A01
201000012779,0,07,000,00,2,1,01,A01
201000012779,0,07,000,00,2,1,01,B02
201000012780,0,10,000,00,1,1,16,A01
201000012781,0,07,000,00,1,2,01,A01
201000012782,0,33,000,02,0,7,21,A01
201000012783,0,02,000,00,2,4,02,B02
201000012783,0,07,000,00,2,1,02,A01
201000012784,0,33,000,00,2,1,01,B02
201000012784,0,07,000,00,0,3,15,A01
201000012785,0,33,000,00,0,0,14,A01
201000012786,0,30,000,16,0,8,01,A01
201000012787,0,07,000,00,2,3,15,B02
201000012787,0,07,000,00,2,1,01,A01
201000012788,0,34,000,00,2,2,17,B02
201000012788,0,07,000,00,2,6,15,A01
201000012789,0,07,000,16,0,9,17,A01
201000012790,0,10,000,00,2,7,17,B02
201000012791,0,33,000,16,0,9,15,A01
201000012792,0,07,000,02,0,1,01,A01
201000012793,0,07,000,13,0,9,01,A01
201000012794,0,07,000,02,0,3,01,A01
201000012795,0,07,000,00,2,8,15,A01
201000012795,0,33,000,00,2,1,02,B02
201000012796,0,07,000,00,2,3,15,A01
201000012797,0,02,000,00,2,7,15,A01
201000012797,0,07,000,00,2,2,01,B02
201000012798,0,07,000,00,2,8,01,B02
201000012798,0,33,000,00,2,8,13,A01
201000012799,0,01,000,00,2,4,02,B02
201000012799,0,07,000,00,9,2,02,A01
201000012800,0,07,000,00,2,3,15,A01
201000012800,0,07,000,00,2,2,01,B02
201000012801,0,07,000,00,2,1,17,A01
201000012801,0,10,000,00,2,1,01,C03
201000012801,0,14,000,00,2,3,01,B02
201000012802,0,07,000,00,2,3,01,A01
201000012802,0,07,000,00,2,1,06,B02
201000012803,0,01,000,00,2,1,01,A01
201000012803,0,07,000,00,2,3,15,B02
201000012804,0,10,000,00,2,3,01,C03
201000012804,0,07,000,00,2,3,01,B02
201000012804,0,10,000,00,2,3,13,A01
201000012805,0,07,000,00,2,1,01,B02
201000012805,0,07,000,00,2,8,13,A01
201000012806,0,07,000,05,0,2,11,A01
201000012807,0,07,000,02,0,8,01,A01
201000012808,0,07,000,00,2,1,00,B02
201000012808,0,07,000,00,2,1,14,A01
201000012809,0,33,000,13,0,1,13,A01
201000012810,0,33,000,05,0,7,14,A01
201000012811,0,07,000,00,2,1,13,A01
201000012811,0,30,000,00,2,1,01,B02
201000012812,0,30,000,00,0,4,02,A01
201000012812,2,07,000,00,2,2,02,B02
201000012813,0,07,000,00,0,5,15,A01
201000012813,0,33,000,00,2,1,01,B02
201000012814,0,07,000,02,0,3,01,A01
201000012815,0,32,000,00,2,7,17,B02
201000012815,0,07,000,00,2,8,15,A01
201000012816,0,07,000,00,2,2,01,A01
201000012816,0,30,000,00,2,4,02,B02
201000012817,0,07,000,13,0,1,16,A01
201000012818,0,07,000,02,0,2,01,A01
201000012819,0,07,000,02,0,1,01,B02
201000012819,0,07,000,02,0,1,17,A01
201000012820,0,33,000,12,0,1,01,A01
201000012821,0,07,000,00,0,1,14,A01
201000012822,0,01,000,00,2,1,01,B02
201000012822,0,07,000,00,2,2,15,A01
201000012823,0,07,000,00,2,8,13,A01
201000012823,0,10,000,00,2,8,01,B02
201000012824,0,07,000,00,1,4,04,A01
201000012825,0,14,000,08,0,2,01,A01
201000012826,0,07,000,00,9,3,09,A01
201000012826,0,01,000,00,2,7,01,B02
201000012827,0,07,000,00,2,2,01,A01
201000012827,0,01,000,00,2,5,19,B02
201000012828,0,07,000,00,1,5,01,B02
201000012828,0,07,000,00,2,1,01,A01
201000012829,0,07,000,02,0,8,01,A01
201000012830,0,07,000,02,0,7,00,A01
201000012831,0,07,000,13,0,9,01,A01
201000012832,0,07,000,11,0,3,01,A01
201000012833,0,07,000,13,0,3,13,A01
201000012834,0,10,000,00,2,1,01,A01
201000012834,0,07,000,00,0,4,15,B02
201000012835,0,07,000,00,2,3,01,B02
201000012835,0,07,000,00,2,3,13,A01
201000012836,0,07,000,13,0,9,01,A01
201000012837,0,10,000,00,2,3,01,B02
201000012837,0,07,000,00,2,2,11,A01
201000012838,0,07,000,02,0,1,01,A01
201000012839,0,07,000,13,0,0,01,A01
201000012840,0,07,000,00,2,3,19,A01
201000012840,0,33,000,00,2,1,01,B02
201000012841,0,07,000,00,1,1,15,A01
201000012842,0,02,000,00,2,1,01,A01
201000012843,0,07,000,00,2,2,15,A01
201000012843,0,34,000,00,2,8,01,B02
201000012844,0,07,000,00,2,7,13,A01
201000012844,0,07,000,00,2,1,01,B02
201000012845,0,33,000,08,2,1,02,B02
201000012845,0,07,000,00,2,5,15,A01
201000012846,0,07,000,00,2,3,01,B02
201000012846,0,33,000,00,2,1,13,A01
201000012847,0,07,000,06,2,7,06,B02
201000012847,0,07,000,00,2,1,01,A01
201000012848,0,07,000,00,2,6,15,B02
201000012848,0,34,000,00,2,1,02,A01
201000012849,0,31,000,00,2,1,01,B02
201000012849,0,07,000,00,2,2,01,A01
201000012850,0,07,000,00,2,1,19,A01
201000012850,0,07,000,00,2,1,01,B02
201000012851,0,31,000,09,0,8,01,A01
201000012852,0,07,000,02,0,1,01,A01
201000012853,0,99,000,00,0,0,16,A01
201000012854,0,07,000,14,0,3,21,C03
201000012854,0,33,000,00,2,1,13,A01
201000012854,0,07,000,00,2,1,02,B02
201000012855,0,07,000,02,0,7,16,A01
201000012856,0,07,000,00,2,8,01,A01
201000012856,0,01,000,00,2,8,01,B02
201000012857,0,07,000,16,0,9,01,A01
201000012858,0,07,000,13,0,1,01,A01
201000012859,0,07,000,02,0,1,01,A01
201000012860,0,01,000,00,2,1,01,B02
201000012860,0,33,000,00,2,1,01,A01
201000012861,0,07,000,00,2,7,17,A01
201000012861,0,01,000,00,2,8,01,B02
201000012862,0,07,000,00,0,1,01,C03
201000012862,0,07,000,00,0,3,13,A01
201000012862,0,07,000,00,0,3,01,B02
201000012863,0,01,000,00,2,7,01,A01
201000012863,0,07,000,00,2,8,01,B02
201000012864,0,07,000,00,2,1,13,A01
201000012864,0,07,000,00,2,2,01,B02
201000012865,0,01,000,00,0,0,01,A01
201000012866,0,02,000,00,2,1,01,B02
201000012866,0,07,000,00,2,2,15,A01
201000012867,0,10,000,00,2,8,19,B02
201000012867,0,07,000,00,2,1,01,A01
201000012868,0,10,000,02,0,1,01,A01
201000012869,0,07,000,02,0,1,01,A01
201000012870,1,07,000,00,2,1,01,A01
201000012870,0,01,000,00,2,4,01,B02
201000012871,0,07,000,13,2,2,01,A01
201000012871,0,07,000,00,2,3,01,B02
201000012872,0,01,000,00,2,3,19,B02
201000012872,0,07,000,00,9,2,01,A01
201000012873,0,33,000,00,0,7,01,A01
201000012874,0,07,000,00,2,1,01,B02
201000012874,0,07,000,00,2,3,15,A01
201000012875,0,07,000,00,2,3,15,B02
201000012875,0,31,000,00,2,1,17,A01
201000012876,0,33,000,10,0,1,01,A01
201000012877,0,33,000,00,2,4,23,B02
201000012877,0,07,000,00,2,3,02,A01
201000012878,0,07,000,01,1,7,01,A01
201000012879,0,07,000,13,0,3,14,A01
201000012880,0,30,000,13,0,1,00,A01
201000012881,0,07,000,15,0,3,01,A01
201000012882,0,07,000,02,0,3,14,A01
201000012883,0,07,000,02,0,1,13,A01
201000012884,0,07,000,00,1,3,01,A01
201000012885,0,07,000,00,2,8,15,A01
201000012885,0,33,000,00,2,1,17,B02
201000012886,0,17,000,00,2,3,10,A01
201000012886,0,31,000,00,2,5,17,B02
201000012887,0,99,000,06,0,2,01,A01
201000012888,0,07,000,16,0,2,01,A01
201000012889,0,07,000,03,0,2,01,A01
201000012890,0,01,000,00,9,5,02,A01
201000012891,0,21,000,00,2,6,01,A01
201000012891,0,02,000,00,2,1,13,B02
201000012892,0,30,000,00,2,1,19,A01
201000012892,0,14,000,00,2,2,02,B02
201000012893,0,33,000,00,0,2,01,A01
201000012894,0,03,000,10,0,2,01,A01
201000012895,0,01,000,00,2,4,01,C03
201000012895,0,07,000,00,2,2,01,A01
201000012895,0,01,000,00,2,4,01,B02
201000012896,0,07,000,00,2,2,19,A01
201000012896,0,30,000,00,2,1,01,B02
201000012897,0,33,000,00,2,7,19,A01
201000012897,0,20,000,00,2,1,01,B02
201000012898,0,07,000,13,0,7,01,A01
201000012899,0,07,000,00,2,8,01,A01
201000012899,0,36,000,00,2,3,01,B02
201000012900,0,07,000,02,0,8,01,A01
201000012901,0,07,000,00,0,4,00,C03
201000012901,0,07,000,01,0,2,14,A01
201000012902,0,07,000,00,2,1,01,C03
201000012902,0,07,000,00,2,3,13,A01
201000012902,0,07,000,00,2,3,01,B02
201000012903,0,07,000,00,2,5,15,B02
201000012903,0,07,000,00,2,1,01,A01
201000012904,0,15,000,13,0,1,13,A01
201000012905,0,33,000,00,2,1,01,A01
201000012905,0,30,000,00,2,1,09,B02
201000012906,0,14,000,00,9,8,01,A01
201000012906,0,01,000,00,2,0,01,B02
201000012907,0,07,000,00,2,8,13,A01
201000012907,0,07,000,00,2,1,02,C03
201000012907,0,07,000,00,2,1,01,B02
201000012908,0,10,000,00,0,0,00,A01
201000012909,0,30,000,00,2,1,13,B02
201000012909,0,07,000,00,2,3,01,A01
201000012910,0,10,000,00,2,3,01,B02
201000012910,0,07,000,00,2,3,01,A01
201000012911,0,02,000,00,2,4,02,A01
201000012911,0,07,000,00,2,1,02,B02
201000012912,0,07,000,00,1,1,01,A01
201000012913,0,07,000,10,0,8,01,A01
201000012914,0,07,000,10,2,0,01,A01
201000012915,0,07,000,02,0,1,13,A01
201000012916,0,17,000,00,0,7,01,A01
201000012917,0,07,000,12,0,1,16,A01
201000012918,0,07,000,13,0,9,01,A01
201000012919,0,10,000,13,0,2,01,A01
201000012920,0,07,000,00,2,9,00,B02
201000012920,0,10,000,00,2,4,15,A01
201000012920,0,07,000,00,2,1,00,C03
201000012921,0,33,000,13,0,1,01,A01
201000012922,0,38,001,00,2,3,01,B02
201000012922,0,07,000,00,2,2,01,A01
201000012923,0,07,000,00,2,3,13,A01
201000012923,0,07,000,00,2,8,01,B02
201000012923,0,07,000,00,2,1,01,C03
201000012924,0,30,000,00,9,0,01,A01
201000012925,0,07,000,13,0,1,01,A01
201000012925,0,07,000,00,0,0,01,B02
201000012926,0,07,000,13,0,1,14,A01
201000012927,0,07,000,00,2,1,01,B02
201000012927,0,07,000,00,2,1,13,A01
201000012928,0,07,000,00,2,3,01,A01
201000012928,0,33,000,00,2,7,16,B02
201000012929,0,07,000,00,2,1,01,B02
201000012929,0,07,000,00,2,1,13,A01
201000012929,0,07,000,00,2,8,01,C03
201000012930,0,07,000,08,0,8,01,A01
201000012931,0,07,000,00,2,2,01,A01
201000012931,0,01,000,00,2,4,01,B02
201000012932,0,10,000,13,0,3,01,A01
201000012933,0,07,000,02,0,1,01,A01
201000012934,0,32,000,00,2,8,01,A01
201000012934,0,10,000,00,2,8,19,B02
201000012935,0,07,000,02,0,3,01,A01
201000012936,0,07,000,00,2,3,15,B02
201000012936,0,30,000,00,2,1,01,A01
201000012937,0,07,000,02,0,2,01,A01
201000012938,0,10,000,00,0,9,16,A01
201000012939,0,33,000,10,0,1,01,A01
201000012940,0,33,000,02,0,7,14,A01
201000012941,0,07,000,00,2,3,13,A01
201000012942,0,07,000,02,0,2,14,A01
201000012943,0,33,000,00,2,1,01,B02
201000012943,0,33,000,00,2,1,17,A01
201000012944,0,07,000,00,0,1,01,A01
201000012945,0,07,000,13,0,7,01,A01
201000012946,0,07,000,13,0,3,01,A01
201000012947,0,07,000,00,0,8,00,A01
201000012948,0,07,000,13,0,1,01,A01
201000012949,0,32,000,15,0,1,17,A01
201000012950,0,33,000,00,2,7,01,A01
201000012950,0,37,000,00,2,1,01,B02
201000012951,0,07,000,00,2,2,19,A01
201000012951,0,33,000,00,2,5,00,B02
201000012952,0,33,000,00,2,1,01,B02
201000012952,0,07,000,00,2,3,09,A01
201000012953,0,10,000,13,0,1,01,A01
201000012954,0,07,000,02,0,2,01,A01
201000012955,0,15,000,00,2,1,23,C03
201000012955,0,07,000,00,2,7,21,B02
201000012955,0,07,000,00,2,2,09,A01
201000012956,0,07,000,00,0,3,00,B02
201000012956,0,30,000,00,0,1,00,A01
201000012957,0,10,000,02,0,7,13,A01
201000012958,0,14,000,00,0,9,19,A01
201000012959,0,07,000,02,0,1,14,A01
201000012960,0,07,000,00,0,2,01,B02
201000012960,0,30,000,00,2,1,13,A01
201000012961,0,33,000,08,0,0,01,A01
201000012962,0,07,000,13,0,7,14,A01
201000012963,0,07,000,00,0,9,00,A01
201000012964,0,07,000,00,0,3,01,A01
201000012965,0,07,000,00,2,7,01,A01
201000012965,0,07,000,00,2,1,19,B02
201000012966,0,07,000,13,0,2,14,A01
201000012967,0,07,000,00,0,6,15,A01
201000012967,0,31,000,00,2,1,01,B02
201000012968,0,07,000,02,0,7,01,A01
201000012969,0,07,000,00,2,1,13,A01
201000012969,0,10,000,00,2,1,01,B02
201000012970,0,07,000,06,0,1,01,A01
201000012971,0,07,000,02,0,1,01,A01
201000012972,0,10,000,02,0,1,00,A01
201000012973,0,07,000,02,0,1,01,A01
201000012974,0,30,000,00,2,8,01,B02
201000012974,0,07,000,00,2,3,15,A01
201000012975,0,10,000,00,1,2,01,A01
201000012976,0,07,000,00,0,2,01,A01
201000012976,0,07,000,00,2,8,01,B02
201000012977,0,07,000,00,1,0,04,A01
201000012978,0,07,000,00,2,2,01,B02
201000012978,0,02,000,00,2,1,05,A01
201000012979,0,07,000,00,2,2,23,C03
201000012979,0,07,000,00,2,1,15,B02
201000012979,0,07,000,00,2,3,01,A01
201000012980,0,10,000,16,0,9,21,A01
201000012981,0,21,000,00,0,0,01,A01
201000012982,0,07,000,00,1,2,01,A01
201000012983,0,01,000,00,2,7,19,B02
201000012983,0,07,000,00,9,1,01,A01
201000012984,0,07,000,00,2,1,05,A01
201000012984,0,07,000,00,2,1,01,B02
201000012985,0,07,000,00,2,3,01,B02
201000012985,0,07,000,00,2,3,13,A01
201000012986,0,33,000,00,2,1,02,A01
201000012986,0,07,000,00,2,6,02,B02
201000012987,0,02,000,00,2,1,01,B02
201000012987,0,07,000,00,2,5,15,A01
201000012988,0,33,000,00,2,1,21,B02
201000012988,0,07,000,00,2,7,15,A01
201000012989,0,07,000,00,1,2,21,A01
201000012990,0,02,000,06,0,1,05,A01
201000012991,0,07,000,00,2,3,15,A01
201000012991,0,02,000,00,2,8,01,B02
201000012992,0,14,000,00,2,1,15,A01
201000012992,0,02,000,00,2,8,01,B02
201000012993,0,07,000,00,2,8,15,B02
201000012993,0,07,000,00,2,3,01,A01
201000012994,0,07,000,02,0,1,13,A01
201000012995,0,07,000,02,2,1,21,A01
201000012995,0,07,000,00,2,3,19,B02
201000012996,0,07,000,00,2,3,13,B02
201000012996,0,07,000,02,2,6,00,C03
201000012996,0,07,000,00,0,5,23,A01