Num_Acc,senc,catv,occutc,obs,obsm,choc,manv,num_veh
201000012997,0,01,000,00,2,7,15,B02
201000012997,0,07,000,00,9,1,00,A01
201000012998,0,99,000,00,1,2,01,A01
201000012999,0,07,000,00,0,7,01,A01
201000013000,0,07,000,00,2,2,19,B02
201000013000,0,07,000,00,2,3,01,A01
201000013001,0,07,000,00,2,4,02,C03
201000013001,0,07,000,00,2,8,01,B02
201000013001,0,07,000,00,2,1,02,A01
201000013002,0,02,000,00,2,1,01,B02
201000013002,0,07,000,00,2,8,19,A01
201000013003,0,07,000,00,9,0,01,A01
201000013003,0,07,000,00,9,3,01,B02
201000013004,0,31,000,00,2,2,02,A01
201000013004,0,10,000,00,2,3,02,B02
201000013005,0,07,000,00,2,2,15,A01
201000013005,0,07,000,00,2,8,01,B02
201000013006,0,07,000,00,0,5,15,A01
201000013006,0,02,000,00,0,1,01,B02
201000013007,0,07,000,00,2,1,01,B02
201000013007,0,07,000,00,2,2,15,A01
201000013008,0,07,000,00,2,3,13,A01
201000013008,0,33,000,00,2,8,01,B02
201000013009,0,07,000,02,0,2,01,A01
201000013010,0,07,000,00,1,5,01,A01
201000013011,0,07,000,00,2,3,13,A01
201000013011,0,07,000,00,2,3,01,B02
201000013012,0,07,000,00,2,2,01,A01
201000013012,0,02,000,00,2,4,01,B02
201000013013,0,07,000,00,1,2,01,A01
201000013014,0,07,000,00,2,1,13,A01
201000013014,0,07,000,00,2,1,01,B02
201000013015,0,07,000,02,0,0,01,A01
201000013016,0,01,000,00,9,0,01,A01
201000013017,0,30,000,00,2,1,01,B02
201000013017,0,07,000,00,2,3,15,A01
201000013018,0,07,000,06,0,3,01,A01
201000013019,0,07,000,15,0,1,01,A01
201000013020,0,33,000,00,0,7,21,A01
201000013021,0,31,000,00,2,8,01,B02
201000013021,0,07,000,00,2,3,01,A01
201000013022,0,33,000,15,0,0,01,A01
201000013023,0,07,000,00,2,3,01,A01
201000013023,0,07,000,00,2,3,01,B02
201000013024,0,07,000,00,2,8,01,B02
201000013024,0,07,000,00,2,1,19,A01
201000013025,0,07,000,00,2,1,01,B02
201000013025,0,07,000,00,2,8,10,A01
201000013026,0,33,000,00,2,1,01,B02
201000013026,0,07,000,00,2,2,19,A01
201000013027,0,07,000,00,2,1,01,A01
201000013027,0,07,000,00,2,1,01,B02
201000013028,0,07,000,08,0,9,01,A01
201000013029,0,07,000,00,2,3,13,A01
201000013029,0,31,000,00,2,7,01,B02
201000013030,0,10,000,00,2,1,01,B02
201000013030,0,17,000,00,2,1,01,A01
201000013031,0,07,000,00,2,1,01,A01
201000013031,0,33,000,00,2,4,02,B02
201000013032,0,07,000,00,2,2,01,B02
201000013032,0,07,000,00,2,2,01,A01
201000013033,0,02,000,00,2,1,02,B02
201000013033,0,07,000,00,2,3,19,A01
201000013034,0,07,000,00,2,8,01,B02
201000013034,0,07,000,00,2,3,01,C03
201000013034,0,07,000,03,2,3,13,A01
201000013035,0,33,000,00,2,1,13,B02
201000013035,0,07,000,00,2,1,01,A01
201000013036,0,07,000,02,0,1,01,A01
201000013037,0,07,000,00,2,1,01,A01
201000013037,0,07,000,00,2,8,21,B02
201000013038,0,02,000,00,2,1,01,A01
201000013038,0,07,000,00,2,2,01,B02
201000013039,0,32,000,01,0,1,01,A01
201000013039,0,07,000,01,0,3,00,B02
201000013040,0,07,000,06,0,1,01,A01
201000013041,0,03,000,00,2,3,17,A01
201000013041,0,07,000,00,2,3,01,B02
201000013042,0,10,000,11,0,3,01,A01
201000013043,0,10,000,00,2,2,19,A01
201000013043,0,30,000,00,2,7,21,B02
201000013044,0,07,000,13,0,1,13,A01
201000013045,0,13,000,14,0,2,01,A01
201000013046,0,10,000,01,0,4,04,A01
201000013046,0,30,000,00,2,1,23,B02
201000013047,0,31,000,00,2,1,19,B02
201000013047,0,07,000,00,2,7,09,A01
201000013048,0,07,000,00,2,3,01,A01
201000013048,0,17,000,03,2,1,01,B02
201000013049,0,14,000,00,2,1,02,D04
201000013049,0,07,000,00,2,7,10,C03
201000013049,0,07,000,00,2,1,02,B02
201000013049,0,07,000,00,2,2,02,A01
201000013050,0,07,000,00,2,1,21,B02
201000013050,0,07,000,00,2,1,13,A01
201000013051,0,10,000,02,0,8,01,A01
201000013052,0,10,000,16,0,9,01,A01
201000013053,1,07,000,00,1,2,00,A01
201000013054,0,17,000,00,1,3,01,A01
201000013055,0,17,000,00,2,3,01,B02
201000013055,0,07,000,00,2,8,19,A01
201000013056,0,07,000,00,2,1,01,A01
201000013056,0,07,000,04,2,6,01,B02
201000013057,0,07,000,00,1,7,01,A01
201000013058,0,07,000,00,2,1,05,A01
201000013058,0,07,000,00,2,1,01,B02
201000013059,0,07,000,00,2,3,10,A01
201000013059,0,31,000,00,2,1,01,B02
201000013060,0,07,000,00,2,3,13,A01
201000013060,0,07,000,00,2,3,01,B02
201000013061,0,07,000,06,0,3,01,A01
201000013062,0,30,000,00,2,5,01,B02
201000013062,0,37,000,00,2,2,09,A01
201000013063,0,07,000,00,2,1,01,B02
201000013063,0,07,000,00,2,3,13,A01
201000013064,0,02,000,00,2,1,01,A01
201000013064,0,07,000,00,2,3,01,B02
201000013065,0,07,000,00,2,3,15,B01
201000013065,0,33,000,00,2,2,17,A02
201000013066,0,07,000,13,0,2,01,A01
201000013067,0,07,000,02,0,2,01,A01
201000013068,0,10,000,00,2,3,09,A01
201000013068,0,01,000,00,2,1,01,B02
201000013069,0,07,000,02,0,3,14,A01
201000013070,0,10,000,06,0,1,01,A01
201000013071,0,33,000,13,0,1,15,A01
201000013072,0,07,000,00,2,1,01,B02
201000013072,0,07,000,00,2,8,01,A01
201000013073,0,07,000,10,0,2,00,A01
201000013074,0,07,000,08,0,2,13,A01
201000013075,0,07,000,00,2,3,13,A02
201000013075,0,07,000,00,2,3,01,B01
201000013076,0,07,000,13,0,8,01,A01
201000013077,0,01,000,00,2,1,14,A01
201000013077,0,17,000,00,2,8,16,B02
201000013078,0,07,000,16,0,9,14,A01
201000013079,0,07,000,07,0,9,13,A01
201000013080,0,07,000,00,2,7,01,A01
201000013080,0,01,000,00,2,1,10,B02
201000013081,0,21,000,00,2,6,01,B02
201000013081,0,36,000,00,2,3,01,A01
201000013082,0,07,000,16,0,1,01,A01
201000013083,0,07,000,00,2,1,01,B01
201000013083,0,07,000,00,2,8,19,A02
201000013084,0,07,000,13,0,1,14,A01
201000013085,0,10,000,02,0,2,14,A01
201000013086,0,15,000,00,2,3,01,B02
201000013086,0,10,000,00,2,1,01,A01
201000013087,0,07,000,00,1,3,01,A01
201000013088,0,07,000,13,0,1,01,A01
201000013089,0,07,000,00,2,7,01,B02
201000013089,0,10,000,00,2,1,19,A01
201000013090,0,07,000,00,0,8,01,B02
201000013090,0,07,000,00,2,1,19,A01
201000013091,0,07,000,13,0,1,13,A01
201000013092,0,07,000,08,0,1,01,A01
201000013093,0,07,000,00,2,1,01,B02
201000013093,0,07,000,00,2,1,19,A01
201000013094,0,02,000,00,0,8,01,A01
201000013095,0,07,000,13,0,2,01,A01
201000013096,0,33,000,00,2,1,17,A01
201000013096,0,07,000,00,2,8,15,B02
201000013097,0,07,000,00,1,2,21,A01
201000013098,0,07,000,02,2,1,14,A01
201000013098,0,07,000,00,2,3,01,B02
201000013099,0,07,000,00,2,7,01,B02
201000013099,0,30,000,00,2,1,01,A01
201000013100,0,07,000,02,0,8,13,A01
201000013101,0,13,000,02,0,1,14,A01
201000013102,0,07,000,00,2,2,01,C03
201000013102,0,07,000,00,2,1,13,A01
201000013102,0,07,000,00,2,1,01,B02
201000013103,0,21,000,00,1,3,15,A01
201000013104,0,07,000,00,1,7,01,A01
201000013105,0,07,000,00,2,5,01,B01
201000013105,0,07,000,00,2,5,01,C02
201000013105,0,07,000,00,2,2,01,D03
201000013105,0,07,000,00,2,8,19,A04
201000013106,0,10,000,00,1,1,01,A01
201000013107,0,33,000,14,0,2,01,A01
201000013108,0,33,000,00,2,8,16,B02
201000013108,0,07,000,00,2,2,16,A01
201000013109,0,10,000,02,0,2,01,A01
201000013110,0,07,000,02,0,3,01,A01
201000013111,0,30,000,00,2,1,01,B02
201000013112,0,07,000,12,0,9,01,A01
201000013113,0,07,000,00,1,1,01,A01
201000013114,0,07,000,06,0,1,15,A01
201000013115,0,07,000,00,2,3,01,B02
201000013115,0,07,000,00,2,3,01,A01
201000013116,0,07,000,02,0,8,01,A01
201000013117,0,07,000,02,0,3,01,A01
201000013118,0,10,000,00,2,3,01,A01
201000013118,0,01,000,00,2,1,01,B02
201000013119,0,07,000,13,0,1,01,A01
201000013120,0,07,000,13,0,2,01,A01
201000013121,0,02,000,13,0,1,21,A01
201000013122,0,30,000,00,2,1,00,A01
201000013123,0,10,000,02,0,8,01,A01
201000013124,0,07,000,02,0,3,01,A01
201000013125,0,07,000,16,0,9,01,A01
201000013126,0,07,000,00,2,1,01,B02
201000013126,0,07,000,00,2,1,13,A01
201000013127,0,33,000,00,0,3,01,A01
201000013128,0,07,000,05,0,2,14,A01
201000013129,0,02,000,00,2,1,01,B02
201000013129,0,07,000,00,2,6,19,A01
201000013130,0,07,000,00,1,1,01,A01
201000013131,0,14,000,00,2,8,00,B02
201000013131,0,07,000,00,2,3,13,A01
201000013132,0,07,000,00,2,2,01,B02
201000013132,0,01,000,00,2,1,19,A01
201000013133,0,07,000,00,1,1,01,A01
201000013134,0,31,000,13,0,1,13,A01
201000013135,0,07,000,00,2,8,01,C03
201000013135,0,15,000,00,2,3,01,B02
201000013135,0,07,000,00,2,3,13,A01
201000013136,0,07,000,05,0,3,13,A01
201000013137,0,07,000,00,2,0,15,B02
201000013137,0,33,000,00,2,0,21,C03
201000013137,0,07,000,00,0,0,24,A01
201000013138,0,07,000,00,0,4,23,A01
201000013138,0,07,000,00,2,1,01,B02
201000013139,0,07,000,13,0,9,01,A01
201000013140,0,01,000,00,2,4,02,A01
201000013140,0,07,000,00,2,2,01,B02
201000013141,0,07,000,00,2,3,01,A01
201000013141,0,07,000,00,2,3,01,B02
201000013142,0,07,000,13,0,9,13,A01
201000013143,0,07,000,00,2,3,15,A01
201000013143,0,33,000,00,2,1,01,B02
201000013144,0,07,000,00,1,1,01,A01
201000013145,0,07,000,15,0,8,13,A01
201000013146,0,07,000,00,2,1,01,B02
201000013146,0,14,000,00,2,3,15,A01
201000013147,0,07,000,00,1,6,04,A01
201000013148,0,10,000,00,2,3,01,B02
201000013148,0,07,000,03,2,3,13,A01
201000013149,0,07,000,00,9,2,01,A01
201000013149,0,01,000,00,0,4,01,C03
201000013149,0,01,000,00,0,4,01,B02
201000013150,0,30,000,06,0,1,01,A01
201000013151,0,02,000,09,0,1,13,A01
201000013152,0,33,000,00,2,1,13,C03
201000013152,0,07,000,00,2,6,01,A01
201000013152,0,07,000,00,2,2,01,B02
201000013153,0,07,000,00,2,1,01,B02
201000013153,0,32,000,00,2,1,13,A01
201000013153,0,07,000,00,2,6,01,C03
201000013154,0,07,000,00,2,1,01,A01
201000013154,0,07,000,00,2,7,19,B02
201000013155,0,07,000,00,2,1,01,C03
201000013155,0,33,000,00,2,1,13,A01
201000013155,0,07,000,00,2,1,01,B02
201000013156,0,07,000,00,1,3,01,A01
201000013157,0,33,000,06,0,8,01,A01
201000013158,0,07,000,13,0,1,01,A01
201000013159,0,07,000,16,0,0,13,A01
201000013160,0,02,000,00,2,1,02,A01
201000013160,0,01,000,00,2,4,02,B02
201000013161,0,02,000,10,0,1,21,A01
201000013162,0,02,000,00,2,1,01,B02
201000013162,0,07,000,00,2,6,19,A01
201000013163,0,07,000,00,2,8,13,A01
201000013163,0,10,000,00,2,1,01,C03
201000013163,0,07,000,00,2,8,21,B02
201000013164,0,07,000,00,1,1,01,A01
201000013165,0,10,000,00,2,3,19,B02
201000013165,0,07,000,00,2,1,13,A01
201000013166,0,07,000,00,2,3,15,B02
201000013166,0,31,000,00,2,1,01,A01
201000013167,0,07,000,13,0,1,00,A01
201000013168,0,07,000,00,0,3,00,B02
201000013168,0,07,000,00,0,3,13,A01
201000013169,0,07,000,00,1,2,15,A01
201000013170,0,07,000,02,0,1,01,A01
201000013171,0,32,000,00,2,1,17,B02
201000013171,0,07,000,00,0,3,13,A01
201000013172,0,07,000,13,0,9,13,A01
201000013173,0,33,000,10,0,2,01,A01
201000013174,0,01,000,00,2,6,15,A01
201000013174,0,07,000,00,2,2,01,B02
201000013175,0,07,000,00,0,2,02,B02
201000013175,0,07,000,00,0,6,02,A01
201000013176,0,10,000,00,2,1,13,A01
201000013176,0,38,000,00,2,1,01,B02
201000013177,0,07,000,00,2,2,01,A01
201000013177,2,07,000,00,2,7,15,B02
201000013178,0,07,000,00,1,2,01,A01
201000013179,0,10,000,06,0,3,01,A01
201000013180,0,14,000,13,0,1,01,A01
201000013181,0,07,000,00,1,4,04,A01
201000013182,0,07,000,00,1,4,04,A01
201000013183,0,07,000,13,0,2,01,A01
201000013184,0,07,000,00,0,4,24,B02
201000013184,0,07,000,01,0,1,01,A01
201000013185,0,33,000,00,2,1,17,B02
201000013185,0,07,000,00,2,1,19,A01
201000013186,0,07,000,02,0,1,14,A01
201000013187,0,07,000,03,0,9,01,A01
201000013188,0,01,000,00,2,1,05,B02
201000013188,0,07,000,00,9,3,15,A01
201000013189,0,07,000,00,2,6,24,A01
201000013189,0,07,000,01,0,2,01,B02
201000013190,0,07,000,14,0,1,00,A01
201000013191,0,07,000,00,1,2,19,A01
201000013192,0,33,000,00,6,1,01,A01
201000013193,0,33,000,06,0,1,17,A01
201000013194,0,07,000,00,2,1,01,B02
201000013194,0,07,000,11,2,3,09,A01
201000013195,0,32,000,00,2,0,01,A01
201000013195,0,31,000,00,2,0,21,B02
201000013196,0,33,000,00,2,1,17,A01
201000013196,0,07,000,00,2,3,15,B02
201000013197,0,33,000,00,2,3,13,A01
201000013197,0,31,000,00,2,1,16,B02
201000013198,0,07,000,00,2,7,01,A01
201000013198,0,01,000,00,2,1,05,B02
201000013199,0,07,000,13,0,3,01,A01
201000013200,0,10,000,13,0,2,01,A01
201000013201,0,07,000,00,0,0,01,A01
201000013202,0,07,000,06,0,1,01,A01
201000013203,0,07,000,02,0,3,01,A01
201000013204,0,33,000,00,2,1,01,B02
201000013204,0,07,000,00,2,8,19,A01
201000013205,0,31,000,06,0,1,01,A01
201000013206,0,07,000,00,2,3,13,A01
201000013206,0,07,000,00,2,8,01,B02
201000013207,0,07,000,00,2,2,13,A01
201000013207,0,07,000,00,2,3,01,B02
201000013208,0,10,000,02,0,1,01,A01
201000013209,0,31,000,00,2,1,01,B02
201000013209,0,07,000,00,2,7,15,A01
201000013210,0,07,000,00,0,0,01,A01
201000013211,0,01,000,01,0,1,01,B02
201000013212,0,07,000,00,2,3,15,A01
201000013212,0,30,000,00,2,1,01,B02
201000013213,0,07,000,00,2,1,13,A01
201000013213,0,07,000,00,2,1,01,B02
201000013214,0,21,000,00,2,2,19,A01
201000013214,0,07,000,00,2,2,01,B02
201000013215,0,07,000,13,0,3,01,A01
201000013216,0,07,000,00,0,7,17,B02
201000013216,0,30,000,00,0,7,02,A01
201000013217,0,07,000,02,0,1,01,A01
201000013218,0,07,000,00,2,3,13,B02
201000013218,0,07,000,00,2,3,01,A01
201000013219,0,07,000,06,1,9,01,A01
201000013220,0,07,000,06,0,2,00,A01
201000013221,0,07,000,00,2,1,01,B02
201000013221,0,07,000,00,2,1,13,A01
201000013222,0,07,000,06,0,1,13,A01
201000013223,0,33,000,00,2,1,01,B02
201000013223,0,07,000,00,2,7,11,A01
201000013224,0,30,000,12,0,2,00,A01
201000013225,0,07,000,00,2,1,13,B02
201000013225,0,03,000,00,2,1,01,A01
201000013226,0,07,000,00,2,1,05,B02
201000013226,0,10,000,00,2,1,01,A01
201000013227,0,07,000,00,1,4,20,A01
201000013228,0,07,000,00,2,6,15,A01
201000013228,0,33,000,00,2,1,17,B02
201000013229,0,07,000,00,2,3,01,A01
201000013229,0,07,000,00,2,3,01,B02
201000013230,0,07,000,00,2,4,15,A01
201000013230,0,07,000,00,2,1,01,B02
201000013231,0,07,000,00,1,1,01,A01
201000013232,0,07,000,02,0,1,01,A01
201000013233,0,07,000,06,0,2,01,A01
201000013234,0,07,000,00,1,2,01,A01
201000013235,0,07,000,00,0,7,01,B02
201000013235,0,07,000,00,2,1,16,A01
201000013236,0,07,000,13,0,2,01,A01
201000013237,0,33,000,00,2,3,01,B02
201000013237,0,07,000,00,2,3,01,A01
201000013238,0,33,000,00,2,1,09,B02
201000013238,0,10,000,00,2,2,01,A01
201000013239,0,33,000,00,0,1,18,B02
201000013239,0,07,000,00,0,7,15,A01
201000013240,0,07,000,00,0,0,01,A01
201000013241,0,07,000,00,2,1,13,B02
201000013241,0,07,000,00,2,1,01,A01
201000013242,0,07,000,16,0,9,01,A01
201000013243,0,07,000,00,0,0,00,A01
201000013243,0,10,000,00,2,1,01,B02
201000013244,0,07,000,02,0,1,01,A01
201000013245,0,01,000,00,2,1,19,A01
201000013245,0,30,000,00,2,1,01,B02
201000013246,0,07,000,00,2,1,17,A01
201000013246,0,07,000,00,2,1,01,B02
201000013247,0,01,000,00,2,8,01,B02
201000013247,0,07,000,00,2,1,15,A01
201000013248,0,07,000,00,2,3,15,A01
201000013248,0,33,000,00,2,8,01,B02
201000013249,0,07,000,00,5,1,01,A01
201000013250,0,10,000,08,2,2,02,B02
201000013250,0,10,000,00,0,6,01,A01
201000013251,0,10,000,00,2,1,13,A01
201000013251,0,07,000,00,0,1,01,B02
201000013252,0,07,000,00,2,2,15,A01
201000013252,0,02,000,00,2,1,01,B02
201000013253,0,07,000,00,2,1,01,B02
201000013253,0,07,000,00,2,1,13,A01
201000013254,0,07,000,00,1,1,00,A01
201000013254,0,99,000,00,0,0,19,B02
201000013255,0,10,000,00,2,7,17,B02
201000013255,0,07,000,00,2,3,15,A01
201000013256,0,07,000,00,2,3,01,A01
201000013256,0,07,000,00,2,3,01,B02
201000013257,0,07,000,00,2,7,09,A01
201000013257,0,33,000,00,2,1,01,B02
201000013258,0,07,000,00,2,1,01,B02
201000013258,0,07,000,00,2,3,13,A01
201000013259,0,07,000,02,2,3,13,A01
201000013259,0,07,000,02,2,8,17,B02
201000013259,0,07,000,00,2,8,01,C03
201000013260,0,02,000,00,0,1,01,B02
201000013260,0,07,000,00,0,3,01,A01
201000013261,0,10,000,00,2,2,17,A01
201000013261,0,07,000,00,2,8,15,B02
201000013262,0,07,000,13,0,1,16,A01
201000013263,0,33,000,00,2,2,01,B02
201000013263,0,07,000,00,2,1,09,A01
201000013264,0,33,000,00,0,8,01,A01
201000013265,0,07,000,00,2,3,01,B02
201000013265,0,07,000,00,2,3,13,A01
201000013265,0,99,000,00,2,8,01,C03
201000013266,0,07,000,00,2,1,01,A01
201000013266,0,07,000,00,2,1,13,B02
201000013267,0,07,000,00,2,3,01,B02
201000013267,0,07,000,00,2,1,13,A01
201000013268,0,07,000,00,2,1,01,C03
201000013268,0,30,000,00,2,0,13,A01
201000013268,0,07,000,00,2,8,01,B02
201000013269,0,07,000,13,0,2,01,A01
201000013270,0,07,000,00,0,4,01,C03
201000013270,0,33,000,00,2,1,01,A01
201000013270,0,33,000,00,2,8,01,B02
201000013271,0,07,000,00,1,1,01,A01
201000013272,0,14,000,00,2,3,01,B02
201000013272,0,07,000,00,2,1,01,C03
201000013272,0,07,000,00,2,3,13,A01
201000013273,0,07,000,06,0,1,13,A01
201000013274,0,33,000,02,0,1,01,A01
201000013275,0,30,000,15,0,3,01,A01
201000013276,0,07,000,00,2,8,24,B02
201000013276,0,07,000,00,2,0,24,C03
201000013276,0,33,000,01,0,1,00,A01
201000013277,0,14,000,00,0,1,01,B02
201000013277,0,07,000,00,0,1,13,A01
201000013278,0,07,000,01,0,3,01,A01
201000013279,0,07,000,00,2,3,13,A01
201000013279,0,07,000,00,2,8,01,B02
201000013280,0,07,000,02,0,7,13,A01
201000013281,0,07,000,00,0,3,15,A01
201000013281,0,31,000,00,0,8,01,B02
201000013282,0,07,000,00,1,5,20,A01
201000013283,0,07,000,13,0,3,13,A01
201000013284,0,07,000,00,1,2,17,A01
201000013285,0,14,000,00,2,3,01,B02
201000013285,0,10,000,00,2,3,01,A01
201000013286,0,07,000,00,2,1,01,A01
201000013286,0,31,000,00,2,1,01,B02
201000013286,0,02,000,00,2,1,01,C03
201000013287,0,33,000,02,0,1,01,A01
201000013288,0,07,000,00,0,0,15,A01
201000013288,0,33,000,00,0,0,01,B02
201000013289,0,02,000,00,2,8,13,B02
201000013289,0,07,000,00,2,8,01,A01
201000013290,0,32,000,00,0,7,01,A01
201000013291,0,07,000,00,2,1,01,B02
201000013291,0,10,000,00,2,2,15,A01
201000013292,0,30,000,00,2,1,01,A01
201000013292,0,07,000,00,2,8,19,B02
201000013293,0,07,000,00,2,3,01,B02
201000013293,0,07,000,00,2,3,13,A01
201000013294,0,07,000,00,9,3,01,A01
201000013294,0,01,000,00,2,1,19,B02
201000013295,0,07,000,00,6,0,01,A01
201000013296,0,07,000,13,0,2,01,A01
201000013297,0,07,000,06,0,6,02,A01
201000013298,0,07,000,00,0,0,13,A01
201000013299,0,07,000,02,0,3,01,A01
201000013300,0,10,000,00,1,1,00,A01
201000013301,0,02,000,06,0,7,01,A01
201000013302,0,07,000,00,2,6,17,B02
201000013302,0,33,000,00,2,1,17,A01
201000013303,0,31,000,00,2,5,00,A01
201000013303,0,07,000,00,2,2,19,B02
201000013304,0,07,000,00,2,8,01,B02
201000013304,0,33,000,00,2,1,01,A01
201000013305,0,33,000,00,2,1,00,B02
201000013305,0,07,000,00,2,3,19,A01
201000013306,0,07,000,00,2,1,05,B02
201000013306,0,07,000,00,2,1,01,A01
201000013307,0,07,000,00,2,3,01,B02
201000013307,0,07,000,00,2,3,13,A01
201000013308,0,21,000,00,0,7,01,A01
201000013309,0,17,000,13,0,7,01,A01
201000013310,0,07,000,00,2,3,00,B02
201000013310,0,33,000,00,2,8,00,A01
201000013311,0,07,000,00,0,1,01,A01
201000013312,0,07,000,13,0,2,01,A01
201000013313,0,07,000,00,2,2,17,A01
201000013313,0,01,000,00,2,3,15,B02
201000013314,0,07,000,00,2,6,01,B02
201000013314,0,07,000,00,2,2,17,C03
201000013314,0,07,000,00,2,6,17,A01
201000013315,0,07,000,00,2,1,00,B02
201000013315,0,07,000,00,2,2,13,A01
201000013316,0,07,000,00,2,3,01,B02
201000013316,0,07,000,00,2,3,13,A01
201000013317,0,07,000,13,0,1,13,A01
201000013318,0,02,000,00,1,1,01,A01
201000013319,0,15,000,00,1,7,00,A01
201000013320,0,07,000,00,2,2,01,B02
201000013320,0,01,000,00,2,1,19,A01
201000013321,0,07,000,02,0,8,01,A01
201000013322,0,30,000,00,2,1,01,A01
201000013322,0,07,000,00,2,3,15,B02
201000013323,0,03,000,00,1,1,01,A01
201000013324,0,07,000,00,2,3,01,B02
201000013324,0,07,000,00,2,3,13,A01
201000013325,0,01,000,00,2,1,01,B02
201000013325,0,07,000,00,2,5,15,A01
201000013326,0,33,000,00,0,7,17,A01
201000013327,0,07,000,00,1,1,01,A01
201000013328,0,07,000,00,1,2,01,A01
201000013329,0,07,000,13,0,3,13,A01
201000013330,0,07,000,00,2,3,13,B02
201000013330,0,07,000,00,2,3,01,A01
201000013331,0,07,000,00,2,2,17,A01
201000013331,0,07,000,00,2,3,01,B02
201000013331,0,10,000,00,2,1,01,C03
201000013332,0,07,000,00,2,1,01,B02
201000013332,0,07,000,06,2,1,00,A01
201000013333,0,37,000,00,2,1,01,B02
201000013333,0,07,000,00,2,2,13,A01
201000013334,0,07,000,02,0,1,01,A01
201000013335,0,30,000,16,0,0,01,A01
201000013336,0,10,000,00,2,3,01,B02
201000013336,0,07,000,00,2,3,01,A01
201000013337,0,07,000,06,2,7,19,A01
201000013337,0,10,000,00,2,1,01,B02
201000013338,0,07,000,13,0,3,19,A01
201000013339,0,36,000,15,0,1,01,A01
201000013340,0,10,000,00,0,0,15,B02
201000013340,0,10,000,00,2,9,01,A01
201000013341,0,07,000,00,2,3,19,A01
201000013341,0,31,000,00,2,1,01,B02
201000013342,0,33,000,02,0,7,01,A01
201000013343,0,31,000,00,0,0,01,A01
201000013344,0,30,000,00,2,8,19,A01
201000013344,0,07,000,00,2,1,01,B02
201000013345,0,07,000,00,2,8,13,B02
201000013345,0,07,000,00,2,3,13,A01
201000013346,0,07,000,00,2,1,01,B02
201000013346,0,07,000,00,2,7,19,A01
201000013347,0,07,000,02,0,1,00,A01
201000013348,0,07,000,00,2,3,01,B02
201000013348,0,31,000,00,2,1,13,A01
201000013349,0,02,000,00,2,7,19,A01
201000013349,0,07,000,00,2,1,01,B02
201000013350,0,01,000,00,2,4,01,B02
201000013350,0,07,000,00,9,2,17,A01
201000013351,0,31,000,00,0,7,01,A01
201000013352,0,07,000,00,9,3,19,B02
201000013352,0,01,000,00,2,1,01,A01
201000013353,0,07,000,00,0,1,01,B02
201000013353,0,10,000,00,0,3,13,A01
201000013354,0,33,000,00,2,1,01,B02
201000013354,0,07,000,00,2,3,19,A01
201000013355,0,07,000,02,0,1,19,A01
201000013356,0,10,000,14,0,2,01,A01
201000013357,0,07,000,00,0,3,13,A01
201000013358,0,07,000,00,1,2,15,A01
201000013359,0,07,000,00,2,6,13,A01
201000013359,0,15,000,00,2,1,00,B02
201000013360,0,33,000,00,2,1,01,A01
201000013360,0,07,000,00,2,5,19,B02
201000013361,0,07,000,00,1,3,01,A01
201000013362,0,07,000,08,0,1,01,A01
201000013363,0,07,000,02,0,7,15,A01
201000013364,0,07,000,00,1,1,01,A01
201000013365,0,07,000,13,0,1,13,A01
201000013366,0,07,000,00,1,8,19,A01
201000013367,0,07,000,00,2,1,13,A01
201000013367,0,07,000,00,2,1,01,B02
201000013368,0,14,000,00,2,1,01,B02
201000013368,0,14,000,00,0,8,15,A01
201000013369,0,07,000,00,2,1,01,B02
201000013369,0,07,000,00,2,1,21,A01
201000013370,0,07,000,00,2,2,17,B02
201000013370,0,02,000,00,2,3,15,A01
201000013371,0,07,000,00,2,1,01,A01
201000013371,0,02,000,00,2,1,01,C03
201000013371,0,02,000,00,2,1,01,B02
201000013372,0,01,000,00,2,0,23,C03
201000013372,0,99,000,00,9,0,01,B02
201000013373,0,07,000,00,2,5,15,B02
201000013373,0,33,000,00,2,1,01,A01
201000013374,0,07,000,00,2,3,09,A01
201000013374,0,07,000,00,2,1,01,B02
201000013375,0,07,000,00,2,3,13,A01
201000013375,0,99,000,13,2,3,21,B02
201000013376,0,10,000,00,2,3,01,B02
201000013376,0,10,000,00,2,1,13,A01
201000013377,0,10,000,13,0,1,01,A01
201000013378,0,07,000,00,2,1,15,B02
201000013378,0,33,000,00,2,1,01,A01
201000013379,0,07,000,00,2,7,02,A01
201000013379,0,01,000,00,2,8,02,B02
201000013380,0,07,000,00,1,2,01,A01
201000013381,0,07,000,00,2,3,16,B02
201000013381,0,07,000,00,2,2,01,A01
201000013382,0,07,000,00,2,1,19,A01
201000013382,0,07,000,00,2,1,01,B02
201000013383,0,07,000,02,0,1,17,A01
201000013384,0,07,000,00,2,3,13,A01
201000013384,0,15,000,00,2,3,01,B02
201000013385,0,07,000,00,2,3,01,B02
201000013385,0,33,000,00,2,1,01,A01
201000013386,0,07,000,02,0,1,01,A01
201000013387,0,07,000,13,0,2,14,A01
201000013388,0,07,000,02,2,2,13,A01
201000013388,0,07,000,00,2,8,15,B02
201000013389,0,14,000,00,2,7,01,B02
201000013389,0,30,000,00,2,7,13,A01
201000013390,0,33,000,00,2,1,02,B02
201000013390,0,07,000,00,2,4,02,A01
201000013391,0,03,000,00,2,3,02,A01
201000013391,0,07,000,00,2,5,17,B02
201000013391,0,07,000,00,2,8,01,C03