Num_Acc,senc,catv,occutc,obs,obsm,choc,manv,num_veh
201000013786,0,17,000,00,2,3,01,B02
201000013786,0,07,000,00,0,1,13,A01
201000013787,0,07,000,12,0,2,14,A01
201000013788,0,07,000,00,1,2,02,A01
201000013789,0,01,000,00,2,1,13,B02
201000013789,0,07,000,00,9,3,01,A01
201000013790,0,07,000,00,0,1,05,A01
201000013790,0,07,000,00,2,3,00,B02
201000013791,0,33,000,00,2,1,01,A01
201000013791,0,07,000,00,2,1,01,B02
201000013792,0,33,000,16,0,8,01,A01
201000013793,0,33,000,06,0,1,21,A01
201000013794,0,33,000,00,0,0,01,A01
201000013795,0,07,000,09,0,1,13,A01
201000013796,0,07,000,00,2,8,13,A01
201000013796,0,07,000,00,2,8,01,B02
201000013797,0,07,000,16,0,9,19,A01
201000013798,0,07,000,13,1,0,01,A01
201000013799,0,33,000,00,2,3,18,A01
201000013799,0,30,000,00,0,0,23,B02
201000013800,0,07,000,02,0,1,13,A01
201000013801,0,14,000,00,2,8,01,B02
201000013801,0,10,000,00,2,1,01,A01
201000013802,0,07,000,00,2,1,01,C03
201000013802,0,07,000,00,2,1,17,A01
201000013802,0,07,000,00,2,3,15,B02
201000013803,0,33,000,06,0,1,01,A01
201000013804,0,07,000,00,2,1,01,A01
201000013804,0,07,000,00,2,1,01,B02
201000013805,0,07,000,00,5,1,01,A01
201000013806,0,07,000,00,2,3,13,A01
201000013806,0,07,000,00,2,3,01,B02
201000013807,0,07,000,08,0,1,01,A01
201000013808,0,32,000,01,0,1,01,A01
201000013809,0,02,000,00,2,4,01,B02
201000013810,0,33,000,00,0,8,01,A01
201000013811,0,07,000,00,2,1,13,A01
201000013811,0,07,000,00,2,1,01,B02
201000013811,0,07,000,00,2,1,01,C03
201000013812,0,30,000,12,0,1,14,A01
201000013813,0,17,000,00,2,3,01,B02
201000013813,0,07,000,00,9,3,01,C03
201000013813,0,10,000,00,2,3,13,A01
201000013814,0,07,000,00,2,1,01,B02
201000013814,0,07,000,00,2,1,01,A01
201000013815,0,07,000,00,2,4,02,B02
201000013815,0,30,000,00,2,1,02,A01
201000013816,0,33,000,06,0,1,01,A01
201000013817,0,07,000,00,2,1,01,B02
201000013817,0,07,000,00,2,8,19,A01
201000013818,0,07,000,00,2,6,15,A01
201000013818,0,33,000,00,2,1,21,B02
201000013819,0,07,000,01,0,2,01,A01
201000013820,0,07,000,00,2,1,02,B02
201000013820,0,07,000,00,6,4,02,A01
201000013821,0,07,000,00,2,4,13,A01
201000013821,0,07,000,00,2,1,01,B02
201000013822,0,01,000,00,2,8,01,B02
201000013822,0,07,000,00,9,3,01,A01
201000013823,0,38,010,00,2,1,02,B02
201000013823,0,07,000,00,2,1,13,A01
201000013824,0,33,000,00,0,1,01,A01
201000013825,0,07,000,00,2,3,01,B02
201000013825,0,32,000,06,2,3,13,A01
201000013826,0,07,000,13,0,0,13,A01
201000013826,0,07,000,12,0,7,00,B02
201000013827,0,07,000,00,2,3,04,A01
201000013827,0,07,000,00,2,1,01,B02
201000013827,0,02,000,00,2,1,21,C03
201000013828,0,07,000,00,2,3,01,B02
201000013828,0,07,000,00,2,1,13,A01
201000013829,0,07,000,13,0,2,01,A01
201000013830,0,07,000,08,0,0,01,A01
201000013831,0,10,000,00,2,3,01,B02
201000013831,0,07,000,00,2,3,13,A01
201000013832,0,07,000,00,2,3,01,A01
201000013832,0,07,000,00,2,3,01,B02
201000013833,0,07,000,00,0,8,01,A01
201000013834,0,10,000,06,0,9,01,A01
201000013835,0,07,000,00,2,1,01,A01
201000013835,0,07,000,00,2,1,01,B02
201000013836,0,33,000,00,1,1,01,A01
201000013837,0,33,000,00,0,1,15,A01
201000013838,0,07,000,00,0,1,01,A01
201000013839,0,07,000,00,0,9,01,C03
201000013839,0,07,000,00,2,1,13,A01
201000013839,0,07,000,00,0,3,01,B02
201000013840,0,07,000,06,0,1,15,A01
201000013841,0,10,000,00,2,1,13,A01
201000013841,0,07,000,00,2,1,01,B02
201000013842,0,07,000,00,0,6,01,A01
201000013842,0,33,000,00,2,1,01,B02
201000013843,0,07,000,02,0,4,21,A01
201000013844,0,02,000,00,2,1,05,A01
201000013844,0,01,000,00,9,1,01,B02
201000013845,0,07,000,00,2,2,15,A01
201000013845,0,33,000,00,2,1,01,B02
201000013846,2,30,000,00,2,3,15,A01
201000013846,0,99,000,00,2,1,21,B02
201000013847,0,07,000,02,0,1,14,A01
201000013848,0,07,000,00,2,2,15,A01
201000013848,0,07,000,00,2,1,01,B02
201000013849,0,07,000,02,0,1,01,A01
201000013850,0,07,000,00,2,1,01,A01
201000013850,0,14,000,00,2,3,01,B02
201000013851,0,07,000,02,0,8,01,A01
201000013852,0,07,000,16,0,9,01,A01
201000013853,0,07,000,00,2,2,21,B02
201000013853,0,30,000,00,0,5,19,A01
201000013854,0,07,000,00,2,8,10,A01
201000013854,0,07,000,00,2,2,01,B02
201000013855,0,07,000,00,2,5,21,A01
201000013855,0,07,000,00,2,3,01,B02
201000013856,0,10,000,00,0,8,01,A01
201000013856,0,07,000,00,9,3,01,C03
201000013857,0,07,000,00,2,3,01,B02
201000013857,0,07,000,00,2,3,13,A01
201000013858,0,07,000,02,0,2,14,A01
201000013859,0,10,000,00,1,4,04,A01
201000013860,0,07,000,00,1,2,01,A01
201000013861,0,10,000,00,2,1,01,B02
201000013861,0,07,000,00,2,2,13,A01
201000013862,0,07,000,00,2,2,15,A01
201000013862,0,33,000,00,2,1,01,B02
201000013863,0,07,000,00,2,1,02,A01
201000013863,0,07,000,00,2,4,02,B02
201000013864,0,07,000,00,2,4,15,B02
201000013864,0,07,000,00,2,1,01,A01
201000013865,0,07,000,00,2,3,01,A01
201000013865,0,31,000,00,0,4,11,B02
201000013866,0,07,000,00,2,6,15,B02
201000013866,0,07,000,00,2,1,17,A01
201000013867,0,36,000,12,2,2,21,A01
201000013867,0,10,000,00,2,2,16,B02
201000013868,0,10,000,00,0,3,19,A01
201000013868,0,07,000,00,0,2,01,B02
201000013869,0,07,000,06,0,1,13,A01
201000013870,0,07,000,00,0,2,15,A01
201000013870,0,07,000,00,2,1,01,B02
201000013871,0,07,000,00,1,1,01,A01
201000013872,0,07,000,00,2,1,01,B02
201000013872,0,07,000,00,2,4,13,A01
201000013873,0,33,000,00,0,1,14,A01
201000013874,0,07,000,00,1,2,01,A01
201000013875,0,07,000,16,0,2,01,A01
201000013876,0,33,000,00,2,1,17,A01
201000013876,0,07,000,00,2,3,19,B02
201000013877,0,07,000,00,2,2,17,B02
201000013877,2,07,000,00,2,3,15,A01
201000013878,0,33,000,00,2,1,01,B02
201000013878,0,07,000,00,2,1,15,A01
201000013879,0,07,000,08,0,1,15,A01
201000013880,0,07,000,00,2,6,01,A01
201000013880,0,07,000,00,2,2,17,B02
201000013881,0,34,000,00,2,7,01,B02
201000013881,0,07,000,00,2,1,15,A01
201000013882,0,07,000,00,0,6,01,B02
201000013882,0,07,000,00,2,2,01,A01
201000013883,0,07,000,10,0,3,01,A01
201000013884,0,07,000,13,2,1,13,A01
201000013884,0,07,000,00,2,7,21,B02
201000013885,0,07,000,00,1,1,01,A01
201000013886,0,07,000,00,2,1,01,C03
201000013886,0,07,000,00,2,1,01,B02
201000013886,0,07,000,00,2,1,13,A01
201000013887,0,07,000,00,1,1,01,A01
201000013888,0,15,000,00,0,6,23,B02
201000013888,0,30,000,01,0,1,01,A01
201000013889,0,10,000,00,2,1,01,A01
201000013889,0,07,000,00,,4,23,B02
201000013890,0,30,000,01,0,1,01,A01
201000013891,0,07,000,00,2,7,15,A01
201000013891,0,30,000,00,,1,05,B02
201000013892,0,33,000,00,2,7,17,A01
201000013892,0,07,000,00,0,6,15,B01
201000013893,0,30,000,00,0,5,01,B01
201000013893,1,07,000,00,2,1,00,Z01
201000013894,0,31,000,00,1,1,01,A01
201000013895,0,07,000,00,0,4,15,B01
201000013895,0,10,000,00,2,1,01,A01
201000013896,0,07,000,00,,7,16,B01
201000013896,0,33,000,00,2,1,01,A01
201000013897,0,07,000,00,0,6,15,B02
201000013897,0,31,000,00,2,1,17,A01
201000013898,0,07,000,00,2,8,11,A01
201000013898,0,31,000,00,,7,01,B01
201000013899,0,07,000,00,,2,01,B01
201000013899,0,07,000,00,2,3,11,A01
201000013900,0,07,000,00,2,3,10,A01
201000013900,0,33,000,00,,1,01,B01
201000013901,0,07,000,00,1,1,01,A01
201000013902,0,07,000,00,2,3,15,A01
201000013902,0,33,000,00,,1,01,B02
201000013903,0,07,000,00,1,1,01,A01
201000013904,0,01,000,00,0,4,01,B02
201000013904,0,07,000,00,2,2,01,A01
201000013905,0,07,000,00,1,2,01,A01
201000013906,0,07,000,00,2,3,15,A01
201000013906,0,01,000,00,0,7,15,B01
201000013907,0,07,000,00,2,1,01,B02
201000013907,0,07,000,00,2,1,13,A01
201000013908,0,07,000,00,2,1,01,B02
201000013908,0,07,000,00,2,1,13,A01
201000013909,0,07,000,00,2,7,15,A01
201000013909,0,33,000,00,2,1,01,B02
201000013910,0,07,000,00,2,8,01,C03
201000013910,0,33,000,00,2,4,17,B02
201000013910,0,33,000,00,2,1,17,A01
201000013911,0,07,000,13,0,9,01,A01
201000013912,0,07,000,08,0,1,01,A01
201000013913,0,33,000,05,2,7,17,A01
201000013914,0,07,000,00,2,1,01,A01
201000013914,0,37,000,00,2,7,19,B02
201000013915,0,07,000,02,0,8,01,A01
201000013916,0,07,000,00,1,4,20,A01
201000013917,0,07,000,02,2,7,21,A01
201000013918,0,33,000,00,2,1,01,B02
201000013918,0,10,000,00,2,3,15,A01
201000013919,0,10,000,00,2,1,00,C03
201000013919,0,33,000,00,2,1,01,B02
201000013919,0,33,000,00,2,1,17,A01
201000013920,0,07,000,06,0,1,13,A01
201000013921,0,37,014,00,2,1,01,B02
201000013921,0,07,000,00,2,8,09,A01
201000013922,0,07,000,00,1,2,01,A01
201000013923,0,07,000,00,2,1,01,C03
201000013923,0,07,000,00,2,4,01,A01
201000013923,0,07,000,00,2,1,01,B02
201000013924,0,07,000,06,2,3,01,A01
201000013925,0,10,000,00,2,7,17,A01
201000013925,0,01,000,00,2,8,01,B02
201000013926,0,36,000,06,0,1,01,A01
201000013927,0,07,000,03,2,1,13,C03
201000013927,0,07,000,00,0,3,01,A01
201000013927,0,14,000,00,0,3,01,B02
201000013928,0,07,000,00,2,1,00,A01
201000013928,0,07,000,00,2,7,16,B02
201000013929,0,07,000,02,0,8,01,A01
201000013930,0,07,000,00,2,1,01,A01
201000013930,0,07,000,00,2,7,13,B02
201000013931,0,07,000,00,2,8,15,A01
201000013931,0,07,000,00,2,1,01,B02
201000013932,0,07,000,13,0,9,01,A01
201000013933,0,07,000,00,2,3,23,C03
201000013933,0,07,000,00,2,1,09,A01
201000013933,0,07,000,00,2,8,01,B02
201000013934,0,31,000,00,0,8,01,B02
201000013934,0,07,000,00,0,3,01,A01
201000013935,0,07,000,00,2,1,01,B02
201000013935,0,07,000,00,2,4,13,A01
201000013936,0,02,000,08,0,1,01,A01
201000013937,0,07,000,00,2,2,15,B02
201000013937,0,33,000,00,2,1,01,A01
201000013938,0,07,000,00,2,2,21,A01
201000013938,0,01,000,00,2,3,09,B02
201000013939,0,33,000,11,2,1,21,A01
201000013940,0,31,000,00,0,0,01,A01
201000013941,0,07,000,02,0,1,01,A01
201000013942,0,07,000,00,2,3,15,A01
201000013942,0,33,000,00,2,1,01,B02
201000013943,0,07,000,00,0,5,00,A01
201000013943,0,02,000,00,0,1,00,B02
201000013944,0,10,000,00,2,3,01,B02
201000013944,0,07,000,00,2,3,13,A01
201000013945,0,10,000,00,2,2,15,A01
201000013945,0,30,000,00,2,1,01,B02
201000013946,0,10,000,00,2,8,21,D04
201000013946,0,10,000,00,2,8,21,C03
201000013946,0,07,000,00,2,1,21,B02
201000013946,0,07,000,00,2,7,21,A01
201000013946,0,07,000,00,2,3,21,E05
201000013947,0,07,000,00,1,2,01,A01
201000013948,0,01,000,00,2,1,01,C03
201000013948,0,01,000,00,2,1,01,B02
201000013948,0,07,000,00,2,2,15,A01
201000013949,0,07,000,00,0,0,00,A01
201000013950,0,07,000,02,0,3,13,A01
201000013951,0,07,000,00,2,7,13,A01
201000013951,0,07,000,00,2,1,01,B02
201000013952,0,07,000,00,2,2,01,B02
201000013952,0,07,000,00,2,1,15,A01
201000013953,0,33,000,00,1,1,01,A01
201000013954,0,33,000,14,0,0,01,A01
201000013955,0,07,000,00,2,3,13,A01
201000013955,0,33,000,00,2,1,01,B02
201000013956,0,07,000,13,0,1,13,A01
201000013957,0,07,000,13,0,3,01,A01
201000013958,0,30,000,00,0,0,15,A01
201000013959,0,33,000,00,0,0,00,A01
201000013960,0,07,000,00,2,2,21,A01
201000013960,0,07,000,00,0,2,15,B02
201000013961,0,07,000,00,2,1,01,A01
201000013961,0,07,000,00,2,1,15,B02
201000013962,0,07,000,00,2,2,01,A01
201000013962,0,01,000,00,2,1,15,B02
201000013963,0,07,000,00,0,7,01,A01
201000013963,0,33,000,00,0,1,01,B02
201000013964,0,07,000,00,0,1,23,C03
201000013964,0,07,000,00,2,6,13,A01
201000013964,0,07,000,00,2,8,01,B02
201000013964,0,07,000,00,0,1,23,D04
201000013965,1,07,000,00,2,0,01,B02
201000013965,0,02,000,00,2,8,01,A01
201000013966,0,07,000,00,2,1,00,B02
201000013966,0,07,000,00,2,1,13,A01
201000013966,0,07,000,00,2,6,00,C03
201000013967,0,07,000,00,2,1,01,B02
201000013967,0,07,000,00,2,8,01,C03
201000013967,0,07,000,16,2,1,13,A01
201000013968,0,07,000,13,0,4,23,B02
201000013968,0,10,000,00,0,0,00,D04
201000013968,0,07,000,00,0,3,23,C03
201000013968,0,07,000,13,1,1,21,A01
201000013969,0,07,000,08,0,3,01,A01
201000013970,0,07,000,00,2,1,01,A01
201000013970,0,07,000,00,2,7,13,B02
201000013971,0,07,000,02,2,1,17,A01
201000013971,0,07,000,00,2,9,01,B02
201000013972,0,07,000,02,0,7,01,A01
201000013973,0,33,000,16,0,7,01,A01
201000013974,0,07,000,06,0,1,13,A01
201000013975,0,33,000,00,2,1,01,B02
201000013975,0,10,000,00,0,5,13,A01
201000013976,0,33,000,00,2,1,01,A01
201000013976,0,07,000,00,2,4,01,B02
201000013977,0,33,000,08,0,8,01,A01
201000013978,0,07,000,00,2,1,05,A01
201000013978,0,07,000,00,2,1,01,B02
201000013979,0,07,000,02,0,7,01,A01
201000013980,0,07,000,00,2,8,01,A01
201000013980,0,07,000,00,2,1,01,B02
201000013981,0,07,000,00,2,2,01,A01
201000013981,0,07,000,00,2,3,01,B02
201000013982,0,07,000,00,2,3,01,B02
201000013982,0,07,000,00,2,2,19,A01
201000013983,0,07,000,08,0,2,14,A01
201000013984,0,31,000,00,0,8,01,A01
201000013985,0,33,000,11,0,1,15,A01
201000013986,0,07,000,00,0,2,01,A01
201000013987,0,07,000,16,0,9,01,A01
201000013988,0,07,000,02,0,8,12,A01
201000013989,0,07,000,00,0,6,01,B02
201000013989,0,33,000,00,2,4,06,A01
201000013990,0,30,000,06,0,1,01,A01
201000013991,0,07,000,00,0,7,01,A01
201000013992,0,34,000,00,0,7,21,A01
201000013993,0,33,000,00,0,8,01,A01
201000013994,0,07,000,02,0,1,05,A01
201000013995,0,07,000,02,0,7,01,A01
201000013996,0,07,000,00,0,4,15,A01
201000013996,0,33,000,00,0,1,01,B02
201000013997,0,33,000,00,0,3,01,A01
201000013998,0,07,000,02,0,1,01,A01
201000013999,0,07,000,00,5,0,21,A04
201000013999,0,10,000,00,2,0,02,C04
201000013999,0,07,000,00,2,3,01,D04
201000013999,0,07,000,14,0,6,02,B04
201000014000,0,33,000,12,0,7,01,A01
201000014001,0,33,000,00,0,7,01,A01
201000014002,0,07,000,16,0,1,13,A01
201000014003,0,07,000,00,2,1,09,A01
201000014003,0,07,000,00,2,4,01,B02
201000014004,0,07,000,00,2,6,01,A01
201000014004,0,07,000,00,2,2,17,C03
201000014004,0,07,000,14,0,3,01,D04
201000014004,0,07,000,14,0,1,01,B02
201000014005,0,02,000,00,0,2,19,B02
201000014005,0,10,000,00,2,3,00,A01
201000014006,0,07,000,00,2,3,01,B02
201000014006,0,07,000,00,2,3,01,C03
201000014006,0,07,000,00,2,3,01,A01
201000014007,0,01,000,00,2,4,01,A01
201000014008,0,31,000,00,0,1,01,A01
201000014009,0,02,000,00,2,1,01,B02
201000014009,0,07,000,00,9,1,01,C03
201000014009,0,07,000,00,9,5,17,A01
201000014010,0,07,000,00,2,5,01,B02
201000014010,0,02,000,00,2,1,01,A01
201000014011,0,33,000,00,2,1,13,A01
201000014011,0,38,055,00,2,3,02,B02
201000014012,0,07,000,06,0,3,01,A01
201000014013,0,33,000,00,2,3,17,A01
201000014013,0,10,000,00,2,8,01,B02
201000014014,0,33,000,00,0,8,01,A01
201000014015,0,07,000,00,2,3,01,B02
201000014015,0,31,000,00,2,1,13,A03
201000014016,0,07,000,00,0,0,01,A01
201000014017,0,30,000,00,2,1,01,B02
201000014017,0,07,000,00,2,2,19,A01
201000014018,0,07,000,00,2,1,13,A01
201000014018,0,07,000,00,2,1,01,B02
201000014018,0,07,000,00,2,1,23,C03
201000014019,0,07,000,16,0,9,01,A01
201000014020,0,07,000,00,2,1,01,A01
201000014020,0,07,000,00,2,1,01,B02
201000014021,0,07,000,02,0,1,14,A01
201000014022,0,07,000,01,1,1,13,A01
201000014023,0,07,000,00,0,1,13,A01
201000014024,0,07,000,00,1,3,01,B02
201000014024,0,10,000,00,2,1,01,C03
201000014024,0,07,000,00,2,1,13,D04
201000014024,0,21,000,00,2,6,01,A01
201000014025,0,10,000,00,0,9,13,A01
201000014026,0,07,000,02,0,1,13,A01
201000014027,0,33,000,00,2,1,01,B02
201000014027,0,07,000,00,0,3,06,A01
201000014028,0,30,000,00,2,1,01,B02
201000014028,0,07,000,00,2,2,16,A01
201000014029,0,37,000,00,1,2,01,A01
201000014030,0,07,000,06,1,1,01,A01
201000014031,0,07,000,00,1,1,01,A01
201000014032,0,07,000,13,0,2,17,A01
201000014033,0,07,000,02,0,1,13,A01
201000014034,0,07,000,02,0,7,01,A01
201000014035,0,30,000,00,2,5,15,A01
201000014035,0,07,000,00,2,2,01,B02
201000014036,0,02,000,00,2,2,21,A01
201000014036,0,07,000,00,2,3,01,B02
201000014037,0,33,000,03,0,8,17,A01
201000014038,0,07,000,00,1,3,00,A01
201000014039,0,33,000,00,2,1,03,A01
201000014039,0,07,000,00,0,5,01,B02
201000014040,0,07,000,00,1,1,01,A01
201000014041,0,07,000,00,1,2,01,A01
201000014042,0,07,000,14,0,9,01,A01
201000014042,0,15,000,00,0,5,00,B02
201000014043,0,07,000,00,2,4,02,A01
201000014043,0,38,001,00,2,1,02,B02
201000014044,0,07,000,00,0,0,01,B02
201000014044,0,07,000,00,0,4,09,A01
201000014045,0,07,000,00,2,7,13,A01
201000014045,0,10,000,00,2,1,01,B02
201000014046,0,07,000,00,2,2,01,B02
201000014046,0,07,000,00,2,3,13,A01
201000014047,0,07,000,02,0,1,13,A01
201000014048,0,07,000,00,2,8,01,A01
201000014048,0,33,000,08,2,1,01,B02
201000014049,0,30,000,00,2,7,09,A01
201000014049,0,30,000,00,2,8,19,B02
201000014050,0,07,000,00,0,1,01,B02
201000014050,0,07,000,00,0,1,05,A01
201000014051,0,10,000,16,0,0,14,A01
201000014052,0,07,000,00,2,2,15,A01
201000014052,0,07,000,00,2,0,01,B02
201000014053,0,31,000,00,0,1,01,B02
201000014053,0,07,000,00,0,8,19,A01
201000014054,0,07,000,00,1,1,01,A01
201000014055,0,07,000,00,0,6,24,C03
201000014055,0,07,000,01,0,2,14,A01
201000014055,0,07,000,00,0,6,23,B02
201000014056,0,07,000,02,0,3,01,A01
201000014057,0,07,000,06,0,9,01,A01
201000014058,0,17,000,00,2,4,23,B02
201000014058,0,07,000,14,0,1,12,A01
201000014059,0,07,000,00,0,3,15,B02
201000014059,0,30,000,00,2,7,17,A01
201000014060,0,07,000,00,2,8,01,B02
201000014060,0,07,000,00,2,3,19,A01
201000014061,0,07,000,00,2,6,01,B02
201000014061,0,33,000,00,2,2,12,A01
201000014062,0,33,000,05,0,0,01,A01
201000014063,0,07,000,14,2,3,01,A01
201000014063,0,07,000,00,2,2,01,B02
201000014064,0,10,000,00,2,4,02,A01
201000014064,0,33,000,00,2,1,02,B02
201000014065,0,10,000,00,0,3,01,B02
201000014065,0,07,000,00,2,3,13,A01
201000014066,0,33,000,00,2,1,17,B02
201000014066,0,07,000,00,2,3,15,A01
201000014067,0,14,000,00,1,0,02,A01
201000014068,0,07,000,00,2,3,00,B02
201000014068,0,07,000,00,2,3,00,A01
201000014069,0,33,000,16,6,1,01,A01
201000014070,0,07,000,00,0,0,01,A01
201000014071,0,07,000,00,0,3,00,A01
201000014071,0,07,000,00,0,3,00,B02
201000014072,0,07,000,08,0,1,19,A01
201000014073,0,07,000,00,2,1,01,A01
201000014073,0,14,000,00,2,4,24,B02
201000014074,0,07,000,00,2,8,15,B02
201000014074,0,30,000,00,2,8,01,A01
201000014075,0,07,000,08,0,1,01,A01
201000014076,0,07,000,00,2,7,21,B02
201000014076,0,10,000,00,2,1,15,A01
201000014077,0,33,000,01,0,1,01,A01
201000014078,0,07,000,00,0,5,19,B02
201000014078,0,33,000,00,2,1,01,A01
201000014079,0,07,000,06,0,7,13,A01
201000014080,0,07,000,00,2,1,01,A01
201000014080,0,07,000,00,2,3,19,B02
201000014081,0,31,000,00,2,1,01,B02
201000014081,0,07,000,00,2,5,10,A01
201000014082,0,07,000,00,2,4,02,A01
201000014082,0,07,000,00,2,1,02,B02
201000014083,0,07,000,14,1,1,02,C03
201000014083,0,07,000,14,0,1,02,B02
201000014083,0,07,000,14,0,3,02,D04
201000014083,0,07,000,04,0,3,02,A01
201000014084,0,07,000,00,0,4,02,C03
201000014084,0,34,000,00,2,4,02,B02
201000014084,0,07,000,00,2,0,01,D04
201000014084,0,07,000,00,2,1,02,A01
201000014085,0,07,000,01,0,1,02,A01
201000014085,0,07,000,01,0,9,23,B02
201000014085,0,07,000,01,0,9,23,D04
201000014085,0,07,000,01,0,9,23,C03
201000014085,0,07,000,00,0,4,23,E05
201000014086,0,10,000,00,2,1,11,A01
201000014086,0,10,000,00,2,1,01,B02
201000014087,0,33,000,00,0,0,01,A01
201000014087,0,07,000,00,0,4,23,B02
201000014087,0,07,000,01,0,1,01,C03
201000014088,0,33,000,09,0,0,01,A01
201000014089,0,10,000,00,2,4,01,B02
201000014089,0,33,000,00,2,1,01,A01
201000014090,0,30,000,00,2,1,16,A01
201000014090,0,14,000,00,0,4,16,B02
201000014091,0,07,000,08,0,8,01,A01
201000014092,0,07,000,00,2,1,01,A01
201000014092,0,33,000,00,2,1,01,B02
201000014093,0,10,000,06,0,1,02,A01
201000014094,0,07,000,00,1,1,01,A01
201000014095,0,32,000,00,6,1,01,A01
201000014096,0,07,000,00,2,8,02,A01
201000014097,0,07,000,00,2,1,01,A01
201000014097,0,07,000,00,2,2,11,B02
201000014098,0,33,000,00,2,1,03,A01
201000014098,0,07,000,00,2,6,13,B02
201000014099,0,02,000,00,2,1,13,A01
201000014099,0,07,000,00,2,3,01,B02
201000014100,0,33,000,00,2,8,01,B02
201000014100,0,07,000,00,0,1,13,A01
201000014101,0,07,000,06,1,2,14,A01
201000014102,0,30,000,00,0,1,00,B02
201000014102,0,07,000,00,0,3,10,A01
201000014103,0,07,000,00,2,2,15,A01
201000014103,0,07,000,00,2,3,01,B02
201000014104,0,33,000,00,2,1,01,A01
201000014105,0,07,000,00,0,1,01,B02
201000014105,0,07,000,00,0,1,13,A01
201000014106,0,02,000,00,0,1,01,B02
201000014106,0,07,000,00,0,3,15,A01
201000014107,0,10,000,00,1,4,04,A01
201000014108,0,33,000,00,1,3,01,A01
201000014109,0,07,000,00,2,4,01,D04
201000014109,0,07,000,00,0,2,12,A01
201000014109,0,33,000,00,2,1,03,C03
201000014109,0,33,000,00,2,1,03,B02
201000014110,0,30,000,00,0,0,01,A01
201000014111,0,07,000,00,1,2,15,A01
201000014112,0,07,000,09,0,0,01,A01
201000014113,0,07,000,00,2,3,16,B02
201000014113,0,34,000,00,2,1,01,A01
201000014114,0,10,000,01,2,3,01,A01
201000014114,0,07,000,00,2,3,01,B02
201000014114,0,07,000,00,2,2,01,C03
201000014115,0,33,000,00,2,1,01,B02
201000014115,0,07,000,00,2,1,13,A01
201000014116,0,07,000,00,9,4,09,A01
201000014116,0,01,000,00,2,4,00,B02
201000014117,0,07,000,00,2,2,16,B02
201000014117,0,31,000,00,2,1,18,A01
201000014118,0,33,000,00,1,1,01,A01
201000014119,0,30,000,00,2,1,13,A01
201000014119,0,07,000,00,2,3,01,B02
201000014120,0,07,000,13,0,0,14,A01
201000014121,0,33,000,00,2,1,17,A01
201000014121,0,07,000,00,2,3,15,B02
201000014122,0,02,000,02,0,8,01,A01
201000014123,0,07,000,00,2,3,01,A01
201000014123,0,30,000,00,2,3,05,B02
201000014124,0,07,000,00,0,4,24,B02
201000014124,0,01,000,01,0,1,02,A01
201000014125,0,07,000,13,0,0,01,A01
201000014126,0,33,000,00,0,1,01,A01
201000014127,0,07,000,13,0,4,02,A01
201000014128,0,10,000,00,2,3,01,B02
201000014128,0,10,000,00,2,3,13,A01
201000014129,0,07,000,02,0,7,13,A01
201000014130,0,07,000,02,0,7,01,A01
201000014131,0,07,000,00,2,1,13,A01
201000014131,0,15,000,00,2,1,01,B02
201000014132,0,33,000,00,0,0,01,A01
201000014133,0,33,000,16,0,0,01,A01
201000014134,0,07,000,00,2,3,13,A01
201000014134,0,10,000,00,2,3,01,B02
201000014135,0,07,000,13,0,9,01,A01
201000014136,0,33,000,06,2,1,13,A01
201000014136,0,07,000,00,2,8,01,B02
201000014137,0,30,000,16,0,8,01,A01
201000014138,0,07,000,00,2,1,01,C03
201000014138,0,33,000,00,2,1,13,B02
201000014138,0,33,000,00,2,1,13,A01
201000014139,0,07,000,00,2,7,15,A01
201000014139,0,30,000,00,2,1,01,B02
201000014140,0,07,000,00,2,3,05,A01
201000014140,0,15,000,00,2,3,01,B02
201000014141,0,07,000,02,0,1,14,A01
201000014142,0,07,000,13,0,3,01,A01
201000014143,0,07,000,13,0,2,14,A01
201000014144,0,33,000,12,0,1,01,A01
201000014145,0,07,000,00,1,2,01,A01
201000014146,0,07,000,02,0,1,01,A01
201000014147,0,07,000,16,0,9,01,A01
201000014148,0,31,000,16,0,1,01,A01
201000014149,0,07,000,06,0,3,01,A01
201000014150,0,07,000,06,0,3,01,A01
201000014151,0,07,000,02,0,1,01,A01
201000014152,0,02,000,00,2,1,01,B02
201000014152,0,07,000,00,2,3,15,A01
201000014153,0,33,000,06,0,3,01,A01
201000014154,0,07,000,00,2,3,13,A01
201000014154,0,07,000,00,2,3,01,B02
201000014155,0,01,000,00,0,8,19,B02
201000014155,0,07,000,00,2,1,01,A01
201000014156,0,07,000,02,0,7,13,A01
201000014157,0,07,000,00,2,1,01,B02
201000014157,0,07,000,00,2,1,13,A01
201000014158,0,07,000,16,0,3,17,A01
201000014159,0,33,000,16,0,2,12,A01
201000014160,0,07,000,00,2,3,15,A01
201000014160,0,02,000,00,2,1,01,B02
201000014161,0,07,000,00,2,0,00,B02
201000014161,0,02,000,00,2,7,19,A01
201000014162,0,33,000,16,0,9,01,A01
201000014163,0,01,000,12,0,7,02,A01
201000014163,1,07,000,00,0,0,17,Z02
201000014164,0,33,000,16,0,8,01,A01
201000014165,0,30,000,00,2,8,15,B02
201000014165,0,07,000,00,2,2,01,A01
201000014166,0,07,000,00,2,3,09,B02
201000014166,0,32,000,00,2,1,01,A01
201000014167,0,07,000,02,0,8,01,A01