Num_Acc,senc,catv,occutc,obs,obsm,choc,manv,num_veh
201000014168,0,07,000,02,0,3,14,A01
201000014169,0,07,000,00,1,5,04,A01
201000014170,0,07,000,00,0,4,02,B02
201000014170,0,07,000,00,2,1,02,A01
201000014171,0,07,000,00,2,1,02,B02
201000014171,0,07,000,00,2,4,23,A01
201000014172,0,07,000,00,0,4,02,B02
201000014172,0,07,000,00,0,1,02,A01
201000014173,0,17,000,00,2,7,09,A01
201000014173,0,07,000,00,2,3,01,B02
201000014174,0,07,000,00,2,1,02,B02
201000014174,0,07,000,14,0,4,01,A01
201000014175,0,07,000,00,2,1,02,B02
201000014175,0,07,000,00,2,4,01,A01
201000014176,0,07,000,00,2,6,15,B02
201000014176,0,32,000,00,2,1,01,A01
201000014177,0,10,000,09,0,9,01,A01
201000014178,0,10,000,00,2,8,01,B02
201000014178,0,10,000,00,2,1,01,A01
201000014179,0,30,000,16,0,0,00,A01
201000014180,0,10,000,08,0,8,00,A01
201000014181,0,33,000,00,2,1,17,A01
201000014181,0,07,000,00,2,3,01,B02
201000014182,1,07,000,,2,1,02,Z02
201000014182,0,10,000,,2,4,01,A01
201000014183,0,07,000,00,2,2,01,A01
201000014183,0,07,000,00,2,3,15,B02
201000014184,0,07,000,00,0,2,17,A01
201000014184,0,07,000,00,0,6,00,B02
201000014185,0,07,000,00,0,1,19,B02
201000014185,0,07,000,00,2,7,01,A01
201000014186,0,30,000,00,2,1,19,B02
201000014186,0,07,000,00,0,5,01,A01
201000014187,0,33,000,00,2,1,02,B02
201000014187,0,07,000,00,2,6,15,A01
201000014188,0,07,000,00,2,2,17,A01
201000014188,0,02,000,00,2,8,01,B02
201000014189,0,07,000,00,0,9,01,A01
201000014190,0,07,000,00,2,1,01,B02
201000014190,0,07,000,00,2,1,13,A01
201000014191,0,07,000,00,0,2,01,A01
201000014192,0,07,000,00,2,1,17,A01
201000014192,0,07,000,00,2,1,01,B02
201000014193,0,33,000,00,0,1,14,A01
201000014194,0,07,000,00,0,1,02,A01
201000014194,0,07,000,00,0,4,01,B02
201000014195,0,07,000,00,2,1,01,A01
201000014195,0,07,000,00,2,2,19,B02
201000014196,0,07,000,00,0,0,00,A01
201000014197,0,07,000,01,0,2,18,A01
201000014198,0,07,000,00,2,7,19,A01
201000014198,0,07,000,00,2,1,01,B02
201000014199,0,33,000,00,0,1,01,A01
201000014200,0,10,000,00,2,1,01,B02
201000014200,0,07,000,00,2,1,13,A01
201000014201,0,07,000,13,0,1,01,A01
201000014202,0,17,000,00,2,3,05,A01
201000014203,0,15,000,00,9,2,24,A01
201000014203,0,01,000,01,0,1,01,B02
201000014204,0,07,000,00,1,3,01,A01
201000014205,0,10,000,00,2,1,01,B02
201000014205,0,07,000,14,0,9,01,C03
201000014205,0,07,000,14,0,3,01,D04
201000014205,0,10,000,00,2,1,13,A01
201000014206,0,07,000,00,2,2,01,A01
201000014206,0,07,000,00,2,3,09,B02
201000014207,0,07,000,00,2,8,01,A01
201000014207,0,33,000,00,2,8,01,B02
201000014208,0,07,000,00,1,2,01,A01
201000014209,0,07,000,00,2,3,19,B02
201000014209,0,07,000,00,2,1,01,A01
201000014210,0,07,000,02,0,8,01,A01
201000014211,0,07,000,00,2,2,01,B02
201000014211,0,07,000,00,2,2,15,A01
201000014212,0,14,000,00,0,7,17,B02
201000014212,0,30,000,00,0,8,01,A01
201000014213,0,07,000,00,0,6,01,B02
201000014213,0,07,000,00,2,1,21,A01
201000014214,0,07,000,00,0,6,23,A01
201000014214,0,07,000,00,2,2,01,B02
201000014215,0,07,000,02,0,8,19,A01
201000014216,0,07,000,00,2,1,01,B02
201000014216,0,07,000,00,2,1,21,A01
201000014217,0,07,000,00,2,5,01,E05
201000014217,0,07,000,00,0,2,01,I09
201000014217,0,07,000,00,0,4,01,H08
201000014217,0,07,000,00,0,2,01,J10
201000014217,0,07,000,00,2,1,12,F06
201000014217,0,07,000,14,0,1,01,G07
201000014217,0,07,000,00,2,4,01,B02
201000014217,0,07,000,00,2,3,21,C03
201000014217,0,07,000,00,2,3,21,D04
201000014217,0,07,000,00,0,3,01,A01
201000014218,0,07,000,00,2,6,23,B02
201000014218,0,30,000,01,0,1,21,A01
201000014219,0,07,000,00,0,8,13,A01
201000014219,0,07,000,00,2,1,02,B02
201000014220,0,07,000,00,1,3,19,A01
201000014221,0,33,000,00,0,8,17,A01
201000014222,0,07,000,00,2,7,13,A01
201000014222,0,07,000,00,2,1,00,B02
201000014223,0,01,000,12,2,8,18,A01
201000014223,0,07,000,00,2,7,01,B02
201000014224,0,07,000,00,9,3,00,A01
201000014224,0,01,000,00,2,1,00,B02
201000014225,0,07,000,00,0,9,00,A01
201000014226,0,07,000,00,2,2,01,C03
201000014226,0,33,000,00,2,1,17,A01
201000014227,0,07,000,13,0,9,13,A01
201000014228,0,07,000,00,1,3,01,A01
201000014229,0,07,000,00,0,2,01,A01
201000014229,0,10,000,00,0,2,01,B02
201000014230,0,39,000,00,2,2,00,B02
201000014230,0,07,000,00,4,5,23,A01
201000014231,0,07,000,00,0,1,02,B02
201000014231,0,07,000,00,0,4,02,A01
201000014232,0,07,000,06,0,1,13,A01
201000014233,0,10,000,02,0,1,01,A01
201000014234,0,01,000,00,2,8,09,B02
201000014234,0,07,000,00,2,2,01,A01
201000014235,0,07,000,00,0,2,23,A01
201000014235,0,07,000,01,0,1,01,B02
201000014236,0,33,000,00,6,1,01,A01
201000014237,0,07,000,13,0,1,00,A01
201000014238,0,07,000,00,2,2,01,A01
201000014238,0,07,000,00,2,3,15,B02
201000014239,0,07,000,00,0,3,10,B02
201000014239,0,33,000,00,2,1,00,A01
201000014240,0,01,000,00,2,8,01,B02
201000014240,0,07,000,00,9,8,13,A01
201000014241,0,07,000,00,2,3,01,A01
201000014241,0,07,000,00,2,2,01,B02
201000014242,0,07,000,00,2,7,01,A01
201000014242,0,30,000,00,2,3,01,B02
201000014243,0,10,000,00,1,3,01,A01
201000014244,0,07,000,00,0,0,00,B02
201000014244,0,02,000,00,2,1,01,A01
201000014245,0,35,000,00,0,1,00,A01
201000014246,0,01,000,00,2,4,01,B02
201000014246,0,07,000,00,2,1,01,A01
201000014247,0,07,000,00,2,3,13,A01
201000014247,0,07,000,00,2,3,01,B02
201000014248,0,07,000,00,0,9,00,A01
201000014249,0,03,000,00,2,2,13,A01
201000014249,0,07,000,00,2,2,21,B02
201000014250,0,07,000,01,2,2,01,B02
201000014250,0,07,000,00,2,1,01,A01
201000014251,0,33,000,00,6,1,01,A01
201000014252,0,07,000,00,0,9,00,A01
201000014253,0,07,000,00,1,2,03,A01
201000014254,0,07,000,00,6,9,01,A01
201000014255,0,07,000,00,1,2,01,A01
201000014256,0,07,000,02,0,9,01,A01
201000014257,0,07,000,00,2,1,02,A01
201000014257,0,07,000,00,2,4,02,B02
201000014258,0,07,000,00,1,2,19,A01
201000014259,0,07,000,00,2,2,01,A01
201000014259,0,07,000,00,2,7,05,B02
201000014260,0,10,000,02,0,2,01,A01
201000014261,0,07,000,00,2,7,13,A01
201000014261,0,07,000,00,2,1,01,B02
201000014262,0,07,000,00,2,5,19,A01
201000014262,0,15,000,00,2,1,01,B02
201000014263,0,07,000,00,2,3,01,A01
201000014263,0,07,000,00,2,3,01,C03
201000014263,0,07,000,00,2,3,01,B02
201000014264,0,01,000,00,0,6,02,B02
201000014264,0,10,000,00,2,2,02,A01
201000014265,0,07,000,00,2,7,15,A01
201000014265,0,33,000,00,2,1,01,B02
201000014266,0,07,000,00,0,6,09,B02
201000014266,0,07,000,00,0,1,01,A01
201000014267,0,99,000,00,0,1,01,B02
201000014267,0,07,000,00,0,3,19,A01
201000014268,0,07,000,00,2,8,01,B02
201000014268,0,07,000,00,2,5,17,A01
201000014269,0,07,000,00,2,3,13,A01
201000014269,0,07,000,00,2,3,01,B02
201000014270,0,07,000,00,0,1,01,A01
201000014271,0,13,000,00,2,1,01,B02
201000014271,0,01,000,00,2,4,15,A01
201000014272,0,07,000,00,2,2,17,A01
201000014272,0,07,000,00,1,6,13,B02
201000014273,0,15,000,00,0,4,02,D04
201000014273,0,07,000,00,2,1,02,C03
201000014273,0,10,000,14,2,4,02,B02
201000014273,0,07,000,14,0,4,02,A01
201000014274,0,07,000,00,2,8,15,A01
201000014274,0,30,000,00,2,7,17,B02
201000014275,0,07,000,00,1,2,01,A01
201000014276,0,07,000,00,2,0,00,B02
201000014276,0,07,000,00,2,7,00,A01
201000014277,0,07,000,00,2,7,09,A01
201000014277,0,07,000,00,2,1,01,B02
201000014278,0,33,000,00,2,1,01,B02
201000014278,0,07,000,00,2,2,01,A01
201000014279,0,07,000,00,2,8,01,B02
201000014279,0,07,000,00,2,1,09,A01
201000014280,0,07,000,00,2,2,01,A01
201000014280,0,07,000,00,2,1,01,B02
201000014281,0,30,000,00,2,4,01,B02
201000014281,0,07,000,00,2,1,01,A01
201000014282,0,33,000,00,2,1,01,B02
201000014282,0,03,000,00,2,7,19,A01
201000014283,0,02,000,00,2,4,01,B02
201000014283,0,07,000,00,2,1,01,A01
201000014284,0,07,000,00,2,3,00,A01
201000014284,0,17,000,00,2,3,00,B02
201000014284,0,17,000,00,0,0,00,C03
201000014285,0,07,000,00,2,7,15,A01
201000014285,0,30,000,00,2,1,01,B02
201000014286,0,33,000,00,2,1,01,A01
201000014287,0,07,000,02,2,9,17,A01
201000014287,0,07,000,00,0,8,15,B02
201000014288,0,07,000,00,0,3,15,B02
201000014288,0,33,000,00,2,2,17,A01
201000014289,0,07,000,00,2,1,01,B02
201000014289,0,07,000,00,2,1,01,C03
201000014289,0,07,000,00,2,1,01,A01
201000014290,0,07,000,00,2,8,01,B02
201000014290,0,07,000,00,0,3,13,A01
201000014291,0,07,000,00,0,9,01,A01
201000014292,0,01,000,00,0,4,02,B02
201000014292,0,07,000,00,2,2,02,A01
201000014293,0,07,000,00,2,2,01,A01
201000014293,0,07,000,00,2,3,19,B02
201000014294,0,33,000,00,0,1,01,A01
201000014295,0,07,000,00,2,1,01,B02
201000014295,0,07,000,00,2,3,19,A01
201000014296,0,30,000,00,2,1,00,A01
201000014297,0,07,000,00,0,2,01,A01
201000014298,0,07,000,13,0,2,16,A01
201000014299,0,33,000,08,2,1,01,B02
201000014299,0,07,000,00,2,1,01,A01
201000014300,0,33,000,00,6,1,01,A01
201000014301,0,07,000,00,2,1,01,C03
201000014301,0,07,000,00,2,3,13,A01
201000014301,0,07,000,00,2,3,01,B02
201000014302,0,07,000,00,2,1,01,A01
201000014302,0,07,000,00,2,3,16,B02
201000014303,0,07,000,13,0,1,00,A01
201000014304,0,07,000,00,2,3,01,B02
201000014304,0,07,000,00,2,1,19,A01
201000014305,0,33,000,02,0,1,01,A01
201000014306,0,07,000,02,0,7,13,A01
201000014307,0,07,000,00,2,1,01,A01
201000014307,0,07,000,00,2,2,15,B02
201000014308,0,14,000,00,0,0,01,A01
201000014309,0,07,000,00,2,3,15,A01
201000014309,0,30,000,00,2,8,01,B02
201000014310,0,07,000,02,0,7,01,A01
201000014311,0,07,000,00,2,1,01,C03
201000014311,0,07,000,00,2,3,17,A01
201000014311,0,07,000,00,2,3,01,B02
201000014312,0,07,000,00,2,7,19,B02
201000014312,0,37,001,00,2,7,19,A01
201000014313,0,07,000,01,2,7,18,A01
201000014313,0,33,000,00,2,8,01,B02
201000014314,0,10,000,02,0,9,01,A01
201000014315,0,07,000,00,2,4,13,A01
201000014315,0,07,000,00,2,1,01,B02
201000014316,0,30,000,00,2,1,01,B02
201000014317,0,33,000,12,0,1,14,A01
201000014318,0,33,000,00,2,1,01,A01
201000014318,0,07,000,00,2,7,15,B02
201000014319,0,07,000,00,2,7,15,B02
201000014319,0,07,000,00,2,2,01,A01
201000014320,0,14,000,00,0,3,01,A01
201000014321,0,07,000,00,2,2,15,A01
201000014321,0,30,000,00,2,1,01,B02
201000014322,0,07,000,08,0,2,01,A01
201000014323,0,07,000,00,2,6,23,B02
201000014323,0,33,000,00,2,1,01,A01
201000014324,0,32,000,00,2,1,01,A01
201000014324,0,07,000,00,2,2,01,B02
201000014325,0,07,000,00,2,1,01,A01
201000014325,0,10,000,00,2,6,24,D04
201000014325,0,07,000,00,2,4,01,B02
201000014325,0,10,000,01,0,1,01,C03
201000014326,0,07,000,04,0,3,14,A01
201000014327,0,31,000,00,0,2,01,A01
201000014328,0,07,000,00,2,3,01,B02
201000014328,0,10,000,00,2,1,01,A01
201000014329,0,33,000,12,0,1,01,A01
201000014330,0,07,000,00,0,2,14,A01
201000014331,0,07,000,08,0,1,12,A01
201000014332,0,07,000,00,2,3,01,B02
201000014332,0,33,000,00,2,1,01,A01
201000014333,0,07,000,00,0,7,01,A01
201000014334,0,07,000,00,2,3,21,B02
201000014334,0,33,000,00,2,1,17,A01
201000014335,0,03,000,02,0,3,13,A01
201000014336,0,15,000,00,2,1,01,B02
201000014336,0,07,000,00,2,1,05,A01
201000014337,0,07,000,00,2,1,01,B02
201000014337,0,37,001,00,2,7,19,A01
201000014338,0,07,000,00,2,7,01,B02
201000014338,0,07,000,00,2,3,19,A01
201000014339,0,10,000,13,0,1,01,A01
201000014340,0,15,000,00,2,1,21,A01
201000014340,0,10,000,00,2,1,21,B02
201000014341,0,07,000,00,2,1,00,B02
201000014341,0,07,000,00,2,1,05,A01
201000014342,1,17,000,,2,8,13,A01
201000014342,0,07,000,,2,3,02,A02
201000014343,0,07,000,00,1,2,02,A01
201000014344,0,07,000,13,0,0,02,A01
201000014345,0,31,000,00,2,1,01,A01
201000014345,0,07,000,00,0,7,19,B02
201000014346,0,07,000,00,2,2,05,A01
201000014346,0,07,000,00,2,3,01,B02
201000014347,0,15,000,00,2,1,00,B02
201000014347,0,07,000,00,2,3,13,A01
201000014348,0,07,000,08,0,5,01,A01
201000014349,0,07,000,13,0,1,13,A01
201000014350,0,07,000,00,2,1,13,A01
201000014350,0,17,000,00,2,1,01,B02
201000014351,0,07,000,00,2,8,01,A01
201000014351,2,30,000,00,2,8,01,B02
201000014352,0,07,000,00,2,1,01,A01
201000014352,0,07,000,06,2,3,19,B02
201000014353,0,07,000,00,2,8,01,A01
201000014353,0,15,000,00,2,1,01,B02
201000014354,0,07,000,00,1,2,21,A01
201000014355,0,07,000,02,0,1,19,A01
201000014356,0,01,000,00,2,1,13,B02
201000014356,0,14,000,00,2,4,04,A01
201000014357,0,07,000,02,0,8,01,A01
201000014358,0,35,000,00,0,1,01,A01
201000014359,0,14,000,00,2,1,01,B02
201000014359,0,07,000,00,2,7,01,A01
201000014360,0,07,000,00,2,1,01,A01
201000014360,0,02,000,00,2,7,19,B02
201000014361,0,07,000,16,0,1,13,A01
201000014362,0,07,000,13,0,1,01,A01
201000014363,0,14,000,00,2,1,00,B02
201000014363,0,33,000,00,2,7,19,A01
201000014364,0,07,000,02,0,7,01,A01
201000014365,0,07,000,00,2,3,00,A02
201000014365,0,07,000,00,2,2,19,A01
201000014366,0,07,000,13,0,1,01,A01
201000014367,0,33,000,00,2,1,01,B02
201000014367,0,10,000,00,2,2,15,A01
201000014368,0,07,000,13,0,9,17,A01
201000014369,0,07,000,16,0,9,17,A01
201000014370,0,02,000,00,2,3,13,A01
201000014370,0,15,000,00,2,3,01,B02
201000014371,0,07,000,08,0,2,01,A01
201000014372,0,07,000,00,2,3,15,B02
201000014372,0,07,000,00,2,2,17,A01
201000014373,0,07,000,08,0,4,01,A01
201000014374,0,21,000,00,2,2,15,A01
201000014374,0,07,000,00,2,1,01,B02
201000014375,0,07,000,02,0,7,01,A01
201000014376,0,07,000,00,2,3,01,B02
201000014376,0,30,000,00,2,1,01,A01
201000014377,0,07,000,00,1,2,01,A01
201000014378,0,07,000,00,2,2,17,A01
201000014378,0,07,000,00,2,8,15,B02
201000014379,0,30,000,00,1,3,01,A01
201000014380,0,07,000,00,2,3,01,B02
201000014380,0,07,000,00,2,3,13,A01
201000014381,0,10,000,00,2,2,01,B02
201000014381,0,02,000,00,2,1,15,A01
201000014382,0,07,000,00,2,3,05,B02
201000014382,0,07,000,00,2,3,17,A01
201000014382,0,15,000,00,0,6,01,C03
201000014383,0,07,000,00,1,2,01,A01
201000014384,0,07,000,13,0,7,01,A01
201000014385,0,07,000,15,0,1,13,A01
201000014386,0,07,000,15,0,2,01,A01
201000014387,0,02,000,02,2,3,21,A01
201000014387,0,07,000,00,2,2,20,B02
201000014388,0,07,000,00,2,2,15,A01
201000014388,0,33,000,00,2,1,01,B02
201000014389,0,07,000,00,2,2,02,A01
201000014389,0,30,000,02,0,4,13,B02
201000014390,0,07,000,00,1,3,01,A01
201000014391,0,36,000,02,0,2,14,A01
201000014392,0,07,000,00,0,4,15,B02
201000014392,0,30,000,00,2,1,02,A01
201000014393,0,07,000,13,6,9,21,A01
201000014394,0,07,000,00,2,8,15,B02
201000014394,0,33,000,00,2,1,17,A01
201000014395,0,07,000,00,2,7,01,A01
201000014395,0,33,000,00,2,1,01,B02
201000014396,0,07,000,00,2,6,15,B02
201000014396,0,33,000,00,2,1,01,A01
201000014397,0,07,000,02,0,7,01,A01
201000014398,0,07,000,00,2,3,01,B01
201000014398,0,07,000,00,2,3,13,A01
201000014399,0,10,000,00,2,3,01,A01
201000014399,0,10,000,06,2,7,01,B02
201000014400,0,07,000,00,2,1,01,B02
201000014400,0,07,000,00,2,1,13,A01
201000014401,0,07,000,00,2,1,01,B02
201000014401,0,07,000,00,2,1,13,A01
201000014402,0,33,000,14,0,8,01,A01
201000014403,0,07,000,00,2,3,01,B02
201000014403,0,07,000,00,2,8,15,A01
201000014404,0,10,000,00,2,3,01,A01
201000014404,0,10,000,00,2,2,01,B02
201000014404,0,07,000,00,2,3,23,C03
201000014405,0,10,000,02,0,3,01,A01
201000014406,0,07,000,06,0,7,01,A01
201000014407,0,33,000,03,0,2,01,A01
201000014408,0,33,000,13,0,1,01,A01
201000014409,0,07,000,00,0,6,15,B02
201000014409,0,31,000,00,2,1,17,A01
201000014410,0,01,000,14,0,1,01,A01
201000014411,0,07,000,00,2,1,01,B02
201000014411,0,07,000,00,0,7,01,A01
201000014412,0,02,000,00,2,1,01,B02
201000014412,0,13,000,00,2,5,15,A01
201000014413,0,07,000,00,1,7,15,A01
201000014414,0,07,000,00,2,3,01,A01
201000014414,0,10,000,00,2,2,01,B02
201000014415,0,07,000,00,2,3,01,C03
201000014415,0,10,000,00,2,3,01,B02
201000014415,0,07,000,00,2,3,13,A01
201000014416,0,33,000,00,2,1,01,B02
201000014416,0,07,000,00,2,3,09,A01
201000014417,0,07,000,00,2,1,01,B02
201000014417,0,07,000,00,0,7,01,A01
201000014418,0,07,000,00,2,1,01,C03
201000014418,0,07,000,03,2,3,01,B02
201000014418,0,07,000,00,2,1,13,A01
201000014419,0,07,000,06,0,3,01,A01
201000014420,0,07,000,08,0,7,01,A01
201000014421,0,07,000,00,2,1,01,A01
201000014421,0,07,000,00,2,1,01,B02
201000014422,0,33,000,00,2,1,01,B02
201000014422,0,07,000,00,2,7,15,A01
201000014423,0,31,000,16,0,1,01,A01
201000014424,0,07,000,06,0,2,01,A01
201000014425,0,07,000,00,2,1,17,A01
201000014425,0,10,000,00,2,1,01,B02
201000014426,0,17,000,00,2,2,01,B02
201000014426,0,07,000,00,2,3,16,A01
201000014427,0,01,000,00,0,4,01,B02
201000014427,0,07,000,00,2,2,02,A01
201000014428,0,33,000,13,0,1,01,A01
201000014429,0,33,000,00,2,8,01,C03
201000014429,0,07,000,00,2,2,21,A01
201000014429,0,07,000,00,2,2,15,B02
201000014430,0,07,000,00,2,1,01,A01
201000014430,0,01,000,00,0,4,15,B02
201000014431,0,07,000,00,2,2,15,A01
201000014431,0,30,000,00,2,3,01,B02
201000014432,0,02,000,00,2,1,01,A01
201000014432,0,07,000,00,2,5,15,B02
201000014433,0,07,000,15,0,1,01,A01
201000014434,0,07,000,02,0,2,01,A01
201000014435,0,07,000,00,2,1,15,A01
201000014435,0,07,000,00,2,1,01,B02
201000014436,0,07,000,00,1,3,01,A01
201000014437,0,02,000,00,2,1,01,B02
201000014437,0,07,000,00,2,8,15,A01
201000014438,0,02,000,00,2,1,01,A01
201000014438,0,07,000,00,2,2,01,B02
201000014439,0,02,000,09,0,1,01,A01
201000014440,0,07,000,00,2,1,17,A01
201000014440,0,07,000,00,2,2,01,B02
201000014441,0,07,000,00,2,1,13,A01
201000014441,0,07,000,00,2,1,01,B02
201000014442,0,02,000,00,2,1,01,B02
201000014442,0,07,000,00,2,3,15,A01
201000014443,0,07,000,00,0,4,23,B02
201000014443,0,07,000,00,2,1,02,A01
201000014444,0,07,000,02,0,2,13,A01
201000014445,0,15,000,00,2,1,01,B02
201000014445,0,07,000,00,0,7,10,A01
201000014446,0,37,030,00,1,2,01,A01
201000014447,0,07,000,00,1,3,01,A01
201000014448,0,07,000,00,2,3,01,A01
201000014448,0,33,000,00,0,7,01,B02
201000014449,0,33,000,00,2,1,13,A01
201000014449,0,17,000,00,0,8,01,B02
201000014450,0,07,000,02,0,7,01,A01
201000014451,0,10,000,00,2,1,01,B02
201000014451,0,14,000,00,2,7,01,A01
201000014452,0,07,000,08,0,2,14,A01
201000014453,0,07,000,04,0,3,01,A01
201000014454,0,07,000,02,0,3,01,A01
201000014455,0,31,000,12,0,1,01,A01
201000014456,0,07,000,00,2,7,15,A01
201000014456,0,02,000,00,2,1,01,B02
201000014457,0,07,000,08,0,1,01,A01
201000014458,0,07,000,00,2,1,01,B02
201000014458,0,07,000,00,2,1,13,A01
201000014459,0,07,000,02,0,7,01,A01
201000014460,0,02,000,00,2,1,01,B02
201000014460,0,07,000,00,2,3,15,A01
201000014461,0,07,000,00,2,1,02,A01
201000014461,0,31,000,00,0,4,01,B02
201000014462,0,07,000,13,0,1,01,A01
201000014463,0,07,000,00,2,3,13,A01
201000014463,0,07,000,00,2,3,01,B02
201000014464,0,33,000,02,0,1,01,A01
201000014465,0,07,000,08,0,1,21,A01
201000014466,0,07,000,00,2,2,13,A01
201000014466,0,07,000,00,2,1,01,B02
201000014467,0,07,000,03,0,2,01,A01
201000014468,0,07,000,00,2,2,01,B02
201000014468,0,07,000,00,2,1,13,A01
201000014469,0,10,000,00,2,2,01,B02
201000014469,0,10,000,00,2,3,01,A01
201000014470,0,07,000,11,0,1,01,A01
201000014471,0,07,000,00,2,5,21,B02
201000014471,0,07,000,00,2,7,13,A01
201000014472,0,07,000,00,2,1,17,A01
201000014472,0,07,000,00,2,1,01,B02
201000014473,0,07,000,02,0,1,13,A01
201000014474,0,03,000,00,2,7,01,A01
201000014474,0,07,000,00,2,1,01,B02
201000014475,0,07,000,00,2,3,13,A01
201000014475,0,07,000,00,2,3,21,B02
201000014476,0,30,000,00,2,1,15,A01
201000014476,0,17,000,00,2,2,01,B02
201000014477,0,07,000,00,2,1,23,C03
201000014477,0,10,000,00,2,2,15,A01
201000014477,0,07,000,00,2,3,01,B02
201000014478,0,07,000,08,0,9,17,A01
201000014479,0,07,000,12,2,1,13,A01
201000014479,0,15,000,00,2,2,01,B02
201000014480,0,07,000,00,0,5,15,B02
201000014480,0,02,000,00,2,1,01,A01
201000014481,0,07,000,00,1,1,01,A01
201000014482,0,07,000,08,0,3,01,A01
201000014483,0,07,000,00,1,1,01,A01
201000014484,0,07,000,13,0,3,01,A01
201000014485,0,07,000,13,0,1,01,A01
201000014486,0,07,000,13,0,1,01,A01
201000014487,0,07,000,06,0,2,14,A01
201000014488,0,07,000,00,2,1,01,B02
201000014488,0,07,000,00,2,1,21,A01
201000014489,0,33,000,00,2,1,01,B02
201000014489,0,07,000,00,2,3,15,A01
201000014490,0,31,000,00,0,1,15,A01
201000014491,0,07,000,00,2,3,01,A01
201000014491,2,07,000,00,2,2,01,B02
201000014492,0,07,000,15,0,2,01,A01
201000014493,0,07,000,00,2,3,13,A01
201000014493,0,07,000,00,2,3,01,B02
201000014494,0,07,000,06,0,2,01,A01
201000014495,0,33,000,00,2,1,01,B02
201000014495,0,07,000,00,0,8,15,A01
201000014496,0,30,000,00,0,8,15,A01
201000014496,0,07,000,00,2,2,17,B02
201000014497,0,10,000,16,0,9,01,A01
201000014498,0,03,000,00,2,1,01,B02
201000014498,0,07,000,00,2,1,15,A01
201000014499,0,07,000,00,2,1,13,B02
201000014499,0,17,000,00,2,1,01,A01
201000014500,0,07,000,00,2,7,15,A01
201000014500,0,02,000,00,2,1,01,B02
201000014501,0,07,000,03,2,7,13,A01
201000014501,0,10,000,03,2,1,01,B02
201000014502,0,33,000,13,0,7,01,A01
201000014503,0,07,000,08,0,7,01,A01
201000014504,0,07,000,06,0,1,01,A01
201000014505,0,07,000,01,2,1,01,A01
201000014505,0,30,000,00,0,4,01,B02
201000014505,0,07,000,00,0,4,01,C04
201000014506,0,10,000,02,0,1,01,A01
201000014507,0,07,000,13,0,1,01,A01
201000014508,0,07,000,16,0,9,17,A01
201000014509,0,07,000,08,0,3,01,A01
201000014510,0,07,000,00,0,4,15,B02
201000014510,0,33,000,00,2,1,17,A01
201000014511,0,07,000,00,2,1,15,B02
201000014511,0,07,000,00,2,1,01,A01
201000014512,0,07,000,08,0,1,17,A01
201000014513,0,07,000,00,2,2,02,A01
201000014513,0,01,000,00,0,4,01,B02
201000014514,0,07,000,00,2,1,01,B02
201000014514,0,07,000,00,2,8,13,A01
201000014515,0,07,000,00,0,4,23,B02
201000014515,0,30,000,00,2,1,01,A01
201000014516,0,10,000,07,2,1,01,B02
201000014516,0,07,000,07,0,7,15,A01
201000014517,0,01,000,00,2,6,01,A01
201000014517,1,07,000,00,2,2,02,Z02
201000014518,0,30,000,00,2,1,01,B02
201000014518,0,07,000,00,2,3,01,A01
201000014519,0,02,000,00,2,1,17,A01
201000014519,0,07,000,00,2,8,15,B02
201000014520,0,07,000,00,2,5,13,A01
201000014520,0,07,000,00,2,1,01,B02
201000014521,0,07,000,08,2,3,10,A01
201000014521,0,07,000,00,2,2,01,B02
201000014522,0,33,000,02,0,1,14,A01
201000014523,0,07,000,13,0,3,01,A01
201000014524,0,10,000,00,2,1,01,B02
201000014524,0,30,000,00,2,7,01,A01
201000014525,0,07,000,16,0,9,01,A01
201000014526,0,07,000,00,1,2,01,A01
201000014527,0,33,000,02,0,1,13,A01
201000014528,0,07,000,06,0,1,01,A01
201000014529,0,07,000,07,0,1,01,A01
201000014530,0,07,000,13,0,9,01,A01
201000014531,0,07,000,00,2,3,01,B02
201000014531,0,30,000,00,2,1,13,A01
201000014532,0,07,000,16,0,9,14,A01
201000014533,0,07,000,00,1,2,01,A01
201000014534,0,07,000,01,0,8,01,A01
201000014535,0,07,000,02,0,8,01,A01
201000014536,0,14,000,00,2,3,01,B02
201000014536,0,07,000,00,2,1,17,A01
201000014537,0,37,001,00,2,3,01,B02
201000014537,0,07,000,00,2,3,13,A01
201000014538,0,33,000,04,0,2,15,A01
201000014539,0,33,000,12,0,4,01,A01
201000014540,0,07,000,15,0,3,17,A01
201000014541,0,33,000,00,2,1,01,B02
201000014541,0,07,000,00,0,4,21,A01
201000014541,0,21,000,00,2,3,01,C03
201000014542,0,07,000,00,1,1,15,A01
201000014543,0,31,000,14,0,1,01,A01
201000014544,0,07,000,00,2,3,13,A01
201000014544,0,07,000,00,2,3,01,B02
201000014545,0,07,000,00,2,2,01,B02
201000014545,0,07,000,00,2,3,01,A01
201000014546,0,10,000,00,2,1,15,A01
201000014546,0,33,000,00,2,3,01,B02
201000014547,0,07,000,16,0,9,01,A01
201000014548,0,07,000,00,2,8,01,A01
201000014548,0,33,000,00,2,1,17,B02
201000014549,0,07,000,08,2,3,01,B02
201000014549,0,10,000,00,2,3,13,A01
201000014550,0,07,000,00,1,3,01,A01
201000014551,0,02,000,00,2,3,01,B02
201000014551,0,07,000,00,2,3,15,A01
201000014552,0,07,000,16,0,9,14,A01