Num_Acc,senc,catv,occutc,obs,obsm,choc,manv,num_veh
201000016066,0,07,000,00,2,8,15,A01
201000016066,0,30,000,00,2,1,17,B01
201000016067,0,07,000,00,2,1,01,B01
201000016067,0,07,000,00,2,2,15,A01
201000016068,0,07,000,00,1,4,04,A01
201000016069,0,07,000,00,1,3,01,A01
201000016070,0,07,000,00,2,1,01,A01
201000016070,0,31,000,00,2,7,01,B01
201000016071,0,07,000,06,0,1,14,A01
201000016072,0,07,000,00,2,8,00,A01
201000016072,0,10,000,00,0,0,00,B01
201000016073,0,30,000,00,0,7,01,B01
201000016073,0,07,000,00,2,1,00,A01
201000016074,0,07,000,00,1,4,23,B01
201000016074,0,07,000,00,2,1,01,A01
201000016075,0,07,000,00,1,1,01,A01
201000016076,0,30,000,00,2,1,17,A01
201000016076,0,07,000,00,2,1,15,B01
201000016077,0,07,000,00,1,1,01,A01
201000016078,0,33,000,02,0,1,00,A01
201000016079,0,33,000,00,0,0,00,A01
201000016080,0,30,000,00,0,0,21,A01
201000016081,0,02,000,00,0,0,00,A01
201000016082,1,07,000,00,2,0,00,Z01
201000016082,0,30,000,00,2,0,00,A01
201000016083,0,07,000,00,0,8,23,B01
201000016083,0,02,000,00,2,0,14,A01
201000016084,0,07,000,00,2,3,09,A01
201000016084,0,31,000,00,2,1,01,B01
201000016085,0,02,000,00,2,1,17,A01
201000016085,0,10,000,00,2,8,15,B01
201000016086,0,03,000,08,0,1,14,A01
201000016087,0,07,000,00,1,1,01,A01
201000016088,1,07,000,00,2,0,00,Z01
201000016088,0,33,000,00,2,1,00,A01
201000016089,0,07,000,00,1,1,01,A01
201000016090,0,07,000,00,2,1,15,A01
201000016090,0,30,000,00,2,8,01,B01
201000016091,0,07,000,00,2,3,01,B01
201000016091,0,02,000,00,2,1,13,A01
201000016092,0,07,000,10,0,2,14,A01
201000016093,0,07,000,06,0,1,00,A01
201000016094,0,07,000,00,2,1,01,A01
201000016094,0,10,000,00,2,1,01,B01
201000016095,0,32,000,00,2,1,01,B01
201000016095,0,07,000,00,0,2,15,A01
201000016096,0,32,000,00,2,1,01,B01
201000016096,0,07,000,00,0,1,15,A01
201000016097,0,33,000,00,2,1,01,B01
201000016097,0,07,000,00,0,2,15,A01
201000016098,0,30,000,00,0,0,01,B01
201000016098,0,07,000,00,0,0,15,A01
201000016099,0,07,000,00,1,7,01,A01
201000016100,0,30,000,12,0,0,13,A01
201000016101,0,30,000,00,1,1,01,A01
201000016102,0,07,000,00,1,1,01,A01
201000016103,0,07,000,00,1,2,01,A01
201000016104,0,07,000,00,2,0,11,A01
201000016104,0,32,000,00,0,7,01,B01
201000016105,0,02,000,00,2,1,01,A01
201000016105,0,32,000,00,0,4,23,B01
201000016106,0,07,000,00,1,2,01,A01
201000016107,0,30,000,00,1,1,01,A01
201000016108,0,14,000,00,2,3,13,A01
201000016108,0,38,021,00,0,8,01,B01
201000016109,1,10,000,00,2,7,17,Z01
201000016109,0,32,000,01,0,8,01,A01
201000016110,0,07,000,05,0,3,01,A01
201000016111,0,33,000,00,2,1,01,B01
201000016111,0,07,000,00,0,7,15,A01
201000016112,0,07,000,00,2,3,13,A01
201000016112,0,07,000,00,0,3,01,B01
201000016113,0,30,000,00,2,1,01,A01
201000016113,0,32,000,00,0,7,15,B01
201000016114,0,07,000,00,1,1,01,A01
201000016115,0,32,000,12,0,1,14,A01
201000016116,0,32,000,01,0,8,13,A01
201000016117,0,10,000,00,0,8,01,B01
201000016117,0,33,000,00,2,3,17,A01
201000016118,0,02,000,00,2,1,01,B01
201000016118,0,07,000,00,0,8,20,A01
201000016119,0,32,000,00,2,1,01,B01
201000016119,0,01,000,00,0,8,16,A01
201000016120,0,31,000,00,2,1,13,A01
201000016120,0,07,000,00,2,3,01,B01
201000016121,0,07,000,00,2,1,13,A01
201000016121,0,07,000,00,2,3,01,B01
201000016122,0,10,000,00,0,8,15,A01
201000016122,0,30,000,00,2,0,17,B01
201000016123,0,32,000,00,0,1,13,A01
201000016123,0,34,000,00,2,1,01,B01
201000016124,0,33,000,00,0,4,23,B01
201000016124,0,07,000,00,2,1,01,A01
201000016125,0,01,000,00,1,1,01,A01
201000016126,0,33,000,06,0,7,01,A01
201000016127,0,07,000,00,2,1,01,A01
201000016127,0,14,000,00,0,6,23,B01
201000016128,0,07,000,00,0,8,15,B01
201000016128,0,33,000,00,2,1,17,A01
201000016129,0,31,000,00,2,1,01,B01
201000016129,0,07,000,00,0,1,23,C01
201000016129,0,07,000,00,0,2,15,A01
201000016130,0,30,000,00,2,1,01,A01
201000016130,0,07,000,00,0,4,23,B01
201000016131,0,07,000,00,0,8,15,B01
201000016131,0,33,000,00,2,2,17,A01
201000016132,0,32,000,00,0,0,01,A01
201000016132,0,38,001,00,0,7,01,B01
201000016133,0,31,000,00,2,1,01,B01
201000016133,0,07,000,00,0,8,01,A01
201000016134,1,07,000,00,2,3,13,Z01
201000016134,0,01,000,00,0,1,01,A01
201000016135,0,07,000,00,0,7,15,A01
201000016135,0,32,000,00,2,1,01,B01
201000016136,0,02,000,15,0,1,01,A01
201000016136,1,07,000,00,0,0,15,Z01
201000016137,0,02,000,00,0,1,01,B01
201000016137,0,30,000,00,2,1,17,A01
201000016138,0,30,000,00,0,0,01,A01
201000016138,1,07,000,00,0,0,11,Z01
201000016139,0,07,000,00,2,1,15,A01
201000016139,0,02,000,00,0,1,01,B01
201000016140,0,33,000,09,0,0,17,A01
201000016140,0,07,000,00,0,0,02,B01
201000016141,0,30,000,00,2,1,01,B01
201000016141,0,33,000,00,0,1,13,A01
201000016142,0,30,000,01,0,1,01,A01
201000016142,0,07,000,00,0,0,01,B01
201000016143,0,32,000,00,2,1,17,A01
201000016143,0,07,000,00,0,8,15,B01
201000016144,0,07,000,00,2,3,13,A01
201000016144,0,07,000,00,0,3,01,B01
201000016145,0,07,000,00,1,3,15,A01
201000016146,0,07,000,09,0,2,14,A01
201000016146,0,31,000,01,2,1,01,B01
201000016147,0,07,000,00,2,1,01,A01
201000016147,0,07,000,00,0,8,15,B01
201000016148,0,07,000,00,0,8,20,A01
201000016148,0,32,000,00,2,1,01,B01
201000016149,0,32,000,00,0,0,01,B01
201000016149,0,10,000,00,0,0,01,A01
201000016150,0,32,000,00,2,1,01,B01
201000016150,0,07,000,00,0,8,09,A01
201000016151,0,07,000,00,2,1,13,A01
201000016151,0,13,000,00,0,3,01,B01
201000016152,0,14,000,00,1,1,01,A01
201000016153,0,07,000,00,2,7,16,A01
201000016153,0,33,000,00,0,8,16,B01
201000016154,0,07,000,00,1,8,01,A01
201000016155,0,30,000,00,2,1,17,A01
201000016155,0,07,000,00,0,3,01,B01
201000016156,0,07,000,00,2,8,13,A01
201000016156,0,30,000,00,0,8,01,B01
201000016157,0,30,000,00,2,2,01,B01
201000016157,0,10,000,00,0,0,15,A01
201000016158,0,33,000,00,2,2,17,B01
201000016158,0,33,000,00,0,1,01,C01
201000016158,0,07,000,00,0,0,17,A01
201000016159,0,32,000,00,2,1,13,A01
201000016159,0,07,000,00,0,3,01,B01
201000016160,0,33,000,00,0,1,01,B01
201000016160,0,30,000,00,2,3,13,A01
201000016161,0,33,000,00,2,1,01,B01
201000016161,0,07,000,00,0,8,09,A01
201000016162,0,31,000,12,0,1,14,A01
201000016163,0,07,000,00,0,3,15,A01
201000016163,0,32,000,00,2,1,01,B01
201000016164,0,07,000,00,2,1,01,A01
201000016164,0,30,000,00,0,8,01,B01
201000016165,0,33,000,11,0,8,01,A01
201000016166,0,30,000,00,1,0,17,A01
201000016167,0,07,000,06,0,1,01,A01
201000016168,0,32,000,01,2,1,17,A01
201000016168,0,07,000,00,0,8,15,B01
201000016169,0,30,000,00,0,0,00,A01
201000016170,0,07,000,09,0,1,13,A01
201000016171,0,30,000,00,2,1,01,B01
201000016171,0,99,000,00,2,8,01,A01
201000016172,0,30,000,00,2,1,18,A01
201000016172,0,07,000,00,0,4,20,B01
201000016173,0,33,000,00,2,1,01,B01
201000016173,0,07,000,00,0,8,15,A01
201000016174,0,37,010,00,0,0,16,B01
201000016174,0,02,000,00,0,0,13,A01
201000016175,0,34,000,00,2,1,17,A01
201000016175,0,07,000,00,0,8,15,B01
201000016176,0,07,000,00,1,2,01,A01
201000016177,0,07,000,00,0,4,23,B01
201000016177,0,07,000,00,2,1,02,A01
201000016178,0,01,000,00,2,1,01,B01
201000016178,0,07,000,00,0,3,16,A01
201000016179,0,07,000,00,0,5,04,A01
201000016179,0,02,000,00,2,1,01,B01
201000016180,0,32,000,00,2,1,01,C01
201000016180,0,07,000,00,0,4,14,B01
201000016180,0,30,000,00,0,0,01,A01
201000016181,0,07,000,00,2,8,20,A01
201000016181,0,32,000,00,0,1,01,B01
201000016182,0,30,000,00,2,1,02,A01
201000016182,0,07,000,00,0,6,01,B01
201000016183,0,30,000,00,1,1,01,A01
201000016184,0,30,000,00,2,1,01,B01
201000016184,0,07,000,00,0,8,16,A01
201000016185,0,02,000,00,1,1,01,A01
201000016186,0,30,000,00,2,3,13,A01
201000016186,0,07,000,00,0,3,01,B01
201000016187,0,30,000,00,2,1,01,B01
201000016187,0,30,000,00,0,1,05,A01
201000016188,0,07,000,00,1,1,01,A01
201000016189,0,33,000,00,2,1,17,B01
201000016189,0,07,000,00,0,8,15,A01
201000016190,0,10,000,00,2,1,02,A01
201000016190,0,07,000,00,0,4,01,B01
201000016191,0,32,000,01,1,1,01,A01
201000016192,0,07,000,00,1,2,01,A01
201000016193,0,07,000,00,1,3,01,A01
201000016194,1,07,000,00,0,0,13,Z01
201000016194,0,32,000,06,0,1,21,A01
201000016195,0,07,000,00,1,2,01,A01
201000016196,0,07,000,00,0,7,01,A01
201000016196,0,02,000,00,2,3,01,B01
201000016197,0,02,000,00,0,8,01,A01
201000016198,0,07,000,13,0,2,14,A01
201000016199,0,07,000,00,1,2,01,A01
201000016200,0,07,000,01,0,1,01,A01
201000016201,0,33,000,01,2,1,01,A01
201000016201,1,07,000,00,0,2,15,Z01
201000016202,0,07,000,01,0,8,13,A01
201000016203,0,32,000,00,2,1,01,A01
201000016203,0,34,000,00,0,4,23,B01
201000016204,0,07,000,04,0,9,13,A01
201000016205,0,30,000,00,0,0,00,A01
201000016206,0,07,000,00,0,1,01,B01
201000016206,0,07,000,00,2,7,13,A01
201000016207,0,33,000,00,2,1,17,A01
201000016207,0,37,010,00,0,8,01,B01
201000016208,0,07,000,01,2,1,01,A01
201000016208,0,32,000,00,0,1,01,B01
201000016209,0,38,035,00,2,3,01,B01
201000016209,0,07,000,00,0,8,01,A01
201000016210,1,07,000,00,2,1,15,Z01
201000016210,0,07,000,00,0,7,01,A01
201000016211,0,30,000,00,1,1,01,A01
201000016212,0,07,000,00,0,4,23,B01
201000016212,0,30,000,00,2,1,01,A01
201000016213,0,30,000,00,0,7,17,A01
201000016213,1,07,000,00,2,8,13,Z01
201000016214,0,33,000,00,2,0,01,B01
201000016214,0,07,000,00,0,3,15,A01
201000016215,0,07,000,00,0,1,15,A01
201000016215,0,32,000,00,2,1,01,B01
201000016216,0,32,000,00,2,1,01,B01
201000016216,0,32,000,00,2,1,01,A01
201000016217,0,07,000,00,1,4,04,A01
201000016218,0,02,000,00,2,0,09,A01
201000016218,0,31,000,00,2,1,01,B01
201000016219,0,07,000,00,2,1,01,B01
201000016219,0,07,000,06,2,2,19,A01
201000016220,0,07,000,00,1,0,15,A01
201000016221,0,07,000,00,0,3,01,B01
201000016221,0,07,000,06,2,3,02,A01
201000016222,0,07,000,14,0,1,01,A01
201000016222,0,07,000,00,2,4,02,B01
201000016223,0,33,000,00,2,4,01,B01
201000016223,0,07,000,00,2,1,11,A01
201000016224,0,07,000,00,2,1,15,A01
201000016224,0,30,000,00,2,3,01,B01
201000016225,0,01,000,00,2,1,00,A01
201000016225,0,07,000,00,2,2,01,B01
201000016226,0,07,000,00,2,3,10,A01
201000016226,0,02,000,00,2,1,13,B01
201000016227,0,10,000,00,2,4,02,B01
201000016227,0,02,000,00,2,1,02,A01
201000016228,0,02,000,00,2,2,01,B01
201000016228,1,07,000,00,2,1,01,A01
201000016229,0,07,000,00,2,6,01,B01
201000016229,0,01,000,00,2,0,11,A01
201000016230,0,10,000,00,1,3,01,A01
201000016231,0,02,000,00,2,1,01,B01
201000016231,0,07,000,00,2,3,15,A01
201000016232,0,07,000,00,2,0,04,A01
201000016232,0,31,000,00,2,1,01,B01
201000016233,0,31,000,00,0,0,00,A01
201000016234,0,07,000,00,2,6,09,B01
201000016234,1,07,000,00,2,1,02,A01
201000016235,0,07,000,14,0,1,01,A01
201000016235,0,07,000,00,2,4,02,B01
201000016236,0,07,000,00,2,7,15,B01
201000016236,0,13,000,00,2,3,01,A01
201000016237,0,10,000,00,2,3,00,A01
201000016237,0,07,000,00,2,2,01,B01
201000016238,0,07,000,00,1,1,02,A01
201000016239,0,31,000,00,2,1,05,B01
201000016239,0,07,000,00,2,1,10,A01
201000016240,0,07,000,01,0,7,14,A01
201000016241,0,07,000,00,2,3,01,B01
201000016241,0,02,000,00,2,3,01,A01
201000016242,0,07,000,00,1,1,02,A01
201000016243,0,07,000,00,2,1,16,B01
201000016243,0,37,001,00,2,2,01,A01
201000016244,0,07,000,00,1,1,09,A01
201000016245,0,07,000,00,2,4,02,B01
201000016245,0,02,000,14,0,1,01,A01
201000016246,0,33,000,00,0,0,00,A01
201000016247,0,07,000,00,2,3,09,B01
201000016247,0,02,000,00,2,7,01,A01
201000016248,0,07,000,00,2,8,10,A01
201000016248,0,31,000,00,2,7,02,B01
201000016249,0,07,000,00,2,4,02,C01
201000016249,0,07,000,00,2,1,02,A01
201000016249,0,07,000,00,2,4,02,B01
201000016250,0,10,000,00,1,1,01,A01
201000016251,0,07,000,00,1,5,01,A01
201000016252,0,33,000,00,1,1,01,A01
201000016253,0,07,000,00,2,2,09,A01
201000016253,0,31,000,00,2,1,02,B01
201000016254,0,33,000,00,2,8,02,B01
201000016254,0,10,000,00,2,2,09,A01
201000016255,0,07,000,00,2,3,15,B01
201000016255,0,02,000,00,2,5,14,A01
201000016256,0,07,000,00,0,8,01,B01
201000016256,0,30,000,00,2,2,01,A01
201000016257,0,07,000,00,1,1,01,A01
201000016258,0,07,000,00,2,5,23,A01
201000016258,0,34,000,00,2,1,02,B01
201000016259,0,07,000,00,1,4,04,A01
201000016260,0,07,000,00,2,3,15,A01
201000016260,0,32,000,00,2,1,17,B01
201000016261,0,07,000,00,2,4,02,B01
201000016261,0,07,000,00,2,1,01,A01
201000016261,0,07,000,00,2,4,02,D01
201000016261,0,07,000,00,2,4,02,C01
201000016262,0,31,000,00,2,1,21,A01
201000016262,1,07,000,00,0,0,23,Z01
201000016262,0,10,000,00,2,2,01,B01
201000016263,0,02,000,00,0,0,00,A01
201000016264,0,01,000,00,2,8,01,B01
201000016265,0,30,000,00,2,1,17,B01
201000016265,0,07,000,00,2,3,15,A01
201000016266,1,30,000,01,1,1,01,Z01
201000016267,0,01,000,00,0,0,00,B01
201000016267,0,14,000,00,9,0,00,A01
201000016268,0,02,000,00,2,1,02,B01
201000016268,0,07,000,00,2,2,15,A01
201000016269,0,07,000,00,2,1,20,A01
201000016269,0,30,000,00,2,7,01,B01
201000016270,0,30,000,00,2,1,02,A01
201000016270,0,07,000,00,2,3,02,B01
201000016271,0,07,000,00,2,6,17,B01
201000016271,0,07,000,00,0,0,00,C01
201000016271,0,33,000,00,2,2,17,A01
201000016272,0,07,000,00,2,3,10,A01
201000016272,0,02,000,00,2,0,01,B01
201000016273,0,07,000,00,2,3,02,A01
201000016273,0,02,000,00,2,0,17,B01
201000016274,0,31,000,00,2,8,01,A01
201000016274,0,07,000,00,2,4,15,B01
201000016275,0,07,000,00,2,5,02,B01
201000016275,0,31,000,00,2,0,02,A01
201000016276,1,02,000,00,2,3,13,Z01
201000016276,0,07,000,00,2,4,02,B01
201000016276,0,07,000,00,2,2,02,A01
201000016277,0,07,000,00,2,4,01,B01
201000016277,0,02,000,00,2,1,01,A01
201000016277,0,37,001,00,2,3,01,C01
201000016278,0,32,000,00,2,8,15,A01
201000016278,0,37,001,00,2,2,01,B01
201000016279,0,02,000,00,2,5,01,B01
201000016279,0,07,000,00,2,3,01,A01
201000016280,2,07,000,00,1,1,00,A01
201000016281,0,30,000,00,2,2,15,A01
201000016281,0,07,000,00,2,8,15,B01
201000016282,0,07,000,00,1,1,16,A01
201000016283,0,31,000,00,2,3,02,A01
201000016283,0,07,000,00,2,3,23,B01
201000016284,0,07,000,00,2,6,00,A01
201000016284,0,07,000,00,2,2,01,B01
201000016285,0,34,000,01,0,1,13,A01
201000016286,0,07,000,03,0,1,14,A01
201000016287,0,07,000,00,2,4,23,B01
201000016287,0,07,000,14,0,1,01,A01
201000016288,0,07,000,00,2,3,10,A01
201000016288,0,02,000,00,2,1,01,B01
201000016289,0,30,000,00,2,3,11,A01
201000016289,0,07,000,00,2,2,01,B01
201000016290,0,30,000,00,2,1,01,B01
201000016290,0,07,000,00,2,2,15,A01
201000016291,0,07,000,00,1,1,01,A01
201000016292,0,07,000,00,2,3,09,B01
201000016292,0,07,000,00,2,2,02,A01
201000016293,0,32,000,00,2,1,01,B01
201000016293,0,07,000,00,2,1,09,A01
201000016294,0,32,000,00,2,1,01,B01
201000016294,0,07,000,00,2,6,01,A01
201000016295,0,32,000,00,2,7,01,A01
201000016295,0,07,000,00,2,1,01,B01
201000016296,0,07,000,00,2,6,09,B01
201000016296,0,32,000,01,2,1,01,A01
201000016297,0,33,000,01,1,1,01,A01
201000016298,1,07,000,00,2,0,00,Z01
201000016298,0,33,000,00,2,1,01,A01
201000016299,0,07,000,00,2,6,01,B01
201000016299,0,02,000,00,2,7,15,A01
201000016300,0,07,000,00,2,1,02,A01
201000016300,0,31,000,01,2,0,09,B01
201000016301,0,40,000,00,2,2,01,B01
201000016301,2,02,000,00,4,3,15,A01
201000016302,0,07,000,00,2,3,15,B01
201000016302,0,07,000,00,2,1,01,A01
201000016303,0,10,000,00,1,1,01,A01
201000016304,0,02,000,00,2,1,01,B01
201000016304,0,07,000,00,2,5,01,A01
201000016305,0,02,000,00,0,0,00,A01
201000016306,0,07,000,00,2,3,15,A01
201000016306,0,30,000,00,2,1,01,B01
201000016307,0,07,000,08,0,3,01,A01
201000016308,0,31,000,00,0,0,01,B01
201000016308,0,07,000,00,0,0,01,A01
201000016309,0,07,000,00,2,5,16,A01
201000016309,0,37,045,00,2,8,01,B01
201000016310,0,31,000,00,2,1,01,B01
201000016310,1,07,000,00,2,2,15,A01
201000016311,0,07,000,00,2,8,01,B01
201000016311,1,07,000,00,2,1,09,A01
201000016312,0,07,000,00,2,3,00,A01
201000016312,0,10,000,00,2,3,02,B01
201000016313,0,02,000,00,2,1,01,B01
201000016313,0,07,000,00,2,1,01,A01
201000016314,0,07,000,00,1,1,15,A01
201000016315,0,02,000,00,2,1,01,B01
201000016315,0,07,000,00,2,2,15,A01
201000016316,0,32,000,00,2,1,15,A01
201000016316,0,30,000,00,2,1,01,B01
201000016317,0,01,000,00,2,1,01,B01
201000016317,0,01,000,00,9,1,01,A01
201000016318,0,02,000,00,2,1,01,B01
201000016318,0,07,000,00,2,3,15,A01
201000016319,0,33,000,00,2,2,00,B01
201000016319,0,07,000,00,2,3,15,A01
201000016320,0,32,000,00,2,8,01,A01
201000016320,0,07,000,00,2,7,16,B01
201000016321,0,07,000,00,2,2,05,A01
201000016321,0,07,000,00,2,1,01,B01
201000016322,0,07,000,00,2,1,15,B01
201000016322,0,07,000,00,2,1,01,A01
201000016323,0,02,000,00,2,1,01,A01
201000016323,0,10,000,00,2,4,01,B01
201000016324,0,07,000,00,2,1,01,B01
201000016324,0,07,000,00,2,1,13,A01
201000016325,0,10,000,00,2,3,01,B01
201000016325,0,07,000,00,2,1,01,A01
201000016326,0,07,000,00,2,6,15,A01
201000016326,0,33,000,00,2,1,01,B01
201000016327,0,32,000,00,2,1,01,B01
201000016327,0,07,000,00,2,1,15,A01
201000016328,0,07,000,00,2,1,01,A01
201000016328,0,07,000,00,2,8,16,B01
201000016329,2,07,000,00,2,3,15,Z01
201000016329,0,07,000,08,2,1,17,B01
201000016330,0,07,000,00,2,4,00,B01
201000016330,0,02,000,00,2,1,01,A01
201000016331,0,10,000,00,1,2,15,A01
201000016332,0,33,000,00,2,6,01,B01
201000016332,0,07,000,00,2,2,12,A01
201000016333,0,07,000,00,1,2,16,A01
201000016334,0,02,000,00,2,8,01,B01
201000016334,0,07,000,00,2,2,14,A01
201000016335,0,07,000,00,1,6,04,A01
201000016336,0,07,000,00,2,4,16,C01
201000016336,0,10,000,00,2,4,01,B01
201000016336,0,15,000,00,2,1,01,A01
201000016337,0,07,000,00,1,3,01,A01
201000016338,0,07,000,00,2,6,15,A01
201000016338,0,02,000,00,2,1,15,B01
201000016339,0,02,000,00,2,1,01,B01
201000016339,0,07,000,00,2,2,15,A01
201000016340,0,32,000,00,2,1,01,B01
201000016340,0,07,000,00,2,1,15,A01
201000016341,0,10,000,00,2,2,01,B01
201000016341,0,02,000,00,2,3,09,A01
201000016342,0,07,000,00,1,5,04,A01
201000016343,0,07,000,00,1,1,01,A01
201000016344,0,02,000,00,2,1,01,B01
201000016344,0,01,000,00,2,6,01,A01
201000016345,0,07,000,00,2,2,15,A01
201000016345,0,32,000,00,2,1,01,B01
201000016346,0,07,000,00,2,5,16,B01
201000016346,0,07,000,00,2,0,01,A01
201000016347,0,07,000,00,2,3,01,B01
201000016347,0,30,000,00,2,7,01,A01
201000016348,0,07,000,00,2,4,02,B01
201000016348,0,07,000,00,2,1,02,A01
201000016349,0,07,000,00,2,1,01,B01
201000016349,0,07,000,00,2,7,15,A01
201000016350,0,07,000,00,2,4,02,B01
201000016350,2,07,000,00,0,1,02,A01
201000016351,0,07,000,00,2,3,15,B01
201000016351,0,32,000,00,2,1,01,A01
201000016352,0,33,000,00,1,3,01,A01
201000016353,0,07,000,00,2,1,02,B01
201000016353,0,02,000,00,2,1,02,A01
201000016354,0,10,000,00,2,2,00,A01
201000016354,0,07,000,00,2,5,00,B01
201000016355,0,07,000,00,2,1,01,B01
201000016355,0,02,000,00,2,1,01,A01
201000016356,0,07,000,00,2,1,15,A01
201000016356,0,32,000,00,2,3,01,B01
201000016357,0,07,000,00,2,8,01,B01
201000016357,0,07,000,00,2,1,01,A01
201000016358,0,07,000,00,2,1,02,B01
201000016358,2,07,000,08,2,1,02,A01
201000016359,0,07,000,00,2,4,01,B01
201000016359,0,07,000,00,2,1,02,A01
201000016360,0,07,000,00,2,1,01,A01
201000016360,0,02,000,00,2,4,01,B01
201000016361,0,32,000,00,2,2,01,B01
201000016361,0,07,000,00,2,3,19,A01
201000016362,0,02,000,00,2,1,01,A01
201000016362,0,07,000,00,2,6,01,B01
201000016363,0,07,000,00,1,3,01,A01
201000016364,0,07,000,00,1,1,01,A01
201000016365,0,07,000,00,1,2,15,A01
201000016366,0,99,000,00,2,1,02,B01
201000016366,0,02,000,00,2,0,02,A01
201000016367,0,13,000,00,1,2,16,A01
201000016368,0,07,000,00,2,1,15,A01
201000016368,0,31,000,00,2,1,01,B01
201000016369,0,07,000,00,9,1,02,A01
201000016370,0,02,000,00,1,1,01,A01
201000016371,0,07,000,00,2,5,15,B01
201000016371,0,02,000,00,2,1,01,A01
201000016372,0,07,000,00,2,1,01,A01
201000016372,0,07,000,00,2,7,01,B01
201000016373,0,02,000,00,2,3,00,A01
201000016373,0,07,000,00,2,2,01,B01
201000016374,0,32,000,00,2,1,01,B01
201000016374,0,07,000,00,2,8,10,A01
201000016375,0,07,000,00,2,3,09,A01
201000016375,0,02,000,00,2,1,21,B01
201000016376,0,40,000,00,1,2,01,A01
201000016377,0,31,000,01,1,1,01,A01
201000016378,0,07,000,00,2,2,15,B01
201000016378,0,33,000,00,2,1,01,A01
201000016379,0,31,000,00,2,1,01,B01
201000016379,0,07,000,00,2,8,10,A01
201000016380,0,07,000,00,2,7,16,B01
201000016380,0,01,000,00,2,1,01,A01
201000016381,0,33,000,00,2,1,01,A01
201000016382,0,10,000,00,1,1,01,A01
201000016383,0,37,019,00,2,1,01,B01
201000016383,0,07,000,00,2,8,15,A01
201000016384,0,07,000,00,2,1,15,A01
201000016384,0,02,000,00,2,1,01,B01
201000016385,0,07,000,00,2,1,01,A01
201000016385,0,07,000,00,2,2,01,B01
201000016386,0,07,000,00,2,3,00,B01
201000016386,0,31,000,00,2,2,03,A01
201000016387,0,07,000,00,2,8,09,A01
201000016387,0,31,000,00,2,1,01,B01
201000016388,0,07,000,00,2,5,02,C01
201000016388,0,07,000,00,2,1,02,A01
201000016388,0,10,000,00,2,6,02,D01
201000016388,0,07,000,00,2,0,02,B01
201000016389,0,07,000,00,1,1,01,A01
201000016390,0,07,000,00,1,1,01,A01
201000016391,0,07,000,00,2,1,09,A01
201000016391,0,33,000,00,2,7,01,B01
201000016392,0,07,000,00,1,7,01,A01
201000016393,0,33,000,00,2,1,02,A01
201000016393,0,07,000,00,2,4,02,B01
201000016394,0,07,000,00,2,0,09,A01
201000016394,0,33,000,00,2,8,02,B01
201000016395,0,02,000,00,2,1,01,A01
201000016395,0,02,000,00,2,1,01,B01
201000016395,0,07,000,00,2,3,01,C01
201000016396,0,07,000,01,0,1,14,A01
201000016397,0,33,000,00,2,1,01,A01
201000016398,0,07,000,00,2,3,01,B01
201000016398,0,31,000,00,2,4,02,A01
201000016399,0,07,000,00,2,3,13,A01
201000016399,0,32,000,00,2,3,01,B01
201000016400,1,31,000,00,1,0,00,Z01
201000016401,0,30,000,00,2,8,11,A01
201000016401,0,07,000,00,2,7,01,B01
201000016402,0,33,000,00,2,0,01,B01
201000016402,0,07,000,00,2,2,06,A01
201000016403,0,07,000,00,2,1,01,B01
201000016403,0,07,000,00,2,7,01,A01
201000016404,0,33,000,00,2,8,01,B01
201000016404,0,10,000,00,2,7,15,A01
201000016405,0,02,000,00,1,1,01,A01
201000016406,0,07,000,00,2,3,01,B01
201000016406,0,02,000,00,2,1,13,A01
201000016407,0,32,000,00,2,1,01,A01
201000016407,0,37,001,00,2,4,01,B01
201000016408,0,02,000,00,2,1,02,B01
201000016408,0,07,000,00,2,2,10,A01
201000016409,0,07,000,00,2,1,01,A01
201000016409,0,07,000,00,2,6,15,B01
201000016410,0,07,000,01,2,1,01,A01
201000016410,0,07,000,01,2,7,09,B01
201000016411,0,30,000,00,2,0,00,A01
201000016411,0,07,000,00,2,2,01,B01
201000016412,0,07,000,00,1,2,01,A01
201000016413,0,07,000,00,2,1,01,B01
201000016413,0,07,000,00,2,4,00,C01
201000016413,0,07,000,01,2,2,01,A01
201000016413,0,07,000,01,0,4,00,E01
201000016413,0,07,000,00,2,4,00,D01
201000016414,0,33,000,00,2,1,02,B01
201000016414,0,33,000,00,2,1,02,A01
201000016414,0,07,000,00,2,4,02,C01
201000016415,0,07,000,00,2,2,15,A01
201000016415,0,33,000,00,2,1,02,B01
201000016416,0,07,000,00,1,3,16,A01
201000016417,0,31,000,00,1,1,01,A01
201000016418,0,07,000,00,2,8,02,B01
201000016418,2,07,000,00,2,0,15,A01
201000016419,0,07,000,00,1,4,20,A01
201000016420,0,07,000,00,2,2,20,B01
201000016420,0,32,000,00,2,1,18,A01
201000016421,0,07,000,00,1,3,15,A01
201000016422,0,33,000,00,1,1,01,A01
201000016423,0,33,000,00,2,1,00,A01
201000016423,0,07,000,00,2,3,00,B01
201000016424,0,32,000,00,2,1,01,B01
201000016424,0,07,000,00,2,2,16,A01
201000016425,0,07,000,00,1,1,15,A01
201000016426,0,07,000,00,1,2,01,A01
201000016427,0,34,000,00,2,1,01,B01
201000016427,0,10,000,00,2,5,01,A01
201000016428,0,40,000,00,1,1,01,A01
201000016429,0,10,000,00,2,7,16,A01