Num_Acc,senc,catv,occutc,obs,obsm,choc,manv,num_veh
201000016429,0,30,000,00,2,1,01,B01
201000016430,0,07,000,00,2,2,15,A01
201000016430,0,33,000,00,2,1,01,B01
201000016431,0,30,000,00,2,7,01,B01
201000016431,0,07,000,00,2,3,20,A01
201000016432,0,07,000,00,1,2,01,A01
201000016433,0,07,000,06,2,3,02,B01
201000016433,2,07,000,00,2,1,05,A01
201000016434,0,07,000,00,2,2,09,A01
201000016434,0,02,000,01,2,1,21,B01
201000016435,0,07,000,00,2,3,23,B01
201000016435,0,30,000,00,2,1,00,A01
201000016436,0,07,000,00,1,1,01,A01
201000016437,0,37,017,00,2,1,07,B01
201000016437,0,07,000,00,2,3,15,A01
201000016438,0,07,000,00,2,8,15,A01
201000016438,0,33,000,00,2,1,02,B01
201000016439,0,30,000,00,2,0,00,B01
201000016439,0,07,000,00,1,0,23,A01
201000016440,0,07,000,00,0,0,09,A01
201000016440,0,31,000,00,2,0,01,B01
201000016441,0,02,000,14,0,1,01,B01
201000016441,0,10,000,00,2,7,22,A01
201000016442,0,07,000,00,2,4,02,C01
201000016442,0,07,000,00,2,1,02,A01
201000016442,0,07,000,00,2,4,02,B01
201000016443,0,02,000,00,2,7,00,A01
201000016443,0,07,000,00,2,3,15,B01
201000016444,0,30,000,00,2,1,01,A01
201000016444,0,07,000,00,2,4,02,B01
201000016445,0,07,000,00,2,4,01,A01
201000016445,0,07,000,00,2,1,01,D01
201000016445,0,07,000,00,2,9,01,B01
201000016445,0,07,000,00,2,1,01,C01
201000016446,0,07,000,00,2,3,02,A01
201000016446,0,07,000,00,2,4,02,C01
201000016446,0,07,000,00,2,4,02,B01
201000016447,0,07,000,00,2,3,09,B01
201000016447,0,31,000,00,2,0,02,A01
201000016448,0,31,000,00,2,1,01,B01
201000016448,0,07,000,00,2,2,15,A01
201000016449,0,34,000,00,2,1,01,B01
201000016449,0,07,000,00,2,1,13,A01
201000016450,1,07,000,00,0,0,04,A01
201000016450,0,07,000,01,0,1,13,B01
201000016451,0,07,000,00,2,3,16,A01
201000016451,0,33,000,00,2,7,01,B01
201000016452,0,07,000,00,2,3,15,A01
201000016452,0,33,000,00,2,3,08,B01
201000016453,0,07,000,00,2,6,01,B01
201000016453,1,10,000,00,2,0,00,A01
201000016454,0,07,000,00,2,3,01,B01
201000016454,0,10,000,00,2,2,01,A01
201000016455,0,07,000,15,0,2,01,A01
201000016455,0,07,000,00,2,6,23,B01
201000016456,0,33,000,00,2,1,01,B01
201000016456,0,07,000,00,2,6,15,A01
201000016457,0,10,000,00,2,2,01,B01
201000016457,0,07,000,08,2,1,01,A01
201000016458,0,07,000,00,1,1,01,A01
201000016459,0,07,000,00,2,3,02,B01
201000016459,0,30,000,00,2,1,05,A01
201000016460,0,07,000,00,2,3,13,A01
201000016460,0,07,000,00,2,8,01,B01
201000016461,0,33,000,00,2,1,02,B01
201000016461,0,07,000,00,2,1,13,A01
201000016462,0,07,000,00,2,4,01,B01
201000016462,0,07,000,00,2,1,01,A01
201000016463,0,07,000,00,1,1,02,A01
201000016464,0,30,000,00,2,1,01,B01
201000016464,0,30,000,00,2,3,15,A01
201000016465,0,07,000,08,0,1,13,A01
201000016466,0,10,000,00,1,3,05,A01
201000016467,0,32,000,00,0,0,17,B01
201000016467,0,33,000,00,0,0,00,A01
201000016468,0,07,000,00,2,4,01,B01
201000016468,0,15,000,00,2,1,01,A01
201000016469,0,07,000,00,2,2,02,B01
201000016469,0,01,000,00,2,0,21,A01
201000016470,0,07,000,00,2,4,01,C02
201000016470,0,07,000,00,2,6,01,E01
201000016470,0,07,000,00,2,2,01,D01
201000016470,0,07,000,06,2,1,00,A01
201000016470,0,07,000,00,2,6,02,B01
201000016470,0,07,000,00,2,5,01,F01
201000016471,0,14,000,00,2,8,15,B01
201000016471,0,07,000,00,2,1,17,A01
201000016472,0,07,000,00,2,3,01,B01
201000016472,0,01,000,00,2,2,15,A01
201000016473,0,07,000,00,2,4,23,B01
201000016473,0,33,000,14,0,1,01,A01
201000016474,0,10,000,00,2,1,02,A01
201000016474,0,07,000,00,2,4,02,B01
201000016475,0,07,000,00,2,1,02,B01
201000016475,0,07,000,00,2,1,21,A01
201000016476,0,02,000,00,2,8,01,B01
201000016476,0,10,000,00,2,2,09,A01
201000016477,0,07,000,00,2,2,01,A01
201000016477,0,31,000,00,2,4,01,B01
201000016477,0,07,000,00,2,5,01,C01
201000016478,0,34,000,00,2,8,01,A01
201000016478,0,07,000,00,2,2,16,B01
201000016479,0,30,000,00,1,1,01,A01
201000016480,0,31,000,00,2,3,15,A01
201000016480,0,31,000,00,2,3,01,B01
201000016481,0,07,000,00,2,2,20,A01
201000016481,0,01,000,00,2,0,02,B01
201000016482,0,07,000,00,2,3,15,B01
201000016482,0,02,000,00,2,1,17,A01
201000016483,0,07,000,00,2,7,01,B01
201000016483,0,02,000,00,2,1,01,A01
201000016484,0,34,000,00,2,7,00,B01
201000016484,0,07,000,00,2,3,04,A01
201000016485,0,32,000,00,1,1,01,A01
201000016486,0,33,000,00,2,1,01,B01
201000016486,0,07,000,00,2,3,01,A01
201000016487,0,07,000,00,2,3,15,A01
201000016487,0,30,000,00,2,4,17,B01
201000016488,0,30,000,00,2,2,15,A01
201000016488,0,07,000,00,2,1,01,B01
201000016489,0,32,000,00,1,1,01,A01
201000016490,0,10,000,00,1,4,04,A01
201000016491,0,14,000,00,2,4,04,A01
201000016492,0,07,000,00,2,2,15,A01
201000016492,0,30,000,00,2,1,01,B01
201000016493,0,37,026,00,1,2,01,A01
201000016494,0,07,000,00,2,3,15,A01
201000016494,0,31,000,00,2,1,01,B01
201000016495,0,31,000,00,2,3,01,B01
201000016495,0,07,000,00,2,7,09,A01
201000016496,0,01,000,14,0,3,03,B01
201000016496,0,07,000,00,2,3,23,C01
201000016496,0,07,000,00,2,2,22,A01
201000016497,0,10,000,00,2,3,15,A01
201000016497,0,02,000,00,2,1,01,B01
201000016498,0,07,000,00,2,5,23,B01
201000016498,0,02,000,00,2,1,00,A01
201000016499,0,07,000,00,2,4,01,B01
201000016499,0,33,000,00,2,1,01,A01
201000016500,0,07,000,00,1,1,01,A01
201000016501,0,32,000,00,1,1,01,A01
201000016502,0,07,000,00,2,4,02,B01
201000016502,0,07,000,00,2,1,02,A01
201000016503,0,07,000,00,2,5,01,A01
201000016503,0,31,000,00,2,2,13,B01
201000016504,0,07,000,14,0,1,01,A01
201000016504,0,07,000,00,2,4,02,C01
201000016504,0,07,000,14,2,4,02,B01
201000016505,0,33,000,00,2,9,01,A01
201000016505,0,07,000,00,2,6,23,B01
201000016506,0,07,000,00,2,1,01,A01
201000016506,0,07,000,00,2,4,02,B01
201000016507,0,31,000,00,2,1,02,B01
201000016507,0,10,000,00,2,8,02,A01
201000016508,0,32,000,00,0,0,01,A01
201000016509,0,07,000,00,2,8,15,B01
201000016509,0,30,000,00,2,2,17,A01
201000016510,1,07,000,00,1,1,01,Z01
201000016511,0,07,000,00,2,1,01,A01
201000016511,0,07,000,00,2,7,01,B01
201000016512,0,40,000,00,2,2,01,B01
201000016512,0,32,000,00,4,3,15,A01
201000016513,0,32,000,00,2,3,00,A01
201000016513,0,07,000,00,2,3,01,B01
201000016514,0,30,000,00,0,4,23,B01
201000016514,1,07,000,14,0,1,01,A01
201000016515,0,33,000,00,2,1,01,A01
201000016515,0,07,000,00,2,6,01,B01
201000016516,0,07,000,00,2,3,01,B01
201000016516,0,01,000,00,2,2,12,A01
201000016517,0,07,000,00,2,7,01,A01
201000016517,0,01,000,00,2,3,11,B01
201000016518,0,07,000,00,2,2,16,B01
201000016518,0,02,000,00,2,1,18,A01
201000016519,0,32,000,00,2,4,01,B01
201000016519,0,07,000,00,2,1,01,A01
201000016520,0,30,000,00,2,1,05,A01
201000016520,0,07,000,00,2,8,00,B01
201000016521,0,07,000,00,2,0,09,B01
201000016521,0,32,000,01,0,1,01,A01
201000016522,0,07,000,00,2,2,01,B01
201000016522,0,07,000,00,2,3,01,A01
201000016523,0,07,000,00,2,1,01,A01
201000016523,0,33,000,00,2,4,01,B01
201000016524,0,33,000,00,2,1,01,B01
201000016524,0,32,000,00,2,3,17,A01
201000016525,0,14,000,00,2,1,02,B01
201000016525,0,30,000,00,2,4,02,A01
201000016526,0,07,000,00,2,2,20,A01
201000016526,0,32,000,00,2,1,01,B01
201000016527,0,31,000,00,2,7,17,A01
201000016527,0,07,000,00,2,1,19,B01
201000016528,0,01,000,00,1,1,00,A01
201000016529,0,07,000,00,2,5,00,B01
201000016529,0,01,000,00,2,0,00,A01
201000016530,0,32,000,00,2,2,01,B01
201000016530,0,07,000,00,2,3,20,A01
201000016531,0,33,000,00,2,4,01,A01
201000016532,0,30,000,00,2,1,01,B01
201000016532,0,07,000,00,2,6,15,A01
201000016533,0,31,000,00,2,1,01,B01
201000016533,0,07,000,00,2,8,15,A01
201000016534,0,31,000,00,2,4,00,B01
201000016534,0,07,000,00,2,1,00,A01
201000016535,0,07,000,00,2,2,15,A01
201000016535,0,32,000,00,2,1,01,B01
201000016536,0,33,000,00,2,1,01,B01
201000016536,0,07,000,00,2,2,10,A01
201000016537,0,33,000,00,2,1,01,B01
201000016537,0,07,000,00,2,1,15,A01
201000016538,0,37,015,00,1,2,07,A01
201000016539,0,07,000,00,2,1,01,A01
201000016539,0,07,000,00,2,8,01,B01
201000016540,0,07,000,00,2,2,01,B01
201000016540,0,07,000,00,2,8,01,C01
201000016540,0,07,000,00,2,9,09,A01
201000016541,0,07,000,00,2,1,01,A01
201000016541,0,10,000,00,0,0,01,C01
201000016541,0,07,000,00,2,4,15,B01
201000016542,0,33,000,00,2,1,01,A01
201000016542,0,07,000,00,2,6,01,B01
201000016543,0,07,000,00,2,1,15,B01
201000016543,0,02,000,00,2,2,01,A01
201000016544,0,07,000,00,2,3,13,A01
201000016544,0,32,000,00,2,7,01,B01
201000016545,0,07,000,00,1,1,01,A01
201000016546,0,07,000,00,2,5,15,A01
201000016546,0,02,000,00,2,1,21,B01
201000016547,0,07,000,01,0,2,14,A01
201000016548,0,07,000,00,2,3,10,A01
201000016548,0,33,000,00,2,1,17,B01
201000016549,0,07,000,00,2,2,09,A01
201000016549,0,07,000,00,2,1,02,B01
201000016550,0,31,000,00,1,1,01,A01
201000016551,0,38,015,00,1,1,16,A01
201000016552,0,07,000,00,2,4,02,B01
201000016552,0,31,000,00,1,1,02,A01
201000016553,0,10,000,00,2,0,12,B01
201000016553,0,33,000,00,2,2,01,A01
201000016554,0,07,000,00,2,3,02,B01
201000016554,0,30,000,00,0,0,00,A01
201000016555,0,07,000,00,2,4,23,B01
201000016555,0,31,000,14,0,1,01,A01
201000016556,2,34,000,00,1,1,02,Z01
201000016557,0,99,000,00,2,7,01,B01
201000016557,0,07,000,00,2,1,01,A01
201000016558,0,07,000,00,1,1,01,A01
201000016559,0,33,000,00,2,1,02,A01
201000016559,0,10,000,00,2,4,02,B01
201000016560,0,02,000,00,2,1,09,A01
201000016560,0,07,000,00,2,7,01,B01
201000016561,0,13,000,00,2,3,11,A01
201000016561,0,33,000,00,2,0,17,B01
201000016562,0,31,000,00,1,3,18,A01
201000016563,0,07,000,00,2,2,02,B01
201000016563,0,02,000,00,2,1,02,A01
201000016563,0,07,000,00,2,5,02,C01
201000016564,0,31,000,00,1,1,01,A01
201000016565,0,10,000,00,2,3,01,B01
201000016565,0,02,000,00,2,7,09,A01
201000016565,0,07,000,00,2,5,01,C01
201000016566,0,07,000,00,2,4,04,A01
201000016566,0,33,000,00,2,1,23,B01
201000016567,0,30,000,00,2,7,01,B01
201000016567,0,33,000,00,2,3,18,A01
201000016568,0,07,000,00,1,1,15,A01
201000016569,0,07,000,00,2,3,00,A01
201000016569,0,02,000,00,2,8,00,B01
201000016570,0,07,000,09,0,1,13,A01
201000016571,0,02,000,00,2,7,17,B01
201000016571,0,07,000,00,2,3,15,A01
201000016572,0,07,000,00,1,1,01,A01
201000016573,0,07,000,00,2,7,01,B01
201000016573,0,07,000,00,2,4,01,C01
201000016573,0,30,000,00,2,1,01,A01
201000016574,0,07,000,00,2,5,02,A01
201000016574,0,31,000,00,2,1,02,B01
201000016575,0,07,000,00,2,7,15,A01
201000016575,0,30,000,00,2,1,01,B01
201000016576,0,07,000,00,2,7,01,B01
201000016576,0,33,000,00,2,4,01,A01
201000016577,0,01,000,00,2,7,02,B01
201000016577,0,07,000,00,2,1,20,A01
201000016578,0,37,001,00,1,2,01,A01
201000016579,0,31,000,00,2,2,17,B01
201000016579,0,14,000,00,2,6,15,A01
201000016580,0,37,015,00,1,2,01,A01
201000016581,0,07,000,00,2,4,01,B01
201000016581,0,07,000,00,2,1,01,A01
201000016582,0,32,000,00,2,4,02,B01
201000016582,0,07,000,00,2,1,02,A01
201000016583,0,07,000,00,1,1,15,A01
201000016584,0,07,000,00,2,2,13,A01
201000016584,0,30,000,00,2,1,01,B01
201000016585,0,07,000,00,2,1,15,A01
201000016585,0,02,000,00,2,1,16,B01
201000016586,0,07,000,00,1,1,01,A01
201000016587,0,07,000,00,2,1,01,B01
201000016587,0,32,000,00,2,1,01,A01
201000016588,0,31,000,00,2,2,00,A01
201000016588,0,02,000,00,2,0,00,B01
201000016589,0,07,000,00,2,1,01,B01
201000016589,0,07,000,00,2,3,19,A01
201000016590,0,07,000,00,2,3,02,A01
201000016590,0,02,000,00,2,3,01,B01
201000016591,0,33,000,00,2,4,02,B01
201000016591,0,07,000,14,0,1,01,A01
201000016592,0,07,000,00,1,1,15,A01
201000016593,0,07,000,00,2,4,01,C01
201000016593,0,07,000,00,2,4,01,B01
201000016593,0,10,000,00,2,1,01,A01
201000016594,0,31,000,00,1,1,01,A01
201000016595,0,31,000,00,2,1,14,A01
201000016595,0,33,000,00,2,4,01,B01
201000016596,0,01,000,00,1,1,01,A01
201000016597,0,07,000,00,2,1,01,B01
201000016597,0,32,000,14,2,2,17,A01
201000016597,1,07,000,00,2,8,22,Z01
201000016598,0,07,000,00,2,2,15,A01
201000016598,0,07,000,00,2,1,01,B01
201000016599,0,02,000,00,2,2,01,B01
201000016599,0,07,000,00,2,1,09,A01
201000016600,0,07,000,00,2,7,02,A01
201000016600,0,31,000,00,2,0,02,B01
201000016601,0,31,000,00,2,1,02,B01
201000016601,0,07,000,00,2,5,15,A01
201000016602,0,02,000,00,2,8,01,B01
201000016602,0,07,000,00,2,2,12,A01
201000016603,0,07,000,00,2,1,13,A01
201000016603,0,07,000,00,2,1,01,B01
201000016604,0,07,000,00,1,1,01,A01
201000016605,0,33,000,00,1,0,02,A01
201000016606,0,10,000,00,2,4,02,C01
201000016606,0,10,000,14,2,4,02,B01
201000016606,0,07,000,14,0,1,01,A01
201000016607,0,07,000,01,0,1,02,A01
201000016608,0,07,000,00,2,4,01,B01
201000016608,0,07,000,00,2,1,01,A01
201000016609,0,07,000,00,2,1,01,B01
201000016609,0,07,000,00,2,2,01,A01
201000016610,0,32,000,00,2,8,18,B01
201000016610,0,07,000,00,2,1,15,A01
201000016611,0,07,000,00,2,1,01,A01
201000016612,0,07,000,00,2,1,15,A01
201000016612,0,34,000,00,2,1,01,B01
201000016613,0,07,000,00,2,1,01,A01
201000016613,0,02,000,00,2,4,02,B01
201000016614,0,07,000,00,2,1,01,A01
201000016614,0,02,000,00,2,3,01,B01
201000016615,0,07,000,00,1,1,01,A01
201000016616,0,02,000,00,1,1,01,A01
201000016617,0,30,000,00,2,1,01,A01
201000016617,0,31,000,00,2,1,01,B01
201000016618,0,02,000,00,2,1,01,B01
201000016618,0,13,000,00,2,3,15,A01
201000016619,0,01,000,00,1,1,01,A01
201000016620,0,07,000,00,2,7,17,A01
201000016620,0,02,000,00,2,8,01,B01
201000016621,0,07,000,00,2,6,11,B01
201000016621,0,07,000,00,2,2,01,A01
201000016622,0,07,000,00,2,1,01,A01
201000016622,0,07,000,00,2,3,01,B01
201000016623,0,07,000,00,2,4,23,B01
201000016623,0,07,000,00,2,1,02,A01
201000016624,0,07,000,00,2,3,15,A01
201000016625,0,07,000,01,1,1,01,A01
201000016626,0,30,000,00,2,1,01,B01
201000016626,0,07,000,00,2,0,12,A01
201000016627,0,33,000,00,2,1,01,B01
201000016627,0,07,000,00,2,6,15,A01
201000016628,0,07,000,00,2,1,01,A01
201000016629,0,07,000,00,2,2,01,A01
201000016629,0,31,000,00,2,1,01,B01
201000016630,0,07,000,00,2,4,23,B01
201000016630,0,33,000,00,2,1,01,A01
201000016631,0,37,026,00,1,1,01,A01
201000016632,0,07,000,00,2,2,01,A01
201000016632,0,31,000,00,2,3,01,B01
201000016633,0,07,000,00,2,1,02,A01
201000016633,0,02,000,00,0,4,02,B01
201000016634,0,37,001,00,2,3,01,B01
201000016634,0,02,000,00,2,1,00,A01
201000016635,0,07,000,00,2,4,02,B01
201000016635,0,07,000,00,2,1,02,A01
201000016636,0,30,000,00,2,0,02,B01
201000016636,0,07,000,00,2,3,15,A01
201000016637,0,31,000,00,2,1,02,B01
201000016637,0,30,000,00,2,8,00,A01
201000016638,0,31,000,00,2,9,01,A01
201000016638,0,07,000,00,2,5,01,B01
201000016638,1,07,000,00,2,0,00,Z01
201000016639,0,07,000,00,2,4,01,B01
201000016639,0,07,000,00,2,1,01,A01
201000016640,0,31,000,00,2,1,01,B01
201000016640,0,07,000,00,2,2,12,A01
201000016641,0,33,000,00,2,1,01,A01
201000016641,0,07,000,00,0,4,01,B01
201000016642,0,02,000,00,2,1,01,A01
201000016642,0,07,000,00,2,2,16,B01
201000016643,0,02,000,00,2,1,21,A01
201000016643,0,07,000,00,2,3,09,B01
201000016644,0,07,000,00,2,8,01,B01
201000016644,1,07,000,00,2,1,01,A01
201000016645,0,07,000,00,2,2,02,A01
201000016645,0,30,000,00,2,4,23,B01
201000016646,0,33,000,00,2,1,01,B01
201000016646,0,10,000,00,2,4,04,A01
201000016647,0,01,000,00,2,1,01,B01
201000016647,0,07,000,00,2,7,22,A01
201000016648,0,02,000,00,2,8,01,A01
201000016648,0,07,000,00,2,6,15,B01
201000016649,0,07,000,00,1,2,01,A01
201000016650,0,31,000,00,2,1,01,A01
201000016650,0,07,000,00,2,1,01,B01
201000016651,0,02,000,00,2,4,02,B01
201000016651,0,10,000,00,2,1,02,A01
201000016652,0,07,000,00,2,1,01,A01
201000016652,0,07,000,00,2,9,01,B01
201000016652,0,02,000,00,2,9,01,C01
201000016652,0,07,000,00,2,4,01,D01
201000016653,0,33,000,00,1,1,01,A01
201000016654,0,07,000,00,2,3,01,A01
201000016655,0,10,000,00,1,7,01,A01
201000016656,0,01,000,00,1,1,01,A01
201000016657,0,99,000,00,2,7,01,B01
201000016657,0,01,000,00,2,9,01,C01
201000016657,0,07,000,00,2,1,01,A01
201000016658,0,31,000,00,2,1,17,B01
201000016658,0,07,000,00,2,3,15,A01
201000016659,0,34,000,00,2,1,17,A01
201000016659,0,33,000,00,2,3,15,B01
201000016660,0,30,000,00,2,1,13,A01
201000016660,0,07,000,00,2,3,13,B01
201000016661,0,07,000,00,0,8,10,A01
201000016661,0,02,000,00,2,1,13,B01
201000016662,0,07,000,00,2,2,02,A01
201000016662,0,02,000,00,2,4,02,B01
201000016663,0,31,000,00,2,1,01,B01
201000016663,0,07,000,00,2,5,15,A01
201000016664,0,07,000,00,2,5,02,B01
201000016664,0,02,000,00,2,8,02,A01
201000016665,0,37,006,00,2,1,13,A01
201000016665,0,10,000,00,2,8,01,B01
201000016666,0,02,000,00,2,0,18,A01
201000016666,0,07,000,00,2,2,01,B01
201000016667,0,10,000,04,0,1,14,A01
201000016668,0,07,000,00,2,3,15,B01
201000016668,0,02,000,01,2,1,09,A01
201000016669,0,07,000,00,2,4,23,D01
201000016669,0,07,000,00,2,4,01,B01
201000016669,0,07,000,00,2,1,01,A01
201000016669,0,07,000,00,2,4,01,C01
201000016670,0,07,000,00,2,3,09,A01
201000016670,0,02,000,00,2,2,01,B01
201000016671,0,07,000,00,2,6,01,B01
201000016671,0,07,000,00,2,7,14,A01
201000016672,0,07,000,00,1,1,02,A01
201000016673,0,99,000,00,2,6,16,B01
201000016673,0,01,000,00,2,1,02,A01
201000016673,0,01,000,00,0,0,13,C01
201000016674,0,07,000,00,2,1,01,A01
201000016674,0,07,000,00,2,4,23,B01
201000016675,0,30,000,00,1,1,01,A01
201000016676,0,31,000,00,2,6,00,B01
201000016676,0,07,000,00,2,7,00,A01
201000016677,0,01,000,00,2,1,01,B01
201000016677,0,07,000,00,2,3,24,A01
201000016678,0,07,000,00,2,1,01,B01
201000016678,0,02,000,00,2,1,05,A01
201000016679,0,32,000,00,2,4,02,B01
201000016679,0,07,000,00,2,1,02,A01
201000016679,0,07,000,00,2,4,02,C01
201000016680,0,07,000,00,2,6,15,B01
201000016680,0,07,000,00,2,3,09,A01
201000016681,0,33,000,00,1,1,01,A01
201000016682,0,31,000,00,2,3,01,B01
201000016682,0,02,000,01,2,1,15,A01
201000016683,0,07,000,00,2,1,02,A01
201000016683,0,07,000,01,2,7,02,B01
201000016684,0,07,000,00,1,1,01,A01
201000016685,0,07,000,14,2,1,01,A01
201000016685,0,07,000,00,2,4,02,B01
201000016685,0,07,000,00,2,4,02,C01
201000016686,0,31,000,00,2,2,15,A01
201000016686,0,07,000,00,2,3,01,B01
201000016687,0,33,000,00,1,3,01,A01
201000016688,0,07,000,00,2,3,15,A01
201000016688,0,37,003,00,2,2,01,B01
201000016689,0,31,000,00,0,7,01,A01
201000016690,0,37,001,00,1,0,16,A01
201000016691,0,32,000,00,1,2,01,A01
201000016692,0,07,000,00,1,3,01,A01
201000016693,0,33,000,01,2,7,13,A01
201000016693,0,37,015,00,2,3,01,B01
201000016694,1,02,000,00,1,1,01,Z01
201000016695,0,07,000,00,2,2,15,A01
201000016695,0,02,000,00,2,1,01,B01
201000016696,0,30,000,00,2,7,00,B01
201000016696,0,07,000,00,2,6,15,A01
201000016697,0,07,000,00,2,1,13,A01
201000016697,0,07,000,00,2,1,01,B01
201000016698,0,02,000,00,2,1,01,B01
201000016698,0,07,000,00,2,1,15,A01
201000016699,0,07,000,00,2,1,01,B01
201000016699,0,02,000,00,2,3,01,A01
201000016700,0,02,000,00,2,1,01,A01
201000016700,0,02,000,00,2,1,01,B01
201000016701,0,14,000,00,2,2,15,B01
201000016701,0,31,000,00,2,1,15,A01
201000016702,0,07,000,00,2,6,01,A01
201000016702,0,02,000,00,2,1,01,B01
201000016703,0,07,000,00,2,6,00,B01
201000016703,0,30,000,00,2,1,00,A01
201000016704,0,07,000,00,2,4,23,C01
201000016704,0,07,000,00,1,9,23,B01
201000016704,0,07,000,00,2,1,01,A01
201000016705,0,31,000,00,2,1,01,B01
201000016705,0,31,000,00,2,1,01,A01
201000016706,0,02,000,00,2,1,02,B01
201000016706,0,07,000,00,2,6,09,A01
201000016707,0,02,000,01,0,1,01,A01
201000016708,0,07,000,00,2,3,15,A01
201000016708,0,30,000,00,2,2,17,B01
201000016709,0,34,000,00,2,1,02,A01
201000016709,0,07,000,00,2,4,02,B01
201000016710,0,10,000,00,2,5,01,B01
201000016710,0,07,000,00,2,3,09,A01
201000016711,0,33,000,00,2,0,00,B01
201000016711,0,07,000,00,2,1,02,A01
201000016712,0,32,000,00,2,3,01,A01
201000016712,0,07,000,00,2,7,16,B01
201000016713,0,31,000,00,1,1,01,A01
201000016714,0,07,000,00,2,3,01,B01
201000016714,0,33,000,00,2,1,01,A01
201000016715,0,10,000,00,2,1,01,A01
201000016715,0,10,000,00,2,4,02,B01
201000016716,0,07,000,00,1,2,01,A01
201000016717,0,33,000,00,2,1,02,A01
201000016717,0,07,000,00,2,6,24,B01
201000016718,0,07,000,00,2,1,02,A01
201000016718,0,07,000,00,2,4,02,B01
201000016719,0,01,000,00,1,1,01,A01
201000016720,0,07,000,00,1,2,17,A01
201000016721,0,07,000,00,2,2,16,B01
201000016721,0,33,000,00,2,3,01,A01
201000016722,0,32,000,00,2,7,02,B01
201000016722,0,07,000,00,2,6,00,A01
201000016723,0,07,000,00,2,1,01,A01
201000016723,0,02,000,00,2,7,01,B01
201000016724,0,07,000,00,2,6,00,B01
201000016724,0,07,000,00,2,1,00,A01
201000016725,0,07,000,00,2,4,02,B01
201000016725,0,07,000,00,2,1,01,A01
201000016726,0,07,000,00,2,1,02,A01
201000016726,0,07,000,00,2,4,02,B01
201000016727,0,33,000,00,2,2,01,B01
201000016727,0,07,000,00,2,3,15,A01
201000016728,0,02,000,00,2,1,17,B01
201000016728,0,02,000,00,2,1,17,A01
201000016729,0,32,000,00,2,1,02,A01
201000016729,0,07,000,00,2,4,02,B01
201000016730,0,30,000,00,1,1,01,A01
201000016731,0,07,000,00,2,4,00,C01
201000016731,0,07,000,00,2,1,01,A01
201000016731,0,07,000,00,1,4,01,B01
201000016732,0,07,000,00,2,1,08,B01
201000016732,0,01,000,00,2,7,15,A01
201000016733,0,01,000,00,9,1,01,A01
201000016734,0,07,000,00,2,1,01,A01
201000016734,0,07,000,00,2,4,01,B01
201000016735,0,30,000,00,2,1,17,A01
201000016735,0,07,000,00,2,1,02,B01
201000016736,0,33,000,00,2,4,01,B01
201000016736,0,07,000,00,2,1,01,A01
201000016737,0,02,000,00,2,1,01,A01
201000016737,0,07,000,00,2,1,01,B01
201000016738,0,13,000,00,2,3,01,B01
201000016738,0,33,000,00,2,3,13,A01
201000016739,0,07,000,00,2,2,16,B01
201000016739,0,02,000,00,0,3,18,A01
201000016740,0,30,000,00,2,0,02,B01
201000016740,0,07,000,00,2,3,15,A01
201000016741,0,07,000,01,2,1,01,A01
201000016741,0,07,000,00,2,6,01,B01
201000016742,0,07,000,00,2,6,01,B01
201000016742,0,02,000,00,2,1,01,A01
201000016743,0,30,000,00,2,2,01,A01
201000016743,0,07,000,00,2,3,01,B01
201000016744,0,02,000,00,2,1,01,B01
201000016744,0,07,000,00,0,5,16,A01
201000016745,0,30,000,00,2,0,02,B01
201000016745,0,07,000,00,2,2,15,A01
201000016746,0,33,000,00,2,1,01,B01
201000016746,0,10,000,00,2,2,06,A01
201000016747,0,02,000,00,2,1,17,B01
201000016747,0,07,000,00,2,3,15,A01
201000016748,0,07,000,00,2,1,14,A01
201000016749,0,30,000,00,2,0,15,A01
201000016749,0,07,000,00,2,6,00,C01
201000016749,0,07,000,00,2,5,00,B01
201000016750,0,07,000,00,2,4,23,C01
201000016750,0,07,000,00,2,2,09,A01
201000016750,0,07,000,01,2,9,23,B01
201000016751,0,31,000,00,2,5,00,B01
201000016751,0,07,000,00,2,6,04,A01
201000016752,0,07,000,00,2,6,00,B01
201000016752,0,31,000,00,2,9,00,A01
201000016753,0,32,000,00,2,1,01,A01
201000016754,0,07,000,00,2,3,15,B01
201000016754,0,31,000,00,2,2,17,A01
201000016755,0,33,000,00,2,7,02,B01
201000016755,0,07,000,00,2,8,24,A01
201000016756,0,07,000,09,0,1,14,A01
201000016757,2,07,000,00,2,1,16,A01
201000016757,0,01,000,00,2,4,01,B01
201000016757,1,07,000,00,2,1,14,Z01
201000016758,0,07,000,00,2,2,13,A01
201000016758,0,07,000,00,2,2,13,B01
201000016759,0,07,000,00,2,2,02,B01
201000016759,0,31,000,00,2,0,00,A01
201000016760,0,07,000,00,2,1,02,A01
201000016760,0,07,000,00,2,0,00,B01
201000016761,0,07,000,00,2,1,00,A01
201000016761,0,02,000,00,2,8,00,B01
201000016762,0,07,000,00,2,3,01,B01
201000016762,0,33,000,00,2,3,13,A01
201000016763,0,01,000,00,2,1,05,A01
201000016763,0,32,000,00,2,1,01,B01
201000016764,0,32,000,00,2,8,00,B01
201000016764,0,07,000,00,2,1,00,A01
201000016765,0,07,000,00,1,1,00,A01
201000016766,0,07,000,00,2,8,09,A01
201000016766,0,33,000,00,2,1,02,B01