Num_Acc,senc,catv,occutc,obs,obsm,choc,manv,num_veh
201000016767,0,07,000,00,2,1,01,B01
201000016767,0,32,000,00,2,1,05,A01
201000016768,0,07,000,00,2,7,15,A01
201000016768,0,37,004,00,2,3,02,B01
201000016769,0,07,000,00,2,1,01,B01
201000016769,0,02,000,00,2,1,17,A01
201000016770,0,02,000,00,2,1,01,B01
201000016770,0,02,000,00,2,3,09,A01
201000016771,0,31,000,00,2,4,02,B01
201000016771,0,07,000,00,2,4,02,C01
201000016771,0,07,000,00,2,3,02,A01
201000016772,0,07,000,00,2,3,09,A01
201000016772,0,32,000,00,2,1,01,B01
201000016773,0,07,000,00,2,1,09,A01
201000016774,0,07,000,14,0,1,01,A01
201000016774,0,07,000,00,2,4,02,B01
201000016775,0,33,000,00,2,3,01,B01
201000016775,0,07,000,00,2,8,16,A01
201000016776,0,30,000,00,2,4,02,B01
201000016776,0,10,000,00,2,1,02,A01
201000016777,0,07,000,00,1,2,01,A01
201000016778,0,07,000,01,0,2,01,A01
201000016779,0,07,000,00,2,7,01,A01
201000016779,0,33,000,00,2,1,01,B01
201000016780,0,07,000,00,2,4,01,B01
201000016780,0,30,000,00,2,1,01,A01
201000016781,0,07,000,01,0,2,14,A01
201000016782,0,32,000,00,2,1,01,B01
201000016782,0,07,000,00,2,6,15,A01
201000016783,0,07,000,00,2,1,01,B01
201000016783,0,07,000,00,2,2,01,A01
201000016784,0,07,000,00,2,3,09,B01
201000016784,0,07,000,00,2,1,05,A01
201000016785,0,07,000,00,2,1,02,A01
201000016785,0,07,000,00,2,4,23,C01
201000016785,0,07,000,00,2,4,23,B01
201000016786,0,30,000,00,2,1,16,A01
201000016786,0,07,000,00,2,3,01,B01
201000016787,0,07,000,00,2,6,01,B01
201000016787,0,07,000,00,2,1,01,A01
201000016788,0,31,000,00,0,0,00,A01
201000016789,0,07,000,00,2,1,15,A01
201000016789,0,02,000,00,2,1,01,B01
201000016790,0,02,000,00,2,8,01,B01
201000016790,0,07,000,00,2,7,24,A01
201000016791,0,32,000,00,2,0,00,B01
201000016791,1,32,000,00,2,0,00,Z01
201000016792,0,07,000,00,2,4,01,B01
201000016792,0,10,000,00,2,1,01,A01
201000016793,0,32,000,00,2,7,13,A01
201000016793,0,07,000,00,2,3,01,B01
201000016794,0,07,000,00,2,1,01,A01
201000016794,0,31,000,00,2,8,01,B01
201000016795,0,07,000,05,0,9,01,A01
201000016795,1,07,000,00,2,0,00,Z01
201000016796,0,07,000,00,2,4,02,B01
201000016796,0,07,000,00,2,1,01,A01
201000016797,0,07,000,00,2,2,16,A01
201000016797,0,30,000,00,2,1,01,B01
201000016798,0,30,000,00,2,7,01,A01
201000016798,0,07,000,00,2,3,01,B01
201000016799,0,07,000,00,1,1,01,A01
201000016800,0,33,000,00,2,3,01,A01
201000016800,0,07,000,00,2,2,16,B01
201000016801,0,07,000,00,2,0,13,B01
201000016801,0,02,000,00,2,1,01,A01
201000016802,0,07,000,00,0,9,01,A01
201000016803,0,31,000,00,2,4,01,B01
201000016803,0,30,000,00,2,1,01,A01
201000016804,0,02,000,00,0,0,00,A01
201000016805,0,02,000,00,2,1,01,B01
201000016805,0,10,000,00,2,5,16,A01
201000016806,0,32,000,09,2,1,01,A01
201000016807,0,30,000,00,2,7,14,B01
201000016807,0,07,000,00,2,3,01,A01
201000016808,0,32,000,00,2,1,01,A01
201000016808,0,37,016,00,2,5,15,B01
201000016809,0,07,000,01,0,9,14,A01
201000016810,0,33,000,10,0,1,01,A01
201000016811,0,07,000,00,2,2,01,A01
201000016811,0,07,000,01,2,1,01,B01
201000016812,0,07,000,00,2,2,15,A01
201000016812,0,31,000,00,2,1,01,B01
201000016813,0,07,000,00,1,0,15,A01
201000016814,0,07,000,00,2,3,15,B01
201000016814,0,30,000,00,2,1,17,A01
201000016815,0,32,000,00,0,0,09,B01
201000016815,0,10,000,00,0,0,04,A01
201000016816,0,07,000,00,2,8,15,A01
201000016816,0,33,000,00,2,8,01,B01
201000016817,0,02,000,00,0,2,01,A01
201000016818,0,07,000,02,0,1,01,A01
201000016819,0,31,000,00,2,3,01,B01
201000016819,0,07,000,00,2,2,01,A01
201000016820,0,37,001,00,1,0,09,A01
201000016821,0,07,000,00,0,0,00,B01
201000016821,0,33,000,00,2,0,16,A01
201000016822,0,30,000,00,0,8,01,A01
201000016823,0,31,000,00,2,1,01,B01
201000016823,0,07,000,00,2,3,09,A01
201000016824,0,07,000,00,2,8,15,A01
201000016824,0,02,000,00,2,2,01,B01
201000016824,0,02,000,00,2,2,01,C01
201000016825,0,33,000,00,2,1,01,A01
201000016825,0,07,000,00,2,6,01,B01
201000016826,0,07,000,00,2,4,01,B01
201000016826,0,07,000,00,2,1,01,A01
201000016827,0,31,000,00,2,8,15,A01
201000016827,0,37,026,00,2,1,07,B01
201000016828,0,07,000,00,2,8,15,A01
201000016828,0,02,000,00,2,1,01,B01
201000016829,0,07,000,00,1,1,01,A01
201000016830,0,07,000,00,2,1,01,B01
201000016830,0,33,000,00,2,1,01,A01
201000016831,0,07,000,00,2,4,02,B01
201000016831,0,30,000,00,2,1,01,A01
201000016832,0,07,000,00,2,4,01,B01
201000016832,0,07,000,00,2,1,01,A01
201000016833,0,07,000,00,1,1,15,A01
201000016834,0,07,000,00,2,5,01,B01
201000016834,0,07,000,00,2,2,01,A01
201000016835,0,07,000,00,2,4,01,B01
201000016835,0,07,000,00,2,1,01,A01
201000016836,0,07,000,00,2,6,00,B01
201000016836,0,07,000,01,0,2,01,A01
201000016837,0,31,000,00,2,1,01,A01
201000016837,0,07,000,00,2,6,15,B01
201000016838,0,02,000,00,2,1,01,B01
201000016838,0,07,000,00,2,5,12,A01
201000016839,0,31,000,00,2,1,13,A01
201000016839,0,07,000,00,2,3,01,B01
201000016840,0,07,000,00,2,1,01,A01
201000016840,0,07,000,00,2,2,00,B01
201000016840,0,07,000,00,2,1,01,C01
201000016841,0,02,000,12,0,2,01,A01
201000016842,0,02,000,00,2,5,01,B01
201000016842,0,07,000,00,2,2,01,A01
201000016843,0,33,000,00,2,1,01,B01
201000016843,0,07,000,00,2,2,15,A01
201000016844,0,07,000,00,1,3,01,A01
201000016845,0,32,000,11,2,7,01,B01
201000016845,0,07,000,00,2,3,11,A01
201000016846,0,07,000,00,0,0,00,B01
201000016846,0,31,000,00,2,1,01,A01
201000016847,0,07,000,00,2,2,15,B01
201000016847,0,33,000,00,2,8,15,A01
201000016848,0,07,000,00,2,3,15,B01
201000016848,0,32,000,00,2,7,17,A01
201000016849,0,07,000,00,2,2,01,B01
201000016849,0,02,000,00,2,1,09,A01
201000016850,0,07,000,00,0,0,12,B01
201000016850,0,31,000,00,0,0,01,A01
201000016851,0,32,000,01,0,1,01,A01
201000016852,0,31,000,00,2,7,01,A01
201000016852,0,07,000,00,2,3,01,B01
201000016853,0,07,000,00,2,4,01,B01
201000016853,0,07,000,00,2,1,01,A01
201000016854,0,01,000,00,1,1,01,A01
201000016855,0,07,000,00,2,6,23,C01
201000016855,0,33,000,00,0,0,00,B01
201000016855,0,31,000,00,2,7,00,A01
201000016856,0,07,000,00,2,1,01,B01
201000016856,0,01,000,00,2,8,00,A01
201000016857,0,31,000,00,2,7,16,B01
201000016857,0,31,000,00,2,1,01,A01
201000016858,0,33,000,00,2,8,00,B01
201000016858,0,07,000,00,2,6,00,A01
201000016859,0,32,000,00,2,2,01,B01
201000016859,0,07,000,01,2,7,12,A01
201000016860,0,32,000,00,0,0,01,A01
201000016861,0,31,000,00,2,4,01,B01
201000016861,0,07,000,00,2,4,01,C01
201000016861,0,07,000,00,2,1,01,A01
201000016862,1,07,000,00,2,7,16,Z01
201000016862,0,07,000,00,2,6,23,B01
201000016862,0,33,000,01,2,1,01,A01
201000016863,0,31,000,00,2,6,01,B01
201000016863,0,02,000,00,2,1,01,A01
201000016864,0,31,000,00,2,1,01,A01
201000016864,0,07,000,00,2,2,16,B01
201000016865,0,33,000,00,2,1,17,A01
201000016865,0,07,000,00,2,6,17,B01
201000016866,0,07,000,00,2,7,15,A01
201000016866,0,32,000,00,2,1,01,B01
201000016867,0,30,000,00,2,7,01,B01
201000016867,0,07,000,00,2,1,01,A01
201000016868,0,37,016,00,2,1,01,B01
201000016868,0,02,000,00,2,2,01,A01
201000016869,0,32,000,00,2,1,01,B01
201000016869,0,07,000,00,2,4,00,A01
201000016870,0,02,000,00,0,0,00,A01
201000016871,0,10,000,00,2,1,09,A01
201000016871,0,07,000,00,2,8,01,B01
201000016872,0,07,000,00,2,8,20,A01
201000016872,0,30,000,00,2,1,01,B01
201000016873,0,07,000,00,2,3,01,B01
201000016873,0,30,000,00,2,1,15,A01
201000016874,0,33,000,00,2,1,01,A01
201000016874,0,07,000,00,2,4,01,B01
201000016875,0,07,000,00,2,5,09,B01
201000016875,0,07,000,00,2,3,01,A01
201000016876,0,01,000,00,2,1,05,A01
201000016876,0,07,000,00,2,1,01,B01
201000016877,0,07,000,00,2,3,01,A01
201000016877,0,32,000,00,2,9,01,B01
201000016878,0,07,000,00,1,4,04,A01
201000016879,0,02,000,00,2,3,01,B01
201000016879,0,07,000,00,2,7,16,A01
201000016880,0,07,000,00,2,2,01,A01
201000016880,0,32,000,00,2,9,23,B01
201000016880,0,07,000,00,2,4,23,C01
201000016881,0,07,000,00,2,3,00,A01
201000016881,0,07,000,15,2,2,00,B01
201000016882,0,07,000,04,0,3,01,A01
201000016883,0,02,000,00,2,1,01,B01
201000016883,0,07,000,00,2,3,09,A01
201000016884,0,07,000,00,1,3,01,A01
201000016885,0,13,000,00,2,4,23,B01
201000016885,0,07,000,00,2,1,01,A01
201000016886,0,07,000,00,1,6,04,A01
201000016887,0,07,000,00,2,3,09,A01
201000016887,0,02,000,00,2,1,01,B01
201000016888,0,07,000,00,2,1,23,B01
201000016888,0,07,000,01,2,9,01,A01
201000016889,0,32,000,00,2,1,01,A01
201000016889,0,07,000,00,2,6,01,B01
201000016890,0,02,000,01,0,1,13,A01
201000016891,0,01,000,00,2,1,01,A01
201000016891,0,01,000,00,2,1,01,B01
201000016892,0,02,000,00,2,1,01,B01
201000016892,0,07,000,00,2,4,20,A01
201000016893,0,30,000,00,2,1,01,A01
201000016894,0,07,000,00,2,2,01,B01
201000016894,0,33,000,00,2,8,09,A01
201000016895,0,01,000,00,2,1,01,B01
201000016895,0,14,000,00,2,3,15,A01
201000016896,0,07,000,00,1,4,04,A01
201000016897,0,07,000,00,2,8,15,A01
201000016897,0,30,000,00,2,1,17,B01
201000016898,0,33,000,01,0,1,01,A01
201000016899,0,07,000,03,0,1,14,A01
201000016900,0,01,000,00,2,0,01,B01
201000016900,0,07,000,00,2,1,09,A01
201000016901,0,07,000,00,2,1,01,B01
201000016901,0,07,000,00,2,1,01,A01
201000016902,0,32,000,00,2,8,01,B01
201000016902,0,07,000,00,2,4,00,A01
201000016903,0,07,000,00,2,7,09,A01
201000016903,0,37,000,00,2,1,01,B01
201000016904,0,02,000,00,2,4,01,A01
201000016904,0,07,000,00,2,7,16,B01
201000016905,0,31,000,00,2,7,01,B01
201000016905,0,07,000,00,2,3,15,A01
201000016906,0,07,000,00,2,0,01,A01
201000016906,0,30,000,01,0,2,01,B01
201000016907,0,07,000,00,2,1,01,A01
201000016907,0,07,000,00,2,4,01,B01
201000016908,0,30,000,00,2,1,01,B01
201000016908,0,32,000,00,2,0,15,A01
201000016909,0,02,000,00,2,1,01,B01
201000016909,0,07,000,00,2,1,15,A01
201000016910,0,02,000,00,0,0,15,B01
201000016910,0,07,000,00,0,0,15,A01
201000016911,0,37,003,00,2,4,02,B01
201000016911,0,07,000,00,2,1,02,A01
201000016912,0,07,000,00,1,1,02,A01
201000016913,0,07,000,00,2,3,10,A01
201000016913,0,32,000,00,2,7,17,B01
201000016914,0,33,000,00,2,1,01,B01
201000016914,0,07,000,00,2,6,10,A01
201000016915,0,07,000,00,2,1,15,A01
201000016915,0,02,000,00,2,1,01,B01
201000016916,0,31,000,00,1,1,01,A01
201000016917,0,07,000,00,2,1,02,A01
201000016917,0,31,000,00,2,4,02,B01
201000016918,0,07,000,04,0,9,24,B01
201000016918,0,07,000,01,0,2,00,A01
201000016918,0,99,000,00,2,7,24,C01
201000016919,0,34,000,00,1,2,00,A01
201000016920,0,02,000,00,2,3,01,B01
201000016920,0,33,000,00,2,3,01,A01
201000016921,1,07,000,00,2,1,01,A01
201000016921,0,33,000,00,2,2,01,B01
201000016922,0,07,000,00,1,2,15,A01
201000016923,0,33,000,00,2,7,02,A01
201000016923,0,07,000,00,2,4,02,B01
201000016924,0,07,000,00,2,2,01,B01
201000016924,0,33,000,00,2,1,01,A01
201000016925,0,07,000,00,2,3,00,A01
201000016925,0,32,000,00,2,2,00,B01
201000016926,0,30,000,00,2,1,00,A01
201000016926,0,10,000,00,2,8,00,B01
201000016927,0,33,000,00,2,1,02,A01
201000016927,0,31,000,00,2,4,02,B01
201000016928,0,33,000,00,0,9,01,A01
201000016929,0,07,000,00,2,3,01,B01
201000016929,0,07,000,00,2,1,15,A01
201000016930,0,07,000,00,2,4,02,B01
201000016930,0,07,000,00,2,1,02,A01
201000016931,0,07,000,00,2,3,09,B01
201000016931,0,07,000,00,2,2,02,A01
201000016932,0,33,000,00,2,1,01,B01
201000016932,0,07,000,00,2,1,14,A01
201000016932,0,31,000,00,2,8,01,C01
201000016933,0,07,000,00,2,3,01,A01
201000016933,0,10,000,00,2,1,01,C01
201000016933,0,02,000,00,2,1,01,B01
201000016934,0,01,000,00,0,0,00,A01
201000016934,0,07,000,00,2,6,23,B01
201000016935,0,30,000,01,0,0,01,A01
201000016936,0,30,000,00,0,9,00,A01
201000016937,0,07,000,00,2,0,01,B01
201000016937,0,32,000,00,2,8,03,A01
201000016938,0,32,000,02,0,0,00,A01
201000016939,0,07,000,00,2,1,01,A01
201000016939,0,07,000,00,2,1,01,B01
201000016940,0,02,000,00,2,1,00,B01
201000016940,0,07,000,00,2,2,01,A01
201000016941,0,07,000,00,2,1,11,A01
201000016941,0,07,000,12,2,4,01,B01
201000016942,0,07,000,00,2,3,11,B01
201000016942,0,34,000,00,2,7,01,A01
201000016943,1,07,000,00,2,8,13,Z01
201000016943,0,33,000,06,2,7,01,A01
201000016944,0,02,000,00,2,1,00,A01
201000016945,0,07,000,00,2,3,02,B01
201000016945,0,02,000,01,2,1,02,A01
201000016946,0,07,000,00,2,4,15,A01
201000016946,0,37,002,00,2,1,02,B01
201000016947,0,32,000,01,2,1,01,B01
201000016947,0,07,000,00,2,3,01,A01
201000016948,0,07,000,00,2,6,02,B01
201000016948,0,33,000,00,2,4,02,A01
201000016949,0,10,000,01,0,1,13,A01
201000016950,0,07,000,00,1,4,02,B01
201000016950,0,10,000,00,2,1,02,A01
201000016951,0,07,000,00,2,1,13,A01
201000016951,0,30,000,00,2,1,01,B01
201000016952,0,07,000,00,2,2,16,A01
201000016952,0,31,000,08,2,3,01,B01
201000016953,0,07,000,00,2,1,01,B01
201000016953,0,02,000,00,2,1,01,A01
201000016954,0,07,000,00,2,1,01,B01
201000016954,0,01,000,00,2,8,00,A01
201000016955,0,33,000,00,2,1,00,B01
201000016955,0,07,000,00,2,7,15,A01
201000016956,0,07,000,00,1,2,00,A01
201000016957,0,10,000,00,2,3,01,A01
201000016957,0,31,000,00,2,1,01,B01
201000016958,0,07,000,00,2,5,01,A01
201000016958,0,07,000,00,2,1,01,B01
201000016959,0,07,000,00,2,3,15,A01
201000016959,0,33,000,00,2,1,01,B01
201000016960,0,02,000,00,2,8,15,A01
201000016960,0,37,040,00,2,2,07,B01
201000016961,0,07,000,14,0,9,00,A01
201000016962,0,07,000,00,2,1,01,A01
201000016962,0,31,000,00,2,1,00,B01
201000016963,0,07,000,00,2,4,01,B01
201000016963,0,07,000,00,2,5,01,C01
201000016963,0,07,000,00,2,1,01,A01
201000016964,0,07,000,00,1,0,15,A01
201000016965,0,07,000,00,2,2,00,A01
201000016965,0,32,000,00,2,5,00,B01
201000016966,0,07,000,00,2,8,15,A01
201000016966,0,31,000,00,2,2,17,B01
201000016967,0,31,000,00,2,3,01,B01
201000016967,0,07,000,00,2,2,01,A01
201000016968,0,31,000,00,2,1,01,B01
201000016968,0,07,000,00,2,1,15,A01
201000016969,0,07,000,00,1,1,01,A01
201000016970,0,07,000,10,0,1,16,A01
201000016971,0,02,000,00,2,1,01,B01
201000016971,0,07,000,00,2,0,09,A01
201000016972,0,02,000,00,2,1,01,B01
201000016972,0,07,000,00,2,1,01,A01
201000016973,0,38,001,00,1,0,01,A01
201000016974,0,07,000,00,1,1,00,A01
201000016975,0,07,000,00,1,1,01,A01
201000016976,0,07,000,00,1,1,16,A01
201000016977,0,07,000,00,2,3,15,A01
201000016977,0,33,000,00,2,1,01,B01
201000016978,0,33,000,00,2,6,01,B01
201000016978,0,07,000,00,2,2,01,A01
201000016979,0,30,000,00,2,3,11,A01
201000016979,0,31,000,00,1,2,01,B01
201000016980,0,30,000,00,2,2,15,B01
201000016980,0,07,000,00,2,3,16,A01
201000016981,0,33,000,11,2,3,01,B01
201000016981,0,07,000,00,2,3,13,A01
201000016982,0,32,000,00,2,3,01,B01
201000016982,0,07,000,00,2,3,22,A01
201000016983,0,31,000,00,2,4,23,B01
201000016983,0,07,000,00,2,1,01,A01
201000016984,0,37,020,00,1,2,07,A01
201000016985,0,07,000,00,2,3,11,A01
201000016985,0,34,000,00,2,2,01,B01
201000016986,0,07,000,00,2,1,01,B01
201000016986,0,07,000,00,2,2,01,A01
201000016987,0,31,000,00,2,2,01,A01
201000016987,0,07,000,00,2,8,00,B01
201000016988,0,07,000,00,1,1,01,A01
201000016989,0,07,000,00,2,3,01,B01
201000016989,0,07,000,00,2,2,15,A01
201000016990,0,31,000,12,2,2,17,A01
201000016990,0,07,000,00,2,8,01,B01
201000016991,0,07,000,00,1,2,01,A01
201000016992,0,07,000,00,2,8,15,A01
201000016992,0,37,001,00,2,1,01,B01
201000016993,0,02,000,00,2,0,00,A01
201000016993,0,02,000,00,2,1,01,B01
201000016994,0,07,000,00,2,3,00,A01
201000016994,0,02,000,00,2,1,01,B01
201000016995,0,31,000,00,2,1,01,B01
201000016995,0,07,000,00,2,1,15,A01
201000016996,0,07,000,00,2,2,15,A01
201000016996,0,33,000,00,2,1,01,B01
201000016997,0,07,000,00,2,2,01,A01
201000016998,0,07,000,00,2,4,01,D01
201000016998,0,07,000,00,2,9,01,C01
201000016998,0,07,000,00,2,1,01,A01
201000016998,0,07,000,00,2,9,01,B01
201000016999,0,33,000,00,2,1,18,B01
201000016999,0,07,000,00,2,2,15,A01
201000017000,0,02,000,08,0,1,01,A01
201000017001,0,02,000,00,2,4,01,B01
201000017001,0,10,000,00,2,2,17,A01
201000017002,0,07,000,00,2,2,01,B01
201000017002,0,07,000,00,2,2,15,A01
201000017003,0,31,000,12,0,9,18,A01
201000017004,0,02,000,06,0,1,00,A01
201000017005,0,07,000,00,1,4,04,A01
201000017006,1,02,000,00,1,0,01,Z01
201000017007,0,07,000,00,1,1,01,A01
201000017008,0,07,000,01,2,9,01,A01
201000017008,0,07,000,00,2,6,00,B01
201000017008,0,07,000,00,2,4,01,E01
201000017008,0,07,000,00,2,1,01,D01
201000017008,0,07,000,00,2,3,01,C01
201000017009,0,07,000,00,2,6,00,B01
201000017009,0,07,000,00,2,2,00,A01
201000017010,0,13,000,06,2,1,01,A01
201000017010,0,07,000,00,2,1,01,B01
201000017011,0,07,000,00,1,1,01,A01
201000017012,0,01,000,00,2,8,01,B01
201000017012,0,07,000,00,2,2,01,A01
201000017013,0,10,000,00,2,3,01,B01
201000017013,0,10,000,00,2,3,13,A01
201000017014,0,07,000,00,2,1,01,A01
201000017014,0,07,000,00,2,9,01,B01
201000017014,0,07,000,00,2,7,01,C01
201000017015,0,33,000,00,2,1,01,B01
201000017015,0,07,000,00,2,7,15,A01
201000017016,0,02,000,00,2,1,01,B01
201000017016,0,07,000,00,2,2,01,A01
201000017017,0,33,000,00,2,8,00,B01
201000017017,0,07,000,00,2,3,00,A01
201000017018,0,30,000,00,2,8,01,A01
201000017018,0,07,000,00,2,4,01,B01
201000017019,0,07,000,00,1,1,01,A01
201000017020,0,30,000,00,0,1,01,A01
201000017021,0,07,000,00,2,5,00,B01
201000017021,0,30,000,00,2,3,00,A01
201000017022,1,07,000,00,2,4,00,Z01
201000017022,0,07,000,00,2,4,01,B01
201000017022,0,07,000,00,2,1,01,A01
201000017022,0,07,000,00,2,4,01,C01
201000017023,0,01,000,00,1,0,05,A01
201000017023,0,07,000,00,2,3,15,B01
201000017024,0,07,000,00,2,1,02,A01
201000017024,0,02,000,00,2,4,02,B01
201000017025,0,31,000,00,2,1,01,A01
201000017025,0,07,000,00,2,3,01,B01
201000017026,0,32,000,00,2,5,01,A01
201000017026,0,07,000,00,2,6,01,B01
201000017027,0,07,000,00,2,0,01,A01
201000017027,0,07,000,00,2,8,01,B01
201000017028,0,33,000,00,2,1,01,B01
201000017028,0,07,000,00,2,1,10,A01
201000017029,0,07,000,08,0,1,13,A01
201000017030,0,07,000,00,2,5,05,A01
201000017030,0,07,000,00,2,1,01,C01
201000017030,0,33,000,00,2,3,01,B01
201000017031,0,07,000,06,2,1,00,A01
201000017031,1,07,000,00,0,0,13,Z01
201000017031,0,07,000,00,2,8,01,B01
201000017032,0,31,000,00,2,4,02,B01
201000017032,0,07,000,00,2,1,01,A01
201000017033,0,07,000,00,2,5,01,D01
201000017033,0,07,000,00,2,8,01,C01
201000017033,0,07,000,00,2,9,01,B01
201000017033,0,02,000,00,2,2,01,A01
201000017034,0,31,000,00,2,1,03,B01
201000017034,0,07,000,00,2,3,15,A01
201000017035,1,07,000,00,2,1,01,Z01
201000017035,0,31,000,00,2,0,01,B01
201000017036,0,33,000,00,2,1,01,B01
201000017036,0,07,000,00,2,3,01,A01
201000017037,0,07,000,00,1,1,01,A01
201000017038,0,07,000,00,2,4,01,B01
201000017038,0,30,000,00,2,1,01,A01
201000017039,0,32,000,00,2,1,01,B01
201000017039,0,07,000,00,2,0,00,A01
201000017040,0,07,000,00,2,4,02,B01
201000017040,0,33,000,14,0,1,01,A01
201000017041,0,07,000,00,2,2,01,A01
201000017041,0,31,000,00,2,1,01,B01
201000017042,0,02,000,00,2,1,01,B01
201000017042,0,07,000,00,2,2,01,A01
201000017043,0,30,000,00,2,4,02,B01
201000017043,0,07,000,00,2,1,02,A01
201000017044,0,33,000,00,2,1,01,B01
201000017044,0,07,000,00,2,3,15,A01
201000017045,0,07,000,00,2,3,15,A01
201000017045,0,33,000,00,2,8,01,B01
201000017046,0,01,000,00,2,3,01,B01
201000017046,0,07,000,00,9,2,20,A01
201000017047,0,07,000,00,2,3,01,A01
201000017047,0,31,000,00,2,1,01,B01
201000017048,0,01,000,00,2,1,16,A01
201000017048,0,07,000,00,1,4,01,B01
201000017049,0,33,000,00,2,1,01,B01
201000017049,0,07,000,01,2,4,01,A01
201000017050,0,07,000,00,2,3,01,B01
201000017050,0,02,000,00,2,1,01,A01
201000017051,0,07,000,00,2,1,01,A01
201000017051,0,07,000,00,2,4,01,B01
201000017052,0,07,000,00,2,5,01,B01
201000017052,0,01,000,00,2,3,13,A01
201000017053,0,31,000,00,2,1,01,A01
201000017053,0,07,000,00,2,4,01,B01
201000017054,0,07,000,00,2,3,09,B01
201000017054,0,31,000,00,2,1,01,A01
201000017055,0,02,000,01,0,1,18,A01
201000017056,0,02,000,00,2,8,01,A01
201000017056,1,07,000,00,2,1,01,Z01
201000017057,0,07,000,00,2,3,01,B01
201000017057,0,07,000,00,2,7,01,D01
201000017057,0,07,000,00,2,1,01,C01
201000017057,0,07,000,01,0,1,05,A01
201000017057,0,07,000,00,2,1,01,E01
201000017058,0,07,000,00,1,1,01,A01
201000017059,0,32,000,06,0,1,14,A01
201000017060,0,02,000,00,2,1,17,B01
201000017060,0,07,000,00,2,6,15,A01
201000017061,0,07,000,00,1,1,15,A01
201000017062,0,07,000,00,1,1,01,A01
201000017063,0,31,000,00,2,2,01,B01
201000017063,0,07,000,00,2,1,15,A01
201000017064,0,34,000,00,2,7,01,B01
201000017064,0,07,000,00,2,2,09,A01
201000017065,0,07,000,00,2,1,01,B01
201000017065,0,31,000,13,2,1,13,A01
201000017066,0,07,000,00,2,1,01,A01
201000017066,0,07,000,00,2,4,02,C01
201000017066,0,07,000,14,2,4,02,B01
201000017067,0,07,000,00,2,3,15,B01
201000017067,0,02,000,00,2,2,17,A01
201000017068,0,07,000,00,2,2,12,A01
201000017068,0,07,000,00,2,8,01,B01
201000017069,0,07,000,00,2,1,01,B01
201000017069,0,07,000,00,2,5,01,C01
201000017069,0,07,000,00,2,3,01,E01
201000017069,0,07,000,00,2,3,01,D01
201000017069,0,07,000,00,2,2,01,A01
201000017070,0,07,000,00,2,3,15,A01
201000017070,0,33,000,00,2,1,01,B01
201000017071,0,31,000,00,1,8,01,A01
201000017072,0,07,000,00,1,2,01,A01
201000017073,0,07,000,00,1,1,01,A01
201000017074,0,32,000,00,2,1,01,A01
201000017074,0,10,000,00,2,4,01,B01
201000017075,0,33,000,00,2,1,09,B01
201000017075,0,34,000,00,2,6,01,A01
201000017076,0,32,000,00,2,6,16,B01
201000017076,0,10,000,00,2,1,01,A01
201000017077,0,02,000,00,2,4,01,B01
201000017077,0,07,000,00,2,1,01,A01
201000017078,0,07,000,00,2,3,15,A01
201000017078,0,07,000,00,2,2,01,B01
201000017079,0,33,000,00,2,1,01,B01
201000017079,0,07,000,00,2,1,15,A01
201000017080,0,07,000,00,2,4,01,B01
201000017080,0,37,000,00,2,1,01,A01
201000017081,0,07,000,00,2,7,15,B01
201000017081,0,40,000,00,2,1,01,A01
201000017082,0,30,000,00,2,1,00,B01
201000017082,0,07,000,00,2,8,15,A01
201000017083,0,07,000,00,2,2,09,A01
201000017083,0,33,000,00,2,1,01,B01
201000017084,0,33,000,11,0,1,14,A01
201000017085,0,40,000,00,1,1,01,A01
201000017086,0,34,000,00,2,5,15,B01
201000017086,0,10,000,00,2,1,01,A01
201000017087,1,07,000,00,2,1,12,Z01
201000017087,0,02,000,00,2,8,01,B01
201000017088,0,33,000,00,2,2,01,B01
201000017088,0,07,000,00,2,3,15,A01
201000017089,0,07,000,00,2,1,15,A01
201000017090,0,07,000,00,2,6,15,A01
201000017090,0,30,000,00,2,1,01,B01
201000017091,0,30,000,14,2,1,13,A01
201000017091,0,07,000,00,2,3,21,B01
201000017092,0,07,000,00,2,5,01,B01
201000017092,0,30,000,00,2,1,01,A01
201000017093,0,07,000,00,2,2,15,A01
201000017093,0,02,000,00,2,1,01,B01
201000017094,0,32,000,00,2,2,16,A01
201000017094,0,10,000,00,2,5,16,B01
201000017095,0,07,000,00,2,4,10,B01
201000017095,0,33,000,00,2,1,02,A01
201000017096,0,07,000,00,2,1,01,A01
201000017097,0,02,000,00,2,1,15,A01
201000017097,0,07,000,00,2,1,01,B01
201000017098,0,07,000,00,2,0,15,A01
201000017098,0,01,000,00,2,7,01,B01
201000017099,0,10,000,00,2,1,01,A01
201000017099,0,07,000,14,2,4,02,B01
201000017099,0,07,000,00,2,4,02,C01
201000017100,0,31,000,00,2,1,16,A01
201000017100,0,32,000,00,2,1,01,B01
201000017101,0,07,000,01,0,1,01,A01
201000017102,0,31,000,00,2,3,01,B01
201000017102,0,31,000,00,2,2,16,A01
201000017103,0,07,000,00,2,4,01,B01
201000017103,0,02,000,00,2,1,11,A01
201000017104,0,10,000,00,1,4,04,A01
201000017105,0,07,000,00,1,1,01,A01
201000017106,0,07,000,00,0,3,01,B01
201000017106,0,32,000,00,2,1,05,A01
201000017107,0,37,001,00,2,3,02,B01
201000017107,0,07,000,00,2,5,12,A01
201000017108,0,33,000,00,2,1,01,B01