Num_Acc,senc,catv,occutc,obs,obsm,choc,manv,num_veh
201000017835,0,07,000,00,2,1,01,B02
201000017835,0,10,000,00,2,1,13,A01
201000017836,0,07,000,00,2,3,13,A01
201000017836,0,07,000,00,2,3,01,B02
201000017837,0,07,000,00,2,7,15,A01
201000017837,0,33,000,00,2,1,01,B02
201000017838,0,07,000,00,1,2,01,A01
201000017839,0,07,000,00,2,3,15,A01
201000017839,0,01,000,00,2,1,01,B02
201000017840,0,07,000,00,0,1,01,B02
201000017840,0,07,000,00,0,4,01,A01
201000017841,0,07,000,00,2,3,13,A01
201000017841,0,07,000,00,2,3,01,B02
201000017842,0,07,000,00,2,3,15,A01
201000017842,0,21,000,00,2,6,13,B02
201000017843,0,07,000,00,2,2,17,A01
201000017843,0,07,000,13,0,6,01,B02
201000017844,0,33,000,00,2,1,01,A01
201000017844,0,10,000,00,2,5,19,B02
201000017845,0,03,000,13,0,1,01,A01
201000017846,0,07,000,00,2,7,01,A01
201000017846,0,07,000,00,2,7,01,B02
201000017847,0,17,000,00,2,3,02,A01
201000017847,0,14,000,00,0,1,24,B02
201000017848,0,07,000,00,2,3,01,B02
201000017848,0,07,000,00,2,3,01,A01
201000017849,0,10,000,13,0,5,01,A01
201000017850,0,07,000,13,0,3,01,A01
201000017851,0,33,000,15,0,1,01,A01
201000017852,0,01,000,00,9,0,01,A01
201000017853,0,30,000,08,0,1,01,A01
201000017854,0,07,000,06,0,1,14,A01
201000017855,0,07,000,00,2,8,15,A01
201000017855,0,10,000,00,2,3,01,B02
201000017856,0,07,000,13,0,2,01,A01
201000017857,0,07,000,00,2,2,13,A01
201000017857,0,07,000,00,2,1,01,B02
201000017858,0,07,000,02,0,1,15,A01
201000017859,0,30,000,00,1,1,17,A01
201000017860,0,14,000,00,2,1,01,B02
201000017860,0,07,000,00,2,1,13,A01
201000017861,0,33,000,02,0,1,01,A01
201000017862,0,07,000,00,2,4,01,A01
201000017862,0,07,000,00,2,1,01,B02
201000017863,0,07,000,00,1,1,01,A01
201000017864,0,07,000,00,0,3,05,A01
201000017864,0,30,000,00,2,1,01,B02
201000017865,0,07,000,05,0,2,00,A01
201000017866,0,17,000,00,2,3,01,A01
201000017866,0,07,000,00,2,3,13,B02
201000017867,0,07,000,00,0,5,00,A01
201000017867,0,17,000,00,2,3,00,B02
201000017868,0,07,000,00,2,5,24,A01
201000017868,0,07,000,04,0,0,02,C03
201000017868,0,07,000,01,1,1,02,B02
201000017869,0,17,000,00,2,4,01,B02
201000017869,0,07,000,00,2,1,02,A01
201000017870,0,10,000,00,0,1,01,A01
201000017871,0,10,000,00,0,9,01,A01
201000017872,0,07,000,13,0,2,14,A01
201000017873,0,07,000,13,0,2,01,A01
201000017874,0,07,000,00,2,2,17,A01
201000017874,0,17,000,00,2,6,02,B02
201000017874,0,99,000,00,9,0,02,C03
201000017875,0,07,000,13,0,1,01,A01
201000017876,0,10,000,14,0,1,00,C03
201000017877,0,10,000,00,2,2,02,B02
201000017877,0,07,000,07,0,4,02,A01
201000017878,0,07,000,03,2,7,02,A01
201000017878,0,15,000,03,2,8,06,B02
201000017879,0,07,000,00,2,3,09,A01
201000017879,0,17,000,00,2,6,02,C03
201000017879,0,07,000,00,2,5,01,B02
201000017880,0,07,000,13,0,9,01,A01
201000017881,0,38,000,00,0,2,14,A01
201000017882,0,10,000,00,1,3,01,A01
201000017883,0,07,000,00,2,2,15,B02
201000017883,0,31,000,00,2,1,01,A01
201000017884,0,34,000,00,2,1,01,A01
201000017884,0,10,000,00,2,1,15,B02
201000017885,0,33,000,00,2,1,17,B02
201000017885,0,20,000,00,0,3,15,A01
201000017886,0,07,000,04,0,3,01,A01
201000017887,0,15,000,00,2,6,01,B02
201000017887,0,07,000,00,2,1,12,A01
201000017888,0,07,000,03,2,7,14,A01
201000017888,0,07,000,00,2,4,01,B02
201000017889,0,15,000,00,2,6,01,B02
201000017889,0,07,000,00,2,2,14,A01
201000017890,0,14,000,00,0,6,01,B02
201000017890,0,33,000,00,2,1,18,A01
201000017891,0,10,000,00,2,1,02,C03
201000017891,0,07,000,00,2,1,02,D04
201000017891,0,07,000,00,2,1,02,B02
201000017891,0,07,000,00,2,4,02,A01
201000017892,0,14,000,00,0,6,00,B02
201000017892,0,10,000,00,2,2,01,A01
201000017893,0,07,000,04,0,1,09,A01
201000017894,0,07,000,16,0,9,01,A01
201000017895,0,07,000,05,0,1,01,A01
201000017896,0,07,000,03,0,8,01,A01
201000017897,0,17,000,06,0,3,01,A01
201000017898,0,07,000,03,0,1,13,A01
201000017898,0,07,000,00,2,3,01,B02
201000017899,0,33,000,16,0,0,17,A01
201000017900,0,07,000,02,0,1,00,A01
201000017901,0,14,000,00,2,5,02,C03
201000017901,0,14,000,00,2,5,02,B02
201000017901,0,07,000,00,2,1,02,A01
201000017902,0,07,000,00,2,1,02,A01
201000017902,0,32,000,00,2,4,02,B02
201000017903,0,33,000,14,0,1,01,A01
201000017904,0,07,000,07,0,1,14,A01
201000017905,0,07,000,00,2,3,01,B02
201000017905,0,07,000,00,2,7,17,A01
201000017906,0,10,000,00,0,4,01,B02
201000017906,0,07,000,00,2,1,13,A01
201000017907,0,07,000,00,2,4,01,B02
201000017907,0,15,000,00,2,1,01,A01
201000017908,0,17,000,00,2,1,01,B02
201000017908,0,10,000,00,0,4,01,A01
201000017909,0,07,000,00,2,1,01,A01
201000017909,0,33,000,00,2,4,01,B02
201000017910,0,17,000,00,2,1,02,A01
201000017910,0,07,000,00,2,4,01,B02
201000017911,0,07,000,00,0,6,01,A01
201000017912,0,07,000,00,2,4,02,D04
201000017912,0,10,000,00,2,1,02,A01
201000017912,0,07,000,00,2,4,02,B02
201000017912,0,07,000,00,2,4,02,C03
201000017913,0,15,000,00,2,6,01,A01
201000017913,0,07,000,00,2,2,01,B02
201000017914,0,07,000,03,0,8,13,A01
201000017915,0,07,000,03,0,5,01,A01
201000017916,0,10,000,01,0,1,02,D04
201000017916,0,07,000,00,0,4,01,B02
201000017916,0,17,000,00,0,0,01,A01
201000017916,0,07,000,01,0,1,02,C03
201000017917,0,07,000,00,2,2,14,A01
201000017917,0,17,000,00,0,6,02,B02
201000017918,0,07,000,00,9,4,02,A01
201000017918,0,07,000,00,2,1,02,B02
201000017918,0,10,000,00,0,0,01,C03
201000017919,0,07,000,04,0,2,14,A01
201000017920,0,17,000,00,0,4,02,B02
201000017920,0,17,000,00,2,1,02,A01
201000017921,0,33,000,00,2,1,01,C03
201000017921,0,07,000,00,0,8,11,B02
201000017921,0,07,000,00,2,7,12,A01
201000017922,0,07,000,04,0,1,11,A01
201000017923,0,07,000,00,2,1,02,A01
201000017923,0,99,000,00,2,4,02,B02
201000017924,0,33,000,01,0,1,00,A01
201000017924,0,07,000,00,0,4,23,B02
201000017925,0,33,000,03,0,1,00,A01
201000017926,0,07,000,00,2,4,23,B02
201000017926,0,07,000,00,2,1,01,A01
201000017926,0,07,000,00,2,4,23,C03
201000017927,0,17,000,03,0,7,13,A01
201000017928,0,07,000,00,2,1,02,A01
201000017928,0,07,000,00,2,4,01,C03
201000017928,0,07,000,00,2,4,01,B02
201000017929,0,33,000,03,0,0,01,A01
201000017930,0,33,000,00,0,0,01,A01
201000017931,0,07,000,00,2,5,12,A01
201000017931,0,07,000,04,2,3,01,B02
201000017931,0,07,000,00,2,3,01,C03
201000017932,0,07,000,04,0,3,02,A01
201000017933,0,10,000,00,2,1,09,A01
201000017933,0,07,000,00,2,1,02,B02
201000017933,0,07,000,00,2,7,02,D04
201000017933,0,07,000,00,2,1,01,C03
201000017934,0,07,000,04,0,3,01,A01
201000017935,0,17,000,00,1,7,01,B02
201000017935,0,10,000,00,0,0,24,A01
201000017936,0,07,000,00,2,2,01,B02
201000017936,0,07,000,00,2,5,09,A01
201000017937,0,17,000,00,2,2,21,B02
201000017937,0,07,000,04,0,6,01,A01
201000017938,0,17,000,04,2,1,11,A01
201000017938,0,07,000,04,2,7,21,C03
201000017938,0,07,000,04,2,2,21,B02
201000017939,0,07,000,00,2,6,09,B02
201000017939,0,07,000,00,2,2,01,A01
201000017940,0,17,000,00,2,5,01,A01
201000017940,0,07,000,00,2,1,14,B02
201000017941,0,07,000,10,0,1,14,A01
201000017942,0,33,000,00,0,8,01,A01
201000017943,0,10,000,00,2,1,02,A01
201000017943,0,17,000,00,0,4,01,B02
201000017944,0,07,000,00,9,8,00,B02
201000017944,0,17,000,00,0,0,00,A01
201000017945,0,07,000,14,0,3,03,A01
201000017945,0,07,000,00,9,1,01,C03
201000017945,0,07,000,03,0,3,13,B02
201000017946,0,07,000,00,2,6,02,B02
201000017946,0,15,000,00,2,2,02,A01
201000017947,0,07,000,00,2,1,01,D04
201000017947,0,07,000,03,0,1,21,A01
201000017947,0,07,000,00,2,1,01,C03
201000017947,0,07,000,00,2,8,01,B02
201000017948,0,07,000,00,2,2,14,A01
201000017948,0,17,000,00,0,6,01,B02
201000017949,0,07,000,03,0,2,01,A01
201000017950,0,14,000,00,2,6,01,B02
201000017950,0,07,000,00,2,2,14,A01
201000017951,0,15,000,00,2,8,01,B02
201000017951,0,10,000,00,2,2,01,A01
201000017952,0,10,000,00,2,2,14,A01
201000017952,0,16,000,00,0,0,01,C03
201000017953,0,07,000,00,2,4,01,B02
201000017953,0,07,000,00,2,1,12,A01
201000017954,0,07,000,00,9,1,01,D04
201000017954,0,15,000,03,2,8,06,A01
201000017954,0,07,000,00,2,8,01,B02
201000017954,0,07,000,00,2,8,01,C03
201000017954,0,07,000,00,2,1,01,E05
201000017955,0,10,000,00,2,6,02,B02
201000017955,0,17,000,00,2,2,02,A01
201000017956,0,07,000,03,0,1,01,A01
201000017957,0,07,000,00,0,6,24,B02
201000017957,0,17,000,01,0,2,14,A01
201000017958,0,07,000,00,2,1,14,A01
201000017958,0,17,000,00,0,4,01,B02
201000017959,0,07,000,00,2,1,01,B02
201000017959,0,07,000,00,2,1,11,A01
201000017960,0,07,000,03,0,1,13,A01
201000017961,0,07,000,00,0,4,20,A01
201000017961,0,30,000,00,2,1,18,B02
201000017962,0,17,000,00,0,0,17,A01
201000017962,0,07,000,02,0,0,17,B02
201000017963,0,07,000,13,0,3,13,A01
201000017964,0,07,000,00,2,3,15,A01
201000017964,0,07,000,00,2,1,01,B02
201000017965,0,10,000,00,1,2,01,A01
201000017966,0,07,000,00,1,3,01,A01
201000017967,0,07,000,00,0,1,01,A01
201000017967,0,07,000,00,0,8,05,B02
201000017968,0,07,000,00,2,7,19,A01
201000017968,0,07,000,00,2,1,01,B02
201000017969,0,01,000,00,2,1,01,B02
201000017969,0,07,000,00,2,7,15,A01
201000017970,0,01,000,00,0,0,01,B02
201000017971,0,30,000,00,2,1,00,B02
201000017971,0,07,000,00,2,2,15,A01
201000017972,0,30,000,01,0,1,01,A01
201000017973,0,07,000,00,0,1,01,A01
201000017974,0,07,000,00,2,2,01,B02
201000017974,0,07,000,00,0,4,00,C03
201000017974,0,07,000,00,2,1,00,D04
201000017974,0,33,000,00,2,1,17,A01
201000017975,0,02,000,00,2,1,09,B02
201000017975,0,07,000,00,2,3,09,A01
201000017976,0,33,000,15,0,1,14,A01
201000017977,0,07,000,00,2,1,00,A01
201000017977,0,07,000,00,0,6,00,B02
201000017978,0,07,000,13,0,1,01,A01
201000017979,0,07,000,13,0,2,01,A01
201000017980,0,07,000,13,0,1,01,A01
201000017981,0,07,000,04,2,3,13,A01
201000017981,0,20,000,00,2,1,01,B02
201000017982,0,07,000,03,2,8,01,B02
201000017982,0,07,000,03,2,2,14,A01
201000017983,0,33,000,14,0,2,01,A01
201000017984,0,07,000,04,0,9,13,A01
201000017985,0,17,000,01,0,2,01,A01
201000017985,0,15,000,00,2,8,23,B02
201000017986,0,33,000,00,0,8,01,A01
201000017987,0,15,000,00,0,5,01,B02
201000017987,0,07,000,00,2,3,14,A01
201000017988,0,07,000,13,0,1,01,A01
201000017989,0,07,000,00,2,1,02,A01
201000017989,0,07,000,00,0,4,01,B02
201000017989,0,07,000,00,2,1,02,C03
201000017990,0,07,000,04,0,8,21,A01
201000017991,0,07,000,13,2,1,01,A01
201000017991,0,07,000,03,0,5,01,B02
201000017992,0,14,000,13,0,2,01,A01
201000017993,0,07,000,03,0,9,17,A01
201000017994,0,17,000,00,0,6,01,C03
201000017994,0,07,000,00,2,2,17,A01
201000017994,0,07,000,00,2,3,01,B02
201000017995,0,33,000,00,0,7,01,A01
201000017996,0,07,000,04,0,3,01,A01
201000017997,0,07,000,01,0,1,01,A01
201000017997,0,07,000,00,2,1,01,B01
201000017998,0,07,000,00,2,1,01,B02
201000017998,0,07,000,00,2,1,13,A01
201000017999,0,10,000,00,1,2,01,A01
201000018000,0,07,000,06,0,3,01,A01
201000018001,0,07,000,00,2,1,01,B02
201000018001,0,07,000,00,2,1,13,A01
201000018002,0,30,000,03,0,8,01,A01
201000018003,0,07,000,01,0,1,01,A01
201000018004,0,07,000,02,2,7,13,A01
201000018004,0,07,000,00,2,1,01,B02
201000018005,0,17,000,00,0,0,01,C03
201000018005,0,07,000,00,0,2,01,A01
201000018005,0,07,000,00,0,2,01,B02
201000018005,0,99,000,00,0,0,01,D04
201000018006,0,07,000,03,2,9,01,A01
201000018006,0,17,000,00,0,0,01,B02
201000018007,0,10,000,06,0,1,01,A01
201000018008,0,07,000,06,0,2,17,A01
201000018009,0,33,000,03,0,0,17,A01
201000018010,0,07,000,07,0,1,02,A01
201000018011,0,07,000,03,2,7,17,A01
201000018011,0,07,000,03,2,8,01,B02
201000018012,0,07,000,13,0,1,01,A01
201000018013,0,07,000,00,2,1,02,A01
201000018013,0,07,000,00,2,4,02,B02
201000018013,0,07,000,00,2,4,02,E05
201000018013,0,07,000,00,2,6,02,C03
201000018013,0,07,000,00,2,4,02,D04
201000018014,0,07,000,03,2,4,02,B02
201000018014,0,38,000,00,2,1,02,A01
201000018015,0,07,000,00,9,2,17,D04
201000018015,0,17,000,00,0,6,24,B02
201000018015,0,07,000,01,0,2,14,A01
201000018016,0,33,000,00,0,4,02,B02
201000018016,0,07,000,00,2,1,02,A01
201000018017,0,07,000,00,2,4,23,A01
201000018017,0,07,000,00,2,1,01,C03
201000018017,0,17,000,00,0,4,23,B02
201000018018,0,07,000,06,0,1,01,A01
201000018019,0,15,000,00,2,3,01,A01
201000018019,0,07,000,00,2,3,17,B02
201000018020,0,07,000,00,2,3,01,A01
201000018020,0,99,000,00,2,3,01,B02
201000018021,0,07,000,00,2,3,13,B02
201000018021,0,07,000,00,2,3,01,A01
201000018022,0,07,000,08,0,3,01,A01
201000018023,0,17,000,00,0,0,01,B02
201000018023,0,07,000,00,2,2,14,A01
201000018024,0,07,000,03,0,9,21,A01
201000018025,0,07,000,04,2,3,17,A01
201000018025,0,38,001,00,0,8,01,B02
201000018026,0,10,000,04,2,1,01,A01
201000018026,0,17,000,00,2,5,01,B02
201000018027,0,10,000,00,2,1,02,A01
201000018027,0,15,000,00,0,6,02,B02
201000018028,0,17,000,04,0,4,23,A01
201000018028,0,07,000,14,2,7,21,B02
201000018029,0,07,000,03,0,1,00,A01
201000018030,0,07,000,14,0,1,17,B02
201000018030,0,07,000,03,2,3,17,A01
201000018030,0,17,000,00,2,8,01,C03
201000018031,0,07,000,04,0,3,00,A01
201000018032,0,07,000,13,0,2,01,A01
201000018033,0,07,000,04,0,1,00,A01
201000018034,0,07,000,00,2,1,00,C03
201000018034,0,07,000,00,2,1,00,B02
201000018034,0,07,000,04,0,7,00,A01
201000018035,0,07,000,03,0,1,01,A01
201000018036,0,17,000,06,0,1,01,A01
201000018037,0,07,000,03,0,8,13,A01
201000018038,0,07,000,04,2,3,02,B02
201000018038,0,07,000,04,0,1,02,A01
201000018039,0,07,000,00,2,3,01,A01
201000018039,0,07,000,14,0,7,01,C03
201000018039,0,07,000,00,2,5,17,B02
201000018040,0,07,000,00,2,4,14,A01
201000018040,0,10,000,00,0,4,23,B02
201000018041,0,07,000,03,0,1,13,A01
201000018042,0,33,000,03,0,7,02,A01
201000018043,0,14,000,01,0,1,01,A01
201000018044,0,07,000,13,0,1,01,A01
201000018045,0,07,000,03,0,3,01,A01
201000018046,0,10,000,00,0,2,01,A01
201000018047,0,07,000,16,0,9,21,A01
201000018048,0,07,000,03,0,8,01,A01
201000018049,0,07,000,00,2,4,02,B02
201000018049,0,07,000,00,0,4,01,C03
201000018049,0,07,000,00,2,1,02,A01
201000018050,0,07,000,03,0,8,14,A01
201000018051,0,07,000,04,0,2,01,A01
201000018052,0,07,000,03,0,9,01,A01
201000018053,0,07,000,03,0,9,01,A01
201000018053,0,07,000,14,2,1,01,B02
201000018054,0,07,000,00,2,8,01,A01
201000018054,0,07,000,00,2,1,01,B02
201000018055,0,07,000,04,0,1,01,A01
201000018056,0,07,000,04,0,5,01,C03
201000018056,0,07,000,00,2,3,01,B02
201000018056,0,07,000,04,2,3,05,A01
201000018057,0,07,000,03,0,1,01,A01
201000018058,0,07,000,00,0,6,23,B02
201000018058,0,17,000,01,0,2,02,A01
201000018059,0,07,000,00,0,1,14,A01
201000018060,0,07,000,00,0,9,01,A01
201000018061,0,07,000,00,2,1,12,E05
201000018061,0,07,000,03,0,5,13,I09
201000018061,0,07,000,00,2,3,01,D04
201000018061,0,10,000,00,0,4,01,F06
201000018061,0,10,000,00,2,1,01,H08
201000018061,0,07,000,13,0,1,14,J10
201000018061,0,07,000,00,2,3,01,C03
201000018061,0,07,000,13,0,8,14,G07
201000018061,0,17,000,00,0,0,01,A01
201000018062,0,07,000,13,0,2,01,A01
201000018063,0,07,000,00,2,8,20,A01
201000018063,0,30,000,00,2,1,01,B01
201000018064,0,07,000,01,0,1,01,A01
201000018065,0,01,000,00,2,7,17,A01
201000018065,0,07,000,00,2,8,13,B01
201000018066,0,07,000,00,1,2,01,A01
201000018067,0,02,000,00,2,1,01,B01
201000018067,0,07,000,00,2,1,15,A01
201000018068,0,01,000,00,2,1,15,A01
201000018068,0,07,000,00,2,3,01,B01
201000018069,0,07,000,00,1,1,15,A01
201000018070,0,07,000,00,2,1,01,A01
201000018070,0,02,000,00,2,8,01,B01
201000018071,0,07,000,00,1,1,01,A01
201000018072,0,07,000,00,2,5,16,A01
201000018072,0,10,000,00,2,1,02,B01
201000018073,0,07,000,00,2,1,13,A01
201000018073,0,07,000,00,2,1,02,B01
201000018074,0,02,000,00,2,6,01,A01
201000018074,0,07,000,00,0,2,01,C01
201000018074,0,07,000,00,2,6,01,B01
201000018075,0,32,000,01,1,1,01,A01
201000018076,0,07,000,00,2,3,15,A01
201000018076,0,33,000,00,2,8,01,B01
201000018077,0,33,000,00,2,7,01,A01
201000018077,0,33,000,00,2,2,01,B01
201000018077,0,07,000,00,2,3,15,C01
201000018078,2,07,000,00,2,1,01,B01
201000018078,0,02,000,01,2,7,01,A01
201000018079,0,07,000,00,1,4,04,A01
201000018080,0,07,000,16,0,0,01,A01
201000018081,0,30,000,00,1,3,01,A01
201000018082,0,07,000,03,0,1,14,A01
201000018083,0,07,000,00,1,1,16,A01
201000018084,0,07,000,00,1,1,01,A01
201000018085,0,07,000,00,2,1,02,B02
201000018085,0,07,000,00,0,4,01,A01
201000018086,0,07,000,03,0,7,01,A01
201000018087,0,10,000,03,2,9,17,C03
201000018087,0,15,000,00,2,1,01,B02
201000018087,0,15,000,00,2,4,09,A01
201000018088,0,15,000,00,0,4,02,B02
201000018088,0,07,000,00,2,1,02,A01
201000018089,0,07,000,00,2,4,02,D04
201000018089,0,07,000,00,2,1,02,A01
201000018089,0,07,000,00,2,4,02,B02
201000018089,0,07,000,00,2,4,02,C03
201000018090,0,07,000,00,0,6,01,B02
201000018090,0,33,000,00,2,1,17,A01
201000018091,0,07,000,00,0,4,02,B02
201000018091,0,07,000,00,0,4,02,C03
201000018091,0,07,000,00,2,1,02,D04
201000018091,0,10,000,00,0,4,02,A01
201000018092,0,07,000,03,0,3,01,A01
201000018093,0,17,000,03,0,9,01,A01
201000018094,0,33,000,00,2,1,02,A01
201000018094,0,10,000,00,2,4,02,B02
201000018095,0,14,000,00,0,6,24,B02
201000018095,0,07,000,01,0,7,14,A01
201000018096,0,07,000,02,0,8,21,A01
201000018097,0,01,000,00,2,7,01,A01
201000018097,0,07,000,00,2,3,01,B02
201000018098,0,10,000,00,2,2,01,A01
201000018098,0,10,000,00,2,1,01,B02
201000018099,0,30,000,08,0,0,01,A01
201000018100,0,07,000,13,0,1,01,A01
201000018101,0,07,000,08,0,7,01,A01
201000018102,0,07,000,00,2,1,02,A01
201000018102,0,07,000,00,2,4,02,B02
201000018103,0,10,000,00,2,1,01,A01
201000018103,0,17,000,00,0,4,01,B02
201000018104,0,07,000,13,0,4,01,A01
201000018105,0,07,000,03,0,2,01,A01
201000018106,0,07,000,04,0,3,01,A01
201000018107,0,07,000,00,2,5,09,A01
201000018107,0,07,000,01,0,3,01,B02
201000018108,0,07,000,00,0,0,12,C03
201000018108,0,33,000,00,2,7,03,B02
201000018108,0,07,000,00,0,4,01,A01
201000018109,0,17,000,06,0,1,01,A01
201000018110,0,07,000,04,0,3,01,A01
201000018111,0,17,000,06,0,1,00,A01
201000018112,0,07,000,03,2,1,02,B02
201000018112,0,17,000,00,2,8,02,C03
201000018112,0,07,000,04,2,1,13,D04
201000018112,0,07,000,00,2,4,02,A01
201000018113,0,07,000,04,0,3,13,A01
201000018114,0,07,000,04,0,1,02,A01
201000018115,0,07,000,13,0,2,01,A01
201000018116,0,07,000,16,0,2,14,A01
201000018117,0,10,000,13,0,9,01,A01
201000018118,0,07,000,05,0,1,01,A01
201000018119,0,30,000,01,0,0,01,A01
201000018119,0,07,000,00,0,0,24,B02
201000018120,0,30,000,00,0,2,01,B02
201000018120,0,07,000,00,0,5,15,A01
201000018121,0,13,000,00,2,3,23,A01
201000018121,0,30,000,01,0,1,01,B02
201000018122,0,07,000,00,2,1,01,B02
201000018122,0,07,000,00,2,1,13,A01
201000018123,0,31,000,00,0,1,01,A01
201000018123,0,07,000,00,2,3,01,B02
201000018124,0,07,000,00,1,2,01,A01
201000018125,0,15,000,00,1,2,01,A01
201000018126,0,33,000,00,2,1,01,A01
201000018126,0,07,000,00,2,8,09,B02
201000018127,0,07,000,00,2,2,15,A01
201000018127,0,02,000,00,2,1,01,B02
201000018128,0,07,000,13,0,9,01,A01
201000018129,0,07,000,13,0,1,21,A01
201000018130,0,31,000,00,2,7,21,A01
201000018130,0,30,000,00,2,7,21,B02
201000018131,0,07,000,00,2,8,15,A01
201000018131,0,07,000,00,2,1,01,B02
201000018132,0,07,000,00,2,3,13,A01
201000018132,0,07,000,00,2,3,01,B02
201000018133,0,07,000,05,0,2,14,A01
201000018134,0,07,000,00,0,1,01,A01
201000018135,0,07,000,00,1,2,01,A01
201000018136,0,07,000,00,2,3,13,A01
201000018136,0,07,000,00,2,3,01,B02
201000018136,0,07,000,00,2,1,01,C03
201000018137,0,07,000,16,0,0,01,A01
201000018138,0,07,000,13,2,9,13,A01
201000018138,0,07,000,00,2,8,01,C03
201000018138,0,07,000,00,2,3,01,B02
201000018139,0,07,000,16,0,2,01,A01
201000018140,0,07,000,00,1,7,17,A01
201000018141,0,10,000,02,0,0,01,A01
201000018142,0,31,000,00,2,1,01,A01
201000018142,0,07,000,00,2,1,15,B02
201000018143,0,07,000,00,2,8,09,A01
201000018143,0,34,000,00,2,2,16,B02
201000018144,0,31,000,12,0,7,02,A01
201000018145,0,31,000,00,0,4,00,B02
201000018145,0,07,000,00,0,1,01,A01
201000018146,0,10,000,00,2,3,23,C03
201000018146,0,14,000,00,2,3,01,B02
201000018146,0,31,000,01,2,7,17,A01
201000018147,0,07,000,00,2,1,13,A01
201000018147,0,07,000,08,2,1,00,B02
201000018148,0,07,000,00,2,1,00,A01
201000018148,0,07,000,00,2,1,00,B02
201000018149,0,02,000,00,2,3,17,B02
201000018149,0,07,000,00,2,3,02,A01
201000018150,0,31,000,00,2,1,01,B02
201000018150,0,07,000,00,2,3,17,A01
201000018151,0,07,000,16,0,9,01,A01
201000018152,0,07,000,00,1,2,17,A01
201000018153,0,33,000,08,0,1,01,A01
201000018154,0,10,000,00,1,7,01,A01
201000018155,0,07,000,00,1,1,01,A01
201000018156,0,14,000,00,0,8,01,B02
201000018156,0,07,000,00,2,2,21,A01
201000018157,0,33,000,00,0,8,13,A01
201000018158,0,15,000,00,0,8,01,F06
201000018158,0,07,000,00,2,4,01,B02
201000018158,0,07,000,00,0,4,01,D04
201000018158,0,07,000,00,2,1,01,A01
201000018158,0,07,000,00,2,4,01,C03
201000018158,0,07,000,00,2,3,01,E05
201000018159,0,07,000,01,0,8,01,C03
201000018159,0,14,000,00,0,5,24,A01
201000018159,0,34,000,01,0,4,01,B02
201000018160,0,33,000,03,0,7,01,A01
201000018161,0,07,000,03,0,1,14,A01
201000018162,0,07,000,03,0,3,13,A01
201000018163,0,15,000,00,2,1,01,C03
201000018163,0,17,000,00,2,6,01,A01
201000018163,0,14,000,00,2,1,01,E05
201000018163,0,17,000,00,2,1,01,F06
201000018164,0,07,000,00,1,1,01,A01
201000018165,0,07,000,00,2,1,01,A01
201000018165,0,07,000,00,2,4,01,B02
201000018166,0,07,000,00,2,1,02,A01
201000018166,0,17,000,00,2,4,02,B02
201000018167,0,10,000,00,2,7,17,A01
201000018167,0,07,000,00,2,1,01,B02
201000018168,0,07,000,00,2,4,23,B02
201000018168,0,07,000,00,2,1,02,A01
201000018169,0,10,000,00,0,3,21,E05
201000018169,0,17,000,00,2,7,21,D04
201000018169,0,10,000,00,2,1,01,C03
201000018169,0,10,000,03,2,3,13,A01
201000018169,0,10,000,00,2,1,21,B02
201000018170,0,07,000,00,1,2,01,A01
201000018171,0,07,000,00,2,1,13,A01
201000018171,0,10,000,00,2,1,01,B02
201000018172,0,07,000,00,2,3,01,B02
201000018172,0,07,000,00,2,1,01,A01
201000018173,0,07,000,00,2,2,02,A01
201000018173,0,33,000,00,0,4,15,B02
201000018174,0,33,000,12,0,1,01,A01
201000018175,0,33,000,00,2,1,17,A01
201000018175,0,07,000,00,2,8,15,B02
201000018176,0,07,000,00,0,1,01,C03
201000018176,0,07,000,00,0,2,12,A01
201000018176,0,07,000,00,0,6,01,B02
201000018177,0,07,000,00,2,2,21,B02
201000018177,0,17,000,00,0,6,01,A01
201000018178,0,07,000,00,2,2,01,B02
201000018178,0,07,000,00,2,3,02,C03
201000018178,0,07,000,00,0,6,11,A01
201000018179,0,15,000,01,0,4,23,B02
201000018179,0,07,000,01,0,7,00,A01
201000018180,0,10,000,00,2,1,02,A01
201000018180,0,14,000,00,0,4,02,B02
201000018181,0,07,000,00,0,4,01,B02
201000018181,0,33,000,00,2,1,01,A01
201000018182,0,07,000,00,2,3,01,B02
201000018182,0,07,000,00,2,3,05,A01
201000018183,0,07,000,03,5,5,02,B02
201000018183,0,33,000,00,2,1,02,A01
201000018184,0,07,000,00,1,8,01,A01
201000018185,0,10,000,03,0,1,00,A01
201000018186,0,07,000,04,0,3,01,A01
201000018187,0,07,000,00,2,8,09,A01
201000018187,0,15,000,00,2,2,01,B02
201000018188,0,07,000,00,2,8,05,A01
201000018188,0,17,000,00,2,3,01,B02
201000018189,0,07,000,00,0,0,02,A01
201000018189,0,07,000,00,9,1,02,B02
201000018190,0,33,000,04,0,1,00,A01
201000018191,0,07,000,03,2,4,21,A01
201000018191,0,15,000,00,2,1,02,B02
201000018192,0,07,000,00,0,6,01,B02
201000018192,0,07,000,03,2,1,01,A01
201000018193,0,07,000,03,0,1,01,A01
201000018194,0,10,000,00,0,0,00,A01
201000018195,0,02,000,00,2,1,01,A01
201000018195,0,07,000,00,2,4,04,B01
201000018196,0,14,000,03,0,1,14,A01
201000018197,0,07,000,04,0,2,14,A01