Num_Acc,senc,catv,occutc,obs,obsm,choc,manv,num_veh
201000018198,0,17,000,13,0,2,02,A01
201000018199,0,07,000,00,9,1,17,C03
201000018199,0,15,000,00,2,4,02,B02
201000018199,0,07,000,00,2,1,02,A01
201000018200,0,07,000,04,0,3,01,A01
201000018201,0,07,000,00,2,1,01,A01
201000018201,0,15,000,00,2,4,01,B02
201000018202,0,17,000,00,2,2,01,A01
201000018202,0,17,000,00,0,6,00,B02
201000018203,0,07,000,00,2,6,01,B02
201000018203,0,07,000,00,2,5,03,A01
201000018204,0,33,000,00,0,7,01,A01
201000018205,0,10,000,03,0,3,21,A01
201000018205,0,07,000,14,0,1,21,D04
201000018205,0,07,000,14,0,1,21,B02
201000018205,0,07,000,14,0,4,24,C03
201000018206,0,07,000,00,0,4,23,B02
201000018206,0,33,000,01,0,1,02,A01
201000018207,0,07,000,00,2,1,02,B02
201000018207,0,17,000,00,0,4,02,A01
201000018208,0,07,000,00,2,5,02,B02
201000018208,0,07,000,00,2,3,02,A01
201000018209,0,17,000,03,0,9,13,A01
201000018210,0,07,000,07,0,2,14,A01
201000018211,0,17,000,00,2,2,12,A01
201000018211,0,07,000,05,2,6,01,C03
201000018212,0,33,000,00,0,0,17,A01
201000018213,0,07,000,00,2,4,02,C03
201000018213,0,07,000,00,2,4,02,B02
201000018213,0,07,000,00,2,1,02,A01
201000018214,0,07,000,00,1,2,01,A01
201000018215,0,07,000,00,0,4,13,A01
201000018215,0,33,000,00,2,1,01,B02
201000018216,0,17,000,00,0,8,13,A01
201000018217,0,33,000,03,0,2,01,A01
201000018218,0,14,000,00,1,7,00,A01
201000018219,0,30,000,00,0,8,15,A01
201000018220,0,07,000,00,2,3,01,B02
201000018220,0,07,000,00,2,2,15,A01
201000018221,0,33,000,12,0,7,01,A01
201000018222,0,33,000,02,0,1,01,A01
201000018223,0,07,000,00,2,7,15,A01
201000018223,0,32,000,00,2,1,01,B02
201000018224,0,33,000,16,0,7,01,A01
201000018225,0,33,000,13,0,1,21,C03
201000018225,0,07,000,00,2,1,01,A01
201000018225,0,33,000,00,2,1,13,B02
201000018226,0,07,000,00,2,3,01,B02
201000018226,0,01,000,00,2,1,19,A01
201000018227,0,33,000,00,2,2,17,A01
201000018227,0,07,000,00,2,7,02,C03
201000018227,0,07,000,00,2,6,13,B02
201000018228,0,14,000,08,0,0,14,A01
201000018229,0,33,000,00,2,1,01,A01
201000018230,0,07,000,00,2,5,19,A01
201000018230,0,32,000,00,2,3,19,B02
201000018231,0,07,000,00,2,1,13,A01
201000018231,0,07,000,00,2,8,21,C03
201000018231,0,07,000,00,2,3,01,B02
201000018232,0,07,000,00,1,1,01,A01
201000018233,0,07,000,00,2,3,01,A01
201000018233,0,33,000,00,2,1,05,B02
201000018234,0,07,000,00,2,8,15,A01
201000018234,0,07,000,00,2,1,01,B02
201000018235,0,07,000,07,0,3,01,A01
201000018236,0,10,000,03,0,2,01,A01
201000018237,0,07,000,03,0,2,00,A01
201000018238,0,07,000,13,0,1,01,A01
201000018239,0,33,000,00,2,7,17,A01
201000018239,0,07,000,00,2,8,01,B02
201000018240,0,33,000,00,0,0,01,A01
201000018241,0,07,000,03,0,1,01,A01
201000018242,0,07,000,13,0,2,01,A01
201000018243,0,10,000,13,0,2,01,A01
201000018244,0,07,000,00,2,6,09,B02
201000018244,0,07,000,00,2,2,09,A01
201000018245,0,07,000,13,0,2,14,A01
201000018246,0,07,000,00,2,2,14,A01
201000018246,0,17,000,00,0,8,01,B02
201000018247,0,07,000,16,0,9,02,A01
201000018248,0,07,000,06,2,6,01,A01
201000018248,0,10,000,00,2,2,14,B02
201000018249,0,17,000,00,2,1,02,A01
201000018249,0,17,000,00,0,4,02,B02
201000018250,0,17,000,03,2,1,13,A01
201000018250,0,17,000,00,2,1,01,B02
201000018251,0,07,000,00,2,1,01,C03
201000018251,0,07,000,03,2,1,01,A01
201000018251,0,07,000,00,0,8,01,B02
201000018252,0,07,000,14,0,3,01,C03
201000018252,0,07,000,00,2,2,17,B02
201000018252,0,10,000,03,0,9,01,A01
201000018252,0,07,000,14,0,8,01,D04
201000018253,0,07,000,13,0,2,21,A01
201000018254,0,07,000,00,2,4,00,C03
201000018254,0,07,000,00,6,1,01,F06
201000018254,0,07,000,13,6,9,01,D04
201000018254,0,07,000,00,6,1,01,E05
201000018254,0,07,000,00,2,4,01,A01
201000018254,0,07,000,00,6,1,01,B02
201000018255,0,07,000,00,0,0,24,A01
201000018255,0,07,000,00,0,4,00,B02
201000018255,0,07,000,00,2,1,02,C03
201000018256,0,07,000,05,0,3,12,A01
201000018257,0,07,000,03,0,3,01,A01
201000018258,0,07,000,03,0,3,13,A01
201000018259,0,17,000,03,0,8,01,A01
201000018260,0,15,000,16,0,1,13,A01
201000018261,0,07,000,03,0,1,01,A01
201000018262,0,07,000,03,0,2,06,A01
201000018263,0,33,000,00,0,7,21,A01
201000018264,0,07,000,03,0,1,01,A01
201000018265,0,33,000,00,0,7,01,A01
201000018266,0,33,000,00,0,7,01,A01
201000018267,0,33,000,00,0,7,01,A01
201000018268,0,15,000,00,2,8,11,A01
201000018268,0,33,000,00,2,0,01,B02
201000018269,0,07,000,00,2,1,02,A01
201000018269,0,02,000,00,2,9,02,B02
201000018269,0,07,000,00,2,4,02,C03
201000018270,0,32,000,00,0,0,02,A01
201000018270,0,07,000,00,2,4,00,B02
201000018271,0,07,000,00,2,3,09,A01
201000018271,0,34,000,00,2,2,01,B02
201000018272,0,07,000,06,0,5,01,A01
201000018273,0,33,000,00,2,1,02,B02
201000018273,0,07,000,00,2,6,01,C03
201000018273,0,07,000,00,9,5,01,A01
201000018274,0,33,000,00,9,1,01,A01
201000018275,0,07,000,00,0,4,02,C03
201000018275,0,07,000,00,2,1,02,A01
201000018275,0,07,000,00,0,4,02,B02
201000018276,0,07,000,01,0,1,01,A01
201000018276,0,07,000,05,1,9,23,B02
201000018276,0,07,000,00,0,4,23,C03
201000018277,0,07,000,06,0,1,15,A01
201000018278,0,17,000,01,0,1,02,A01
201000018278,0,17,000,00,2,4,23,B02
201000018279,0,07,000,00,0,4,23,A01
201000018279,0,07,000,00,2,1,02,C03
201000018279,0,07,000,00,2,1,02,B02
201000018280,0,07,000,04,0,3,01,A01
201000018281,0,10,000,00,2,2,02,A01
201000018281,0,17,000,00,0,6,02,B02
201000018282,0,07,000,00,0,1,02,B02
201000018282,0,07,000,00,2,2,17,A01
201000018283,0,07,000,04,0,3,01,A01
201000018284,0,17,000,00,2,4,02,A01
201000018284,0,17,000,00,0,4,02,B02
201000018284,0,17,000,00,0,1,02,C03
201000018285,0,07,000,05,0,1,01,A01
201000018286,0,17,000,00,0,1,01,B02
201000018286,0,17,000,00,0,1,01,C03
201000018286,0,17,000,00,0,4,02,A01
201000018287,0,17,000,04,0,2,01,A01
201000018288,0,17,000,00,0,0,00,C03
201000018288,0,17,000,00,1,2,21,A01
201000018288,0,17,000,00,0,0,23,B02
201000018289,0,07,000,00,2,9,01,A01
201000018289,0,07,000,00,2,2,14,B02
201000018290,0,17,000,14,0,3,01,C03
201000018290,0,17,000,00,2,6,01,B02
201000018290,0,10,000,00,2,2,17,A01
201000018291,0,17,000,03,0,1,13,A01
201000018292,0,07,000,00,2,4,02,B02
201000018292,0,07,000,00,2,1,02,A01
201000018293,0,10,000,00,1,3,19,A01
201000018294,0,07,000,03,0,3,01,A01
201000018295,0,07,000,01,0,2,02,B02
201000018295,0,17,000,00,0,6,23,A01
201000018296,0,07,000,03,0,2,00,A01
201000018297,0,07,000,00,0,0,01,A01
201000018298,0,10,000,00,0,1,02,B02
201000018298,0,17,000,00,0,4,02,A01
201000018299,0,14,000,00,2,3,01,C03
201000018299,0,15,000,00,2,8,01,B02
201000018299,0,33,000,04,2,9,17,A01
201000018300,0,15,000,00,0,0,16,A01
201000018301,0,07,000,00,9,1,02,B02
201000018301,0,07,000,00,9,3,02,A01
201000018302,0,33,000,00,0,0,17,A01
201000018303,0,33,000,03,0,8,13,A01
201000018304,0,31,000,00,2,3,13,A01
201000018304,0,07,000,00,2,2,01,B02
201000018305,0,07,000,00,0,5,12,B02
201000018305,0,33,000,00,2,1,03,A01
201000018306,0,10,000,00,2,1,02,A01
201000018306,0,07,000,00,2,4,23,B02
201000018307,0,33,000,00,0,8,20,A01
201000018308,0,07,000,05,0,1,01,A01
201000018309,0,07,000,00,0,9,01,A01
201000018310,0,07,000,00,0,0,00,A01
201000018311,0,07,000,08,0,1,01,A01
201000018312,0,07,000,13,0,1,14,A01
201000018313,0,07,000,03,0,2,01,A01
201000018314,0,07,000,13,0,2,21,A01
201000018315,0,10,000,03,0,3,01,A01
201000018316,0,14,000,00,0,6,01,B02
201000018316,0,99,000,03,2,2,17,A01
201000018317,0,99,000,03,0,2,17,A01
201000018318,0,07,000,00,2,3,11,A01
201000018318,0,07,000,03,2,2,01,B02
201000018319,0,17,000,00,1,2,01,A01
201000018320,0,07,000,13,0,2,01,A01
201000018321,0,07,000,00,1,8,04,A01
201000018322,0,07,000,00,1,2,02,A01
201000018323,0,33,000,00,2,3,01,B02
201000018323,0,07,000,00,2,7,15,A01
201000018324,0,07,000,00,2,2,15,A01
201000018324,0,07,000,00,2,3,01,B02
201000018325,0,07,000,00,2,5,23,A01
201000018325,0,07,000,00,2,6,02,B02
201000018325,0,10,000,00,2,6,23,C03
201000018326,0,07,000,03,2,2,14,A01
201000018326,0,10,000,00,0,8,01,B02
201000018327,0,07,000,00,2,1,02,A01
201000018327,0,14,000,00,2,5,02,B02
201000018328,0,07,000,03,0,2,01,A01
201000018329,0,07,000,13,0,1,01,A01
201000018330,0,10,000,00,2,1,02,A01
201000018330,0,99,000,00,2,4,02,B02
201000018331,0,07,000,00,0,4,01,B02
201000018331,0,07,000,00,2,1,02,A01
201000018332,0,07,000,00,9,1,01,D04
201000018332,0,17,000,00,2,6,24,C03
201000018332,0,10,000,00,2,7,01,A01
201000018332,0,17,000,00,2,2,01,B02
201000018333,0,14,000,00,0,6,01,A01
201000018333,0,33,000,00,2,1,01,B02
201000018334,0,17,000,00,1,2,20,A01
201000018335,0,07,000,13,0,9,01,A01
201000018336,0,33,000,00,2,1,03,B02
201000018336,0,07,000,00,2,2,12,A01
201000018337,0,07,000,00,0,8,11,A01
201000018337,0,07,000,00,0,2,01,B02
201000018338,0,07,000,02,0,9,14,A01
201000018339,0,07,000,03,0,1,01,A01
201000018340,0,07,000,00,2,2,01,A01
201000018340,0,17,000,00,0,6,01,B02
201000018341,0,17,000,00,0,6,23,B02
201000018341,0,17,000,01,0,2,02,A01
201000018342,0,33,000,16,0,8,01,A01
201000018343,0,14,000,00,0,3,02,B02
201000018343,0,10,000,00,0,8,21,A01
201000018344,0,07,000,06,0,1,01,A01
201000018345,0,07,000,00,2,1,02,A01
201000018345,0,07,000,00,0,4,23,B02
201000018346,0,07,000,00,2,5,12,A01
201000018346,0,33,000,00,2,1,01,B02
201000018347,0,17,000,00,2,7,12,A01
201000018347,0,07,000,03,2,8,01,B02
201000018348,0,33,000,00,2,1,03,A01
201000018348,0,07,000,00,0,4,12,B02
201000018349,0,33,000,00,2,1,01,A01
201000018349,0,07,000,00,2,5,01,B02
201000018350,0,07,000,03,0,1,01,A01
201000018351,0,07,000,00,2,4,01,B02
201000018351,0,07,000,00,2,4,01,D04
201000018351,0,07,000,00,2,4,01,C03
201000018351,0,07,000,00,2,1,01,A01
201000018352,0,07,000,00,2,5,01,A01
201000018352,0,10,000,00,2,8,17,B02
201000018353,0,07,000,00,9,1,00,A01
201000018353,0,17,000,00,0,4,01,B02
201000018354,0,07,000,03,0,1,01,A01
201000018355,0,10,000,00,2,1,13,C03
201000018355,0,14,000,00,2,6,01,B02
201000018355,0,07,000,00,2,2,01,A01
201000018356,0,07,000,00,2,1,09,A01
201000018356,0,07,000,00,2,1,01,C03
201000018356,0,07,000,00,0,4,23,B02
201000018357,0,07,000,04,0,9,02,A01
201000018358,0,14,000,00,0,0,00,C03
201000018358,0,07,000,00,0,0,02,B02
201000018358,0,07,000,00,0,0,01,A01
201000018359,0,10,000,00,2,4,02,B02
201000018359,0,07,000,00,2,1,02,A01
201000018360,0,07,000,03,0,8,00,A01
201000018361,0,07,000,00,2,4,02,A01
201000018361,0,07,000,00,2,1,02,B02
201000018362,0,07,000,00,0,4,02,A01
201000018362,0,07,000,00,2,1,02,B02
201000018363,0,10,000,00,0,3,01,C03
201000018363,0,10,000,00,2,3,00,A01
201000018363,0,10,000,00,2,2,00,B02
201000018364,0,32,000,00,2,1,12,B02
201000018364,0,07,000,00,2,4,02,C03
201000018364,1,07,000,00,2,3,01,A01
201000018365,0,07,000,04,2,0,00,A01
201000018365,0,07,000,03,2,0,00,B02
201000018366,0,07,000,04,0,3,17,A01
201000018367,0,33,000,00,9,1,02,A01
201000018368,0,07,000,00,2,7,12,B02
201000018368,0,33,000,00,2,8,03,A01
201000018369,0,07,000,00,2,3,01,B02
201000018369,0,07,000,04,2,9,19,A01
201000018370,0,07,000,00,9,6,01,B02
201000018370,0,07,000,00,2,2,14,A01
201000018370,0,14,000,00,2,1,02,C03
201000018371,0,07,000,13,0,1,00,A01
201000018372,0,33,000,01,0,7,21,E05
201000018372,0,07,000,00,0,4,00,D04
201000018372,0,07,000,04,0,1,01,A01
201000018373,0,07,000,04,0,3,17,A01
201000018374,0,10,000,00,2,1,02,B02
201000018374,0,17,000,00,0,4,01,A01
201000018375,0,07,000,02,0,7,01,A01
201000018376,0,07,000,01,0,1,01,A01
201000018376,0,07,000,00,0,4,24,B02
201000018377,0,07,000,03,0,1,01,A01
201000018378,0,07,000,00,2,4,01,A01
201000018378,0,33,000,00,2,1,01,B02
201000018379,0,01,000,00,0,7,00,B02
201000018379,0,07,000,00,9,3,01,A01
201000018380,0,21,000,00,0,2,02,B02
201000018380,0,33,000,00,2,1,01,A01
201000018381,0,07,000,00,2,3,01,A01
201000018381,0,02,000,00,2,1,15,B02
201000018382,0,02,000,00,2,1,01,A01
201000018382,0,07,000,00,2,3,19,B02
201000018383,0,07,000,03,0,3,13,A01
201000018384,0,99,000,00,0,0,00,B02
201000018384,0,07,000,00,1,1,15,A01
201000018385,0,07,000,00,0,0,01,A01
201000018386,0,33,000,12,0,8,00,A01
201000018387,0,07,000,00,2,2,19,B02
201000018387,0,33,000,00,2,1,01,A01
201000018388,0,10,000,00,1,4,20,A01
201000018389,0,01,000,00,0,1,01,B02
201000018389,0,07,000,00,0,2,16,A01
201000018390,0,99,000,00,0,0,00,A01
201000018390,0,01,000,00,2,1,00,B02
201000018391,0,07,000,00,2,1,02,A01
201000018391,0,07,000,00,2,1,05,B02
201000018392,0,07,000,00,0,3,13,A01
201000018392,0,07,000,00,0,3,01,B02
201000018393,0,07,000,15,0,1,01,A01
201000018394,0,07,000,00,0,1,00,B01
201000018394,0,07,000,02,0,7,00,A02
201000018395,0,17,000,03,2,2,14,A01
201000018395,0,07,000,03,2,6,00,B02
201000018396,0,07,000,14,0,1,01,A01
201000018397,0,10,000,03,0,2,17,A01
201000018398,0,07,000,11,0,1,00,A01
201000018399,0,07,000,03,0,3,01,A01
201000018400,0,17,000,00,2,6,09,A01
201000018400,0,07,000,00,2,7,14,B02
201000018401,0,07,000,03,2,8,14,A01
201000018401,0,33,000,03,2,7,01,B02
201000018402,0,07,000,07,0,1,01,A01
201000018403,0,07,000,00,2,7,19,B02
201000018403,0,33,000,00,2,1,01,A01
201000018404,0,33,000,00,0,1,01,A01
201000018405,0,33,000,16,0,1,01,A01
201000018406,0,07,000,00,1,1,01,A01
201000018407,0,14,000,00,2,1,19,A01
201000018407,0,30,000,00,2,8,01,B02
201000018408,0,07,000,00,2,2,01,B02
201000018408,0,03,000,00,2,8,01,A01
201000018409,0,07,000,00,0,7,19,A01
201000018409,0,30,000,00,2,1,01,B02
201000018410,0,07,000,00,2,2,01,B02
201000018410,0,07,000,00,2,3,15,A01
201000018411,0,07,000,00,0,4,01,B02
201000018411,0,07,000,00,2,1,21,A01
201000018412,0,07,000,03,2,2,21,A01
201000018412,0,17,000,00,2,6,01,B02
201000018413,0,15,000,00,0,4,02,B02
201000018413,0,07,000,00,2,1,02,A01
201000018414,0,17,000,00,2,4,02,B02
201000018414,0,10,000,00,2,1,02,A01
201000018415,0,07,000,03,0,9,14,A01
201000018416,0,10,000,13,0,9,01,A01
201000018417,0,10,000,04,0,1,01,A01
201000018418,0,07,000,08,0,9,21,A01
201000018419,0,07,000,13,0,9,21,A01
201000018420,0,07,000,00,0,0,01,A01
201000018421,0,07,000,03,0,5,01,A01
201000018422,0,07,000,00,2,4,21,E05
201000018422,0,07,000,00,2,4,02,A01
201000018422,0,07,000,00,2,4,02,B02
201000018422,0,07,000,00,2,1,02,C03
201000018422,0,07,000,00,2,1,02,D04
201000018422,0,07,000,00,2,1,21,F06
201000018423,0,07,000,03,2,5,01,A01
201000018423,0,07,000,00,2,1,01,B02
201000018424,0,07,000,00,2,8,01,A01
201000018424,0,38,000,00,2,1,01,B02
201000018425,0,07,000,14,0,1,01,B02
201000018425,0,07,000,16,0,9,01,A01
201000018426,0,33,000,03,0,6,00,A01
201000018427,0,30,000,00,2,1,01,A01
201000018427,0,07,000,00,0,4,01,B01
201000018428,0,07,000,00,1,1,01,A01
201000018429,0,07,000,00,0,0,01,A01
201000018430,0,07,000,00,1,2,01,A01
201000018431,0,07,000,00,2,1,01,B01
201000018431,0,02,000,00,2,2,16,A01
201000018432,0,01,000,00,2,1,13,A01
201000018432,0,07,000,00,2,1,01,B01
201000018433,0,33,000,00,2,1,01,B01
201000018433,0,07,000,00,2,1,15,A01
201000018434,0,07,000,06,1,1,15,A01
201000018435,0,07,000,00,2,1,01,A01
201000018435,0,07,000,00,2,4,01,B01
201000018436,0,07,000,00,1,2,01,A01
201000018437,0,07,000,00,0,0,00,A01
201000018438,0,10,000,00,2,6,13,A01
201000018438,0,33,000,00,2,2,17,B02
201000018439,0,07,000,08,0,3,01,A01
201000018440,0,07,000,06,0,1,01,A01
201000018441,0,07,000,00,0,3,16,A01
201000018441,0,33,000,12,0,2,16,B02
201000018442,0,07,000,13,0,4,01,A01
201000018442,0,07,000,00,2,2,14,B02
201000018443,0,07,000,00,2,3,15,A01
201000018443,0,07,000,00,2,3,23,C03
201000018443,0,07,000,00,2,3,01,B02
201000018444,0,10,000,00,2,1,01,A01
201000018444,0,10,000,07,2,7,15,B02
201000018445,0,31,000,00,0,7,01,A01
201000018446,0,07,000,06,0,1,01,A01
201000018447,0,31,000,14,0,2,01,A01
201000018448,0,01,000,04,0,1,01,A01
201000018449,0,33,000,03,0,0,01,A01
201000018450,0,33,000,13,0,2,14,A01
201000018451,0,07,000,08,0,1,02,A01
201000018452,0,07,000,00,1,3,01,A01
201000018453,0,07,000,00,2,4,01,B01
201000018453,0,07,000,00,2,1,01,A01
201000018454,0,07,000,00,2,6,19,A01
201000018454,0,33,000,00,2,1,01,B01
201000018455,0,30,000,00,2,1,01,A01
201000018455,0,07,000,00,2,1,01,B01
201000018456,0,32,000,00,1,0,01,A01
201000018457,0,07,000,00,1,2,15,A01
201000018458,0,07,000,00,1,1,01,A01
201000018459,0,07,000,00,1,1,02,A01
201000018460,0,07,000,11,0,1,15,A01
201000018461,0,03,000,00,0,3,01,A01
201000018462,0,10,000,03,2,8,13,A01
201000018462,0,07,000,03,2,0,01,B01
201000018463,0,07,000,00,2,2,01,A01
201000018463,0,07,000,00,0,6,11,B02
201000018464,0,07,000,00,2,1,01,A01
201000018464,0,07,000,00,0,8,00,C03
201000018464,0,07,000,03,2,5,01,B02
201000018465,0,33,000,00,0,2,01,A01
201000018466,0,07,000,05,0,5,01,A01
201000018467,0,10,000,00,0,4,23,A01
201000018467,0,07,000,01,0,1,01,B02
201000018468,0,07,000,00,0,4,02,C03
201000018468,0,07,000,00,2,1,02,A01
201000018468,0,07,000,00,2,4,02,B02
201000018469,0,17,000,03,0,2,01,A01
201000018470,0,07,000,00,2,1,01,B02
201000018470,0,07,000,00,2,3,13,A01
201000018471,0,10,000,00,2,1,02,A01
201000018471,0,14,000,00,0,4,02,B02
201000018472,0,07,000,03,0,1,14,A01
201000018473,0,07,000,00,0,9,00,A01
201000018473,0,07,000,00,0,0,17,B02
201000018474,0,07,000,16,0,9,01,A01
201000018475,0,07,000,00,0,9,01,A01
201000018476,0,07,000,00,2,6,02,B02
201000018476,0,07,000,00,2,4,02,C03
201000018476,0,07,000,04,0,2,02,A01
201000018477,0,07,000,07,0,1,14,A01
201000018478,0,07,000,00,0,9,14,A01
201000018479,0,07,000,00,0,4,01,A01
201000018480,0,07,000,16,0,9,01,A01
201000018481,0,07,000,00,0,0,00,B02
201000018481,0,07,000,03,2,2,02,A01
201000018482,0,07,000,00,0,1,01,A01
201000018483,0,34,000,04,0,1,13,A01
201000018484,0,34,000,00,0,8,01,A01
201000018485,0,33,000,00,0,8,01,A01
201000018486,0,33,000,00,2,1,02,A01
201000018486,0,17,000,00,0,0,02,B02
201000018487,0,07,000,00,2,4,02,B02
201000018487,0,10,000,00,2,1,02,A01
201000018488,0,07,000,00,9,7,17,A01
201000018488,0,01,000,00,2,0,00,B01
201000018489,0,10,000,00,0,8,01,A01
201000018489,0,30,000,00,2,0,21,B01
201000018490,0,07,000,02,0,1,02,A01
201000018491,0,07,000,13,2,1,14,A01
201000018491,0,07,000,00,2,1,01,B02
201000018492,0,07,000,03,0,1,01,A01
201000018493,0,07,000,16,0,9,00,A01
201000018494,0,07,000,02,0,9,12,A01
201000018495,0,07,000,00,2,2,14,B02
201000018495,0,07,000,00,0,6,01,C03
201000018496,0,07,000,00,2,1,02,B02
201000018496,0,14,000,00,2,6,02,A01
201000018497,0,15,000,01,0,2,01,B02
201000018497,0,07,000,00,0,6,23,A01
201000018498,0,07,000,13,0,1,17,A01
201000018499,0,07,000,00,2,4,02,B02
201000018499,0,07,000,00,2,1,02,A01
201000018500,0,17,000,00,0,6,24,D04
201000018501,0,10,000,13,0,2,21,A01
201000018502,0,07,000,00,0,1,01,B02
201000018502,0,07,000,00,0,1,05,A01
201000018503,0,07,000,03,0,2,13,A01
201000018504,0,07,000,00,2,3,01,A01
201000018504,0,17,000,00,2,5,00,B02
201000018505,0,07,000,13,0,2,01,A01
201000018506,0,07,000,03,0,2,14,A01
201000018507,0,07,000,03,0,1,01,A01
201000018508,0,07,000,02,0,1,14,A01
201000018509,0,07,000,00,2,2,01,B02
201000018509,0,02,000,00,0,8,01,A01
201000018510,0,33,000,00,2,8,01,B02
201000018510,0,07,000,00,2,8,13,A01
201000018511,0,10,000,00,2,6,01,A01
201000018511,0,07,000,00,2,3,01,B02
201000018512,0,33,000,00,0,2,02,A01
201000018513,0,32,000,00,0,0,01,A01
201000018514,0,07,000,00,2,3,01,B02
201000018514,0,07,000,00,2,1,13,A01
201000018515,0,07,000,00,2,1,13,A01
201000018515,0,07,000,00,2,1,01,B02
201000018516,0,07,000,00,2,3,01,B02
201000018516,0,33,000,00,2,3,13,A01
201000018517,0,07,000,00,2,3,01,B02
201000018517,0,07,000,00,2,3,01,A01
201000018518,0,38,021,05,0,1,12,A01
201000018519,0,07,000,00,0,6,02,B02
201000018519,0,07,000,00,2,2,02,A01
201000018520,0,10,000,03,0,1,21,A01
201000018521,0,33,000,00,0,1,01,B02
201000018521,0,07,000,00,2,3,15,A01
201000018522,0,07,000,00,0,5,19,A01
201000018522,0,33,000,00,2,8,01,B02
201000018523,0,33,000,08,0,3,17,A01
201000018524,0,07,000,16,0,9,01,A01
201000018525,0,07,000,00,1,2,01,A01
201000018526,0,01,000,00,2,1,00,B02
201000018526,0,07,000,00,1,2,13,A01
201000018527,0,30,000,00,2,8,10,A01
201000018527,0,33,000,00,2,1,01,B02
201000018528,0,30,000,12,0,8,01,A01
201000018529,0,31,000,00,9,1,01,A01
201000018530,0,07,000,00,1,2,01,A01
201000018531,0,14,000,00,1,2,01,A01
201000018532,0,07,000,00,2,2,01,A01
201000018532,0,01,000,00,2,8,19,B02
201000018533,0,33,000,11,0,1,01,A01
201000018534,0,31,000,00,2,1,13,B02
201000018534,0,14,000,00,2,3,01,A01
201000018535,0,10,000,00,2,1,01,A01
201000018535,0,31,000,00,2,0,01,C03
201000018535,0,32,000,00,2,0,01,B02
201000018536,0,33,000,00,2,1,01,B02
201000018536,0,10,000,00,2,7,15,A01
201000018537,0,33,000,00,2,0,03,A01
201000018537,0,07,000,00,0,4,01,B02
201000018537,0,07,000,00,0,3,09,C03
201000018538,0,34,000,00,0,0,00,B02
201000018538,0,07,000,00,0,0,00,A01
201000018539,0,07,000,00,0,3,00,A01
201000018539,0,02,000,00,0,0,00,B02
201000018540,0,01,000,00,0,4,01,B02
201000018540,0,01,000,00,0,4,01,C03
201000018540,0,07,000,00,9,1,01,A01
201000018541,0,07,000,00,0,4,02,A01
201000018541,0,07,000,00,2,4,02,B02
201000018541,0,07,000,00,2,1,02,C03
201000018542,0,34,000,08,0,1,01,A01
201000018543,0,31,000,00,2,2,01,B02
201000018543,0,07,000,00,2,3,15,A01
201000018544,0,33,000,00,2,1,21,C03
201000018544,2,07,000,00,9,7,15,A01
201000018544,0,07,000,00,9,8,01,B02
201000018545,0,07,000,04,0,0,01,A01
201000018546,0,07,000,00,1,5,01,A01
201000018547,0,07,000,00,2,1,01,B02
201000018547,0,07,000,00,2,6,15,A01
201000018548,0,33,000,00,0,7,01,A01
201000018549,0,07,000,00,0,6,00,B02
201000018549,0,31,000,01,0,1,14,A01
201000018550,0,33,000,00,2,7,03,A01
201000018550,0,07,000,00,2,8,15,B02
201000018551,0,07,000,00,2,3,15,A01
201000018551,0,33,000,00,2,1,01,B02
201000018552,0,07,000,00,2,2,15,A01
201000018552,0,07,000,00,2,8,01,B02
201000018553,0,33,000,00,2,1,01,A01
201000018553,0,07,000,00,2,3,15,B02
201000018554,0,07,000,00,0,3,13,A01
201000018554,0,07,000,00,0,8,00,B02
201000018555,0,07,000,06,0,3,13,A01
201000018556,0,07,000,00,1,4,04,A01
201000018557,0,07,000,02,6,3,01,A01
201000018558,0,07,000,10,0,9,01,A01
201000018559,0,07,000,00,2,3,01,B02
201000018559,0,07,000,00,2,1,15,A01
201000018560,0,07,000,00,2,2,15,A01
201000018560,0,33,000,00,2,1,01,B02
201000018561,0,07,000,00,2,7,15,A01
201000018561,0,33,000,00,2,1,01,B02
201000018562,0,07,000,00,2,3,15,A01
201000018563,0,07,000,00,2,1,23,B02
201000018563,0,07,000,00,2,6,23,A01
201000018564,0,17,000,00,0,6,02,C03
201000018564,0,07,000,14,0,1,02,B02
201000018564,0,17,000,14,0,1,00,D04
201000018564,0,07,000,00,0,5,01,A01
201000018565,0,07,000,00,0,4,02,B02
201000018565,0,07,000,00,2,1,02,A01
201000018565,0,07,000,00,2,4,23,D04
201000018565,0,07,000,00,2,4,02,C03
201000018566,0,33,000,00,2,8,13,B02
201000018566,0,07,000,00,2,7,17,A01
201000018567,0,31,000,16,0,7,16,A01
201000018568,0,07,000,14,0,3,01,B02
201000018568,0,07,000,00,0,3,13,A01
201000018569,0,07,000,00,2,4,02,B02
201000018569,0,33,000,00,2,1,02,A01
201000018570,0,17,000,04,0,8,01,A01
201000018571,0,07,000,00,0,7,00,A01
201000018571,0,07,000,00,0,8,00,B02
201000018572,0,07,000,00,2,1,17,B02
201000018572,0,10,000,03,2,2,17,A01
201000018573,0,07,000,02,0,3,01,A01
201000018574,0,17,000,00,2,2,01,A01
201000018574,0,07,000,00,2,8,19,B02
201000018575,0,07,000,00,0,7,21,B02
201000018575,0,10,000,00,2,1,21,E05
201000018575,0,07,000,00,2,2,21,F06
201000018575,0,07,000,00,0,4,21,D04
201000018575,0,07,000,00,0,1,21,A01