Num_Acc,senc,catv,occutc,obs,obsm,choc,manv,num_veh
201000018575,0,07,000,00,2,1,21,C03
201000018575,0,07,000,00,2,3,02,I09
201000018575,0,17,000,00,0,8,01,H08
201000018576,0,07,000,03,0,3,17,A01
201000018577,0,07,000,03,0,2,14,A01
201000018578,0,07,000,00,2,1,02,A01
201000018578,0,07,000,00,2,4,02,B02
201000018579,0,14,000,03,0,1,01,A01
201000018580,0,07,000,04,0,1,01,A01
201000018581,0,07,000,00,2,5,11,A01
201000018581,0,34,000,00,2,3,03,B02
201000018582,0,07,000,03,0,3,16,A01
201000018583,0,07,000,00,0,0,02,A01
201000018584,0,15,000,14,0,1,02,A01
201000018584,0,07,000,14,2,4,23,B02
201000018584,0,07,000,00,2,4,23,C03
201000018585,0,07,000,03,0,1,01,A01
201000018586,0,30,000,00,1,1,13,A01
201000018586,0,07,000,00,2,1,01,B02
201000018587,0,07,000,00,1,3,01,A01
201000018588,0,14,000,00,2,2,01,B02
201000018588,0,07,000,00,2,5,15,A01
201000018589,0,07,000,02,0,8,13,A01
201000018590,0,33,000,12,0,0,12,A01
201000018591,0,07,000,00,2,7,13,A01
201000018591,0,07,000,00,2,1,01,B02
201000018592,0,15,000,00,2,6,01,A01
201000018592,0,15,000,00,2,3,01,B02
201000018593,0,14,000,00,2,3,01,C03
201000018593,0,07,000,00,2,1,01,B02
201000018593,0,07,000,00,2,3,01,D04
201000018593,0,07,000,00,2,3,13,A01
201000018594,0,33,000,00,2,8,01,C03
201000018594,0,07,000,00,2,3,01,B02
201000018594,0,33,000,00,2,8,01,A01
201000018595,2,07,000,02,0,1,01,A01
201000018596,0,35,000,00,2,8,15,B02
201000018596,0,33,000,00,2,1,17,A01
201000018597,0,10,000,13,0,3,01,A01
201000018598,0,07,000,16,0,2,01,A01
201000018599,0,07,000,10,0,3,01,A01
201000018600,0,07,000,02,0,1,01,A01
201000018601,0,07,000,00,0,0,00,A01
201000018601,0,07,000,00,2,1,01,B02
201000018602,0,07,000,08,0,2,01,A01
201000018603,0,10,000,00,1,3,16,A01
201000018604,0,07,000,00,2,1,01,C03
201000018604,0,10,000,00,2,6,23,A01
201000018604,0,10,000,00,2,1,01,B02
201000018605,0,07,000,00,1,2,01,A01
201000018606,0,30,000,15,0,1,14,A01
201000018607,0,33,000,15,0,8,19,A01
201000018608,0,07,000,00,1,1,01,A01
201000018609,0,07,000,00,2,7,15,B02
201000018609,0,30,000,00,2,1,01,A01
201000018610,0,07,000,00,2,1,02,B02
201000018610,0,07,000,00,0,4,23,A01
201000018611,0,01,000,00,2,8,01,B02
201000018611,0,07,000,00,9,7,17,A01
201000018612,0,07,000,13,0,3,13,A01
201000018613,0,07,000,00,0,3,15,A01
201000018613,0,30,000,00,2,1,17,B02
201000018614,0,07,000,14,2,6,01,C03
201000018614,0,07,000,00,2,1,01,D04
201000018614,0,07,000,00,2,6,01,A01
201000018614,0,07,000,00,2,1,01,B02
201000018615,0,30,000,00,2,1,08,B02
201000018615,0,07,000,00,2,7,15,A01
201000018616,0,07,000,14,0,1,01,B02
201000018617,0,07,000,00,2,2,02,A01
201000018617,0,07,000,00,2,6,02,B02
201000018618,0,07,000,04,0,3,11,A01
201000018619,0,15,000,01,0,5,00,C03
201000018620,0,15,000,00,2,4,01,B02
201000018620,0,07,000,00,2,1,00,A01
201000018621,0,10,000,00,2,2,01,B02
201000018621,0,15,000,00,2,5,01,C03
201000018621,0,07,000,00,2,3,11,A01
201000018622,0,33,000,00,0,9,01,A01
201000018623,0,07,000,00,0,1,21,A01
201000018624,0,15,000,00,2,4,01,B02
201000018624,0,07,000,00,2,1,01,A01
201000018625,0,07,000,00,2,1,00,A01
201000018625,0,17,000,00,2,4,00,B02
201000018626,0,10,000,00,0,8,17,B02
201000018626,0,07,000,00,0,7,01,A01
201000018627,0,14,000,00,0,6,01,C03
201000018627,0,07,000,14,0,1,13,B02
201000018627,0,10,000,00,2,1,02,A01
201000018628,0,07,000,14,0,1,01,C03
201000018628,0,07,000,03,0,2,14,A01
201000018628,0,07,000,14,0,3,01,B02
201000018629,0,07,000,04,0,0,01,A01
201000018630,0,17,000,01,0,5,14,A01
201000018630,0,07,000,00,0,8,24,B02
201000018631,0,07,000,14,2,1,22,A01
201000018632,0,07,000,14,0,1,02,B02
201000018632,0,07,000,03,0,1,01,A01
201000018633,0,07,000,00,1,1,01,A01
201000018634,0,33,000,00,2,8,01,B02
201000018634,0,07,000,00,2,2,09,A01
201000018635,0,07,000,00,2,3,11,A01
201000018635,0,10,000,00,2,3,01,B02
201000018636,0,33,000,00,2,1,01,B02
201000018636,0,07,000,00,2,3,15,A01
201000018637,0,10,000,00,1,1,16,A01
201000018638,0,01,000,00,2,1,01,B02
201000018638,0,07,000,00,2,2,15,A01
201000018639,0,01,000,00,2,1,09,B02
201000018639,0,07,000,00,2,2,01,A01
201000018640,0,07,000,00,1,3,01,A01
201000018641,0,01,000,00,0,0,00,B02
201000018641,0,07,000,00,0,4,04,A01
201000018642,0,31,000,00,2,1,01,A01
201000018643,0,10,000,00,2,1,01,A01
201000018643,0,14,000,00,2,1,01,B02
201000018644,0,10,000,00,2,8,19,B02
201000018644,0,07,000,00,2,1,01,A01
201000018645,0,07,000,00,2,7,21,B02
201000018645,0,07,000,00,2,1,01,C03
201000018645,0,07,000,00,0,0,13,A01
201000018646,0,07,000,13,2,2,15,A01
201000018646,0,13,000,13,2,1,02,B02
201000018647,0,30,000,00,2,1,02,B02
201000018647,0,13,000,00,2,4,02,A01
201000018648,0,07,000,00,2,8,17,B02
201000018648,0,33,000,00,2,7,17,A01
201000018649,0,33,000,16,0,3,17,A01
201000018650,0,10,000,00,2,8,15,A01
201000018650,0,07,000,00,2,1,01,B02
201000018651,0,07,000,00,2,1,01,B02
201000018651,0,07,000,00,2,2,15,A01
201000018652,0,07,000,00,2,8,15,A01
201000018652,0,07,000,00,2,1,01,B02
201000018653,0,17,000,00,2,4,02,B02
201000018653,0,07,000,00,2,1,02,A01
201000018654,0,07,000,00,2,3,01,B02
201000018654,0,99,000,00,2,1,19,A01
201000018655,0,07,000,00,2,3,01,B02
201000018655,0,10,000,00,2,3,13,A01
201000018656,0,07,000,00,2,8,19,A01
201000018656,0,07,000,00,2,1,01,B02
201000018657,0,07,000,00,2,3,01,D04
201000018657,0,14,000,00,2,0,13,A01
201000018657,0,14,000,00,2,3,01,C03
201000018658,0,33,000,00,2,7,02,B02
201000018658,0,07,000,00,2,3,11,A01
201000018659,0,07,000,13,0,2,17,A01
201000018660,0,07,000,00,2,7,19,A01
201000018660,0,07,000,00,2,1,01,B02
201000018661,0,30,000,00,0,0,01,A01
201000018662,0,30,000,11,0,7,16,A01
201000018663,0,07,000,00,2,6,15,A01
201000018663,0,33,000,00,2,1,01,B02
201000018664,0,07,000,00,2,8,19,A01
201000018664,0,07,000,00,2,1,00,B02
201000018665,0,14,000,00,2,4,04,A01
201000018665,0,30,000,00,2,1,21,B02
201000018666,0,07,000,13,0,2,01,A01
201000018667,0,07,000,08,0,1,01,A01
201000018668,0,07,000,00,2,1,01,B02
201000018668,0,07,000,00,2,7,19,A01
201000018669,0,15,000,00,2,6,09,A01
201000018669,0,07,000,00,2,1,01,B02
201000018670,0,14,000,00,2,1,01,B02
201000018670,0,07,000,00,2,1,13,A01
201000018671,0,07,000,00,2,7,19,A01
201000018671,0,07,000,00,2,1,01,B02
201000018672,0,10,000,00,2,8,01,C03
201000018672,0,07,000,00,2,3,01,B02
201000018672,0,10,000,00,2,3,13,A01
201000018673,0,14,000,00,0,7,01,A01
201000018674,0,07,000,00,2,2,14,A01
201000018674,0,14,000,00,2,6,01,B02
201000018675,0,07,000,04,0,3,00,A01
201000018676,0,07,000,11,0,3,01,A01
201000018677,0,10,000,06,0,7,14,A01
201000018678,0,07,000,00,2,2,01,A01
201000018678,0,07,000,04,2,1,13,B02
201000018679,0,07,000,00,0,8,02,B02
201000018679,0,07,000,00,0,2,00,A01
201000018679,0,10,000,01,0,2,02,C03
201000018680,0,10,000,03,0,3,01,B02
201000018680,0,07,000,03,0,1,01,K11
201000018680,0,07,000,03,2,1,01,E05
201000018680,0,07,000,03,0,8,01,J10
201000018680,0,07,000,03,0,3,01,I09
201000018680,0,07,000,03,0,1,01,H08
201000018680,0,07,000,03,2,1,01,G07
201000018680,0,07,000,03,0,1,01,F06
201000018680,0,07,000,00,2,1,02,A01
201000018680,0,07,000,03,2,4,17,C03
201000018680,0,07,000,00,2,4,01,D04
201000018680,0,07,000,00,9,1,01,L12
201000018681,0,07,000,11,0,1,02,A01
201000018682,0,07,000,03,2,1,02,A01
201000018682,0,07,000,00,2,1,02,B02
201000018683,0,07,000,00,2,2,15,A01
201000018683,0,30,000,00,2,1,01,B02
201000018684,0,30,000,00,2,4,01,B02
201000018684,0,07,000,00,2,2,01,A01
201000018685,0,17,000,00,1,7,01,A01
201000018686,0,07,000,00,2,7,15,B02
201000018686,2,07,000,00,2,1,01,A01
201000018687,0,02,000,00,2,1,01,B02
201000018687,0,07,000,00,2,8,01,A01
201000018688,0,33,000,16,0,1,01,A01
201000018689,0,02,000,12,0,1,01,A01
201000018690,1,07,000,00,2,4,02,B02
201000018690,0,07,000,00,2,1,02,A01
201000018691,0,01,000,00,2,2,01,A01
201000018691,0,10,000,00,9,3,09,B02
201000018692,0,07,000,00,1,3,01,A01
201000018693,0,07,000,00,2,1,09,A01
201000018693,0,30,000,00,2,1,01,B02
201000018694,0,32,000,00,2,1,01,B02
201000018694,0,10,000,00,2,3,15,A01
201000018695,0,07,000,00,1,2,14,A01
201000018696,0,07,000,00,1,2,01,A01
201000018697,0,07,000,00,2,3,15,A01
201000018697,0,01,000,00,2,1,01,B02
201000018698,0,34,000,00,2,1,01,B02
201000018698,0,07,000,00,2,2,15,A01
201000018699,0,07,000,00,2,7,16,B02
201000018699,0,03,000,00,2,3,01,A01
201000018700,0,31,000,00,2,1,17,A01
201000018700,0,07,000,00,2,1,01,B02
201000018700,0,07,000,00,2,1,01,C03
201000018701,0,07,000,00,2,1,13,A01
201000018701,0,07,000,00,2,1,01,B02
201000018702,0,33,000,00,2,1,15,B02
201000018702,0,07,000,00,2,2,01,A01
201000018703,0,07,000,00,2,8,15,B02
201000018703,0,31,000,00,2,1,01,A01
201000018704,0,10,000,00,2,6,02,A01
201000018704,0,33,000,00,2,1,11,B02
201000018705,0,07,000,00,2,8,15,B02
201000018705,0,33,000,00,2,1,17,A01
201000018706,0,10,000,00,2,8,17,A01
201000018706,0,33,000,00,2,7,17,B02
201000018707,0,34,000,13,0,7,01,A01
201000018708,2,07,000,00,2,8,01,A01
201000018708,0,07,000,00,2,1,01,B02
201000018709,0,07,000,00,2,3,10,A01
201000018709,0,33,000,00,2,7,17,B02
201000018710,0,10,000,00,2,3,15,A01
201000018710,0,33,000,00,2,1,01,B02
201000018711,0,07,000,00,2,4,23,A01
201000018711,0,34,000,00,2,1,01,B02
201000018712,0,07,000,00,2,3,17,A01
201000018712,0,01,000,00,2,1,01,B02
201000018713,0,31,000,00,2,1,01,A01
201000018713,0,07,000,00,2,2,01,B02
201000018714,0,07,000,00,1,3,16,A01
201000018715,0,07,000,00,1,1,01,A01
201000018716,0,07,000,00,2,3,21,A01
201000018716,0,07,000,00,0,8,23,C03
201000018716,0,07,000,00,2,3,01,B02
201000018717,0,07,000,00,2,1,01,B02
201000018717,0,33,000,00,2,2,05,A01
201000018718,0,07,000,,,3,,A01
201000018718,0,01,000,,,,,A02
201000018719,0,33,000,14,0,1,01,A01
201000018720,0,10,000,00,2,3,05,B02
201000018720,0,33,000,00,2,1,05,A01
201000018721,0,03,000,00,0,3,01,B02
201000018721,0,07,000,00,0,3,01,A01
201000018722,1,07,000,00,1,1,01,A01
201000018723,0,07,000,00,2,1,16,A01
201000018723,0,31,000,00,2,2,01,B02
201000018724,0,07,000,00,2,3,10,A01
201000018724,0,33,000,00,2,1,17,B02
201000018725,0,01,000,00,1,1,01,A01
201000018726,0,07,000,00,2,3,06,B02
201000018726,0,07,000,00,2,3,01,A01
201000018727,0,33,000,00,2,0,13,B01
201000018727,0,07,000,00,2,8,15,A01
201000018728,0,33,000,00,2,1,01,B02
201000018728,0,07,000,00,2,5,10,A01
201000018729,0,03,000,00,2,3,13,A01
201000018729,0,07,000,00,2,3,01,B02
201000018730,0,07,000,00,2,1,15,A01
201000018730,0,07,000,00,2,2,01,B02
201000018731,0,07,000,00,1,8,01,A01
201000018732,0,33,000,00,2,1,01,B02
201000018732,0,07,000,00,2,2,15,A01
201000018733,0,10,000,00,1,1,01,A01
201000018734,0,31,000,00,2,1,01,B02
201000018734,0,07,000,00,2,3,19,A01
201000018735,0,07,000,00,1,4,04,A01
201000018736,0,07,000,16,1,5,04,A01
201000018737,0,07,000,00,1,3,01,A01
201000018738,0,07,000,00,0,4,23,B02
201000018738,0,07,000,00,2,1,02,A01
201000018739,0,21,000,13,0,9,01,A01
201000018740,0,07,000,00,2,8,19,A01
201000018740,0,07,000,00,2,1,01,B02
201000018741,0,07,000,00,2,3,13,A01
201000018741,0,07,000,00,2,3,01,B02
201000018742,0,02,000,00,2,3,00,B02
201000018742,0,07,000,00,2,2,09,A01
201000018743,0,07,000,00,2,8,01,E05
201000018743,0,07,000,00,2,6,23,C03
201000018743,0,07,000,00,2,6,23,B02
201000018743,0,07,000,01,2,2,17,A01
201000018743,0,07,000,00,2,6,23,D04
201000018744,0,07,000,00,2,2,02,A01
201000018744,0,30,000,00,2,4,02,B02
201000018745,0,02,000,00,2,8,19,A01
201000018745,0,07,000,00,2,1,01,B02
201000018746,0,07,000,00,2,7,17,A01
201000018746,0,10,000,00,2,3,15,B02
201000018747,0,10,000,00,0,4,01,B02
201000018747,0,30,000,00,2,1,01,A01
201000018748,0,01,000,00,0,7,01,B02
201000018748,0,07,000,00,0,3,00,A01
201000018749,0,15,000,09,2,3,01,A01
201000018749,0,07,000,00,2,3,13,B02
201000018750,0,31,000,00,1,1,01,A01
201000018751,0,37,001,13,0,1,01,A01
201000018752,0,07,000,00,2,3,01,B02
201000018752,0,15,000,00,2,3,13,A01
201000018752,0,07,000,00,2,8,02,C03
201000018752,0,07,000,14,9,0,01,D04
201000018753,0,07,000,00,0,4,02,C03
201000018753,0,07,000,00,2,1,02,A01
201000018753,0,07,000,00,2,4,02,B02
201000018754,0,33,000,00,2,1,17,A01
201000018754,0,07,000,00,2,6,15,B02
201000018755,0,02,000,06,0,1,00,A01
201000018756,0,07,000,00,2,2,01,A01
201000018756,0,33,000,00,2,8,10,B02
201000018757,0,07,000,00,1,2,01,A01
201000018758,0,33,000,00,2,6,01,B02
201000018758,0,07,000,00,2,3,19,A01
201000018759,0,07,000,06,0,1,01,A01
201000018760,0,01,000,,2,8,01,B01
201000018760,0,07,000,00,9,5,16,A01
201000018761,0,07,000,13,0,9,01,A01
201000018762,0,07,000,00,0,1,01,A01
201000018762,0,33,000,00,0,1,01,B02
201000018763,0,34,000,16,0,7,09,A01
201000018764,0,07,000,00,2,3,13,B02
201000018764,0,07,000,00,2,3,01,A01
201000018765,0,07,000,00,2,3,01,A01
201000018765,0,01,000,00,1,8,15,B02
201000018766,0,07,000,00,2,3,01,B02
201000018766,0,33,000,00,2,1,13,A01
201000018767,0,10,000,00,2,3,15,A01
201000018767,0,31,000,00,2,1,01,B02
201000018768,0,07,000,00,2,2,01,B02
201000018768,0,33,000,00,2,1,13,A01
201000018769,0,07,000,13,0,1,01,A01
201000018770,0,10,000,00,2,1,13,A01
201000018770,0,07,000,00,2,1,01,B02
201000018771,0,07,000,00,2,3,15,A01
201000018771,0,33,000,00,2,1,01,B02
201000018772,0,33,000,00,2,1,01,B02
201000018772,0,07,000,00,2,1,13,A01
201000018773,0,07,000,02,0,7,01,A01
201000018774,0,07,000,00,2,1,01,E05
201000018774,0,14,000,00,2,1,01,D04
201000018774,0,07,000,00,2,1,13,A01
201000018774,0,17,000,00,2,1,01,B02
201000018775,0,07,000,00,2,1,01,A01
201000018775,0,07,000,00,2,1,13,B02
201000018776,0,07,000,00,2,3,01,A01
201000018776,0,07,000,00,2,3,13,B02
201000018777,0,07,000,00,2,2,13,A01
201000018777,0,07,000,00,2,3,01,B02
201000018778,0,30,000,00,2,8,13,A01
201000018778,0,07,000,00,2,1,05,B02
201000018779,0,07,000,00,2,7,13,A01
201000018779,0,07,000,07,2,1,01,B02
201000018780,0,07,000,03,2,1,02,A01
201000018780,0,07,000,00,2,2,17,B02
201000018781,0,07,000,03,0,3,01,A01
201000018781,0,15,000,00,0,2,01,B02
201000018782,0,07,000,03,0,1,01,A01
201000018783,0,07,000,00,2,1,02,A01
201000018783,0,17,000,00,0,6,02,B02
201000018784,0,07,000,04,0,9,13,A01
201000018785,0,14,000,00,0,6,01,A01
201000018785,0,07,000,00,2,2,17,B02
201000018786,0,07,000,00,2,1,01,A01
201000018786,0,15,000,00,0,4,01,B02
201000018787,0,07,000,04,0,3,13,A01
201000018788,0,33,000,00,0,3,01,A01
201000018789,0,17,000,03,0,2,16,A01
201000018789,0,07,000,00,2,3,01,B02
201000018790,0,07,000,00,2,1,01,B02
201000018790,0,07,000,03,0,1,13,A01
201000018791,0,07,000,13,0,7,14,A01
201000018792,0,33,000,00,2,1,01,B02
201000018792,0,30,000,00,2,8,15,A01
201000018793,0,31,000,12,0,7,01,A01
201000018794,0,07,000,00,2,1,09,A01
201000018794,0,01,000,00,2,7,01,B01
201000018795,0,10,000,00,0,1,01,B02
201000018795,0,10,000,00,2,1,13,A01
201000018796,0,07,000,00,9,1,02,C03
201000018796,0,07,000,00,9,2,02,A01
201000018796,0,02,000,00,2,8,02,B02
201000018797,0,07,000,00,1,3,01,A01
201000018798,0,07,000,00,2,3,05,A01
201000018798,0,31,000,00,2,1,21,B02
201000018799,0,07,000,00,1,1,01,A01
201000018800,0,07,000,01,0,1,00,A01
201000018800,0,07,000,00,0,4,00,B02
201000018801,0,07,000,00,2,6,15,B02
201000018801,0,07,000,00,2,1,17,A01
201000018802,0,33,000,00,2,7,17,B02
201000018802,0,07,000,00,2,3,15,A01
201000018803,0,07,000,00,2,3,01,B02
201000018803,0,07,000,00,2,3,01,C03
201000018803,0,07,000,00,2,3,13,A01
201000018804,0,07,000,10,0,4,01,A01
201000018805,0,30,000,00,0,0,00,A01
201000018806,0,07,000,06,2,3,01,B02
201000018806,0,07,000,01,2,1,01,A01
201000018807,0,07,000,06,2,8,01,B02
201000018807,0,07,000,01,2,1,01,A01
201000018808,0,07,000,00,2,4,23,B02
201000018808,0,07,000,00,2,4,23,A01
201000018808,0,15,000,00,2,4,23,C03
201000018809,0,14,000,00,2,6,01,B02
201000018809,0,33,000,00,2,2,03,A01
201000018810,0,07,000,13,0,3,16,A01
201000018811,0,07,000,00,2,1,13,A01
201000018811,0,07,000,00,2,1,01,B02
201000018812,0,02,000,00,2,1,01,B02
201000018812,0,07,000,00,2,2,15,A01
201000018813,0,07,000,13,0,1,13,A01
201000018814,0,33,000,16,0,8,01,A01
201000018815,0,33,000,11,0,1,17,A01
201000018816,0,33,000,00,2,7,01,A01
201000018816,0,07,000,00,2,7,17,B02
201000018817,0,33,000,00,2,1,13,B02
201000018817,0,07,000,00,2,3,02,A01
201000018818,0,13,000,00,2,8,01,B02
201000018818,0,07,000,00,2,8,01,C03
201000018818,0,33,000,00,2,1,13,A01
201000018819,0,07,000,00,0,8,15,B02
201000018819,0,30,000,00,2,1,17,A01
201000018820,0,07,000,00,0,5,15,A01
201000018820,0,33,000,00,0,1,01,B02
201000018821,0,33,000,12,0,1,01,A01
201000018822,0,02,000,00,2,8,19,A01
201000018822,0,07,000,00,2,1,01,B02
201000018823,0,30,000,00,0,0,00,A01
201000018824,0,07,000,00,2,3,15,A01
201000018824,0,33,000,00,2,1,01,B02
201000018825,0,07,000,00,2,1,00,B02
201000018825,0,07,000,00,2,7,13,A01
201000018826,0,14,000,00,1,6,04,A01
201000018827,0,07,000,06,0,2,02,A01
201000018828,0,07,000,00,2,1,15,A01
201000018828,0,33,000,00,2,8,01,B02
201000018829,0,07,000,00,2,1,02,A01
201000018829,0,10,000,00,0,4,02,C03
201000018829,0,07,000,00,2,4,02,B02
201000018830,0,07,000,00,2,1,01,B02
201000018830,0,07,000,00,2,1,13,A01
201000018831,0,33,000,00,2,1,01,C03
201000018831,0,07,000,00,2,3,15,A01
201000018831,0,07,000,08,2,6,01,B02
201000018832,0,33,000,00,2,8,01,C03
201000018832,0,16,000,03,2,7,05,A01
201000018833,0,01,000,00,0,3,01,C03
201000018833,0,10,000,00,9,3,01,B02
201000018833,0,17,000,00,2,3,15,A01
201000018834,0,07,000,13,0,3,13,A01
201000018835,0,07,000,00,2,1,01,A01
201000018835,0,07,000,00,0,4,16,B02
201000018836,0,07,000,00,2,3,01,A01
201000018836,0,31,000,00,2,1,13,B02
201000018837,0,07,000,00,9,3,01,A01
201000018837,0,01,000,00,2,1,19,B02
201000018838,0,07,000,01,0,1,01,C03
201000018838,0,07,000,00,0,1,01,D04
201000018838,0,07,000,03,0,9,01,A01
201000018838,0,07,000,01,0,8,01,B02
201000018839,0,07,000,00,1,3,01,A01
201000018840,0,07,000,13,0,1,01,B02
201000018841,0,07,000,00,0,4,02,C03
201000018841,0,07,000,00,2,3,14,A01
201000018841,0,07,000,00,0,5,02,B02
201000018842,0,10,000,00,2,5,02,B02
201000018842,0,07,000,00,2,1,02,A01
201000018843,0,07,000,03,6,3,21,A01
201000018844,0,07,000,00,2,4,13,A01
201000018844,0,07,000,00,2,2,11,B02
201000018845,0,33,000,00,2,1,01,A01
201000018845,0,07,000,00,2,2,15,B02
201000018846,0,07,000,08,0,1,01,A01
201000018847,0,10,000,00,0,3,13,A01
201000018847,0,14,000,00,2,3,00,B02
201000018848,0,07,000,00,2,3,01,B02
201000018848,0,07,000,00,2,3,13,A01
201000018849,0,14,000,16,0,0,01,A01
201000018850,0,33,000,00,2,2,17,A01
201000018850,1,07,000,00,0,8,01,B02
201000018851,0,07,000,00,2,3,01,A01
201000018851,0,07,000,00,2,1,15,B02
201000018852,0,07,000,04,0,3,11,A01
201000018853,0,07,000,16,2,2,14,A01
201000018853,0,07,000,00,0,8,01,B02
201000018854,0,33,000,00,0,8,15,A01
201000018855,0,07,000,16,0,1,01,A01
201000018856,0,07,000,00,2,4,01,B02
201000018856,0,07,000,00,2,1,01,A01
201000018857,0,17,000,00,9,4,01,C03
201000018857,0,15,000,00,0,1,02,A01
201000018857,0,10,000,00,0,4,23,B02
201000018858,0,07,000,00,0,1,01,A01
201000018859,0,07,000,00,2,1,02,A01
201000018859,0,15,000,00,0,4,01,B02
201000018860,0,07,000,13,2,1,01,A01
201000018860,0,17,000,00,2,1,01,D04
201000018860,0,07,000,03,2,4,01,B02
201000018860,0,17,000,00,0,4,01,C03
201000018861,0,07,000,00,0,4,02,B02
201000018861,0,07,000,00,2,1,02,A01
201000018862,0,07,000,02,0,7,01,A01
201000018863,0,10,000,02,0,1,01,A01
201000018864,0,17,000,13,0,2,01,A01
201000018865,0,07,000,13,0,9,01,A01
201000018866,0,07,000,13,6,1,01,A01
201000018867,0,07,000,13,0,1,12,A01
201000018868,0,14,000,00,1,1,00,A01
201000018869,0,07,000,00,2,8,01,C03
201000018869,0,07,000,00,2,8,01,D04
201000018869,0,07,000,00,2,1,13,A01
201000018869,0,07,000,00,2,1,01,B02
201000018870,0,07,000,00,2,1,13,A01
201000018870,0,07,000,00,2,1,01,B02
201000018871,0,02,000,00,2,4,01,B02
201000018871,1,07,000,00,2,2,01,A01
201000018872,0,07,000,00,1,3,01,A01
201000018873,0,07,000,00,2,1,01,B02
201000018873,0,07,000,00,2,1,13,A01
201000018874,0,07,000,01,0,3,14,A01
201000018874,0,14,000,00,0,6,00,B02
201000018875,0,07,000,13,0,2,00,A01
201000018876,0,07,000,13,0,9,00,A01
201000018877,0,33,000,03,0,3,01,A01
201000018878,0,07,000,03,0,1,01,A01
201000018879,0,07,000,04,0,1,01,A01
201000018880,0,07,000,13,0,3,13,A01
201000018881,0,07,000,00,2,8,01,B02
201000018881,0,02,000,00,2,8,13,A01
201000018881,0,07,000,00,2,1,01,C03
201000018882,0,33,000,00,2,0,01,A01
201000018882,0,07,000,00,2,8,19,B02
201000018883,0,07,000,00,2,1,02,C03
201000018883,0,07,000,00,0,4,02,A01
201000018883,0,07,000,00,2,1,02,B02
201000018883,0,33,000,00,2,1,02,D04
201000018884,0,07,000,00,1,2,01,A01
201000018885,0,07,000,00,0,7,19,A01
201000018885,0,33,000,00,2,1,01,B02
201000018886,0,30,000,00,2,1,16,A01
201000018886,0,07,000,00,9,2,01,B02
201000018887,0,07,000,00,2,1,01,A01
201000018887,0,07,000,00,2,3,19,B02
201000018888,0,07,000,02,0,7,17,A01
201000018889,0,07,000,00,0,1,13,A01
201000018889,0,07,000,00,0,1,01,B02
201000018890,0,07,000,06,0,1,16,A01
201000018891,0,07,000,00,2,8,13,A01
201000018891,0,10,000,06,2,3,01,B02
201000018892,0,32,000,00,2,2,01,A01
201000018892,0,07,000,00,2,3,19,B02
201000018893,0,07,000,00,2,3,01,B02
201000018893,0,07,000,00,2,3,13,A01
201000018894,0,07,000,00,2,1,19,A01
201000018894,0,07,000,00,2,1,01,B02
201000018895,0,07,000,00,2,4,02,A01
201000018895,0,07,000,00,2,1,01,B02
201000018896,0,07,000,16,0,9,00,A01
201000018897,0,07,000,00,0,0,18,A01
201000018898,0,07,000,00,2,3,15,B02
201000018898,0,33,000,00,2,6,18,A01
201000018899,0,14,000,00,1,2,00,A01
201000018900,0,07,000,00,1,7,01,A01
201000018901,0,33,000,00,2,1,19,A01
201000018901,0,07,000,00,2,3,01,B02
201000018902,0,07,000,00,2,3,19,A01
201000018902,0,07,000,00,2,8,01,C03
201000018902,0,33,000,00,2,1,01,B02
201000018903,0,10,000,00,2,2,01,B02
201000018903,0,07,000,00,2,1,05,A01
201000018904,0,10,000,00,2,8,19,A01
201000018904,0,99,000,00,2,1,01,B02
201000018905,0,07,000,00,2,3,01,B02
201000018905,0,07,000,00,2,3,01,A01
201000018906,0,17,000,00,2,1,02,A01
201000018906,0,07,000,14,0,8,01,C03
201000018906,0,17,000,00,2,4,01,B02
201000018907,0,07,000,00,1,3,01,A01
201000018908,0,10,000,00,0,8,17,A01
201000018908,0,07,000,00,0,0,17,B02
201000018909,0,07,000,01,0,1,02,A01
201000018909,0,15,000,00,0,6,02,B02
201000018910,0,10,000,00,0,9,11,A01
201000018911,0,17,000,05,0,7,01,A01
201000018912,0,10,000,00,2,2,17,A01
201000018912,0,10,000,00,2,6,01,B02
201000018913,0,17,000,00,0,6,02,B02
201000018913,0,07,000,00,2,1,02,A01
201000018914,0,07,000,00,0,9,00,A01
201000018915,0,07,000,00,0,0,02,A01
201000018915,0,07,000,00,2,1,02,C03
201000018915,0,07,000,01,0,1,02,D04
201000018915,0,07,000,00,2,5,02,B02
201000018916,0,07,000,00,2,1,05,A01
201000018916,0,07,000,00,2,1,01,B02
201000018917,0,32,000,00,0,7,01,A01
201000018918,0,15,000,00,2,1,02,A01
201000018918,0,15,000,00,2,4,02,B02
201000018919,0,07,000,13,0,1,01,A01
201000018920,0,07,000,00,2,1,02,A01
201000018921,0,07,000,00,1,2,01,A01
201000018922,0,30,000,08,0,2,14,A01
201000018923,0,16,000,00,1,0,01,A01
201000018924,0,34,000,14,0,1,01,A01
201000018925,0,10,000,03,0,1,01,A01
201000018926,0,07,000,00,9,1,01,C03
201000018926,0,17,000,03,2,3,06,A01
201000018926,0,07,000,00,2,3,17,B02
201000018927,0,07,000,00,2,1,02,A01
201000018927,0,07,000,13,0,4,01,B02
201000018928,0,07,000,01,0,3,01,A01