Num_Acc,senc,catv,occutc,obs,obsm,choc,manv,num_veh
201000018929,0,07,000,07,0,1,14,A01
201000018930,0,10,000,00,0,4,01,B02
201000018930,0,14,000,00,2,1,02,A01
201000018931,0,07,000,03,2,2,13,A01
201000018931,0,07,000,03,1,8,01,C03
201000018931,0,07,000,00,2,1,01,B02
201000018932,0,17,000,00,2,4,01,B02
201000018932,0,10,000,00,2,1,02,A01
201000018933,0,14,000,03,0,3,17,A01
201000018934,0,07,000,00,0,4,01,A01
201000018934,0,07,000,00,2,1,02,B02
201000018935,0,17,000,00,0,6,01,B02
201000018935,0,07,000,00,2,1,02,A01
201000018936,0,17,000,06,0,1,13,A01
201000018937,0,03,000,00,2,6,01,A01
201000018937,0,07,000,00,2,2,02,B02
201000018938,0,07,000,00,1,2,01,A01
201000018939,0,07,000,00,1,1,01,A01
201000018940,0,07,000,00,2,1,05,A01
201000018940,0,07,000,00,2,1,01,B02
201000018941,0,07,000,00,1,1,01,A01
201000018942,0,07,000,00,2,3,15,A01
201000018942,0,02,000,00,2,1,01,B01
201000018943,0,07,000,00,1,1,01,A01
201000018944,0,01,000,00,2,1,00,B01
201000018944,0,37,000,00,2,5,15,A01
201000018945,0,01,000,00,2,1,01,B01
201000018945,0,10,000,00,2,4,04,A01
201000018946,0,07,000,00,2,3,15,B02
201000018946,0,32,000,00,2,8,01,A01
201000018947,0,01,000,00,2,3,15,B01
201000018947,0,30,000,00,2,2,17,A01
201000018948,0,07,000,00,1,2,01,A01
201000018949,0,07,000,00,2,3,15,A01
201000018949,0,02,000,00,2,1,01,B01
201000018950,0,10,000,13,0,9,00,A01
201000018951,0,10,000,00,1,2,01,A01
201000018952,0,01,000,00,2,0,01,B01
201000018952,0,07,000,00,2,0,01,A01
201000018953,0,07,000,00,2,4,23,B01
201000018953,0,02,000,00,2,1,02,A01
201000018954,0,30,000,00,2,1,01,B01
201000018954,0,07,000,00,2,2,15,A01
201000018955,0,02,000,00,2,4,23,B01
201000018955,0,07,000,00,1,4,23,C01
201000018955,0,07,000,00,2,1,02,A01
201000018956,0,07,000,00,1,1,01,A01
201000018957,0,07,000,00,2,2,01,B01
201000018957,0,02,000,00,2,1,15,A01
201000018958,0,07,000,00,2,1,01,A01
201000018958,0,07,000,00,2,3,01,B01
201000018959,0,03,000,00,2,2,23,B01
201000018959,0,07,000,00,2,1,13,A01
201000018959,0,07,000,00,2,1,23,C01
201000018960,0,07,000,00,2,2,01,B01
201000018960,0,02,000,00,2,1,01,A01
201000018961,0,07,000,00,2,4,23,B01
201000018961,0,07,000,00,2,1,01,A01
201000018961,0,07,000,00,2,4,23,C01
201000018962,0,07,000,00,2,3,15,A01
201000018962,0,02,000,00,2,1,01,B01
201000018963,0,33,000,00,2,1,02,A01
201000018963,0,33,000,00,2,4,01,B01
201000018964,0,07,000,00,2,0,00,A01
201000018964,0,07,000,01,0,0,00,B01
201000018965,0,07,000,00,2,4,23,B01
201000018965,0,07,000,00,2,1,02,A01
201000018965,0,07,000,00,2,4,23,C01
201000018966,0,07,000,00,2,3,15,A01
201000018966,0,02,000,00,2,1,01,B01
201000018967,0,10,000,00,1,4,04,A01
201000018968,0,07,000,04,0,1,21,B01
201000018968,1,07,000,00,0,0,05,A01
201000018968,0,07,000,04,0,4,21,C01
201000018968,0,10,000,11,0,2,21,D01
201000018969,0,01,000,00,2,7,17,A01
201000018969,0,01,000,00,2,8,01,B01
201000018970,0,01,000,00,2,0,00,B01
201000018970,1,07,000,00,2,1,00,Z01
201000018971,0,01,000,00,0,1,02,A01
201000018971,0,02,000,00,9,1,02,B01
201000018972,0,07,000,00,2,7,01,B01
201000018972,0,07,000,00,2,3,11,A01
201000018973,0,07,000,00,1,1,01,A01
201000018974,0,01,000,00,2,8,01,B01
201000018974,0,07,000,00,2,2,16,A01
201000018975,0,07,000,00,1,8,01,A01
201000018976,0,07,000,00,2,6,15,B01
201000018976,0,33,000,00,2,1,02,A01
201000018977,0,07,000,00,1,3,11,A01
201000018978,0,07,000,00,2,8,15,A01
201000018978,0,34,000,00,2,2,17,B01
201000018979,0,02,000,00,2,8,16,A01
201000018979,0,07,000,00,2,1,01,B01
201000018980,0,07,000,00,2,5,01,B01
201000018980,0,07,000,00,2,4,24,C01
201000018980,0,07,000,00,2,4,24,D01
201000018980,0,07,000,00,2,2,19,A01
201000018981,0,07,000,00,2,7,15,A01
201000018981,0,33,000,00,2,1,01,B01
201000018982,0,02,000,00,0,0,01,B01
201000018982,0,07,000,00,0,0,16,A01
201000018983,0,10,000,00,1,1,01,A01
201000018984,0,32,000,00,2,1,01,B01
201000018984,0,07,000,00,2,5,15,A01
201000018985,0,07,000,00,2,2,02,A01
201000018985,0,01,000,00,2,8,19,B01
201000018986,0,02,000,00,2,1,02,A01
201000018986,0,07,000,00,2,4,02,B01
201000018987,0,07,000,00,1,1,16,A01
201000018988,0,33,000,00,0,1,01,B02
201000018988,1,10,000,00,0,0,16,A01
201000018989,0,07,000,00,1,7,01,A01
201000018990,0,07,000,00,2,1,01,B01
201000018990,0,01,000,00,2,8,19,A01
201000018991,0,02,000,00,2,1,01,B01
201000018991,0,07,000,00,2,8,15,A01
201000018992,0,01,000,00,2,2,01,B01
201000018992,0,07,000,00,2,1,15,A01
201000018993,0,07,000,00,0,9,21,A01
201000018993,1,07,000,00,0,0,00,B01
201000018994,0,07,000,00,1,1,01,A01
201000018995,0,01,000,00,2,1,19,A01
201000018995,0,07,000,00,2,1,01,B01
201000018996,0,02,000,00,2,7,01,B01
201000018996,0,07,000,00,2,1,09,A01
201000018997,0,02,000,00,2,2,01,B01
201000018997,0,01,000,00,2,8,11,A01
201000018998,0,02,000,00,2,2,17,A01
201000018998,0,07,000,00,2,3,15,B01
201000018999,0,07,000,00,2,3,01,A01
201000018999,0,01,000,00,2,7,19,B01
201000019000,1,07,000,00,1,1,01,A01
201000019001,0,37,001,00,2,1,01,B01
201000019001,0,07,000,00,2,7,01,A01
201000019002,0,07,000,00,2,3,01,B01
201000019002,0,07,000,00,2,8,19,A01
201000019003,0,33,000,00,2,1,17,A01
201000019003,0,07,000,00,2,6,24,C01
201000019003,0,07,000,00,2,3,15,B01
201000019004,0,07,000,00,2,2,01,A01
201000019004,0,01,000,00,2,6,02,B01
201000019005,0,01,000,00,2,8,18,B01
201000019005,0,10,000,00,2,2,16,A01
201000019006,0,33,000,08,0,1,02,A01
201000019007,0,33,000,04,0,3,17,A01
201000019008,0,17,000,00,2,3,01,B02
201000019008,0,10,000,00,2,3,17,A01
201000019008,0,07,000,00,0,0,01,C01
201000019009,0,07,000,00,2,2,15,A01
201000019009,0,33,000,00,2,1,01,B01
201000019010,0,02,000,00,2,8,15,B01
201000019010,0,02,000,00,2,1,01,A01
201000019011,0,07,000,00,2,1,17,A01
201000019011,0,37,002,00,2,1,01,B01
201000019012,0,07,000,00,1,3,01,A01
201000019013,0,07,000,00,1,4,04,A01
201000019014,0,02,000,00,2,2,17,A01
201000019014,0,07,000,00,2,3,15,B01
201000019015,0,07,000,00,2,6,01,C01
201000019015,0,02,000,00,2,1,01,B01
201000019015,0,07,000,00,2,3,16,A01
201000019016,0,02,000,00,2,1,01,B01
201000019016,0,07,000,00,2,6,15,A01
201000019017,0,33,000,15,0,1,09,A01
201000019018,0,07,000,00,1,8,01,A01
201000019019,0,07,000,00,1,2,01,A01
201000019020,0,07,000,00,2,5,01,B01
201000019020,0,02,000,00,2,1,21,A01
201000019021,0,07,000,00,2,3,01,B01
201000019021,0,07,000,00,2,2,15,A01
201000019022,0,33,000,01,0,0,21,A01
201000019023,0,32,000,00,2,1,00,A01
201000019023,0,07,000,00,2,7,15,B01
201000019024,0,07,000,00,1,1,01,A01
201000019025,0,33,000,00,2,4,00,B01
201000019025,1,07,000,00,2,1,00,Z01
201000019026,0,07,000,00,0,4,23,B01
201000019026,0,33,000,00,2,1,01,A01
201000019027,0,07,000,00,2,2,01,B01
201000019027,0,01,000,00,2,3,15,A01
201000019028,0,10,000,00,1,1,15,A01
201000019029,0,07,000,00,2,1,01,A01
201000019029,0,07,000,00,2,4,23,B01
201000019030,0,07,000,00,2,3,15,B01
201000019030,0,02,000,00,2,2,17,A01
201000019031,0,01,000,00,2,0,16,B01
201000019031,1,07,000,00,2,0,00,Z01
201000019032,0,07,000,00,1,1,01,A01
201000019033,0,07,000,00,2,1,01,B02
201000019033,0,07,000,00,2,5,19,A01
201000019034,0,07,000,01,0,1,00,A01
201000019035,0,07,000,00,2,1,01,B01
201000019035,0,07,000,00,2,1,13,A01
201000019036,0,07,000,00,2,8,20,A01
201000019036,0,31,000,00,2,1,01,B01
201000019037,0,07,000,00,1,1,16,A01
201000019038,0,07,000,00,2,3,01,B01
201000019038,0,01,000,00,2,1,19,A01
201000019039,0,07,000,00,2,1,13,A01
201000019039,0,07,000,00,2,1,01,B01
201000019040,0,33,000,00,2,7,01,B01
201000019040,0,07,000,00,2,8,24,A01
201000019041,0,07,000,00,1,3,15,A02
201000019042,0,07,000,00,2,1,01,A01
201000019042,0,07,000,00,2,3,01,B02
201000019043,0,07,000,00,1,2,01,A01
201000019044,0,07,000,00,2,1,01,A01
201000019044,0,07,000,00,2,3,15,B01
201000019045,0,33,000,00,2,1,01,B01
201000019045,0,07,000,00,2,3,10,A01
201000019046,0,07,000,00,2,7,15,A01
201000019046,0,02,000,00,2,1,01,B01
201000019047,0,07,000,00,1,8,01,A01
201000019048,0,01,000,00,2,1,01,B02
201000019048,0,07,000,00,2,8,01,A01
201000019049,0,07,000,00,2,1,01,B02
201000019049,0,07,000,00,2,1,05,A01
201000019050,0,30,000,12,0,1,00,A01
201000019051,0,17,000,00,2,3,01,B02
201000019051,0,14,000,00,2,1,13,A01
201000019052,0,07,000,00,2,1,02,A01
201000019052,0,07,000,00,0,4,01,B02
201000019053,0,07,000,00,2,3,01,B02
201000019053,0,07,000,00,2,3,01,A01
201000019054,0,07,000,02,9,4,23,A01
201000019054,0,07,000,01,0,1,15,B02
201000019055,0,02,000,14,0,9,01,A01
201000019056,0,07,000,00,2,1,13,C03
201000019056,0,07,000,00,0,8,02,B02
201000019056,0,37,000,00,2,3,01,A01
201000019057,0,07,000,00,1,7,01,A01
201000019058,0,10,000,00,2,1,01,A01
201000019058,0,07,000,00,2,8,10,B02
201000019059,0,14,000,00,2,3,01,B02
201000019059,0,07,000,00,2,3,01,A01
201000019060,0,10,000,00,2,1,01,B02
201000019060,0,07,000,00,2,8,15,A01
201000019061,0,10,000,00,2,3,23,A01
201000019061,0,31,000,00,2,1,21,B02
201000019062,0,07,000,00,2,8,13,A01
201000019062,0,15,000,00,2,3,01,B02
201000019063,0,30,000,12,0,1,01,A01
201000019064,0,07,000,00,9,2,01,A01
201000019064,0,01,000,00,2,4,01,B02
201000019065,0,07,000,00,2,1,15,A01
201000019065,0,02,000,00,2,1,01,B02
201000019066,0,10,000,00,2,3,01,A01
201000019066,0,07,000,00,2,7,09,B02
201000019067,0,38,000,00,2,2,16,B02
201000019067,0,30,000,00,9,3,18,A01
201000019068,0,33,000,08,0,1,14,A01
201000019069,0,07,000,00,2,3,01,B02
201000019069,0,10,000,00,2,3,01,A01
201000019070,0,14,000,00,0,1,01,A01
201000019071,0,07,000,00,2,1,19,A01
201000019071,0,33,000,00,2,1,01,B02
201000019072,0,30,000,00,2,1,01,A01
201000019072,0,07,000,00,2,1,01,B02
201000019073,0,01,000,00,2,1,01,B02
201000019073,0,07,000,00,0,2,06,A01
201000019074,0,07,000,00,2,5,20,B02
201000019074,0,30,000,00,2,1,01,A01
201000019075,0,07,000,03,0,9,01,A01
201000019076,0,07,000,00,9,2,01,A01
201000019077,0,10,000,00,2,8,05,D04
201000019077,0,07,000,00,0,3,02,C03
201000019077,0,07,000,00,2,2,17,B02
201000019077,0,17,000,03,2,3,13,A01
201000019078,0,17,000,00,2,6,01,B02
201000019078,0,07,000,00,2,2,01,A01
201000019079,0,30,000,00,0,8,01,A01
201000019080,0,07,000,00,1,1,01,A01
201000019081,0,33,000,00,2,1,03,A01
201000019081,0,07,000,00,0,8,19,B02
201000019082,0,33,000,00,2,1,01,B02
201000019082,0,07,000,00,2,3,10,A01
201000019083,0,33,000,00,0,1,00,B02
201000019083,0,07,000,00,0,2,23,A01
201000019084,0,07,000,00,2,1,01,B02
201000019084,0,07,000,00,2,1,13,A01
201000019085,0,33,000,00,2,2,17,A01
201000019085,0,07,000,00,2,3,13,B02
201000019086,0,07,000,00,2,8,01,C03
201000019086,0,07,000,00,2,1,13,A01
201000019086,0,07,000,00,2,1,01,B02
201000019087,0,20,000,00,1,5,01,A01
201000019088,0,02,000,00,2,1,01,A01
201000019088,0,07,000,00,2,6,19,B02
201000019089,0,01,000,13,2,8,23,B02
201000019089,0,07,000,12,1,5,19,A01
201000019090,0,07,000,00,1,5,01,A01
201000019091,0,07,000,00,0,8,05,A01
201000019091,0,07,000,00,0,8,01,B02
201000019092,0,07,000,03,0,7,01,A01
201000019093,0,07,000,03,2,1,01,A01
201000019093,0,07,000,00,2,5,01,B02
201000019094,0,17,000,00,2,6,01,B02
201000019094,0,07,000,00,2,1,17,A01
201000019095,0,07,000,13,0,9,01,A01
201000019096,0,07,000,03,0,1,01,A01
201000019097,0,07,000,13,0,1,01,A01
201000019098,0,07,000,00,0,9,01,A01
201000019099,0,07,000,13,0,1,18,A01
201000019100,0,15,000,00,2,4,01,B02
201000019100,0,07,000,00,2,1,01,A01
201000019101,0,07,000,04,0,3,01,A01
201000019102,0,33,000,04,0,1,01,A01
201000019103,0,07,000,00,0,6,16,A01
201000019103,0,07,000,00,2,2,12,B02
201000019104,0,07,000,00,1,2,01,A01
201000019105,0,07,000,04,0,2,01,A01
201000019106,0,07,000,04,0,3,01,A01
201000019107,0,07,000,00,1,2,00,A01
201000019108,0,15,000,00,0,1,01,A01
201000019109,0,07,000,04,0,2,14,A01
201000019109,0,07,000,00,2,7,01,B01
201000019110,0,15,000,03,0,1,01,A01
201000019111,0,15,000,00,2,1,01,A01
201000019111,0,15,000,00,2,4,11,B02
201000019112,0,07,000,03,0,6,01,A01
201000019113,0,07,000,03,2,1,11,C03
201000019113,0,07,000,00,2,1,01,B02
201000019113,0,07,000,04,0,8,01,D04
201000019113,0,07,000,03,,1,01,A01
201000019114,0,07,000,01,0,1,02,B02
201000019114,0,07,000,00,0,6,23,A01
201000019115,0,07,000,00,2,4,23,B02
201000019115,0,07,000,00,2,1,01,A01
201000019116,0,31,000,00,1,2,21,A01
201000019117,0,07,000,00,2,3,02,A01
201000019117,0,17,000,00,2,5,01,B02
201000019118,0,15,000,06,0,0,01,A01
201000019118,0,07,000,00,2,1,01,B02
201000019118,0,07,000,00,2,1,01,C03
201000019119,0,07,000,03,0,2,01,A01
201000019120,0,07,000,00,0,2,01,A01
201000019121,0,07,000,00,0,5,01,B02
201000019121,0,07,000,03,0,3,01,A01
201000019122,0,07,000,00,2,3,15,A01
201000019122,0,07,000,00,2,2,01,B02
201000019123,0,07,000,00,2,1,15,A01
201000019123,0,07,000,00,2,1,01,B02
201000019124,0,07,000,00,2,1,01,B02
201000019124,0,07,000,00,2,2,15,A01
201000019125,0,07,000,00,2,2,02,B02
201000019125,0,07,000,00,2,3,19,A01
201000019126,0,33,000,00,2,7,01,A01
201000019126,0,07,000,00,2,2,19,B02
201000019127,0,02,000,00,2,7,01,B02
201000019127,0,07,000,00,2,2,19,A01
201000019128,0,33,000,00,0,3,01,A01
201000019129,0,07,000,00,2,3,01,B02
201000019129,0,07,000,00,2,3,17,A01
201000019130,0,02,000,00,2,7,01,A01
201000019130,0,07,000,00,2,3,15,B02
201000019131,0,07,000,00,2,3,13,A01
201000019131,0,07,000,00,2,3,00,B02
201000019132,0,07,000,00,2,3,00,B02
201000019132,0,07,000,00,0,8,00,A01
201000019133,0,07,000,00,0,1,01,A01
201000019134,0,07,000,03,0,3,01,A01
201000019135,0,14,000,00,0,6,23,B02
201000019135,0,07,000,01,0,1,01,A01
201000019136,0,07,000,04,0,2,14,A01
201000019137,0,17,000,00,1,5,04,A01
201000019138,0,33,000,00,2,7,14,B02
201000019138,0,14,000,00,2,8,18,A01
201000019139,0,33,000,03,0,7,01,A01
201000019140,0,17,000,00,2,2,21,B02
201000019140,0,07,000,00,2,3,21,C03
201000019140,0,07,000,00,2,3,14,D04
201000019140,0,17,000,04,0,2,06,A01
201000019141,0,07,000,13,0,2,17,A01
201000019142,0,10,000,03,0,1,14,A01
201000019143,0,07,000,03,0,1,17,A01
201000019143,0,07,000,01,0,1,01,B02
201000019144,0,17,000,04,0,8,01,A01
201000019145,0,38,000,13,0,1,14,A01
201000019146,0,07,000,00,0,5,12,A01
201000019146,0,07,000,00,2,1,01,B02
201000019147,0,16,000,06,2,3,01,B02
201000019148,0,07,000,04,0,1,01,A01
201000019149,0,10,000,13,0,1,01,A01
201000019150,0,17,000,13,0,1,01,A01
201000019151,0,07,000,00,2,3,01,A01
201000019151,0,10,000,00,2,7,15,B02
201000019152,0,10,000,00,2,2,01,B02
201000019152,0,07,000,00,2,1,17,A01
201000019152,0,07,000,00,2,6,02,C03
201000019153,0,07,000,03,2,1,03,A01
201000019153,0,07,000,00,2,8,01,B02
201000019153,0,07,000,00,2,4,01,D04
201000019153,0,07,000,00,2,8,01,C03
201000019154,0,10,000,03,0,3,01,A01
201000019155,0,07,000,13,0,1,01,A01
201000019156,0,07,000,13,2,2,21,B02
201000019156,0,17,000,00,2,3,01,A01
201000019157,0,07,000,03,2,2,01,B02
201000019157,0,07,000,00,2,3,11,A01
201000019158,0,07,000,03,0,7,01,A01
201000019159,0,07,000,05,0,7,21,A01
201000019160,0,07,000,00,0,2,01,A01
201000019161,0,07,000,03,0,1,14,A01
201000019162,0,07,000,00,0,2,01,A01
201000019163,0,07,000,00,2,6,02,B02
201000019163,0,07,000,00,2,2,02,A01
201000019164,0,07,000,03,2,6,19,A01
201000019164,0,07,000,00,2,1,01,B02
201000019165,0,10,000,00,0,8,02,A01
201000019166,0,17,000,03,0,9,15,A01
201000019167,0,07,000,00,2,5,23,B02
201000019167,0,10,000,00,2,3,02,A01
201000019167,0,07,000,00,0,4,23,C03
201000019168,0,07,000,00,0,4,01,A01
201000019168,0,07,000,00,0,4,01,B02
201000019168,0,14,000,00,0,0,01,C03
201000019168,0,15,000,00,0,1,01,D04
201000019169,0,07,000,03,2,2,13,B02
201000019169,0,10,000,05,2,3,02,A01
201000019170,0,10,000,00,0,9,01,A01
201000019171,0,07,000,04,0,3,01,A01
201000019172,0,10,000,01,0,2,00,A01
201000019172,0,07,000,00,0,6,00,B02
201000019173,0,07,000,00,0,0,01,A01
201000019174,0,36,000,01,0,2,01,A01
201000019175,0,07,000,00,2,8,13,A01
201000019175,0,02,000,00,2,8,02,B02
201000019176,0,07,000,00,0,6,15,A01
201000019176,0,07,000,00,0,1,01,B02
201000019177,0,07,000,09,0,1,01,A01
201000019178,0,07,000,00,2,1,01,B01
201000019178,0,07,000,00,2,7,10,A01
201000019179,0,02,000,00,2,8,01,B01
201000019179,0,07,000,00,2,1,15,A01
201000019180,0,07,000,00,2,1,15,A01
201000019180,0,07,000,00,2,1,01,B01
201000019181,0,07,000,00,2,1,00,A01
201000019181,0,07,000,00,2,0,00,B01
201000019182,0,07,000,15,0,1,13,A01
201000019183,0,02,000,00,2,7,01,A01
201000019183,0,07,000,00,2,8,15,B01
201000019184,0,02,000,00,2,1,01,B01
201000019184,0,07,000,00,2,1,01,A01
201000019185,0,07,000,06,0,1,01,A01
201000019186,0,07,000,00,2,1,13,A01
201000019186,0,07,000,00,2,1,01,B01
201000019187,0,07,000,02,0,0,00,A01
201000019188,0,07,000,02,0,1,14,A01
201000019189,0,32,000,00,2,1,01,B01
201000019189,0,07,000,00,2,3,15,A01
201000019190,0,33,000,00,2,7,01,B01
201000019190,0,07,000,00,2,1,15,A01
201000019191,0,07,000,00,2,4,01,A01
201000019191,0,07,000,00,2,4,00,B01
201000019192,0,07,000,01,0,1,01,A01
201000019193,0,07,000,00,1,4,04,A01
201000019194,0,30,000,00,2,7,17,A01
201000019194,0,07,000,00,2,8,15,B01
201000019195,0,07,000,00,2,1,01,B02
201000019195,0,07,000,00,2,7,15,A01
201000019196,0,32,000,00,2,1,13,A01
201000019196,0,07,000,00,2,1,01,B01
201000019197,0,07,000,00,0,0,15,B01
201000019197,0,02,000,01,0,8,01,A01
201000019198,0,33,000,04,2,7,01,B01
201000019198,0,07,000,00,2,8,11,A01
201000019199,0,07,000,00,1,1,01,A01
201000019200,0,07,000,00,2,1,01,A01
201000019200,0,07,000,00,2,8,01,B01
201000019201,0,30,000,00,2,7,17,A01
201000019201,0,07,000,00,2,7,17,B01
201000019202,0,07,000,00,2,8,15,B01
201000019202,0,33,000,00,2,1,17,A01
201000019203,0,07,000,00,2,4,00,B01
201000019203,0,33,000,00,2,1,01,A01
201000019204,0,13,000,00,2,1,00,A01
201000019204,0,07,000,00,0,4,01,B01
201000019205,0,07,000,00,1,2,01,A01
201000019206,0,10,000,00,2,8,01,B01
201000019206,0,31,000,00,2,1,13,A01
201000019207,0,07,000,00,1,7,01,A01
201000019208,0,07,000,08,0,0,01,A01
201000019209,0,07,000,02,0,1,01,A01
201000019210,0,07,000,00,2,2,01,B01
201000019210,0,14,000,00,0,6,04,A01
201000019211,0,07,000,02,1,1,06,B01
201000019211,0,07,000,09,0,1,01,A01
201000019212,0,07,000,00,2,0,00,B01
201000019212,0,07,000,00,2,1,01,A01
201000019212,0,07,000,00,2,3,01,C01
201000019213,0,07,000,00,1,0,01,A01
201000019214,0,07,000,00,0,0,00,A01
201000019215,0,07,000,06,0,1,01,A01
201000019216,0,07,000,00,1,0,01,A01
201000019217,0,07,000,00,2,4,01,A01
201000019217,0,07,000,00,2,1,01,B01
201000019218,0,07,000,16,0,0,01,A01
201000019219,0,02,000,16,0,0,01,A01
201000019220,0,07,000,16,0,0,00,A01
201000019221,0,07,000,16,0,0,00,A01
201000019222,0,10,000,06,0,1,01,A01
201000019223,0,07,000,08,0,1,00,A01
201000019224,0,07,000,00,1,1,00,A01
201000019224,0,01,000,00,0,0,00,B01
201000019225,0,07,000,00,2,4,00,A01
201000019225,0,07,000,00,0,4,00,B01
201000019226,0,07,000,06,0,1,01,A01
201000019227,0,07,000,10,0,1,01,A01
201000019228,0,07,000,00,2,3,01,B01
201000019228,0,07,000,00,2,2,01,A01
201000019229,0,02,000,00,2,2,00,A01
201000019229,0,07,000,00,2,4,01,B01
201000019230,0,30,000,16,0,0,01,A01
201000019231,0,07,000,00,0,9,00,A01
201000019232,0,07,000,00,0,7,00,A01
201000019232,0,07,000,00,2,7,00,B01
201000019233,0,07,000,00,0,0,01,A01
201000019234,0,07,000,00,0,0,00,A01
201000019235,0,02,000,00,0,1,00,B01
201000019235,0,07,000,00,0,0,00,A01
201000019236,0,07,000,00,0,0,01,A01
201000019237,0,07,000,00,1,4,01,A01
201000019238,0,30,000,00,1,1,01,A01
201000019239,0,07,000,00,0,0,01,A01
201000019240,0,07,000,00,9,0,01,A01
201000019241,0,07,000,00,2,4,00,A01
201000019241,0,07,000,00,2,4,01,B01
201000019242,0,33,000,00,0,0,01,A01
201000019243,0,07,000,00,0,0,00,B01
201000019243,0,07,000,00,0,7,00,A01
201000019244,0,30,000,00,0,0,01,A01
201000019245,0,07,000,00,2,4,01,A01
201000019245,0,07,000,00,0,4,01,B01
201000019246,0,07,000,00,0,4,01,A01
201000019246,0,07,000,00,2,4,01,B01
201000019247,0,07,000,00,0,2,01,A01
201000019247,0,33,000,00,2,1,12,B01
201000019248,0,07,000,00,2,1,01,A01
201000019248,0,07,000,00,2,4,01,B01
201000019249,0,07,000,00,0,0,00,A01
201000019250,0,07,000,00,2,7,01,A01
201000019250,0,07,000,00,2,2,01,B01
201000019251,0,33,000,00,2,8,01,A01
201000019251,0,10,000,00,2,8,01,B01
201000019252,0,07,000,00,2,4,01,B01
201000019252,0,07,000,00,2,4,00,A01
201000019253,0,07,000,00,2,4,01,A01
201000019253,0,07,000,00,2,0,01,B01
201000019254,0,07,000,00,2,0,01,A01
201000019254,0,33,000,00,2,1,01,B01
201000019255,0,07,000,00,2,1,00,B01
201000019255,0,07,000,00,2,0,00,A01
201000019256,0,07,000,00,2,0,01,A01
201000019257,0,07,000,00,0,1,00,A01
201000019257,0,07,000,00,2,0,01,B01
201000019258,0,07,000,00,0,1,00,A01
201000019259,0,07,000,00,0,0,01,B01
201000019259,0,07,000,00,2,1,01,A01
201000019260,0,30,000,00,2,7,00,A01
201000019260,0,07,000,00,2,0,00,B01
201000019261,0,07,000,00,2,1,00,A01
201000019261,0,07,000,00,0,0,00,B01
201000019262,0,07,000,00,2,7,00,A01
201000019262,0,07,000,00,2,1,00,B01
201000019263,0,30,000,00,0,1,00,A01
201000019264,0,07,000,15,0,0,00,A01
201000019265,0,07,000,00,2,0,01,A01
201000019265,0,02,000,00,0,0,00,B01
201000019266,0,07,000,00,2,0,01,A01
201000019267,0,07,000,00,2,0,01,A01
201000019267,0,30,000,00,2,0,00,B01
201000019268,0,07,000,00,9,0,00,A01
201000019269,0,07,000,00,1,0,00,A01
201000019270,0,33,000,00,0,1,01,A01
201000019271,0,31,000,00,1,0,00,A01
201000019272,0,07,000,00,2,1,01,B01
201000019272,0,07,000,00,2,7,01,A01
201000019273,0,07,000,00,2,0,00,B01
201000019273,0,07,000,00,2,0,00,A01
201000019274,0,07,000,00,2,0,00,A01
201000019274,0,07,000,00,2,0,00,B01
201000019275,0,07,000,00,2,4,00,A01
201000019275,0,07,000,00,2,0,00,B01
201000019276,0,30,000,00,0,1,00,A01
201000019276,0,07,000,00,2,1,01,B01
201000019277,0,07,000,00,2,0,00,A01
201000019278,0,07,000,00,1,0,00,A01
201000019279,0,07,000,00,2,1,01,A01
201000019279,0,01,000,00,2,0,01,B01
201000019280,0,07,000,00,2,0,00,B01
201000019280,0,07,000,00,2,0,00,A01
201000019281,0,07,000,00,0,1,00,A01
201000019281,0,07,000,00,0,2,01,B01
201000019282,0,33,000,00,2,0,00,A01
201000019282,0,07,000,00,2,0,00,B01
201000019283,0,07,000,00,2,0,00,A01
201000019284,0,07,000,00,2,0,01,B01
201000019284,0,07,000,00,2,7,00,A01
201000019285,0,13,000,00,0,4,01,B01
201000019285,0,07,000,00,2,4,01,A01
201000019286,0,33,000,00,0,0,00,A01
201000019287,0,07,000,00,0,0,00,B01
201000019287,0,07,000,00,2,0,00,A01
201000019288,0,34,000,00,2,0,01,A01
201000019289,0,02,000,00,0,0,00,A01
201000019290,0,07,000,00,0,0,00,A01
201000019291,0,33,000,00,0,0,01,A01
201000019292,0,07,000,00,2,7,01,B01
201000019292,0,07,000,00,2,7,01,A01
201000019293,0,07,000,00,2,0,01,A01
201000019294,0,32,000,00,0,0,01,A01
201000019295,0,13,000,01,2,0,00,A01
201000019296,0,01,000,00,0,0,01,A01
201000019297,0,07,000,00,2,1,00,B01
201000019297,0,13,000,00,2,0,01,A01
201000019298,0,07,000,00,2,0,01,A01
201000019298,0,33,000,00,2,0,00,B01
201000019299,0,30,000,00,0,0,01,A01
201000019300,0,01,000,00,2,0,00,B01
201000019300,0,07,000,00,9,1,15,A01
201000019301,0,07,000,13,0,1,17,A01
201000019302,0,07,000,00,1,1,01,A01
201000019303,0,34,000,00,2,1,00,B01
201000019303,0,07,000,00,2,2,15,A01
201000019304,0,01,000,00,2,1,00,A01
201000019304,0,07,000,00,0,1,00,B01
201000019305,1,10,000,00,0,0,01,Z01
201000019305,0,31,000,00,2,7,01,A01
201000019306,0,07,000,00,2,1,02,A01
201000019306,0,07,000,00,0,4,01,B01
201000019307,0,33,000,00,2,1,02,B01
201000019307,0,07,000,00,0,6,10,A01