Num_Acc,senc,catv,occutc,obs,obsm,choc,manv,num_veh
201000020074,0,07,000,15,0,1,06,A01
201000020075,0,33,000,00,2,1,01,B01
201000020075,0,07,000,00,2,2,15,A01
201000020076,0,07,000,00,1,1,01,A01
201000020077,0,07,000,00,1,2,01,A01
201000020078,0,33,000,12,0,1,01,B01
201000020078,0,07,000,00,2,1,16,A01
201000020079,0,32,000,13,0,8,01,A01
201000020080,0,30,000,00,0,0,00,B01
201000020080,0,07,000,00,0,0,00,A01
201000020081,0,32,000,00,0,0,01,A01
201000020081,0,07,000,00,0,0,15,B01
201000020082,0,07,000,00,2,6,00,A01
201000020082,0,33,000,00,2,1,01,B01
201000020083,0,02,000,15,0,1,02,A01
201000020084,0,07,000,00,2,1,01,A01
201000020084,0,31,000,00,0,0,01,B01
201000020085,0,07,000,00,2,1,01,A01
201000020085,0,07,000,00,0,4,23,B01
201000020086,0,07,000,00,0,4,01,B01
201000020086,0,30,000,00,2,1,02,A01
201000020087,0,02,000,04,0,0,00,A01
201000020088,0,07,000,00,0,0,16,A01
201000020088,0,31,000,00,0,0,01,B01
201000020089,0,07,000,00,1,1,00,A01
201000020090,0,07,000,00,2,4,01,B01
201000020090,0,07,000,00,0,4,23,C01
201000020090,0,99,000,00,2,1,01,A01
201000020091,1,07,000,00,9,2,17,A01
201000020091,0,01,000,00,2,3,15,B01
201000020092,0,07,000,00,1,1,01,A01
201000020093,0,33,000,00,2,1,21,A01
201000020093,0,07,000,00,2,2,21,B01
201000020094,0,30,000,00,2,1,01,A01
201000020094,0,07,000,00,0,3,15,B01
201000020095,0,33,000,00,2,8,13,B01
201000020095,0,34,000,00,2,8,13,A01
201000020096,0,07,000,08,0,1,00,A01
201000020097,0,07,000,00,0,4,01,B01
201000020097,0,07,000,00,2,1,01,A01
201000020098,0,07,000,00,1,3,15,A01
201000020099,0,07,000,00,2,3,01,A01
201000020099,0,07,000,00,2,3,01,B01
201000020100,0,07,000,00,2,3,15,A01
201000020100,0,30,000,00,2,1,17,B01
201000020101,0,07,000,00,2,3,15,A01
201000020101,0,07,000,01,2,3,02,B01
201000020102,0,07,000,00,2,1,02,A01
201000020102,0,07,000,00,2,4,02,B01
201000020103,0,10,000,00,1,4,04,A01
201000020104,0,07,000,08,0,3,00,A01
201000020105,0,30,000,00,1,1,17,A01
201000020106,0,30,000,00,0,0,09,A01
201000020107,0,02,000,00,0,8,01,A01
201000020108,0,07,000,00,1,0,01,A01
201000020109,0,34,000,00,2,1,01,B01
201000020109,0,07,000,00,2,2,15,A01
201000020110,0,33,000,12,0,1,00,A01
201000020111,0,31,000,00,0,8,01,B01
201000020111,0,02,000,00,2,1,01,A01
201000020112,0,32,000,00,2,1,13,A01
201000020112,0,07,000,00,2,1,21,B01
201000020113,0,07,000,00,2,4,04,A01
201000020113,0,02,000,00,2,1,02,B01
201000020114,0,32,000,00,0,4,01,B01
201000020114,1,07,000,00,2,0,00,Z01
201000020115,0,07,000,08,0,8,01,A01
201000020116,0,10,000,00,1,6,04,A01
201000020117,0,07,000,00,2,1,01,C01
201000020117,0,07,000,00,2,3,01,B01
201000020117,0,07,000,00,2,3,13,A01
201000020118,0,07,000,00,0,1,02,A01
201000020118,0,07,000,00,0,4,02,B01
201000020119,0,31,000,00,2,1,17,A01
201000020119,0,30,000,00,2,1,15,B01
201000020120,0,10,000,00,1,4,04,A01
201000020121,0,99,000,00,0,9,01,A01
201000020122,0,07,000,00,1,1,01,A01
201000020123,0,33,000,00,2,1,17,B01
201000020123,0,07,000,00,2,3,10,A01
201000020124,0,33,000,00,2,1,16,A01
201000020124,0,07,000,00,2,3,15,B01
201000020125,0,07,000,00,1,7,04,A01
201000020126,0,07,000,00,2,1,02,B01
201000020126,0,07,000,00,2,7,02,A01
201000020127,0,30,000,00,0,0,01,A01
201000020128,0,30,000,12,0,0,02,A01
201000020129,0,33,000,06,0,1,00,A01
201000020130,0,02,000,01,0,1,14,A01
201000020131,0,07,000,00,2,4,02,B01
201000020131,0,07,000,00,0,4,02,C01
201000020131,0,07,000,00,2,3,02,A01
201000020132,0,07,000,01,2,2,01,A01
201000020132,0,07,000,00,2,1,00,B01
201000020133,0,07,000,00,2,5,02,C01
201000020133,0,10,000,00,2,1,02,A01
201000020133,0,32,000,01,0,9,02,B01
201000020134,1,35,000,00,0,0,00,Z01
201000020135,0,33,000,13,0,1,21,B01
201000020135,1,31,000,00,0,0,01,A01
201000020136,0,32,000,10,0,1,01,A01
201000020137,0,07,000,00,1,3,01,A01
201000020138,0,07,000,00,2,3,00,B01
201000020138,0,10,000,00,2,7,00,A01
201000020139,0,07,000,00,2,1,19,A01
201000020139,0,07,000,00,0,1,01,B01
201000020140,0,07,000,00,1,3,01,A01
201000020141,0,03,000,00,1,4,04,A01
201000020142,0,31,000,00,2,5,13,A01
201000020142,1,07,000,00,2,3,18,Z01
201000020143,0,07,000,06,2,7,21,B01
201000020143,0,07,000,00,2,2,13,A01
201000020144,0,07,000,00,2,1,01,A01
201000020144,0,07,000,00,0,3,15,B01
201000020145,0,07,000,00,1,7,02,A01
201000020146,0,07,000,01,2,3,14,A01
201000020146,0,33,000,00,2,1,01,B01
201000020147,0,32,000,00,0,1,01,B01
201000020147,0,07,000,00,0,3,15,A01
201000020148,0,07,000,00,2,1,01,A01
201000020148,0,07,000,00,0,1,01,B01
201000020149,0,07,000,01,0,1,17,B01
201000020149,1,07,000,01,0,4,04,A01
201000020150,0,07,000,00,2,3,01,B01
201000020150,0,07,000,00,2,7,16,A01
201000020151,0,07,000,00,0,1,01,B01
201000020151,0,31,000,00,2,1,13,A01
201000020152,0,31,000,00,0,8,23,B01
201000020152,0,07,000,00,0,2,01,A01
201000020153,0,07,000,00,2,3,01,B01
201000020153,2,07,000,00,2,6,09,A01
201000020154,0,07,000,00,0,5,01,A01
201000020154,0,07,000,00,2,1,01,B01
201000020155,0,07,000,00,2,1,09,A01
201000020155,0,02,000,00,2,7,01,B01
201000020156,0,01,000,00,2,9,19,B01
201000020156,0,07,000,00,9,1,01,A01
201000020157,0,07,000,13,0,2,01,A01
201000020158,0,33,000,00,0,0,01,B01
201000020158,0,33,000,00,0,2,01,A01
201000020159,0,07,000,00,1,7,01,A01
201000020160,0,07,000,00,2,8,15,B01
201000020160,0,34,000,00,2,1,01,A01
201000020161,0,03,000,00,2,2,01,B01
201000020161,0,07,000,00,2,1,09,A01
201000020162,0,30,000,00,2,1,01,A01
201000020162,0,07,000,00,0,4,20,B01
201000020163,0,33,000,00,2,1,01,B01
201000020163,0,07,000,00,2,1,15,A01
201000020164,0,34,000,00,2,4,01,B01
201000020164,0,10,000,06,2,9,06,A01
201000020165,0,33,000,07,2,1,01,A01
201000020166,0,07,000,00,0,1,01,B01
201000020166,0,07,000,00,0,1,13,A01
201000020167,0,31,000,00,0,1,01,B01
201000020167,0,07,000,00,0,7,15,A01
201000020168,0,30,000,00,2,7,00,A01
201000020169,0,07,000,00,1,2,01,A01
201000020170,0,34,000,15,0,1,01,A01
201000020171,0,07,000,00,2,1,15,A01
201000020171,0,02,000,00,0,7,01,B01
201000020172,0,07,000,00,0,3,00,B01
201000020172,0,07,000,00,2,3,13,A01
201000020173,0,01,000,00,0,0,14,A01
201000020174,0,07,000,00,0,1,01,B01
201000020174,0,07,000,00,2,1,15,A01
201000020175,0,07,000,00,0,1,05,C01
201000020175,0,31,000,00,0,1,02,A01
201000020175,0,07,000,00,0,4,02,B01
201000020176,0,07,000,00,0,1,01,B01
201000020176,0,07,000,00,0,7,00,A01
201000020177,1,07,000,00,0,1,02,Z01
201000020177,0,01,000,00,0,1,02,B01
201000020178,0,07,000,00,0,3,01,B01
201000020178,0,07,000,00,0,3,13,A01
201000020179,0,07,000,00,2,2,01,B01
201000020179,0,07,000,00,2,1,01,A01
201000020180,1,99,000,00,0,0,00,Z01
201000020181,0,07,000,00,1,1,01,A01
201000020182,0,34,000,00,1,1,13,A01
201000020183,0,07,000,00,2,5,01,B01
201000020183,0,01,000,00,2,1,19,A01
201000020184,0,33,000,00,2,2,17,B01
201000020184,0,07,000,00,2,3,10,A01
201000020185,0,07,000,00,1,1,01,A01
201000020186,0,36,000,02,0,1,00,A01
201000020187,0,38,003,00,0,2,01,B01
201000020187,0,07,000,00,2,3,13,A01
201000020188,0,07,000,06,0,1,13,A01
201000020188,0,10,000,00,2,3,01,B01
201000020188,0,07,000,00,2,3,01,C01
201000020189,0,33,000,07,2,1,01,A01
201000020189,0,07,000,00,0,8,01,B01
201000020190,0,07,000,00,0,2,15,A01
201000020190,0,33,000,00,2,1,01,B01
201000020191,0,07,000,00,0,4,01,A01
201000020191,1,07,000,00,2,1,01,Z01
201000020192,0,33,000,07,0,7,01,A01
201000020193,0,07,000,00,0,1,13,A01
201000020193,0,33,000,00,0,1,02,B01
201000020194,0,07,000,10,0,9,01,A01
201000020195,0,33,000,00,0,7,02,A01
201000020196,0,07,000,00,0,4,02,B01
201000020196,0,07,000,00,0,1,02,A01
201000020197,0,07,000,00,0,1,01,B01
201000020197,0,07,000,00,2,1,13,A01
201000020198,0,02,000,00,1,1,09,A01
201000020199,0,02,000,00,0,7,01,A01
201000020199,1,07,000,00,2,3,13,Z01
201000020200,0,07,000,00,0,1,01,B01
201000020200,0,07,000,00,0,3,16,A01
201000020201,0,07,000,00,2,3,01,B01
201000020201,0,07,000,00,2,2,15,A01
201000020202,0,07,000,01,0,1,13,A01
201000020203,1,07,000,00,2,1,00,A01
201000020203,0,07,000,00,2,4,00,B01
201000020204,0,07,000,00,0,1,05,A01
201000020204,0,07,000,00,0,1,01,B01
201000020205,0,07,000,09,2,8,19,A01
201000020205,0,37,003,00,2,3,01,B01
201000020206,0,07,000,00,0,6,02,B01
201000020206,0,30,000,00,2,1,02,A01
201000020207,0,07,000,00,1,2,00,A01
201000020208,0,07,000,00,2,7,02,A01
201000020208,0,07,000,00,2,8,00,B01
201000020209,0,07,000,00,0,3,15,A01
201000020209,0,33,000,00,0,7,17,B01
201000020210,0,10,000,00,2,4,02,B01
201000020210,0,10,000,00,2,2,02,A01
201000020211,0,07,000,00,2,5,00,B01
201000020211,0,07,000,00,2,2,01,A01
201000020212,0,33,000,00,2,4,16,B01
201000020212,0,10,000,00,2,3,02,A01
201000020213,0,33,000,00,0,4,01,B01
201000020213,0,07,000,00,2,1,01,A01
201000020214,0,07,000,00,0,8,09,A01
201000020214,0,34,000,00,2,1,02,B01
201000020215,0,07,000,00,1,2,02,A01
201000020216,0,13,000,00,1,2,01,A01
201000020217,0,07,000,00,2,1,02,A01
201000020217,0,07,000,00,0,5,02,B01
201000020218,0,34,000,16,0,2,16,A01
201000020219,0,07,000,00,0,1,01,A01
201000020219,0,07,000,00,0,8,15,B01
201000020220,0,07,000,08,0,3,00,A01
201000020221,0,31,000,00,0,1,01,B01
201000020221,0,07,000,00,0,8,09,A01
201000020222,0,34,000,00,0,1,15,B01
201000020222,0,07,000,00,0,3,01,A01
201000020223,0,07,000,00,0,4,23,B01
201000020223,0,07,000,00,2,1,02,A01
201000020224,1,07,000,00,2,6,00,B01
201000020224,0,03,000,01,0,2,00,A01
201000020225,0,33,000,00,2,1,00,A01
201000020225,0,07,000,00,2,2,10,B01
201000020226,0,07,000,00,0,2,01,B01
201000020226,0,13,000,00,0,4,04,A01
201000020227,0,07,000,00,2,1,15,A01
201000020227,0,07,000,00,2,1,01,B01
201000020228,0,02,000,00,0,2,17,B01
201000020228,0,07,000,00,0,8,15,A01
201000020229,0,33,000,00,0,3,17,A01
201000020229,0,10,000,00,0,6,15,B01
201000020230,0,07,000,00,0,0,12,A01
201000020230,0,30,000,00,0,4,02,B01
201000020231,0,16,000,00,2,6,01,A01
201000020231,0,07,000,00,0,1,15,B01
201000020232,0,07,000,00,2,8,01,B01
201000020232,0,07,000,00,2,1,19,A01
201000020233,0,34,000,00,0,8,02,A01
201000020234,0,33,000,00,0,2,02,A01
201000020235,0,07,000,00,2,1,16,A01
201000020235,0,07,000,00,2,1,01,B01
201000020236,0,07,000,00,0,0,00,B01
201000020236,0,07,000,00,0,0,00,A01
201000020237,0,07,000,00,2,8,01,B01
201000020237,2,07,000,00,2,8,15,A01
201000020238,0,33,000,00,2,1,01,B01
201000020238,0,07,000,00,2,3,09,A01
201000020239,0,07,000,00,2,1,01,B01
201000020239,0,07,000,00,2,2,05,A01
201000020240,0,30,000,00,0,0,01,A01
201000020241,0,07,000,00,2,4,02,B01
201000020241,0,07,000,00,0,4,02,D01
201000020241,0,07,000,00,2,1,02,A01
201000020241,0,07,000,00,2,4,02,C01
201000020242,0,07,000,00,2,7,15,A01
201000020242,0,33,000,00,2,1,00,B01
201000020243,0,33,000,00,2,1,17,A01
201000020243,0,07,000,00,0,3,15,B01
201000020244,0,07,000,00,2,1,02,A01
201000020244,0,07,000,00,2,4,02,B01
201000020245,0,30,000,00,2,1,19,A01
201000020245,0,07,000,00,2,2,00,B01
201000020246,0,07,000,00,2,3,01,B01
201000020246,0,07,000,00,2,8,19,A01
201000020247,0,07,000,01,0,2,01,A01
201000020248,0,07,000,01,0,8,00,E01
201000020248,0,07,000,00,0,6,02,B01
201000020248,1,07,000,01,2,2,02,A01
201000020248,0,07,000,00,0,5,00,C01
201000020248,0,07,000,00,0,6,00,D01
201000020249,0,10,000,00,0,8,15,B01
201000020249,0,33,000,00,2,7,17,A01
201000020250,0,30,000,00,2,8,10,A01
201000020250,0,07,000,00,2,3,02,B01
201000020251,0,07,000,00,2,1,02,B01
201000020251,0,07,000,00,2,1,05,A01
201000020252,0,10,000,00,0,6,02,B01
201000020252,0,07,000,00,2,2,17,A01
201000020253,0,10,000,00,0,3,09,A01
201000020253,0,10,000,00,0,7,01,B01
201000020254,0,07,000,00,2,1,06,A01
201000020254,0,33,000,00,2,7,06,B01
201000020255,0,02,000,00,2,7,01,B01
201000020255,1,07,000,00,2,8,00,A01
201000020256,0,07,000,00,0,3,16,A01
201000020256,0,07,000,00,0,1,01,B01
201000020257,0,33,000,00,2,8,17,A01
201000020257,0,07,000,00,2,3,15,B01
201000020258,0,07,000,00,0,0,01,A01
201000020259,0,07,000,00,0,1,01,B01
201000020259,2,10,000,00,0,7,10,Z01
201000020260,0,07,000,00,2,6,19,A01
201000020260,0,07,000,00,2,1,01,B01
201000020261,0,07,000,02,0,8,01,A01
201000020262,0,07,000,00,2,4,02,E01
201000020262,0,07,000,00,2,4,02,B01
201000020262,0,07,000,00,2,4,02,C01
201000020262,0,07,000,00,2,4,02,D01
201000020262,0,07,000,00,2,1,02,A01
201000020263,0,07,000,00,2,3,10,B01
201000020263,0,31,000,00,2,3,02,A01
201000020264,0,07,000,00,2,1,02,A01
201000020264,0,07,000,00,0,6,01,B01
201000020265,0,33,000,00,2,1,01,B01
201000020265,0,07,000,00,2,8,09,A01
201000020266,0,33,000,00,2,2,17,B01
201000020266,0,07,000,00,2,8,11,A01
201000020267,0,07,000,00,2,3,00,A01
201000020267,0,07,000,00,2,3,01,B01
201000020268,0,07,000,00,2,8,13,A01
201000020268,0,34,000,00,2,2,17,B01
201000020269,0,07,000,00,1,2,01,A01
201000020270,0,07,000,00,1,8,15,A01
201000020271,0,07,000,00,0,1,02,A01
201000020271,0,07,000,00,0,4,02,B01
201000020272,0,07,000,00,2,2,02,B01
201000020272,0,07,000,01,2,4,04,A01
201000020273,0,07,000,00,2,4,02,B01
201000020273,0,07,000,00,2,1,02,A01
201000020274,0,07,000,00,2,5,11,B01
201000020274,0,07,000,00,2,1,11,A01
201000020275,0,07,000,00,2,1,02,A01
201000020275,0,07,000,00,2,4,02,B01
201000020276,0,07,000,04,0,3,13,A01
201000020277,0,33,000,00,2,1,02,A01
201000020277,0,10,000,00,0,4,02,B01
201000020278,0,07,000,00,0,4,15,A01
201000020278,0,07,000,00,2,1,02,B01
201000020279,0,33,000,00,2,0,21,A01
201000020280,0,30,000,00,2,1,16,A01
201000020280,0,07,000,00,2,1,15,B01
201000020281,0,07,000,00,2,4,02,B01
201000020281,0,07,000,00,2,4,02,C01
201000020281,0,10,000,00,2,1,02,A01
201000020281,0,07,000,00,2,4,02,D01
201000020282,0,07,000,00,0,8,09,A01
201000020282,0,07,000,00,0,1,01,B01
201000020283,0,07,000,00,0,3,01,A01
201000020283,0,07,000,00,2,4,15,B01
201000020284,0,07,000,00,0,2,16,A01
201000020284,0,01,000,00,0,6,00,B01
201000020285,1,99,000,00,0,0,00,A01
201000020286,0,07,000,00,2,1,01,B01
201000020286,0,07,000,00,2,3,01,A01
201000020287,0,01,000,00,2,0,02,B01
201000020287,1,14,000,00,9,0,02,Z01
201000020288,0,07,000,00,2,5,01,B01
201000020288,0,07,000,00,2,1,15,A01
201000020289,0,10,000,08,0,1,00,A01
201000020290,0,07,000,00,1,0,02,A01
201000020291,0,07,000,00,2,2,02,B01
201000020291,0,07,000,00,2,3,09,A01
201000020292,0,30,000,00,0,0,01,A01
201000020293,2,30,000,00,2,0,01,Z01
201000020293,0,10,000,00,9,3,15,B01
201000020294,0,07,000,00,2,1,02,B01
201000020294,0,07,000,00,2,6,02,A01
201000020295,0,07,000,00,2,2,01,B01
201000020295,0,07,000,00,2,3,15,A01
201000020296,0,07,000,00,0,1,15,A01
201000020296,0,07,000,00,0,3,01,B01
201000020297,0,07,000,00,0,0,04,A01
201000020298,0,30,000,00,1,1,17,A01
201000020299,0,07,000,00,0,5,01,B01
201000020299,0,14,000,02,0,1,09,A01
201000020300,0,02,000,00,2,1,01,B01
201000020300,0,07,000,00,2,1,15,A01
201000020301,0,07,000,08,0,3,01,A01
201000020302,0,02,000,00,2,1,05,A01
201000020302,0,07,000,00,2,3,15,B01
201000020303,0,07,000,00,1,1,16,A01
201000020304,0,07,000,00,0,1,01,A01
201000020304,0,07,000,00,0,6,01,B01
201000020305,0,07,000,12,0,1,01,A01
201000020306,0,07,000,00,2,1,01,B01
201000020306,0,07,000,00,2,6,01,A01
201000020307,0,07,000,00,0,0,01,A01
201000020308,0,07,000,00,0,4,02,C01
201000020308,0,07,000,00,2,1,01,A01
201000020308,0,07,000,00,2,6,02,B01
201000020309,0,07,000,00,2,3,01,A01
201000020309,0,32,000,00,1,4,01,B01
201000020310,0,07,000,00,2,3,01,A01
201000020310,0,07,000,00,2,3,01,B01
201000020311,0,07,000,08,0,8,01,A01
201000020312,0,07,000,00,2,1,15,C01
201000020312,0,07,000,00,2,1,15,A01
201000020312,0,07,000,00,2,3,19,B01
201000020313,0,02,000,00,0,3,15,A01
201000020313,0,07,000,00,0,1,02,B01
201000020314,0,07,000,00,2,5,15,B01
201000020314,0,07,000,00,2,1,01,A01
201000020315,0,37,000,00,1,2,01,A01
201000020316,0,07,000,00,2,4,02,B01
201000020316,0,07,000,00,2,1,02,A01
201000020317,0,07,000,00,2,8,01,B01
201000020317,0,07,000,00,2,1,01,A01
201000020318,0,07,000,00,2,1,15,A01
201000020318,0,34,000,00,2,3,01,B01
201000020319,0,32,000,14,0,1,01,A01
201000020320,0,07,000,00,2,4,02,C01
201000020320,0,07,000,00,2,1,02,A01
201000020320,0,07,000,00,2,4,02,B01
201000020321,0,07,000,00,1,1,02,A01
201000020322,0,32,000,00,2,2,19,A01
201000020322,0,07,000,00,2,2,02,B01
201000020323,0,07,000,00,2,3,15,B01
201000020323,0,30,000,00,2,1,13,A01
201000020324,1,07,000,00,1,1,02,Z01
201000020325,0,07,000,00,0,4,01,C01
201000020325,0,07,000,00,2,1,01,A01
201000020325,0,07,000,00,2,4,01,B01
201000020326,0,07,000,00,2,1,15,B01
201000020326,0,02,000,00,2,1,02,A01
201000020327,0,07,000,00,2,2,01,B01
201000020327,0,07,000,00,2,2,13,A01
201000020328,0,34,000,00,2,1,01,B01
201000020328,0,07,000,00,2,3,10,A01
201000020329,0,07,000,00,2,8,02,C01
201000020329,0,07,000,00,2,1,16,A01
201000020329,0,07,000,05,2,8,02,B01
201000020330,0,07,000,00,0,4,02,B01
201000020330,0,07,000,00,2,1,01,A01
201000020331,1,10,000,00,1,8,00,A01
201000020332,1,07,000,00,2,8,09,Z01
201000020332,0,33,000,00,2,7,00,B01
201000020333,2,07,000,00,2,1,01,A01
201000020333,0,07,000,00,2,3,01,C01
201000020333,0,07,000,00,2,3,01,B01
201000020334,1,07,000,00,1,1,01,A01
201000020335,1,07,000,00,2,8,13,A01
201000020335,0,07,000,00,2,8,01,B01
201000020336,1,07,000,00,1,0,01,Z01
201000020337,0,07,000,00,2,4,23,B01
201000020337,1,07,000,00,2,1,01,A01
201000020338,1,07,000,00,2,0,01,A01
201000020338,0,33,000,00,2,0,01,B01
201000020339,0,33,000,00,2,0,01,B01
201000020339,1,07,000,00,2,0,00,Z01
201000020340,0,07,000,00,2,4,23,B01
201000020340,1,07,000,00,2,1,01,Z01
201000020341,1,07,000,00,2,0,14,Z01
201000020341,0,30,000,00,2,0,01,B01
201000020342,0,07,000,00,2,6,00,A01
201000020342,0,33,000,00,2,2,00,B01
201000020343,0,07,000,00,1,2,01,A01
201000020344,0,07,000,00,2,2,02,B01
201000020344,0,02,000,00,2,1,02,A01
201000020345,0,32,000,00,0,1,00,A01
201000020345,0,07,000,00,0,5,00,B01
201000020346,0,07,000,00,1,1,01,A01
201000020347,0,02,000,00,1,1,00,A01
201000020348,0,32,000,00,2,7,17,A01
201000020348,0,07,000,00,2,6,15,B01
201000020349,0,07,000,00,2,4,01,B01
201000020349,0,33,000,00,2,1,21,A01
201000020350,2,07,000,00,2,1,01,A01
201000020350,0,07,000,00,2,1,05,B01
201000020351,0,10,000,00,1,1,02,A01
201000020352,0,07,000,00,0,8,20,A01
201000020352,0,14,000,00,0,2,01,B01
201000020353,0,30,000,00,2,0,00,B01
201000020353,0,07,000,00,2,1,00,A01
201000020354,1,07,000,00,1,0,00,Z01
201000020355,0,07,000,00,1,3,02,A01
201000020356,0,07,000,00,2,1,00,A01
201000020356,0,07,000,00,2,3,00,B01
201000020357,0,30,000,00,2,7,17,B01
201000020357,0,07,000,00,2,1,09,A01
201000020358,0,07,000,00,2,1,02,B01
201000020358,0,07,000,00,2,4,02,A01
201000020359,0,32,000,00,2,3,01,B01
201000020359,0,07,000,00,2,2,10,A01
201000020360,0,01,000,00,0,4,01,B01
201000020360,0,07,000,00,2,3,01,A01
201000020361,0,07,000,00,2,2,15,A01
201000020361,0,33,000,00,2,1,01,B01
201000020362,0,07,000,00,2,3,15,B01
201000020362,0,33,000,00,2,1,17,A01
201000020363,0,33,000,00,2,0,01,B01
201000020363,1,07,000,00,2,0,09,Z01
201000020364,0,07,000,01,2,5,01,B01
201000020364,0,07,000,00,2,1,01,A01
201000020365,0,07,000,00,1,1,02,A01
201000020366,0,07,000,01,0,1,15,A01
201000020367,0,07,000,00,2,6,13,A01
201000020367,0,31,000,00,2,7,01,B01
201000020368,0,07,000,00,2,4,16,B01
201000020368,0,07,000,00,2,1,16,A01
201000020369,0,07,000,00,2,4,01,B01
201000020369,1,07,000,00,2,1,01,A01
201000020370,0,07,000,00,2,1,02,A01
201000020370,0,07,000,00,2,4,02,B01
201000020371,0,07,000,00,2,1,01,A01
201000020371,0,07,000,00,2,4,01,B01
201000020371,0,99,000,00,2,4,01,C01
201000020372,0,10,000,00,2,1,05,A01
201000020372,0,07,000,00,2,3,01,B01
201000020373,0,07,000,00,2,3,09,A01
201000020373,0,34,000,00,2,2,01,B01
201000020374,0,07,000,00,2,5,02,B01
201000020374,0,07,000,00,2,1,02,A01
201000020375,1,17,000,00,2,1,01,Z01
201000020375,0,07,000,00,2,4,23,B01
201000020376,0,07,000,00,0,4,01,B01
201000020376,0,34,000,00,0,1,02,A01
201000020377,1,02,000,00,0,1,00,A01
201000020378,0,07,000,00,2,0,01,A01
201000020378,0,30,000,00,1,0,01,B01
201000020379,0,07,000,00,0,2,15,A01
201000020379,0,07,000,00,2,1,01,B01
201000020380,0,30,000,00,0,1,01,A01
201000020380,0,07,000,00,0,3,01,B01
201000020381,1,07,000,00,1,0,01,Z01
201000020382,0,07,000,08,0,6,01,A01
201000020383,0,07,000,00,2,3,09,A01
201000020383,0,33,000,00,2,1,00,B01
201000020384,0,10,000,00,2,1,01,A01
201000020384,0,07,000,00,2,5,21,B01
201000020385,0,99,000,00,0,1,00,A01
201000020385,0,07,000,00,0,4,00,B01
201000020386,1,07,000,00,1,4,04,Z01
201000020387,0,30,000,00,2,1,01,A01
201000020387,0,07,000,00,2,8,01,B01
201000020388,0,07,000,00,1,2,01,A01
201000020389,0,30,000,00,1,0,01,A01
201000020390,0,07,000,00,0,1,02,B01
201000020390,0,07,000,00,0,4,02,A01
201000020391,0,07,000,00,0,4,00,A01
201000020391,0,07,000,00,2,1,00,B01
201000020392,0,07,000,00,2,5,02,B01
201000020392,0,31,000,00,2,1,02,A01
201000020393,0,07,000,00,1,6,10,A01
201000020394,0,07,000,00,1,3,01,A01
201000020395,0,30,000,00,2,1,03,A01
201000020395,0,07,000,00,2,5,15,B01
201000020396,0,07,000,01,1,3,15,A01
201000020397,0,07,000,00,2,3,02,B01
201000020397,0,33,000,00,2,2,03,A01
201000020398,1,07,000,00,2,0,01,Z01
201000020398,0,34,000,00,2,0,01,B01
201000020399,0,07,000,00,2,1,15,A01
201000020399,0,30,000,00,2,1,21,B01
201000020400,0,33,000,00,1,1,01,A01
201000020401,0,07,000,00,2,2,15,A01
201000020401,0,31,000,00,2,1,01,B01
201000020402,0,32,000,14,0,1,01,A01
201000020403,0,30,000,12,0,1,17,A01
201000020403,0,10,000,00,0,8,01,B01
201000020404,0,30,000,00,2,0,00,A01
201000020404,0,07,000,00,2,0,00,B01
201000020405,0,07,000,06,0,2,06,A01
201000020406,0,02,000,00,2,7,17,B01
201000020406,0,07,000,00,2,8,15,A01
201000020407,0,13,000,00,1,1,01,A01
201000020408,0,31,000,00,2,7,01,A01
201000020408,0,07,000,00,2,1,15,B01
201000020409,0,07,000,00,2,3,19,A01
201000020409,0,33,000,00,2,7,01,B01
201000020410,0,07,000,00,1,3,01,A01
201000020411,0,02,000,00,1,1,01,A01
201000020412,0,07,000,00,0,1,01,A01
201000020412,0,07,000,00,0,6,01,B01
201000020413,0,07,000,00,2,3,15,A01
201000020413,0,33,000,00,2,1,02,B01
201000020414,0,07,000,00,2,3,01,A01
201000020414,0,34,000,00,2,7,16,B01
201000020415,0,32,000,00,0,1,17,B01
201000020415,0,07,000,00,0,3,15,A01
201000020416,0,07,000,00,2,1,01,A01
201000020416,0,07,000,00,9,3,01,B01
201000020417,0,07,000,00,2,1,01,B01
201000020417,0,31,000,00,2,1,15,A01
201000020418,0,07,000,00,1,1,01,A01
201000020419,0,07,000,00,2,8,09,A01
201000020419,0,07,000,00,2,2,09,B01
201000020420,0,10,000,00,1,7,01,A01
201000020421,0,07,000,00,2,2,00,B01
201000020421,0,37,000,00,2,3,00,C01
201000020421,0,32,000,00,2,3,00,A01
201000020422,0,07,000,00,2,3,15,B01
201000020422,0,30,000,00,2,0,17,A01
201000020423,0,07,000,00,0,3,01,A01
201000020423,2,07,000,00,2,0,13,Z01
201000020424,0,03,000,00,1,1,00,A01
201000020425,0,07,000,00,2,3,15,A01
201000020425,0,30,000,00,2,2,01,B01
201000020426,0,32,000,00,1,1,00,A01
201000020427,0,07,000,00,0,8,15,B01
201000020427,0,34,000,00,2,3,00,A01
201000020428,0,37,000,00,2,2,02,A01
201000020428,0,07,000,00,2,6,02,B01
201000020429,0,31,000,00,1,8,01,A01
201000020430,0,07,000,01,0,0,17,A01
201000020431,0,30,000,00,2,1,02,A01
201000020431,0,07,000,00,0,6,15,B01
201000020432,0,10,000,00,2,8,23,A01
201000020432,0,30,000,00,2,1,17,B01
201000020433,0,07,000,00,1,1,00,A01
201000020434,0,32,000,00,1,1,01,A01
201000020435,1,30,000,00,1,1,17,Z01