Num_Acc,senc,catv,occutc,obs,obsm,choc,manv,num_veh
201000020791,0,07,000,00,1,3,01,A01
201000020792,0,07,000,00,1,2,01,A01
201000020793,0,07,000,00,2,2,00,A01
201000020793,0,32,000,01,2,8,00,B01
201000020794,1,07,000,00,2,1,02,Z01
201000020794,0,07,000,00,2,6,02,B01
201000020795,0,07,000,00,1,1,01,B01
201000020795,1,07,000,01,2,1,05,Z01
201000020796,1,07,000,00,1,1,00,Z01
201000020797,0,34,000,09,0,1,00,A01
201000020798,0,02,000,00,2,1,02,A01
201000020798,0,07,000,00,0,4,02,B01
201000020799,0,33,000,00,1,1,01,A01
201000020800,0,07,000,00,1,2,17,A01
201000020801,0,33,000,00,2,2,01,A01
201000020801,0,07,000,00,2,6,01,B01
201000020802,0,07,000,00,2,2,09,A01
201000020802,0,07,000,00,2,3,01,B01
201000020803,0,13,000,00,1,2,00,A01
201000020804,1,30,000,00,1,1,02,A01
201000020805,0,07,000,00,2,4,02,A01
201000020805,0,32,000,00,0,4,02,B01
201000020806,0,33,000,00,2,1,21,B01
201000020806,0,07,000,00,2,6,10,A01
201000020807,0,07,000,00,2,8,15,A01
201000020807,0,30,000,00,2,1,01,B01
201000020808,0,30,000,00,2,5,15,B01
201000020808,0,32,000,00,2,1,01,A01
201000020809,0,07,000,00,0,3,00,B01
201000020809,0,30,000,00,2,1,17,A01
201000020810,0,07,000,00,0,2,16,A01
201000020811,0,30,000,00,1,1,01,A01
201000020812,0,02,000,00,2,1,01,A01
201000020812,0,07,000,00,2,3,01,B01
201000020813,0,02,000,00,2,1,00,A01
201000020813,0,07,000,00,0,6,00,B01
201000020814,0,10,000,01,2,1,00,A01
201000020814,0,07,000,00,2,4,00,B01
201000020815,0,07,000,00,2,5,15,B01
201000020815,0,07,000,00,0,1,17,A01
201000020816,1,07,000,00,2,3,09,Z01
201000020816,0,07,000,00,2,2,01,A01
201000020817,1,30,000,00,1,0,00,Z01
201000020818,0,33,000,00,0,7,02,A01
201000020819,1,07,000,00,1,0,00,A01
201000020820,0,03,000,00,2,4,16,A01
201000020820,0,34,000,00,2,1,00,B01
201000020821,0,07,000,00,1,2,15,A01
201000020822,0,34,000,00,0,0,01,A01
201000020823,0,07,000,00,0,6,00,B01
201000020823,0,02,000,01,0,6,00,A01
201000020824,0,07,000,00,0,5,01,A01
201000020824,0,30,000,00,0,3,01,B01
201000020825,0,02,000,00,2,1,02,A01
201000020825,0,07,000,00,2,6,02,B01
201000020826,1,07,000,00,2,3,15,Z01
201000020826,0,30,000,00,2,5,02,A01
201000020827,0,07,000,00,2,4,02,B01
201000020827,0,07,000,00,2,1,02,A01
201000020828,0,07,000,00,1,1,15,A01
201000020829,0,33,000,00,2,7,17,B01
201000020829,0,07,000,00,2,8,17,A01
201000020830,0,07,000,00,2,5,01,B01
201000020830,0,33,000,00,2,1,01,A01
201000020831,0,07,000,08,0,1,02,A01
201000020832,0,07,000,00,2,1,01,B01
201000020832,0,07,000,00,0,3,09,A01
201000020833,0,33,000,00,2,1,01,B01
201000020833,0,07,000,00,2,2,15,A01
201000020834,0,30,000,00,2,1,02,A01
201000020834,0,99,000,00,0,6,16,B01
201000020835,0,07,000,00,2,2,10,A01
201000020835,0,33,000,00,2,1,01,B01
201000020836,1,07,000,00,2,1,01,Z01
201000020836,0,01,000,00,2,4,01,B01
201000020837,1,07,000,00,1,1,01,Z01
201000020838,1,32,000,00,1,1,00,A01
201000020839,0,07,000,01,0,1,13,A01
201000020840,0,33,000,10,0,8,13,A01
201000020841,0,07,000,00,2,1,01,A01
201000020841,0,07,000,00,2,4,01,B01
201000020842,0,31,000,00,1,1,02,A01
201000020843,0,07,000,00,2,3,01,B01
201000020843,0,07,000,00,0,7,00,A01
201000020844,0,07,000,00,2,3,09,A01
201000020844,0,07,000,00,2,3,01,B01
201000020845,0,37,000,00,0,1,00,A01
201000020846,0,07,000,00,2,1,01,B01
201000020846,0,07,000,00,2,3,15,A01
201000020847,0,33,000,00,2,1,01,A01
201000020847,0,07,000,00,2,6,01,B01
201000020848,0,07,000,00,2,7,02,C01
201000020848,0,30,000,00,0,1,03,A01
201000020848,0,07,000,00,0,4,00,B01
201000020849,0,07,000,00,2,2,20,B01
201000020849,0,02,000,00,2,1,18,A01
201000020850,0,07,000,00,1,1,01,A01
201000020851,0,07,000,00,2,1,01,B01
201000020851,0,07,000,00,2,1,13,A01
201000020852,0,07,000,00,2,1,01,A01
201000020852,0,30,000,00,2,7,12,B01
201000020853,0,30,000,00,2,1,00,B01
201000020853,0,07,000,00,2,7,15,A01
201000020854,0,07,000,00,1,3,01,A01
201000020855,0,07,000,00,2,1,01,B01
201000020855,0,07,000,00,2,6,10,A01
201000020856,0,33,000,00,0,2,02,B01
201000020856,0,07,000,00,0,8,02,A01
201000020857,0,10,000,00,2,1,12,A01
201000020857,0,07,000,00,2,4,01,B01
201000020858,0,07,000,00,2,3,09,A01
201000020858,0,33,000,00,2,2,01,B01
201000020859,0,07,000,01,2,2,00,B01
201000020859,0,07,000,00,2,3,00,A01
201000020860,0,07,000,00,2,1,02,A01
201000020860,0,07,000,00,2,8,15,B01
201000020861,0,33,000,00,2,8,02,A01
201000020861,0,07,000,00,2,3,15,B01
201000020862,0,07,000,00,0,1,01,B01
201000020862,0,07,000,00,0,7,02,A01
201000020863,0,07,000,00,2,3,15,A01
201000020863,0,30,000,00,2,1,01,B01
201000020864,0,07,000,00,0,4,23,B01
201000020864,0,07,000,00,0,1,00,A01
201000020865,0,07,000,00,1,1,01,A01
201000020866,0,07,000,00,2,5,02,B01
201000020866,0,30,000,00,2,3,02,A01
201000020867,0,07,000,00,2,3,01,B01
201000020867,0,07,000,00,2,6,15,A01
201000020868,0,07,000,00,9,0,02,A01
201000020869,1,02,000,00,1,0,00,Z01
201000020870,0,33,000,00,0,1,00,A01
201000020871,1,07,000,00,1,1,01,Z01
201000020872,1,33,000,00,2,0,12,Z01
201000020872,0,34,000,00,2,0,01,B01
201000020873,0,33,000,00,2,1,01,B01
201000020873,1,30,000,00,2,4,05,Z01
201000020874,0,07,000,00,9,1,02,C01
201000020874,0,07,000,00,9,4,02,A01
201000020874,0,07,000,00,2,9,02,B01
201000020875,0,33,000,00,2,3,01,B01
201000020875,0,07,000,00,2,0,02,A01
201000020876,0,07,000,00,2,1,15,A01
201000020876,0,30,000,00,2,1,17,B01
201000020877,1,31,000,00,1,1,00,A01
201000020878,0,07,000,00,2,1,02,A01
201000020878,0,07,000,00,0,4,16,C01
201000020878,0,07,000,00,2,4,01,B01
201000020879,0,02,000,00,2,1,05,A01
201000020879,0,99,000,00,9,3,09,B01
201000020880,0,07,000,00,2,1,01,B01
201000020880,0,07,000,00,2,1,01,A01
201000020881,0,17,000,00,0,0,01,A01
201000020881,0,10,000,00,9,3,01,B01
201000020882,0,07,000,01,2,4,01,B01
201000020882,1,07,000,01,2,1,01,Z01
201000020883,1,07,000,00,2,1,01,Z01
201000020883,0,07,000,00,2,4,01,B01
201000020884,0,07,000,01,2,3,01,B01
201000020884,1,07,000,01,2,1,01,Z01
201000020885,0,07,000,09,0,3,14,A01
201000020886,0,07,000,00,2,1,01,B01
201000020886,0,07,000,00,2,7,00,A01
201000020887,0,30,000,00,2,7,17,B01
201000020887,0,10,000,00,2,8,01,A01
201000020888,0,33,000,00,2,1,01,B01
201000020888,0,07,000,00,2,3,09,A01
201000020889,0,30,000,00,1,0,00,A01
201000020890,0,30,000,00,0,0,17,A01
201000020890,0,07,000,00,0,0,15,B01
201000020891,0,33,000,14,0,3,21,B01
201000020891,0,07,000,00,0,0,15,A01
201000020892,0,32,000,00,0,8,00,B01
201000020892,0,07,000,00,0,0,13,A01
201000020893,0,07,000,00,2,2,16,A01
201000020893,0,13,000,00,2,2,01,C01
201000020893,0,33,000,00,2,6,01,B01
201000020894,0,07,000,00,2,1,01,A01
201000020894,0,07,000,00,2,4,01,B01
201000020895,0,33,000,00,2,6,19,B01
201000020895,0,07,000,00,2,1,01,A01
201000020896,0,34,000,00,2,1,13,B01
201000020896,0,07,000,00,2,1,05,A01
201000020897,0,30,000,00,2,1,02,A01
201000020897,0,07,000,00,2,4,23,B01
201000020898,0,07,000,00,2,3,09,A01
201000020898,0,02,000,00,2,1,01,B01
201000020899,0,07,000,00,2,1,01,A01
201000020899,0,01,000,00,2,8,19,B01
201000020900,0,07,000,00,2,3,01,B01
201000020900,0,07,000,00,2,2,15,A01
201000020901,0,37,003,01,0,3,01,B01
201000020901,0,07,000,00,2,2,22,A01
201000020902,0,32,000,00,1,2,01,A01
201000020903,0,34,000,00,1,1,01,A01
201000020904,0,02,000,00,2,3,16,A01
201000020904,0,07,000,00,2,1,01,B01
201000020905,0,32,000,00,2,1,02,B01
201000020905,0,07,000,00,2,8,09,A01
201000020906,0,30,000,00,2,2,01,B01
201000020906,1,07,000,00,2,3,01,Z01
201000020907,0,07,000,00,2,1,02,A01
201000020907,0,07,000,00,2,4,02,B01
201000020908,0,07,000,00,1,3,01,A01
201000020909,0,07,000,00,2,5,23,C01
201000020909,0,07,000,00,2,1,01,A01
201000020909,0,07,000,00,2,4,01,B01
201000020910,0,07,000,00,2,1,01,A01
201000020910,0,07,000,00,2,3,15,B01
201000020911,0,33,000,00,0,7,01,B01
201000020911,0,07,000,01,0,8,13,A01
201000020911,0,07,000,00,0,4,23,C01
201000020912,0,07,000,00,2,0,09,A01
201000020912,0,34,000,00,2,0,01,B01
201000020913,0,07,000,00,2,3,15,A01
201000020913,0,34,000,00,2,1,01,B01
201000020914,0,07,000,00,2,5,16,B01
201000020914,0,30,000,00,2,1,07,A01
201000020915,0,07,000,00,2,1,02,A01
201000020915,0,07,000,00,2,4,23,C01
201000020915,0,07,000,00,2,4,23,B01
201000020916,0,07,000,00,2,4,23,A01
201000020916,1,07,000,14,0,1,01,Z01
201000020917,1,07,000,00,1,4,00,Z01
201000020918,0,30,000,00,2,0,00,B01
201000020918,1,07,000,00,2,0,00,Z01
201000020919,1,07,000,00,1,1,00,Z01
201000020920,1,07,000,00,2,1,00,Z01
201000020920,0,07,000,00,0,3,00,B01
201000020921,0,07,000,00,2,8,15,B01
201000020921,0,33,000,00,2,7,17,A01
201000020922,0,07,000,00,2,3,09,A01
201000020922,0,30,000,00,0,5,01,B01
201000020923,0,07,000,00,1,0,00,A01
201000020924,0,02,000,00,2,4,00,B01
201000020924,0,16,000,00,2,7,00,A01
201000020925,0,30,000,02,0,1,00,A01
201000020926,0,30,000,00,0,3,00,A01
201000020926,0,07,000,00,0,0,00,B01
201000020927,0,02,000,01,1,0,00,A01
201000020928,0,32,000,00,2,4,01,B01
201000020928,1,33,000,00,2,1,00,Z01
201000020929,0,30,000,00,0,0,15,A01
201000020930,0,30,000,00,2,1,02,B01
201000020930,0,07,000,00,2,3,15,A01
201000020931,0,07,000,00,1,3,02,A01
201000020932,0,07,000,00,2,3,00,A01
201000020932,0,02,000,00,2,1,00,B01
201000020933,0,33,000,00,2,1,21,B01
201000020933,0,07,000,00,2,2,15,A01
201000020934,0,33,000,00,0,1,16,A01
201000020935,0,07,000,00,1,1,01,A01
201000020936,0,33,000,00,0,0,00,A01
201000020937,0,07,000,00,2,3,00,A01
201000020937,0,02,000,00,2,7,00,B01
201000020938,0,07,000,00,2,1,01,A01
201000020938,0,07,000,00,0,4,01,B01
201000020939,0,07,000,00,1,1,01,A01
201000020940,0,07,000,00,2,3,00,B01
201000020940,0,07,000,00,2,1,00,A01
201000020941,0,07,000,00,0,7,01,B01
201000020941,0,13,000,00,0,3,01,A01
201000020942,0,07,000,01,2,3,01,B01
201000020942,0,07,000,00,2,2,01,A01
201000020943,0,07,000,00,1,2,02,A01
201000020944,0,07,000,00,2,4,23,B01
201000020944,0,07,000,00,2,1,02,A01
201000020945,0,33,000,00,2,1,00,A01
201000020945,0,07,000,00,2,6,01,B01
201000020946,0,02,000,00,1,1,01,A01
201000020947,0,07,000,00,2,2,13,A01
201000020947,0,07,000,00,2,3,00,B01
201000020948,0,07,000,00,2,3,02,A01
201000020948,0,31,000,00,2,1,02,B01
201000020949,0,07,000,00,1,2,00,A01
201000020950,0,07,000,00,1,3,01,A01
201000020951,0,07,000,00,1,3,00,A01
201000020952,0,07,000,00,0,0,11,B01
201000020952,0,30,000,00,2,0,02,A01
201000020953,0,07,000,00,1,2,01,A01
201000020954,0,07,000,01,2,1,17,A01
201000020954,0,07,000,00,2,1,01,B01
201000020955,0,07,000,00,0,3,01,A01
201000020956,0,33,000,00,2,1,01,B01
201000020956,0,07,000,01,2,8,10,A01
201000020957,0,07,000,12,2,1,07,A01
201000020957,0,07,000,00,2,2,16,B01
201000020958,0,30,000,00,2,3,21,B01
201000020958,1,07,000,00,2,8,05,Z01
201000020959,0,15,000,00,2,1,02,A01
201000020959,0,07,000,00,0,4,02,B01
201000020960,1,33,000,00,0,0,00,Z01
201000020960,0,30,000,00,0,1,17,A01
201000020961,0,30,000,00,2,7,15,A01
201000020961,0,07,000,00,2,1,01,B01
201000020962,0,01,000,00,2,9,01,B01
201000020962,1,07,000,00,2,0,00,Z01
201000020963,1,32,000,00,2,2,15,A01
201000020963,0,33,000,00,2,3,01,B01
201000020964,0,07,000,00,1,0,00,A01
201000020965,1,07,000,00,1,0,01,Z01
201000020966,1,07,000,00,1,7,01,Z01
201000020967,1,07,000,00,1,1,00,Z01
201000020968,1,07,000,00,2,0,13,Z01
201000020968,0,33,000,00,2,0,01,B01
201000020969,0,34,000,00,2,1,01,B01
201000020969,1,07,000,00,2,1,01,Z01
201000020970,0,10,000,00,1,1,15,A01
201000020971,0,07,000,00,2,2,14,A01
201000020971,0,07,000,00,2,6,02,B01
201000020972,0,07,000,00,0,1,02,A01
201000020972,0,07,000,00,0,4,23,B01
201000020973,0,02,000,00,2,1,16,A01
201000020973,0,07,000,00,2,7,19,B01
201000020974,0,32,000,00,2,7,17,A01
201000020974,0,07,000,00,2,8,00,B01
201000020975,0,07,000,00,2,4,23,B01
201000020975,0,07,000,03,2,1,01,A01
201000020975,0,07,000,10,2,4,23,C01
201000020976,0,07,000,00,1,2,01,A01
201000020977,1,07,000,00,1,0,00,Z01
201000020978,0,07,000,00,2,3,09,A01
201000020978,0,34,000,00,2,1,01,B01
201000020979,0,32,000,00,0,7,12,A01
201000020980,0,34,000,12,0,7,00,A01
201000020981,0,07,000,00,0,8,01,B01
201000020981,0,07,000,00,0,7,14,A01
201000020982,0,02,000,00,2,1,00,A01
201000020982,0,07,000,00,2,3,00,B01
201000020983,0,34,000,00,2,1,01,B01
201000020983,0,07,000,00,2,3,09,A01
201000020984,0,33,000,00,2,1,01,B01
201000020984,0,07,000,00,2,3,19,A01
201000020985,0,07,000,00,0,0,10,A01
201000020985,0,33,000,00,2,7,02,B01
201000020986,0,07,000,00,2,3,01,B01
201000020986,0,34,000,00,2,7,01,A01
201000020987,0,10,000,00,2,4,02,B01
201000020987,0,07,000,00,2,1,02,A01
201000020988,1,07,000,00,2,0,15,A01
201000020988,0,30,000,00,2,1,01,B01
201000020989,0,07,000,00,1,3,00,B01
201000020989,0,32,000,00,2,1,13,A01
201000020990,0,07,000,00,2,3,00,B01
201000020990,0,30,000,00,2,2,01,A01
201000020991,0,07,000,00,2,3,00,B01
201000020991,0,32,000,00,2,2,00,A01
201000020992,0,34,000,00,1,2,02,A01
201000020993,0,32,000,01,2,1,02,A01
201000020993,0,99,000,00,2,5,09,B01
201000020994,0,32,000,00,2,7,13,B01
201000020994,0,07,000,00,2,8,11,A01
201000020995,0,07,000,00,1,4,04,A01
201000020996,0,07,000,00,2,2,11,A01
201000020996,0,32,000,00,2,2,02,B01
201000020996,0,31,000,00,2,1,00,C01
201000020997,0,32,000,00,2,3,07,A01
201000020997,0,30,000,00,2,3,00,B01
201000020998,0,07,000,00,2,3,01,A01
201000020998,0,07,000,00,2,1,01,B01
201000020999,0,07,000,00,2,2,09,A01
201000020999,0,32,000,00,2,1,01,B01
201000021000,0,07,000,00,2,3,13,A01
201000021000,0,32,000,00,2,7,21,B01
201000021001,0,07,000,01,1,2,02,A01
201000021002,0,07,000,00,1,4,02,A01
201000021002,0,07,000,00,2,1,02,B01
201000021003,0,07,000,00,0,3,09,A01
201000021003,0,07,000,00,0,1,01,B01
201000021004,0,07,000,00,2,1,02,A01
201000021004,0,07,000,00,2,4,01,B01
201000021005,0,33,000,14,0,8,15,A01
201000021006,0,07,000,00,2,3,09,A01
201000021006,0,33,000,00,2,1,01,B01
201000021007,0,07,000,00,9,2,15,A01
201000021007,0,01,000,00,2,1,00,B01
201000021008,0,07,000,00,1,2,01,A01
201000021009,0,07,000,00,2,3,15,A01
201000021009,0,34,000,00,2,1,17,B01
201000021010,0,07,000,00,2,1,15,A01
201000021010,0,32,000,00,2,1,01,B01
201000021011,0,13,000,00,2,8,10,B01
201000021011,0,10,000,00,2,2,17,A01
201000021012,0,30,000,00,2,2,01,A01
201000021012,1,07,000,00,2,0,00,Z01
201000021013,1,10,000,00,0,0,00,Z01
201000021013,0,01,000,00,0,0,00,A01
201000021014,0,32,000,00,2,4,01,B01
201000021014,1,13,000,00,2,1,01,Z01
201000021015,1,07,000,00,2,1,01,Z01
201000021015,0,07,000,00,2,4,01,B01
201000021016,0,01,000,00,2,1,01,B01
201000021016,1,07,000,00,2,0,11,Z01
201000021017,0,07,000,00,2,4,01,B01
201000021017,1,07,000,00,2,1,01,Z01
201000021018,0,07,000,06,2,1,01,A01
201000021018,0,07,000,00,0,4,01,B01
201000021019,0,07,000,01,0,1,01,A01
201000021020,0,01,000,00,0,1,00,B01
201000021020,0,31,000,00,2,1,00,A01
201000021021,0,32,000,00,2,1,00,A01
201000021021,0,10,000,00,2,6,00,B01
201000021022,0,07,000,03,2,1,13,A01
201000021022,0,07,000,00,2,2,01,B01
201000021023,0,07,000,00,2,3,05,A01
201000021023,0,07,000,00,2,1,02,B01
201000021024,0,38,010,00,2,2,02,A01
201000021024,0,07,000,00,0,4,01,B01
201000021025,0,07,000,15,0,9,01,A01
201000021026,0,30,000,00,9,3,01,A01
201000021027,0,07,000,00,2,2,01,B01
201000021027,2,07,000,00,2,2,05,A01
201000021028,0,30,000,00,2,1,00,B01
201000021028,1,31,000,00,0,0,00,Z01
201000021029,0,07,000,06,0,1,00,A01
201000021030,0,33,000,00,2,1,02,A01
201000021030,0,07,000,00,2,2,15,B01
201000021031,0,07,000,00,1,1,02,A01
201000021032,0,07,000,00,0,6,04,A01
201000021032,0,32,000,00,0,7,00,B01
201000021033,0,33,000,00,0,0,01,A01
201000021034,0,07,000,00,2,1,01,A01
201000021034,0,07,000,00,2,4,01,B01
201000021035,0,07,000,00,0,9,01,A01
201000021036,0,07,000,00,1,2,01,A01
201000021037,0,30,000,01,2,5,01,B01
201000021037,1,07,000,00,2,1,19,Z01
201000021038,0,33,000,00,0,1,01,A01
201000021039,0,07,000,00,2,1,05,A01
201000021039,0,07,000,00,2,3,01,B01
201000021039,0,07,000,00,2,1,01,C01
201000021040,0,07,000,01,0,2,01,A01
201000021041,0,07,000,00,1,3,02,A01
201000021042,0,32,000,00,0,0,01,A01
201000021043,0,07,000,00,2,1,15,A01
201000021043,0,31,000,00,2,1,01,B01
201000021044,0,07,000,00,1,0,01,A01
201000021045,0,01,000,00,2,2,01,B01
201000021045,0,07,000,00,2,1,01,A01
201000021046,0,07,000,00,2,2,01,A01
201000021046,0,07,000,00,2,5,01,B01
201000021047,0,10,000,01,0,1,01,A01
201000021047,0,10,000,00,0,6,00,B01
201000021048,0,34,000,00,2,0,16,A01
201000021048,0,07,000,00,0,0,04,B01
201000021049,0,33,000,00,2,0,00,B01
201000021049,0,07,000,00,0,0,00,A01
201000021050,1,07,000,00,1,0,00,Z01
201000021051,0,07,000,00,2,7,02,B01
201000021051,0,07,000,00,2,1,02,A01
201000021052,0,33,000,01,1,1,01,A01
201000021053,0,07,000,00,1,1,00,A01
201000021054,0,07,000,00,1,5,01,A01
201000021055,0,07,000,00,0,5,23,B01
201000021055,0,07,000,00,2,1,01,A01
201000021056,0,02,000,00,0,7,00,A01
201000021057,0,07,000,00,2,8,09,A01
201000021057,0,07,000,00,2,7,01,B01
201000021057,0,07,000,00,0,6,00,C01
201000021058,0,30,000,00,2,7,02,B01
201000021058,0,07,000,00,2,8,15,A01
201000021059,0,07,000,00,2,4,01,B01
201000021059,0,33,000,00,2,1,02,A01
201000021060,0,07,000,00,2,2,01,B01
201000021060,0,07,000,09,2,6,01,A01
201000021060,0,07,000,00,2,3,01,C01
201000021061,0,07,000,00,1,4,00,A01
201000021062,0,07,000,00,1,1,00,A01
201000021063,0,33,000,00,2,0,00,B01
201000021063,0,07,000,00,2,0,00,A01
201000021064,0,02,000,00,2,0,00,A01
201000021064,0,07,000,00,2,1,00,B01
201000021065,0,07,000,00,2,1,02,A01
201000021065,0,07,000,00,2,4,02,B01
201000021066,0,07,000,00,2,1,02,A01
201000021066,0,07,000,00,2,4,02,B01
201000021067,1,33,000,00,1,0,15,Z01
201000021068,2,33,000,00,0,1,00,Z01
201000021068,0,07,000,00,0,3,00,B01
201000021069,2,07,000,01,0,0,00,Z01
201000021069,0,07,000,00,0,0,00,B01
201000021070,0,07,000,00,2,3,01,B01
201000021070,0,07,000,00,2,1,13,A01
201000021071,0,07,000,00,2,1,01,A01
201000021071,0,14,000,00,2,7,01,B01
201000021072,1,07,000,00,0,0,00,Z01
201000021072,0,32,000,00,0,2,00,A01
201000021073,0,07,000,00,0,5,20,A01
201000021073,0,32,000,00,2,3,21,B01
201000021074,0,32,000,00,2,1,05,B01
201000021074,0,07,000,00,2,3,11,A01
201000021075,0,07,000,00,2,8,11,A01
201000021075,0,02,000,00,2,7,02,B01
201000021076,0,07,000,00,2,3,01,A01
201000021076,0,30,000,00,2,7,02,B01
201000021077,0,07,000,00,2,4,23,C01
201000021077,0,07,000,00,2,4,23,B01
201000021077,0,07,000,00,2,1,02,A01
201000021078,0,07,000,01,0,3,15,A01
201000021078,0,07,000,00,0,5,23,B01
201000021079,0,30,000,00,2,1,02,A01
201000021079,0,07,000,00,2,3,01,B01
201000021080,0,07,000,00,2,4,23,B01
201000021080,0,32,000,00,2,1,01,A01
201000021081,0,07,000,00,2,4,01,A01
201000021081,1,07,000,00,2,1,01,Z01
201000021082,0,33,000,00,2,8,01,A01
201000021082,0,07,000,00,2,1,01,B01
201000021083,0,07,000,06,0,1,13,A01
201000021084,0,07,000,01,0,3,15,A01
201000021084,0,30,000,00,0,1,01,B01
201000021085,0,34,000,00,2,2,17,A01
201000021085,0,07,000,00,2,6,15,B01
201000021086,0,32,000,00,2,2,01,A01
201000021086,0,07,000,00,2,3,15,B01
201000021087,0,33,000,00,1,1,21,A01
201000021088,0,07,000,00,2,2,01,A01
201000021088,0,32,000,00,2,8,01,B01
201000021089,0,07,000,00,0,8,01,A01
201000021089,0,32,000,00,0,1,19,B01
201000021090,0,07,000,00,2,1,01,A01
201000021090,0,07,000,00,1,4,01,B01
201000021091,0,07,000,00,2,8,15,B01
201000021091,0,32,000,00,2,8,03,A01
201000021092,0,30,000,00,2,2,01,A01
201000021092,0,07,000,00,2,8,15,B01
201000021093,0,33,000,00,2,1,02,B01
201000021093,0,07,000,00,2,1,15,A01
201000021094,0,07,000,00,2,3,00,A01
201000021094,0,32,000,00,2,1,00,B01
201000021095,1,03,000,00,2,0,00,A01
201000021095,0,34,000,00,2,0,00,B01
201000021096,0,07,000,00,1,3,01,A01
201000021097,0,07,000,00,2,1,01,A01
201000021097,0,07,000,00,2,4,01,B01
201000021098,1,99,000,00,0,0,10,A01
201000021098,0,30,000,00,0,8,01,B01
201000021099,1,99,000,00,1,1,01,Z01
201000021100,2,07,000,00,2,1,02,A01
201000021100,0,07,000,00,2,5,02,B01
201000021101,0,32,000,00,2,1,01,A01
201000021101,0,07,000,00,2,3,16,B01
201000021102,0,30,000,00,2,1,02,A01
201000021102,0,07,000,00,2,6,02,B01
201000021103,0,07,000,00,2,7,01,A01
201000021103,1,07,000,00,2,1,15,Z01
201000021104,0,30,000,00,2,7,17,B01
201000021104,0,07,000,00,2,8,15,A01
201000021105,0,07,000,00,2,1,15,A01
201000021105,0,30,000,00,2,1,01,B01
201000021106,0,07,000,00,2,1,02,A01
201000021106,0,07,000,00,2,4,23,B01
201000021107,0,07,000,00,1,1,02,A01
201000021108,0,33,000,00,0,0,00,A01
201000021109,0,07,000,00,2,6,15,B01
201000021109,0,32,000,00,2,7,17,A01
201000021110,0,07,000,00,1,2,01,A01
201000021111,0,07,000,00,2,3,01,B01
201000021111,0,02,000,00,2,1,00,A01
201000021112,0,07,000,00,2,1,16,A01
201000021112,0,32,000,00,2,1,01,B01
201000021113,0,07,000,00,2,1,00,A01
201000021113,0,07,000,00,0,4,00,B01
201000021114,0,07,000,00,2,3,01,A01
201000021114,0,02,000,00,2,6,01,B01
201000021115,0,33,000,00,2,7,01,B01
201000021115,1,07,000,00,2,3,15,A01
201000021116,0,32,000,00,2,1,00,B01
201000021116,0,07,000,00,2,3,00,A01
201000021117,0,33,000,00,2,3,01,A01
201000021117,2,32,000,00,2,2,10,Z01
201000021118,0,32,000,00,2,1,01,B01
201000021118,0,07,000,01,0,0,15,A01
201000021119,0,32,000,00,0,0,01,A01
201000021120,1,07,000,00,0,0,00,Z01
201000021120,0,07,000,00,2,1,00,B01
201000021120,0,07,000,00,2,3,00,C01
201000021121,0,07,000,00,2,3,15,B01
201000021121,0,30,000,00,2,1,17,A01
201000021122,0,32,000,00,2,3,02,B01
201000021122,0,13,000,00,2,3,11,A01
201000021123,0,07,000,00,2,3,00,A01
201000021123,0,34,000,00,2,2,01,B01
201000021124,0,33,000,00,2,1,02,B01
201000021124,0,07,000,00,2,8,11,A01
201000021125,0,07,000,00,2,4,02,A01
201000021125,0,07,000,00,2,4,01,B01
201000021126,0,34,000,00,1,0,01,A01
201000021127,0,07,000,00,2,1,00,A01
201000021127,0,07,000,01,0,4,00,B01
201000021128,2,07,000,00,2,1,00,A01
201000021128,0,07,000,00,2,6,23,B01
201000021129,0,07,000,00,2,3,01,B01
201000021129,0,32,000,00,2,7,03,A01
201000021130,0,33,000,00,2,1,01,B01
201000021130,0,07,000,00,2,4,04,A01
201000021131,0,30,000,00,2,7,01,B01
201000021131,0,07,000,00,0,0,20,C01
201000021131,0,30,000,00,2,7,21,A01
201000021132,1,07,000,00,0,8,15,Z01
201000021132,0,02,000,00,0,1,01,B01
201000021133,0,07,000,00,2,3,00,B01
201000021133,0,31,000,00,2,1,05,A01
201000021134,0,07,000,00,2,2,01,A01
201000021135,0,07,000,00,0,0,15,A01
201000021135,0,32,000,00,2,1,15,B01
201000021136,0,07,000,01,0,2,01,A01
201000021137,0,07,000,00,2,1,01,B01
201000021137,0,07,000,00,2,1,05,A01
201000021138,0,07,000,06,0,1,00,A01
201000021138,1,07,000,00,0,0,00,Z01
201000021139,2,07,000,06,2,2,01,A01
201000021139,0,07,000,00,2,1,01,B01
201000021140,0,07,000,00,2,2,13,A01
201000021140,0,30,000,00,0,3,18,B01
201000021141,0,32,000,00,1,1,02,A01
201000021142,0,07,000,00,0,2,01,B01
201000021142,0,33,000,00,2,1,00,A01
201000021143,0,33,000,00,2,1,01,A01
201000021143,0,07,000,00,2,6,01,B01
201000021144,0,34,000,00,2,6,01,B01
201000021144,0,07,000,00,2,6,15,A01
201000021145,0,07,000,00,1,2,01,A01
201000021146,0,40,000,00,1,1,01,A01
201000021147,0,30,000,00,2,2,00,A01
201000021147,0,32,000,00,0,8,01,B01
201000021148,0,07,000,00,2,1,02,A01
201000021148,0,07,000,00,2,4,23,B01
201000021149,0,34,000,00,0,1,02,B01
201000021149,0,07,000,00,2,1,14,A01
201000021150,0,07,000,00,2,8,22,A01
201000021150,0,07,000,00,2,3,01,C01
201000021150,0,02,000,14,2,1,17,B01