Num_Acc,senc,catv,occutc,obs,obsm,choc,manv,num_veh
201000021514,0,30,000,00,2,7,09,B01
201000021515,0,07,000,00,2,8,15,A01
201000021515,0,32,000,00,2,1,01,B01
201000021516,0,07,000,00,0,2,11,A01
201000021516,0,99,000,00,2,1,05,B01
201000021517,1,07,000,00,2,1,10,Z01
201000021517,0,30,000,00,2,8,00,A01
201000021518,1,07,000,00,0,0,00,Z01
201000021518,0,30,000,00,2,1,01,A01
201000021519,1,07,000,00,1,0,00,Z01
201000021520,0,07,000,00,2,8,15,A01
201000021520,0,32,000,00,2,2,01,B01
201000021521,0,30,000,00,2,1,01,A01
201000021521,0,10,000,00,2,7,11,B01
201000021522,0,07,000,00,0,4,02,B01
201000021522,0,07,000,00,0,1,02,A01
201000021523,0,20,000,00,2,2,09,A01
201000021523,0,32,000,14,0,1,01,B01
201000021524,0,32,000,00,0,1,02,A01
201000021525,0,07,000,00,2,3,01,B01
201000021525,0,07,000,00,2,2,01,A01
201000021526,1,07,000,00,2,1,01,Z01
201000021526,0,07,000,00,2,4,01,B01
201000021527,0,07,000,00,0,1,16,B01
201000021527,0,02,000,00,0,8,05,A01
201000021528,2,07,000,03,0,2,01,A01
201000021529,0,07,000,00,0,0,01,A01
201000021529,0,07,000,00,0,0,15,B01
201000021530,0,07,000,00,2,4,01,B01
201000021530,0,30,000,00,2,1,01,A01
201000021531,0,07,000,00,1,1,01,A01
201000021532,0,07,000,00,2,8,15,A01
201000021532,0,30,000,00,2,1,17,B01
201000021533,0,07,000,00,2,3,13,A01
201000021533,0,30,000,00,2,0,17,B01
201000021534,1,07,000,00,2,1,01,Z01
201000021534,0,07,000,00,2,1,20,C01
201000021535,0,31,000,00,2,4,01,B01
201000021535,1,30,000,00,2,1,01,Z01
201000021536,1,07,000,00,1,1,00,Z01
201000021537,0,01,000,00,2,4,01,B01
201000021537,1,30,000,00,2,1,01,Z01
201000021538,1,99,000,00,1,1,00,Z01
201000021539,1,07,000,00,1,0,00,Z01
201000021540,0,32,000,14,0,7,01,A01
201000021541,0,07,000,00,0,3,15,A01
201000021541,0,40,000,00,2,2,01,B01
201000021542,0,07,000,08,0,3,00,A01
201000021543,0,33,000,00,0,2,16,A01
201000021544,0,07,000,00,0,2,05,A01
201000021544,0,01,000,00,2,1,00,B01
201000021545,0,07,000,14,0,1,10,A01
201000021545,0,33,000,00,2,8,00,B01
201000021546,0,33,000,00,2,0,14,B01
201000021546,1,07,000,00,2,0,16,Z01
201000021547,0,07,000,00,0,2,01,A01
201000021548,0,30,000,00,0,0,00,A01
201000021549,0,07,000,00,2,1,02,B01
201000021549,0,07,000,00,2,6,02,C01
201000021549,0,07,000,00,2,1,02,A01
201000021550,0,14,000,00,2,1,02,A01
201000021550,0,07,000,00,2,4,23,B01
201000021551,0,07,000,00,2,3,13,B01
201000021551,0,02,000,00,2,1,01,A01
201000021552,0,07,000,00,2,1,02,A01
201000021552,0,02,000,00,2,4,02,B01
201000021553,0,32,000,00,2,2,01,A01
201000021553,0,07,000,00,2,1,01,B01
201000021554,0,30,000,00,0,1,18,A01
201000021554,0,10,000,00,0,2,16,B01
201000021555,0,07,000,00,1,4,20,A01
201000021556,1,07,000,00,2,1,02,A01
201000021556,0,01,000,00,2,8,19,B01
201000021557,0,34,000,00,2,0,01,A01
201000021557,1,99,000,00,0,0,00,Z01
201000021558,0,07,000,12,0,1,01,A01
201000021558,0,07,000,08,0,4,00,B01
201000021559,0,07,000,11,0,2,01,A01
201000021560,0,07,000,00,1,2,00,A01
201000021561,0,07,000,00,1,1,15,A01
201000021562,0,10,000,00,0,3,01,B01
201000021562,0,02,000,00,0,1,05,A01
201000021563,0,07,000,00,2,3,15,A01
201000021563,0,30,000,00,2,1,00,B01
201000021564,0,07,000,00,2,3,16,A01
201000021564,0,07,000,00,2,3,01,B01
201000021565,0,07,000,00,1,2,01,A01
201000021566,1,07,000,00,0,0,00,A01
201000021567,0,07,000,00,2,1,01,A01
201000021567,0,07,000,00,2,6,15,B01
201000021568,0,07,000,00,2,2,02,B01
201000021568,0,07,000,00,2,6,11,A01
201000021569,0,07,000,00,2,1,05,A01
201000021569,0,07,000,00,2,1,16,B01
201000021570,0,07,000,00,1,7,04,A01
201000021571,0,33,000,00,2,1,02,B01
201000021571,0,07,000,00,2,4,12,A01
201000021572,0,07,000,00,2,8,17,A01
201000021572,0,34,000,00,2,1,01,B01
201000021573,0,07,000,00,0,4,00,B01
201000021573,0,32,000,00,2,4,00,A01
201000021574,0,07,000,00,2,8,01,B01
201000021574,0,07,000,00,2,1,01,A01
201000021575,0,07,000,08,2,1,21,A01
201000021575,0,17,000,00,0,7,01,B01
201000021576,0,07,000,00,0,0,00,A01
201000021577,0,33,000,00,0,0,01,A01
201000021578,0,07,000,00,2,7,16,A01
201000021578,0,37,001,00,2,8,01,B01
201000021579,0,30,000,00,2,1,15,A01
201000021579,0,07,000,00,2,3,15,B01
201000021580,0,07,000,00,1,1,01,A01
201000021581,0,07,000,00,1,4,04,A01
201000021582,0,31,000,00,2,8,09,A01
201000021582,0,34,000,00,2,1,01,B01
201000021583,0,07,000,00,2,3,11,B01
201000021583,0,30,000,00,2,1,12,A01
201000021584,0,07,000,00,2,3,02,B01
201000021584,0,07,000,00,2,1,02,A01
201000021585,0,07,000,00,2,4,23,B01
201000021585,0,07,000,00,2,1,02,A01
201000021586,0,07,000,00,2,2,16,B01
201000021586,0,30,000,00,2,8,18,A01
201000021587,0,07,000,01,2,3,11,A01
201000021587,0,10,000,00,2,5,00,B01
201000021588,0,02,000,00,2,8,01,B01
201000021588,0,07,000,00,2,1,01,A01
201000021589,0,32,000,08,0,1,16,A01
201000021590,0,34,000,00,2,3,00,B01
201000021590,0,07,000,00,0,7,12,A01
201000021591,0,07,000,00,2,1,01,B01
201000021591,0,07,000,00,2,7,09,A01
201000021592,0,07,000,00,2,2,02,B01
201000021592,0,30,000,00,2,3,05,A01
201000021593,0,07,000,00,0,1,00,A01
201000021593,0,07,000,00,0,4,00,B01
201000021594,0,30,000,00,9,7,01,A01
201000021595,0,07,000,01,0,1,01,A01
201000021596,0,07,000,00,2,3,15,A01
201000021596,0,32,000,00,2,2,02,B01
201000021597,0,07,000,00,2,1,01,A01
201000021597,0,33,000,00,2,8,01,B01
201000021598,0,07,000,00,2,2,02,A01
201000021598,0,07,000,00,2,1,02,C01
201000021598,0,33,000,00,2,1,02,B01
201000021599,0,02,000,00,2,3,09,A01
201000021599,0,07,000,00,2,7,09,B01
201000021600,0,07,000,00,1,0,15,A01
201000021601,0,07,000,00,2,3,09,A01
201000021601,0,07,000,00,2,1,01,B01
201000021602,0,07,000,00,2,6,15,B01
201000021602,0,30,000,00,2,2,17,A01
201000021603,0,32,000,00,2,2,17,A01
201000021603,0,07,000,00,2,3,01,B01
201000021604,0,33,000,00,0,8,00,A01
201000021604,0,07,000,00,0,8,00,B01
201000021605,0,07,000,00,1,1,01,A01
201000021606,0,07,000,00,2,1,01,B01
201000021606,0,07,000,06,2,1,19,A01
201000021607,1,07,000,00,0,0,01,A01
201000021607,0,07,000,00,0,1,01,B01
201000021607,0,07,000,00,0,8,01,C01
201000021608,1,07,000,00,2,1,01,Z01
201000021608,0,07,000,00,2,4,01,B01
201000021609,0,30,000,00,2,4,01,B01
201000021609,1,07,000,00,2,1,01,Z01
201000021609,0,07,000,00,2,1,01,C01
201000021610,0,07,000,00,2,2,01,B01
201000021610,1,07,000,00,2,6,01,Z01
201000021611,1,07,000,00,1,1,01,Z01
201000021612,0,07,000,06,0,1,00,A01
201000021613,0,02,000,00,2,1,00,B01
201000021613,0,07,000,00,2,7,09,A01
201000021614,0,07,000,00,2,4,15,B01
201000021614,0,07,000,00,2,1,01,A01
201000021615,0,07,000,00,2,1,01,B01
201000021615,0,07,000,00,2,7,00,A01
201000021616,0,07,000,00,0,4,01,B01
201000021616,1,07,000,00,2,1,00,Z01
201000021617,0,07,000,00,1,2,02,A01
201000021618,0,30,000,00,1,1,21,A01
201000021619,0,07,000,01,0,9,01,A01
201000021620,0,07,000,00,1,1,01,A01
201000021621,0,33,000,00,2,2,16,A01
201000021621,0,07,000,00,2,8,01,B01
201000021622,0,30,000,00,0,0,21,A01
201000021622,0,07,000,00,0,0,00,B01
201000021623,0,07,000,00,2,1,02,A01
201000021623,0,07,000,00,2,4,23,B01
201000021624,0,07,000,00,2,3,10,A01
201000021624,0,32,000,00,2,1,17,B01
201000021625,0,02,000,00,0,0,15,A01
201000021626,0,07,000,00,2,6,02,A01
201000021626,0,02,000,00,2,1,02,B01
201000021627,0,07,000,00,2,3,01,B01
201000021627,0,17,000,00,2,8,00,A01
201000021628,0,07,000,00,1,1,15,A01
201000021629,0,14,000,00,0,7,00,A01
201000021629,0,07,000,00,2,1,00,B01
201000021630,0,33,000,00,2,4,02,B01
201000021630,0,34,000,00,2,1,02,A01
201000021631,0,32,000,00,2,1,01,A01
201000021631,0,07,000,00,0,8,09,B01
201000021632,0,30,000,00,2,1,01,A01
201000021633,0,07,000,00,2,4,02,C01
201000021633,0,07,000,00,2,1,02,A01
201000021633,0,10,000,00,2,1,02,B01
201000021634,0,33,000,00,2,1,13,A01
201000021634,0,14,000,00,2,1,01,B01
201000021635,0,07,000,00,1,2,02,A01
201000021636,0,07,000,00,2,2,00,A01
201000021636,0,30,000,00,2,7,00,B01
201000021637,0,07,000,00,0,4,20,B01
201000021637,0,34,000,00,2,1,00,A01
201000021638,0,07,000,00,2,1,00,A01
201000021638,0,33,000,00,2,0,00,B01
201000021639,0,07,000,00,2,2,00,A01
201000021639,0,32,000,00,2,0,00,B01
201000021640,0,07,000,00,1,2,14,A01
201000021641,0,33,000,00,2,0,00,A01
201000021641,0,07,000,00,2,1,00,B01
201000021642,0,30,000,08,0,1,21,B01
201000021642,0,07,000,00,0,0,10,A01
201000021643,0,38,001,00,2,1,02,B01
201000021643,0,07,000,00,2,8,01,A01
201000021644,0,07,000,00,2,2,20,A01
201000021644,0,07,000,00,2,8,02,B01
201000021645,0,07,000,00,2,1,02,A01
201000021645,0,07,000,00,2,2,02,B01
201000021646,0,07,000,00,2,1,00,A01
201000021646,0,07,000,00,0,8,00,B01
201000021647,0,02,000,00,2,0,00,A01
201000021647,0,07,000,00,0,3,00,B01
201000021648,0,33,000,00,0,8,01,A01
201000021649,0,07,000,00,2,4,01,A01
201000021649,0,07,000,00,0,4,23,B01
201000021650,0,07,000,00,2,2,15,A01
201000021650,0,31,000,00,2,1,01,B01
201000021651,0,33,000,09,0,1,02,A01
201000021652,0,07,000,00,1,1,01,A01
201000021653,0,07,000,00,2,8,09,B01
201000021653,0,07,000,00,2,9,01,A01
201000021654,0,07,000,00,2,1,15,A01
201000021654,0,31,000,00,2,3,01,B01
201000021655,0,07,000,00,2,6,04,A01
201000021655,0,30,000,00,2,1,01,B01
201000021656,0,31,000,12,0,1,00,A01
201000021657,2,07,000,00,1,2,01,Z01
201000021658,0,15,000,00,0,8,01,A01
201000021659,1,07,000,00,1,0,00,Z01
201000021660,0,01,000,00,0,2,00,B01
201000021660,1,07,000,00,0,0,00,Z01
201000021661,1,31,000,00,2,0,00,Z01
201000021661,0,33,000,00,2,0,00,B01
201000021662,0,07,000,00,2,8,15,B01
201000021662,1,07,000,00,2,7,17,Z01
201000021663,0,07,000,00,2,1,19,A01
201000021663,0,07,000,00,2,1,15,B01
201000021664,0,20,000,08,0,2,01,A01
201000021665,0,07,000,00,1,1,01,A01
201000021666,0,32,000,00,2,9,21,A01
201000021666,0,30,000,00,2,3,09,B01
201000021667,0,02,000,00,0,1,11,B01
201000021667,0,07,000,00,2,8,00,A01
201000021668,0,07,000,01,2,1,05,A01
201000021669,0,07,000,00,2,8,17,B01
201000021669,0,32,000,00,2,1,02,A01
201000021670,0,07,000,00,2,5,01,B01
201000021670,0,33,000,00,2,1,00,A01
201000021671,0,30,000,00,1,3,01,A01
201000021672,1,07,000,00,0,0,00,Z01
201000021672,0,07,000,00,0,2,01,A01
201000021673,0,32,000,00,2,8,18,B01
201000021673,0,07,000,00,0,7,20,A01
201000021674,0,32,000,00,2,8,23,B01
201000021674,0,10,000,06,2,1,21,A01
201000021675,0,30,000,00,2,7,00,B01
201000021675,0,07,000,00,2,1,01,A01
201000021676,0,07,000,00,2,1,01,B01
201000021676,0,02,000,00,0,5,01,A01
201000021677,0,32,000,00,2,1,00,B01
201000021677,0,07,000,00,2,2,17,A01
201000021678,0,32,000,00,2,1,01,A01
201000021678,0,07,000,00,2,2,10,B01
201000021679,0,30,000,00,2,4,02,B01
201000021679,0,07,000,00,2,1,02,A01
201000021680,0,07,000,00,1,3,01,A01
201000021681,0,07,000,00,0,1,00,A01
201000021681,0,07,000,00,1,4,01,B01
201000021682,0,30,000,00,0,1,02,A01
201000021682,0,07,000,00,0,4,02,B01
201000021683,0,07,000,01,1,1,02,A01
201000021684,0,07,000,00,2,3,15,A01
201000021684,0,33,000,00,2,7,15,B01
201000021685,0,07,000,00,2,3,01,B01
201000021685,0,33,000,00,2,2,01,A01
201000021686,0,07,000,00,1,1,01,A01
201000021687,0,02,000,00,2,8,02,A01
201000021687,0,32,000,00,0,2,00,B01
201000021688,0,30,000,00,2,1,01,A01
201000021688,0,07,000,00,2,3,01,B01
201000021689,0,37,000,00,2,3,01,B01
201000021689,0,07,000,00,2,2,15,A01
201000021690,0,30,000,00,0,0,18,A01
201000021690,0,15,000,00,0,0,12,B01
201000021691,0,07,000,00,2,2,16,A01
201000021691,0,32,000,00,2,6,07,B01
201000021692,0,07,000,00,2,4,02,B01
201000021692,0,10,000,00,2,1,02,A01
201000021693,0,07,000,00,2,1,00,A01
201000021693,0,07,000,00,2,4,02,B01
201000021694,1,07,000,00,2,1,02,Z01
201000021694,0,07,000,00,2,4,23,A01
201000021695,0,07,000,00,2,1,15,A01
201000021695,0,30,000,00,2,1,01,B01
201000021696,0,07,000,00,2,3,15,A01
201000021696,0,07,000,00,2,2,01,B01
201000021697,0,07,000,00,1,7,01,A01
201000021698,0,07,000,00,2,1,09,B01
201000021698,0,34,000,00,2,2,05,A01
201000021699,0,07,000,00,2,1,01,B01
201000021699,0,07,000,00,2,1,01,A01
201000021700,0,07,000,00,2,1,00,A01
201000021700,0,32,000,00,2,4,00,B01
201000021701,0,07,000,00,2,8,00,B01
201000021701,0,33,000,00,2,1,02,A01
201000021702,0,33,000,00,2,8,01,A01
201000021702,0,07,000,00,2,3,15,B01
201000021703,0,07,000,00,2,4,04,A01
201000021703,0,30,000,00,2,1,23,B01
201000021704,0,07,000,00,1,1,01,A01
201000021705,0,07,000,00,2,3,01,B01
201000021705,0,07,000,00,0,3,11,A01
201000021706,0,32,000,00,2,1,01,B01
201000021706,0,07,000,00,2,2,13,A01
201000021707,0,07,000,00,2,1,01,B01
201000021707,0,07,000,00,2,4,04,A01
201000021708,0,32,000,08,0,1,16,A01
201000021709,0,07,000,00,1,3,15,A01
201000021710,0,10,000,00,2,4,01,B01
201000021711,0,30,000,00,2,1,01,B01
201000021711,1,07,000,00,2,4,04,Z01
201000021712,0,07,000,00,2,1,15,A01
201000021712,0,07,000,00,2,1,01,B01
201000021713,0,33,000,00,0,0,01,A01
201000021714,0,07,000,00,0,0,04,A01
201000021715,0,07,000,00,2,1,01,A01
201000021715,0,07,000,00,2,3,02,B01
201000021716,0,07,000,00,2,3,09,C01
201000021716,1,07,000,00,2,0,00,A01
201000021716,0,07,000,00,2,4,23,B01
201000021717,0,07,000,00,1,6,01,A01
201000021718,0,07,000,00,4,5,01,A01
201000021718,0,40,000,00,2,1,01,B01
201000021719,0,30,000,00,0,4,23,B01
201000021719,0,07,000,00,2,2,02,A01
201000021720,0,07,000,00,0,0,01,A01
201000021720,0,07,000,00,0,6,09,B01
201000021721,0,07,000,00,0,4,00,B01
201000021721,0,07,000,00,0,0,00,C01
201000021721,0,07,000,00,0,1,00,A01
201000021722,0,10,000,00,2,3,15,B01
201000021722,0,07,000,00,2,1,02,A01
201000021723,0,07,000,00,2,3,15,A01
201000021723,0,32,000,00,2,2,02,B01
201000021724,0,07,000,00,1,2,01,A01
201000021725,0,07,000,00,0,4,02,C01
201000021725,0,07,000,00,2,4,02,B01
201000021725,0,07,000,00,2,1,02,A01
201000021726,0,07,000,00,2,8,02,A01
201000021726,0,34,000,00,2,7,17,B01
201000021727,0,32,000,00,2,3,01,A01
201000021727,0,07,000,00,2,5,16,B01
201000021728,0,07,000,00,2,5,16,A01
201000021728,0,30,000,00,2,8,01,B01
201000021729,0,07,000,00,2,7,01,A01
201000021729,0,07,000,00,2,1,01,B01
201000021730,2,07,000,00,2,1,02,A01
201000021730,0,07,000,00,0,4,23,B01
201000021731,0,07,000,00,2,3,01,C01
201000021731,0,07,000,00,2,3,01,B01
201000021731,0,32,000,00,2,1,00,A01
201000021732,0,07,000,00,2,4,04,A01
201000021732,0,33,000,00,2,9,09,B01
201000021733,0,07,000,00,2,1,00,B01
201000021733,0,07,000,00,2,4,00,A01
201000021734,0,07,000,00,2,2,01,A01
201000021734,0,07,000,00,2,8,15,B01
201000021735,0,07,000,00,0,4,01,B01
201000021735,0,07,000,00,2,1,02,A01
201000021736,0,07,000,00,1,1,01,A01
201000021737,0,07,000,00,0,1,01,B01
201000021737,0,07,000,01,2,1,01,A01
201000021737,0,07,000,00,0,1,00,C01
201000021737,0,31,000,00,0,1,01,D01
201000021738,0,07,000,06,0,1,01,A01
201000021739,0,15,000,02,1,2,00,A01
201000021740,0,10,000,00,2,0,00,A01
201000021740,0,07,000,01,0,1,13,B01
201000021740,0,10,000,00,2,4,24,C01
201000021741,0,32,000,00,0,8,01,A01
201000021742,0,07,000,00,2,2,15,A01
201000021742,0,02,000,00,2,1,01,B01
201000021743,0,33,000,11,0,1,00,A01
201000021744,0,37,001,00,2,1,00,A01
201000021744,0,37,001,00,2,3,00,B01
201000021745,0,07,000,00,2,4,00,B01
201000021745,0,07,000,00,2,2,01,A01
201000021746,0,07,000,00,2,1,00,A01
201000021746,0,07,000,00,2,3,00,B01
201000021747,0,99,000,00,1,4,04,A01
201000021748,0,30,000,00,2,1,01,A01
201000021748,0,07,000,00,2,3,01,B01
201000021749,0,07,000,00,2,4,01,B01
201000021749,0,07,000,00,2,1,01,A01
201000021750,0,32,000,00,2,7,00,B01
201000021750,0,07,000,00,2,3,00,A01
201000021751,0,32,000,00,2,2,05,A01
201000021751,0,07,000,00,2,1,15,B01
201000021752,0,07,000,00,2,3,06,A01
201000021752,0,01,000,00,2,1,17,B01
201000021753,1,33,000,00,2,5,15,Z01
201000021753,0,33,000,00,2,2,01,A01
201000021754,1,07,000,00,1,0,00,Z01
201000021755,0,14,000,00,0,0,16,A01
201000021756,0,07,000,00,2,1,01,B01
201000021756,0,07,000,00,2,1,01,A01
201000021757,1,07,000,00,2,1,01,Z01
201000021757,0,13,000,00,2,4,01,B01
201000021758,1,07,000,00,2,7,17,Z01
201000021758,0,30,000,00,2,8,01,B01
201000021759,0,33,000,00,2,7,01,B01
201000021759,1,14,000,00,2,7,12,Z01
201000021760,0,07,000,00,2,1,02,A01
201000021760,0,07,000,00,2,4,15,B01
201000021761,0,07,000,00,2,3,15,A01
201000021761,0,33,000,00,2,1,00,B01
201000021762,0,30,000,00,2,1,17,A01
201000021762,0,07,000,00,2,3,15,B01
201000021763,0,07,000,00,0,6,22,A01
201000021763,0,02,000,00,2,1,17,B01
201000021764,0,07,000,00,0,4,04,A01
201000021765,0,32,000,00,0,2,17,A01
201000021765,1,99,000,00,0,0,17,Z01
201000021766,1,07,000,00,1,3,15,Z01
201000021767,0,07,000,00,1,2,09,A01
201000021768,0,30,000,00,2,8,00,A01
201000021768,0,07,000,00,2,7,16,B01
201000021769,0,30,000,00,2,1,02,A01
201000021769,0,07,000,00,2,7,16,B01
201000021770,0,02,000,00,2,1,16,A01
201000021770,0,07,000,00,2,2,15,B01
201000021771,0,32,000,00,1,1,00,A01
201000021772,0,13,000,00,2,6,15,B01
201000021772,0,07,000,00,2,2,00,A01
201000021773,0,07,000,00,2,4,01,C01
201000021773,0,07,000,00,2,1,02,A01
201000021773,0,07,000,00,2,4,01,B01
201000021774,0,33,000,00,0,1,01,A01
201000021775,0,07,000,00,2,6,23,B01
201000021775,0,07,000,00,2,2,01,A01
201000021776,0,34,000,00,2,1,01,B01
201000021776,1,07,000,00,2,1,14,Z01
201000021777,0,07,000,06,0,3,16,A01
201000021778,0,07,000,00,1,3,01,A01
201000021779,0,30,000,00,2,1,21,A01
201000021779,0,07,000,00,2,1,01,B01
201000021780,0,07,000,00,2,3,00,C01
201000021780,0,07,000,00,2,3,01,B01
201000021780,0,31,000,00,2,1,19,A01
201000021781,1,07,000,00,1,1,01,Z01
201000021782,0,07,000,00,2,6,12,A01
201000021782,0,30,000,00,2,6,01,B01
201000021783,0,07,000,14,0,1,00,B01
201000021784,0,07,000,00,2,1,15,A01
201000021784,0,31,000,00,2,7,01,B01
201000021785,0,02,000,00,2,1,00,C01
201000021785,0,02,000,00,2,1,13,A01
201000021785,0,32,000,00,2,3,01,B01
201000021786,0,13,000,00,2,3,01,B01
201000021786,0,30,000,00,2,1,01,A01
201000021787,0,07,000,00,2,2,11,A01
201000021787,0,30,000,00,2,8,01,B01
201000021788,0,07,000,00,1,1,00,A01
201000021789,0,02,000,14,0,1,02,A01
201000021789,0,07,000,00,0,6,20,B01
201000021790,0,32,000,00,2,5,01,B01
201000021790,0,07,000,00,2,3,01,A01
201000021791,0,33,000,00,0,9,02,A01
201000021791,0,07,000,05,0,3,02,B01
201000021792,1,07,000,00,0,0,00,Z01
201000021792,0,30,000,00,0,7,02,A01
201000021793,0,07,000,00,2,3,01,B01
201000021793,0,30,000,00,2,1,01,A01
201000021794,0,07,000,00,0,4,01,C01
201000021794,0,07,000,00,0,1,01,A01
201000021794,0,07,000,00,0,4,01,B01
201000021795,0,07,000,00,0,6,02,B01
201000021795,0,32,000,00,2,1,21,A01
201000021796,0,07,000,00,2,8,15,B01
201000021796,0,33,000,00,2,2,17,A01
201000021797,1,07,000,00,2,0,17,Z01
201000021797,0,07,000,00,2,0,01,B01
201000021798,0,07,000,00,2,1,01,A01
201000021798,0,37,001,00,2,6,01,B01
201000021799,0,33,000,00,2,2,02,B01
201000021799,0,07,000,00,2,6,00,A01
201000021800,0,07,000,00,1,2,01,A01
201000021801,0,07,000,00,1,6,04,A01
201000021802,1,07,000,00,2,1,01,Z01
201000021802,0,07,000,00,2,4,01,B01
201000021803,0,07,000,00,2,8,01,A01
201000021803,0,07,000,00,2,3,01,B01
201000021804,0,02,000,00,2,3,10,A01
201000021804,0,07,000,00,2,3,10,B01
201000021805,0,07,000,00,2,1,00,B01
201000021805,0,07,000,00,2,8,10,A01
201000021806,0,31,000,00,1,1,01,A01
201000021807,1,30,000,00,1,1,01,Z01
201000021808,0,07,000,00,2,4,01,B01
201000021808,1,07,000,00,2,1,00,Z01
201000021809,0,32,000,12,2,9,00,B01
201000021809,0,07,000,00,2,1,00,A01
201000021810,0,07,000,00,2,2,11,A01
201000021810,0,07,000,00,2,3,19,B01
201000021811,0,07,000,00,1,3,20,A01
201000021812,0,07,000,00,2,2,15,A01
201000021812,0,33,000,00,2,1,01,B01
201000021813,0,07,000,00,0,8,01,B01
201000021813,0,07,000,00,2,1,00,A01
201000021814,1,07,000,00,2,1,01,Z01
201000021814,0,07,000,00,2,4,01,B01
201000021815,0,07,000,00,2,1,01,C01
201000021815,0,07,000,00,2,6,21,A01
201000021815,0,32,000,00,2,2,17,B01
201000021816,0,07,000,15,0,1,01,A01
201000021817,0,07,000,00,1,2,15,A01
201000021818,0,07,000,06,1,1,11,A01
201000021819,0,07,000,00,2,3,09,A01
201000021819,0,33,000,00,2,1,00,B01
201000021820,0,07,000,00,0,4,02,B01
201000021820,0,07,000,04,2,9,02,A01
201000021821,0,07,000,08,0,1,01,A01
201000021822,0,10,000,00,1,3,01,A01
201000021823,0,07,000,00,1,2,01,A01
201000021824,0,33,000,00,2,1,07,A01
201000021824,0,07,000,00,2,5,11,B01
201000021825,0,34,000,00,2,1,01,B01
201000021825,0,07,000,00,2,2,15,A01
201000021826,0,07,000,00,1,2,01,A01
201000021827,0,07,000,00,2,1,02,A01
201000021827,0,07,000,00,2,4,02,B01
201000021828,0,07,000,00,2,8,01,B01
201000021828,0,32,000,00,2,1,14,A01
201000021829,0,07,000,00,2,4,02,A01
201000021829,0,07,000,00,2,1,01,B01
201000021830,0,07,000,00,2,3,01,B01
201000021830,0,34,000,00,2,1,01,A01
201000021830,0,07,000,00,2,1,24,C01
201000021831,0,30,000,00,0,8,00,A01
201000021832,0,34,000,00,0,1,00,A01
201000021832,0,07,000,00,0,6,00,C01
201000021832,0,33,000,00,0,4,00,B01
201000021833,0,02,000,00,0,9,11,A01
201000021834,0,07,000,00,2,8,01,B01
201000021834,0,07,000,00,2,1,01,A01
201000021835,0,07,000,00,2,5,01,B01
201000021835,0,30,000,00,2,1,01,A01
201000021836,0,02,000,00,2,1,02,A01
201000021836,0,07,000,00,2,3,00,B01
201000021837,0,33,000,00,2,1,02,B01
201000021837,0,07,000,00,1,3,02,A01
201000021838,0,33,000,00,0,1,00,A01
201000021838,0,07,000,00,0,5,01,B01
201000021839,1,07,000,00,2,1,00,Z01
201000021839,0,30,000,00,2,1,01,B01
201000021840,0,32,000,00,2,1,01,B01
201000021840,1,07,000,00,2,6,19,Z01
201000021841,0,30,000,00,2,4,02,A01
201000021841,1,07,000,00,2,1,02,Z01
201000021842,0,07,000,00,2,5,15,A01
201000021842,0,33,000,00,2,1,01,B01
201000021843,0,07,000,00,2,4,01,C01
201000021843,0,07,000,00,2,4,01,B01
201000021843,0,07,000,00,0,1,02,A01
201000021844,0,17,000,00,2,0,00,B01
201000021844,0,32,000,00,9,0,00,A01
201000021845,0,07,000,00,2,4,23,C01
201000021845,0,13,000,00,2,1,01,A01
201000021845,0,07,000,00,2,9,23,B01
201000021846,0,07,000,00,2,7,16,A01
201000021846,0,01,000,00,2,8,06,B01
201000021847,0,33,000,00,0,0,01,A01
201000021848,0,07,000,00,2,1,01,A01
201000021848,0,34,000,00,2,3,01,B01
201000021849,0,34,000,00,2,1,01,A01
201000021849,0,07,000,00,0,5,01,B01
201000021850,0,07,000,00,2,1,01,A01
201000021850,0,07,000,00,2,4,23,B01
201000021851,0,07,000,00,2,1,13,A01
201000021851,0,14,000,00,2,3,01,B01
201000021852,0,07,000,00,0,2,10,A01
201000021852,0,07,000,00,2,3,01,B01
201000021853,0,32,000,00,0,0,01,A01
201000021854,0,01,000,00,2,8,02,B01
201000021854,1,07,000,00,9,7,02,A01
201000021855,0,07,000,00,2,2,01,B01
201000021855,1,02,000,00,2,0,00,Z01
201000021856,0,07,000,00,2,6,15,B01
201000021856,2,07,000,00,2,2,01,A01
201000021857,0,07,000,00,2,6,15,A01
201000021857,1,07,000,00,1,3,13,Z01
201000021858,2,07,000,00,2,1,10,A01
201000021858,0,10,000,00,2,8,01,B01
201000021859,0,34,000,00,2,8,02,A01
201000021859,0,07,000,00,2,7,02,B01
201000021860,1,30,000,00,1,2,07,Z01
201000021861,1,10,000,00,0,0,00,A01
201000021862,1,07,000,00,1,1,16,Z01
201000021863,1,07,000,00,0,0,00,Z01
201000021864,0,34,000,00,2,6,01,B01
201000021864,0,07,000,00,2,8,15,A01
201000021865,0,30,000,08,0,0,15,A01
201000021866,0,07,000,00,2,4,01,B01
201000021866,0,07,000,00,2,1,01,A01
201000021867,0,32,000,00,2,1,01,A01
201000021867,0,07,000,00,2,3,01,B01
201000021868,0,07,000,00,2,4,00,B01
201000021868,0,07,000,00,2,1,02,A01
201000021869,0,10,000,00,2,1,01,A01
201000021869,0,10,000,00,2,4,02,B01
201000021870,0,30,000,00,1,1,01,A01
201000021871,0,07,000,00,1,0,01,Z01