Num_Acc,senc,catv,occutc,obs,obsm,choc,manv,num_veh
201000022232,0,07,000,00,2,1,09,A01
201000022233,0,07,000,00,1,1,01,A01
201000022233,0,07,000,00,2,1,01,B01
201000022234,0,30,000,00,2,1,05,A01
201000022234,0,07,000,00,2,3,15,B01
201000022235,0,32,000,00,0,3,02,A01
201000022236,0,30,000,00,2,3,07,A01
201000022236,0,07,000,00,0,2,16,B01
201000022237,0,32,000,00,0,8,00,A01
201000022238,0,32,000,00,2,6,01,B01
201000022238,0,07,000,00,2,1,01,A01
201000022239,0,07,000,00,0,1,01,A01
201000022240,0,34,000,00,2,8,07,A01
201000022240,0,07,000,00,9,2,16,B01
201000022241,0,07,000,00,2,1,02,A01
201000022241,0,07,000,00,2,4,00,B01
201000022241,0,07,000,00,2,4,02,C01
201000022242,0,07,000,00,2,8,09,A01
201000022242,0,13,000,00,2,2,01,B01
201000022243,0,07,000,00,2,5,10,A01
201000022243,0,33,000,00,2,1,01,B01
201000022244,1,33,000,00,2,8,13,Z01
201000022244,0,34,000,00,2,8,01,A01
201000022245,1,07,000,00,2,1,00,Z01
201000022245,0,32,000,00,2,4,01,B01
201000022246,0,34,000,00,0,7,01,A01
201000022247,0,07,000,00,2,1,02,A01
201000022247,0,07,000,00,2,4,02,B01
201000022248,0,32,000,00,2,0,00,B01
201000022248,0,07,000,00,2,2,00,A01
201000022249,0,07,000,00,0,4,01,B01
201000022249,0,07,000,01,2,1,01,A01
201000022250,0,07,000,00,0,4,02,B01
201000022250,0,07,000,00,2,1,02,A01
201000022251,0,07,000,15,0,2,21,A01
201000022252,0,07,000,00,2,2,10,A01
201000022252,0,30,000,00,2,1,01,B01
201000022253,0,07,000,00,0,2,00,B01
201000022253,0,32,000,00,0,0,00,A01
201000022254,0,33,000,12,0,2,02,A01
201000022255,1,34,000,00,2,0,00,Z01
201000022256,1,30,000,00,1,1,01,Z01
201000022257,0,30,000,00,2,3,01,B01
201000022257,0,07,000,00,2,2,01,A01
201000022258,0,07,000,00,2,1,01,B01
201000022258,0,30,000,00,2,1,01,A01
201000022259,0,33,000,00,1,3,01,A01
201000022260,0,07,000,00,2,5,19,A01
201000022260,0,32,000,00,2,1,01,B01
201000022261,0,02,000,00,1,1,01,A01
201000022262,0,07,000,00,0,0,15,A01
201000022262,0,34,000,00,2,0,01,B01
201000022263,0,07,000,00,2,2,12,A01
201000022263,0,02,000,00,2,1,01,B01
201000022264,0,07,000,00,1,1,09,A01
201000022265,0,07,000,00,1,4,04,A01
201000022266,0,07,000,00,1,1,00,A01
201000022267,0,34,000,00,1,1,00,A01
201000022268,0,34,000,00,1,1,02,A01
201000022269,0,07,000,00,1,2,01,A01
201000022270,0,37,001,00,1,5,01,A01
201000022271,0,07,000,00,1,0,01,A01
201000022272,0,07,000,00,1,1,00,A01
201000022273,1,07,000,00,1,8,01,Z01
201000022274,0,14,000,06,0,1,09,A01
201000022275,0,30,000,00,2,3,01,B01
201000022275,0,33,000,00,2,7,12,A01
201000022276,0,02,000,00,1,1,00,A01
201000022277,0,07,000,00,1,1,01,A01
201000022278,0,07,000,08,0,6,00,A01
201000022278,1,07,000,01,0,2,00,Z01
201000022279,0,07,000,00,2,2,15,A01
201000022279,0,32,000,00,2,1,00,B01
201000022280,0,14,000,00,1,7,01,A01
201000022281,0,07,000,00,2,7,10,A01
201000022281,0,30,000,00,2,1,01,B01
201000022282,0,07,000,00,2,2,01,A01
201000022282,0,07,000,00,2,4,01,B01
201000022283,0,07,000,00,2,3,15,A01
201000022283,0,32,000,00,2,1,01,B01
201000022284,0,32,000,00,2,9,01,B01
201000022284,0,07,000,00,2,2,15,A01
201000022285,0,07,000,00,2,8,15,A01
201000022285,1,07,000,00,2,7,15,Z01
201000022286,0,07,000,00,2,4,02,A01
201000022286,1,07,000,00,2,7,13,Z01
201000022287,0,30,000,00,2,1,02,A01
201000022287,0,07,000,00,0,4,02,B01
201000022288,0,07,000,00,0,6,01,B01
201000022288,0,02,000,00,2,1,02,A01
201000022289,0,07,000,00,1,7,01,A01
201000022290,0,07,000,00,2,4,02,A01
201000022290,0,07,000,00,2,4,23,B01
201000022291,0,07,000,00,2,1,15,A01
201000022291,0,30,000,00,2,7,01,B01
201000022292,0,07,000,00,2,3,15,A01
201000022292,0,32,000,00,2,7,01,B01
201000022293,0,07,000,00,2,7,24,C01
201000022293,0,33,000,01,2,1,01,A01
201000022293,0,07,000,00,2,0,20,B01
201000022294,0,31,000,00,2,1,02,B01
201000022294,0,07,000,00,2,1,09,A01
201000022295,0,07,000,00,2,1,02,A01
201000022295,0,07,000,00,2,4,02,B01
201000022296,0,07,000,00,1,4,04,A01
201000022297,0,34,000,00,0,4,01,B01
201000022297,0,07,000,00,2,1,02,A01
201000022298,0,07,000,00,2,2,17,A01
201000022298,0,36,000,00,2,1,01,B01
201000022299,0,07,000,00,0,7,12,B01
201000022299,0,30,000,00,2,3,01,A01
201000022300,0,07,000,00,0,8,20,A01
201000022300,0,30,000,00,2,7,01,B01
201000022301,0,07,000,00,1,2,01,A01
201000022302,0,33,000,00,2,1,01,B01
201000022302,0,07,000,00,0,6,01,A01
201000022303,0,30,000,00,2,4,02,B01
201000022303,0,30,000,00,2,2,02,A01
201000022304,0,07,000,00,2,8,02,A01
201000022304,0,33,000,00,2,2,02,B01
201000022305,0,07,000,00,1,1,00,A01
201000022306,0,07,000,00,2,1,00,A01
201000022306,0,07,000,00,2,6,13,B01
201000022307,0,01,000,00,2,4,01,B01
201000022307,1,07,000,00,2,1,01,Z01
201000022308,0,07,000,00,2,1,01,B01
201000022308,0,07,000,00,2,3,01,A01
201000022309,1,07,000,00,2,2,01,Z01
201000022310,0,33,000,00,2,1,01,B01
201000022310,0,07,000,00,2,3,09,A01
201000022311,0,34,000,00,2,0,01,B01
201000022311,1,30,000,00,2,0,01,Z01
201000022312,0,34,000,00,2,0,01,B01
201000022312,1,07,000,00,2,0,09,Z01
201000022313,1,30,000,00,2,1,00,B01
201000022313,1,07,000,00,0,0,00,Z01
201000022314,0,33,000,00,0,1,01,A01
201000022315,0,07,000,00,2,1,06,A01
201000022315,0,32,000,00,2,1,03,B01
201000022316,1,07,000,00,1,1,01,Z01
201000022317,0,30,000,00,2,0,21,B01
201000022317,1,07,000,00,2,0,01,Z01
201000022318,1,07,000,00,2,1,02,Z01
201000022318,0,33,000,00,2,4,02,B01
201000022319,0,07,000,00,0,0,00,B01
201000022319,1,07,000,00,2,1,01,Z01
201000022320,1,07,000,00,2,7,02,Z01
201000022320,0,34,000,00,2,8,01,B01
201000022321,1,07,000,00,2,1,01,Z01
201000022321,0,33,000,00,2,4,01,B01
201000022322,1,07,000,00,1,1,01,Z01
201000022323,0,30,000,00,2,1,03,A01
201000022323,0,07,000,00,0,1,00,B01
201000022324,0,02,000,00,1,1,18,A01
201000022325,0,07,000,00,1,1,21,A01
201000022326,0,02,000,12,0,0,00,A01
201000022327,0,07,000,00,2,1,01,A01
201000022327,0,07,000,00,2,3,09,B01
201000022328,0,07,000,00,9,2,01,B01
201000022328,0,01,000,00,2,8,19,A01
201000022329,0,33,000,08,2,8,01,B01
201000022329,0,07,000,00,2,3,15,A01
201000022330,0,33,000,00,0,7,01,A01
201000022330,0,07,000,00,2,1,15,B01
201000022331,0,30,000,00,2,1,03,A01
201000022331,0,33,000,00,2,1,01,B01
201000022332,0,07,000,00,0,4,02,B01
201000022332,0,07,000,00,0,1,02,A01
201000022333,0,07,000,00,1,3,09,A01
201000022334,1,07,000,00,1,5,01,Z01
201000022335,0,07,000,00,2,4,01,C01
201000022335,0,07,000,00,2,4,01,D01
201000022335,0,07,000,00,2,4,01,B01
201000022335,0,07,000,00,2,1,01,A01
201000022336,0,10,000,08,2,1,01,B01
201000022336,0,07,000,15,2,1,01,A01
201000022337,0,07,000,00,2,0,01,A01
201000022337,0,32,000,00,2,7,01,B01
201000022338,1,10,000,00,0,7,01,Z01
201000022339,0,37,001,00,2,1,01,B01
201000022339,0,07,000,00,2,1,05,A01
201000022340,0,30,000,00,2,1,23,A01
201000022340,1,07,000,00,2,4,04,Z01
201000022341,0,07,000,00,2,7,00,A01
201000022342,0,07,000,00,2,3,10,A01
201000022342,0,33,000,00,2,1,02,B01
201000022343,0,02,000,01,0,3,00,A01
201000022343,0,07,000,00,0,3,00,B01
201000022344,0,02,000,00,2,0,01,A01
201000022344,0,07,000,00,2,0,00,B01
201000022345,0,07,000,00,1,1,00,A01
201000022346,0,34,000,00,2,3,02,B01
201000022346,0,07,000,00,2,1,01,A01
201000022347,0,07,000,00,2,2,15,A01
201000022347,0,30,000,00,0,0,00,B01
201000022348,0,01,000,00,1,1,01,A01
201000022349,0,10,000,00,2,2,09,A01
201000022349,0,32,000,00,2,3,01,B01
201000022350,0,07,000,00,2,3,00,A01
201000022350,0,32,000,00,2,1,21,B01
201000022351,0,07,000,14,0,9,01,A01
201000022352,0,02,000,00,2,1,17,A01
201000022352,0,07,000,00,2,3,15,B01
201000022353,1,07,000,00,1,4,04,Z01
201000022354,0,10,000,00,2,8,10,A01
201000022354,0,32,000,00,2,2,02,B01
201000022355,0,31,000,00,1,3,01,A01
201000022356,0,07,000,00,1,4,04,A01
201000022357,0,33,000,00,1,1,01,A01
201000022358,0,30,000,00,2,9,21,B01
201000022358,0,07,000,00,0,8,10,A01
201000022359,0,07,000,00,0,9,01,A01
201000022360,0,07,000,00,2,1,02,A01
201000022360,0,07,000,00,2,4,02,B01
201000022361,0,07,000,00,2,4,01,A01
201000022361,1,07,000,00,2,1,01,Z01
201000022362,0,07,000,00,2,6,02,B01
201000022362,0,32,000,00,2,1,02,A01
201000022363,1,07,000,00,1,1,01,Z01
201000022364,0,07,000,01,2,8,01,B01
201000022364,1,07,000,00,2,2,15,Z01
201000022365,0,07,000,00,2,6,13,A01
201000022365,0,33,000,00,2,7,01,B01
201000022366,0,07,000,00,2,3,13,A01
201000022366,0,02,000,00,2,6,01,B01
201000022367,0,07,000,00,2,5,01,A01
201000022367,0,30,000,00,2,1,01,B01
201000022368,0,30,000,16,0,5,01,A01
201000022368,0,07,000,00,0,8,02,B01
201000022369,0,07,000,00,2,2,01,B01
201000022369,0,07,000,00,2,3,10,A01
201000022370,0,07,000,00,2,5,17,B01
201000022370,0,07,000,00,2,3,01,A01
201000022371,0,07,000,00,1,8,01,A01
201000022372,0,07,000,00,2,2,02,A01
201000022372,0,07,000,00,2,6,02,B01
201000022373,0,07,000,00,2,3,15,A01
201000022373,0,07,000,00,2,3,01,B01
201000022374,0,07,000,00,2,2,15,A01
201000022374,0,07,000,00,2,2,01,B01
201000022375,0,30,000,00,2,7,15,A01
201000022375,0,07,000,00,2,1,01,B01
201000022376,0,31,000,00,2,7,12,A01
201000022376,1,07,000,00,0,2,12,Z01
201000022377,0,15,000,00,1,1,01,A01
201000022378,0,30,000,00,2,1,17,B01
201000022378,0,07,000,00,2,0,15,A01
201000022379,0,10,000,00,2,9,13,A01
201000022379,0,07,000,00,2,7,01,B01
201000022380,0,07,000,00,2,4,01,C01
201000022380,0,07,000,00,2,4,01,B01
201000022380,0,10,000,00,2,1,01,A01
201000022381,1,02,000,00,1,1,00,Z01
201000022382,1,07,000,00,0,0,11,Z01
201000022382,0,02,000,00,2,1,21,B01
201000022382,0,07,000,00,2,7,01,C01
201000022383,0,07,000,00,1,1,00,A01
201000022384,0,07,000,00,2,4,01,B01
201000022384,0,10,000,00,2,1,01,A01
201000022385,0,07,000,00,2,3,15,A01
201000022385,0,33,000,00,2,7,17,B01
201000022386,0,07,000,00,2,4,00,C01
201000022386,0,07,000,00,2,1,00,A01
201000022386,0,07,000,00,2,4,00,B01
201000022387,0,30,000,00,0,0,16,A01
201000022388,0,07,000,00,2,7,15,A01
201000022388,0,30,000,00,2,1,01,B01
201000022389,0,33,000,09,0,9,01,A01
201000022390,1,34,000,00,1,1,01,Z01
201000022391,1,07,000,00,2,1,01,Z01
201000022391,0,33,000,00,2,6,01,B01
201000022392,0,07,000,00,2,2,01,B01
201000022392,0,07,000,00,2,8,09,A01
201000022393,0,07,000,00,1,2,01,A01
201000022394,0,07,000,00,1,1,01,A01
201000022395,0,07,000,00,2,1,15,B01
201000022395,0,02,000,00,2,1,01,A01
201000022396,0,07,000,00,2,8,09,A01
201000022396,0,32,000,00,2,1,01,B01
201000022397,0,33,000,03,0,1,01,A01
201000022398,0,07,000,00,1,2,00,A01
201000022399,0,02,000,00,2,8,11,A01
201000022399,0,15,000,00,2,5,01,B01
201000022400,0,33,000,00,0,0,01,A01
201000022401,0,30,000,00,2,1,02,A01
201000022401,0,99,000,01,0,4,02,B01
201000022402,0,07,000,00,2,3,01,B01
201000022402,0,32,000,00,2,1,17,A01
201000022403,0,10,000,00,2,2,05,A01
201000022403,0,32,000,00,2,3,01,B01
201000022404,0,07,000,00,2,6,15,A01
201000022404,0,33,000,00,2,2,17,B01
201000022405,0,07,000,00,2,1,02,A01
201000022405,0,07,000,00,2,4,02,B01
201000022406,0,30,000,00,2,1,15,A01
201000022406,2,30,000,00,2,3,01,Z01
201000022407,0,07,000,00,2,8,09,B01
201000022407,0,32,000,00,2,1,00,A01
201000022408,0,32,000,00,0,7,00,A01
201000022409,0,07,000,00,1,5,02,A01
201000022410,0,34,000,00,2,0,01,B01
201000022410,1,07,000,00,2,0,00,Z01
201000022411,0,30,000,00,2,0,01,B01
201000022411,1,07,000,00,2,0,00,Z01
201000022412,1,32,000,00,1,1,01,Z01
201000022413,0,30,000,00,2,0,23,B01
201000022413,1,07,000,00,2,0,01,Z01
201000022414,1,07,000,00,0,0,00,Z01
201000022414,0,30,000,00,2,8,01,B01
201000022415,0,01,000,00,2,0,00,B01
201000022415,1,30,000,00,2,0,01,Z01
201000022416,0,07,000,00,2,1,09,A01
201000022416,0,32,000,15,2,7,17,B01
201000022417,0,33,000,00,2,1,02,B01
201000022417,0,07,000,00,2,7,10,A01
201000022418,0,33,000,00,2,3,01,A01
201000022418,0,07,000,00,0,3,00,B01
201000022419,0,07,000,15,0,1,00,A01
201000022420,0,07,000,00,2,1,02,A01
201000022420,0,07,000,00,2,4,02,C01
201000022420,0,07,000,00,2,1,02,B01
201000022421,0,33,000,00,2,2,01,B01
201000022421,0,07,000,00,2,8,11,A01
201000022422,0,32,000,01,0,2,21,A01
201000022423,0,07,000,00,2,1,15,A01
201000022423,0,30,000,00,2,2,17,B01
201000022424,0,32,000,00,0,1,00,A01
201000022424,1,07,000,00,0,0,00,Z01
201000022425,0,33,000,00,2,0,01,B01
201000022425,1,07,000,00,2,0,00,Z01
201000022426,0,07,000,00,2,1,02,B01
201000022426,0,07,000,00,2,1,00,A01
201000022427,0,33,000,00,2,1,01,B01
201000022427,0,07,000,00,2,3,15,A01
201000022428,0,07,000,00,2,3,01,B01
201000022428,0,07,000,00,2,1,01,A01
201000022429,0,07,000,00,2,1,01,B01
201000022429,0,07,000,01,0,8,10,A01
201000022430,0,30,000,00,2,1,01,B01
201000022430,1,07,000,00,2,0,15,Z01
201000022431,1,07,000,00,2,0,00,Z01
201000022431,0,07,000,00,2,0,01,B01
201000022432,0,30,000,00,2,0,01,B01
201000022432,1,07,000,00,2,1,15,Z01
201000022433,1,07,000,00,1,0,01,Z01
201000022434,1,07,000,00,1,1,01,Z01
201000022435,0,10,000,00,0,4,23,B01
201000022435,0,30,000,00,2,1,01,A01
201000022436,0,07,000,00,2,1,16,A01
201000022436,0,07,000,00,2,3,01,B01
201000022437,0,07,000,00,2,4,02,B01
201000022437,0,07,000,00,2,1,02,A01
201000022438,1,07,000,00,2,1,06,B01
201000022438,0,34,000,00,2,5,01,A01
201000022439,0,32,000,00,2,1,01,B01
201000022439,1,07,000,00,2,7,10,Z01
201000022440,0,07,000,00,2,1,00,B01
201000022440,0,30,000,00,2,0,09,A01
201000022441,1,99,000,00,0,0,00,Z01
201000022441,0,30,000,00,0,1,02,B01
201000022442,0,07,000,00,2,1,09,A01
201000022442,0,07,000,00,2,7,01,B01
201000022443,0,02,000,01,0,2,14,A01
201000022444,0,07,000,00,2,1,02,A01
201000022444,0,07,000,00,2,6,10,B01
201000022445,0,07,000,00,1,0,01,A01
201000022446,1,07,000,00,2,0,00,Z01
201000022446,0,34,000,00,2,0,00,B01
201000022447,0,07,000,00,2,1,02,A01
201000022447,0,07,000,00,2,4,02,B01
201000022448,1,31,000,00,2,0,16,Z01
201000022448,0,33,000,00,2,3,01,A01
201000022449,0,07,000,00,2,1,02,A01
201000022449,0,07,000,00,0,4,02,B01
201000022450,0,34,000,00,2,8,00,A01
201000022450,0,07,000,00,2,1,15,B01
201000022451,0,07,000,00,2,3,10,A01
201000022451,0,32,000,00,2,1,01,B01
201000022452,0,37,000,00,1,5,01,A01
201000022453,0,07,000,00,2,7,01,A01
201000022453,0,07,000,00,2,3,01,B01
201000022454,0,07,000,00,2,4,02,B01
201000022454,0,07,000,00,2,1,02,A01
201000022455,0,07,000,00,2,1,05,A01
201000022455,0,07,000,00,2,1,01,B01
201000022456,0,33,000,00,2,7,09,B01
201000022456,0,07,000,00,2,3,09,A01
201000022457,0,02,000,00,0,7,01,B01
201000022457,0,10,000,00,2,1,16,A01
201000022458,0,02,000,00,2,1,00,B01
201000022458,0,07,000,00,2,2,15,A01
201000022459,0,32,000,01,0,2,01,A01
201000022460,0,31,000,16,0,3,01,A01
201000022461,0,07,000,00,2,4,02,B01
201000022461,0,07,000,00,2,1,02,A01
201000022462,0,07,000,00,1,2,01,A01
201000022463,0,07,000,00,1,4,04,A01
201000022464,0,32,000,00,2,1,07,A01
201000022464,0,07,000,00,2,2,02,B01
201000022465,0,30,000,00,2,1,01,B01
201000022465,1,30,000,00,2,1,01,Z01
201000022466,0,07,000,00,1,3,01,A01
201000022467,0,07,000,00,1,1,01,B01
201000022468,0,07,000,00,0,1,01,A01
201000022468,0,07,000,00,0,1,01,B01
201000022469,0,07,000,00,1,8,01,A01
201000022470,0,07,000,00,0,5,01,B01
201000022470,0,07,000,00,2,3,23,C01
201000022470,1,07,000,00,2,2,01,Z01
201000022471,0,07,000,00,1,1,16,A01
201000022472,0,02,000,00,0,4,00,A01
201000022472,1,07,000,00,0,1,00,Z01
201000022473,1,30,000,00,0,0,00,Z01
201000022473,2,07,000,00,0,1,00,A01
201000022474,0,07,000,00,2,8,01,B01
201000022474,0,10,000,00,2,1,01,A01
201000022475,0,32,000,00,2,1,08,A01
201000022475,0,07,000,00,2,5,15,B01
201000022476,0,07,000,00,0,8,01,A01
201000022476,0,32,000,00,0,1,01,B01
201000022477,0,07,000,00,0,0,10,A01
201000022477,0,32,000,00,0,1,17,B01
201000022478,0,07,000,00,2,3,09,A01
201000022478,0,30,000,00,2,5,00,B01
201000022479,0,07,000,00,1,0,02,A01
201000022480,0,07,000,00,2,4,01,C01
201000022480,0,07,000,00,2,4,01,D01
201000022480,0,07,000,00,2,4,01,B01
201000022480,0,07,000,00,2,1,01,A01
201000022481,1,32,000,00,1,0,05,Z01
201000022482,0,07,000,00,0,1,02,A01
201000022482,0,02,000,00,0,0,00,B01
201000022483,0,07,000,00,1,3,01,A01
201000022484,0,07,000,00,0,8,00,A01
201000022484,0,17,000,00,0,0,00,B01
201000022485,0,02,000,00,2,1,02,A01
201000022485,1,02,000,00,2,0,05,Z01
201000022486,0,07,000,00,1,1,01,A01
201000022487,0,07,000,00,1,6,01,A01
201000022488,0,07,000,00,2,3,01,B01
201000022488,1,07,000,00,2,1,01,Z01
201000022489,0,07,000,00,2,1,02,A01
201000022489,0,07,000,00,2,4,23,B01
201000022490,0,02,000,00,2,0,01,A01
201000022490,0,07,000,00,2,1,01,B01
201000022491,0,07,000,00,1,1,01,A01
201000022492,0,33,000,00,2,1,05,B01
201000022492,0,07,000,00,2,3,10,A01
201000022493,0,34,000,00,2,3,02,B01
201000022493,0,07,000,00,2,0,09,A01
201000022494,0,34,000,00,1,1,00,B01
201000022495,0,07,000,09,2,2,01,A01
201000022495,0,07,000,00,2,6,24,B01
201000022496,0,07,000,00,2,3,22,A01
201000022496,0,30,000,01,0,2,01,B01
201000022497,0,30,000,00,2,7,01,A01
201000022497,0,07,000,00,9,1,01,B01
201000022498,0,07,000,00,2,6,01,B01
201000022498,0,31,000,00,2,1,01,A01
201000022499,0,07,000,00,2,2,16,A01
201000022499,0,32,000,00,2,1,07,B01
201000022500,0,07,000,00,2,1,01,A01
201000022500,0,30,000,00,2,1,01,B01
201000022501,0,02,000,00,2,1,02,A01
201000022501,0,07,000,00,0,4,02,B01
201000022502,0,07,000,00,2,3,15,A01
201000022502,0,32,000,00,2,5,01,B01
201000022503,0,07,000,00,1,0,00,A01
201000022504,0,07,000,00,1,1,01,A01
201000022505,0,30,000,00,2,8,01,B01
201000022505,1,07,000,00,2,6,12,Z01
201000022506,1,07,000,00,1,7,00,Z01
201000022507,1,07,000,00,1,1,00,Z01
201000022508,0,07,000,00,2,3,15,B01
201000022508,0,31,000,00,2,1,01,A01
201000022509,0,07,000,00,2,2,02,A01
201000022509,0,07,000,00,0,6,02,B01
201000022510,0,07,000,00,2,2,09,A01
201000022510,0,33,000,00,2,1,01,B01
201000022511,0,07,000,00,0,0,23,B01
201000022511,0,33,000,00,0,3,21,A01
201000022512,0,07,000,00,2,3,15,B01
201000022512,0,30,000,00,2,1,01,A01
201000022513,0,13,000,00,2,5,04,A01
201000022513,0,31,000,00,2,1,01,B01
201000022514,0,07,000,00,2,1,00,B01
201000022514,0,33,000,00,2,4,01,A01
201000022515,1,07,000,00,2,1,02,Z01
201000022515,0,30,000,00,2,4,23,A01
201000022516,0,07,000,00,2,2,01,A01
201000022516,0,31,000,00,2,1,01,B01
201000022517,0,30,000,00,2,1,01,A01
201000022517,0,07,000,00,2,2,15,B01
201000022518,1,07,000,00,1,1,01,Z01
201000022519,1,07,000,00,1,7,01,Z01
201000022520,0,02,000,00,2,1,17,A01
201000022520,0,33,000,00,2,1,01,B01
201000022521,0,32,000,00,0,1,00,A01
201000022522,0,33,000,00,0,0,00,A01
201000022523,0,07,000,00,1,7,00,A01
201000022524,0,07,000,00,1,1,01,A01
201000022525,0,33,000,00,2,1,00,B01
201000022525,0,07,000,00,2,5,01,A01
201000022526,0,07,000,00,2,0,00,A01
201000022526,0,30,000,00,2,2,00,B01
201000022527,0,01,000,00,2,0,01,B01
201000022527,1,07,000,00,2,0,01,Z01
201000022528,1,07,000,00,2,0,01,Z01
201000022528,0,32,000,00,2,3,01,B01
201000022529,0,03,000,15,0,1,01,A01
201000022530,0,07,000,00,2,7,20,A01
201000022530,0,30,000,00,2,1,01,B01
201000022531,0,02,000,00,2,0,00,A01
201000022531,0,33,000,00,2,0,00,B01
201000022532,0,07,000,00,2,6,04,B01
201000022532,0,07,000,00,2,7,00,A01
201000022533,0,07,000,00,2,7,11,A01
201000022533,0,34,000,00,2,1,01,B01
201000022534,0,30,000,00,0,7,05,A01
201000022535,0,07,000,00,1,1,01,A01
201000022535,0,30,000,00,0,0,01,B01
201000022536,0,07,000,01,0,0,00,A01
201000022536,0,15,000,00,0,6,00,B01
201000022537,0,07,000,00,0,8,10,A01
201000022537,0,30,000,00,2,1,01,B01
201000022538,0,07,000,00,2,8,01,B01
201000022538,1,13,000,00,2,0,00,Z01
201000022539,1,07,000,00,1,1,01,Z01
201000022540,0,07,000,00,2,4,23,B01
201000022540,1,07,000,00,2,1,01,Z01
201000022541,1,07,000,00,2,1,05,Z01
201000022541,0,02,000,00,2,1,01,B01
201000022542,1,07,000,00,1,1,01,Z01
201000022543,0,07,000,00,2,1,01,B01
201000022544,1,07,000,00,2,0,01,Z01
201000022544,0,01,000,00,2,0,01,B01
201000022545,1,07,000,00,2,0,01,Z01
201000022545,0,32,000,00,2,0,01,B01
201000022546,1,30,000,00,2,1,01,Z01
201000022547,0,32,000,00,0,1,15,A01
201000022547,0,07,000,00,0,0,15,B01
201000022548,0,33,000,00,2,1,01,D01
201000022548,0,07,000,00,2,3,11,A01
201000022548,0,07,000,00,2,4,01,C01
201000022548,0,33,000,00,2,1,02,B01
201000022549,0,07,000,00,2,3,01,A01
201000022549,0,33,000,00,2,5,12,B01
201000022550,0,30,000,00,2,1,00,A01
201000022550,0,30,000,00,2,1,00,B01
201000022551,0,01,000,00,2,3,01,B01
201000022551,0,07,000,00,9,3,15,A01
201000022552,0,07,000,00,1,1,01,A01
201000022553,0,31,000,00,2,0,01,A01
201000022553,0,07,000,00,2,0,16,B01
201000022554,0,07,000,06,0,1,02,A01
201000022555,0,07,000,00,2,4,02,A01
201000022555,0,07,000,00,2,1,02,B01
201000022556,0,07,000,00,2,6,01,C01
201000022556,0,07,000,00,2,2,02,B01
201000022556,0,33,000,00,2,0,02,A01
201000022557,0,07,000,00,1,3,01,A01
201000022558,0,07,000,00,2,4,02,B01
201000022558,0,07,000,00,2,4,02,D01
201000022558,0,07,000,00,2,4,02,C01
201000022558,0,07,000,00,2,1,02,A01
201000022559,0,07,000,00,2,6,13,A01
201000022559,0,02,000,00,2,2,17,B01
201000022560,0,07,000,00,2,5,19,A01
201000022560,0,02,000,00,2,1,01,B01
201000022561,0,07,000,00,2,6,10,A01
201000022561,0,32,000,00,2,2,01,B01
201000022562,0,07,000,00,2,3,01,C01
201000022562,0,33,000,00,2,1,13,A01
201000022562,0,07,000,00,2,1,01,B01
201000022563,0,10,000,00,1,4,04,A01
201000022564,0,33,000,00,2,0,01,B01
201000022564,1,07,000,00,2,0,00,Z01
201000022565,0,07,000,00,2,2,02,B01
201000022565,0,07,000,00,2,5,15,A01
201000022566,0,07,000,00,2,3,00,A01
201000022566,0,07,000,00,2,2,01,B01
201000022567,0,07,000,00,2,5,01,B01
201000022567,0,07,000,00,2,1,09,A01
201000022568,0,02,000,00,2,1,02,B01
201000022568,0,07,000,00,2,7,15,A01
201000022569,0,07,000,00,2,3,01,B01
201000022569,0,34,000,00,2,1,13,A01
201000022570,0,07,000,00,2,3,15,A01
201000022570,0,07,000,00,2,1,01,B01
201000022571,0,07,000,00,2,1,01,A01
201000022571,0,07,000,00,2,3,01,B01
201000022572,0,02,000,00,0,0,01,A01
201000022573,0,01,000,00,2,1,01,A01
201000022573,0,07,000,00,9,3,15,B01
201000022574,0,33,000,00,2,2,17,B01
201000022574,0,07,000,00,2,3,15,A01
201000022575,0,07,000,00,2,1,02,A01
201000022575,0,07,000,00,0,4,23,B01
201000022576,0,07,000,00,2,3,11,A01
201000022576,0,31,000,00,2,4,01,B01
201000022577,0,31,000,00,1,1,01,A01
201000022578,0,30,000,01,0,1,01,A01
201000022578,0,37,001,00,2,6,23,B01
201000022579,0,07,000,00,2,6,01,B01
201000022579,1,07,000,14,0,1,00,A01
201000022580,1,99,000,00,1,0,00,Z01
201000022581,0,07,000,00,2,1,00,B01
201000022581,0,30,000,00,2,2,00,A01
201000022582,0,07,000,00,1,6,04,A01
201000022583,0,33,000,00,2,1,01,B01
201000022583,0,07,000,00,2,2,15,A01
201000022584,0,33,000,00,1,1,01,A01
201000022585,0,07,000,00,2,1,19,A01
201000022585,0,33,000,08,2,8,01,B01
201000022586,0,31,000,00,1,1,01,A01
201000022587,0,33,000,00,2,0,02,A01
201000022587,1,32,000,00,2,5,11,Z01
201000022588,0,32,000,00,2,3,01,B01
201000022588,0,07,000,00,2,7,09,A01
201000022589,0,33,000,00,2,3,01,B01
201000022589,0,07,000,00,2,2,14,A01
201000022590,0,07,000,00,2,4,13,A01
201000022590,0,31,000,00,2,1,01,B01
201000022591,0,07,000,00,1,3,01,A01
201000022592,0,07,000,00,1,2,00,A01
201000022593,0,07,000,00,2,1,02,A01
201000022593,0,07,000,00,2,5,02,B01
201000022594,0,32,000,00,2,1,12,A01
201000022594,0,07,000,00,2,4,12,B01
201000022595,0,07,000,01,2,8,22,A01
201000022595,0,32,000,00,2,1,00,B01
201000022596,0,33,000,11,0,1,17,A01
201000022597,0,07,000,15,0,1,01,A01