Num_Acc,senc,catv,occutc,obs,obsm,choc,manv,num_veh
201000022598,0,07,000,01,2,8,00,A01
201000022598,1,07,000,00,2,0,00,Z01
201000022599,0,07,000,00,0,1,09,A01
201000022599,0,07,000,00,0,7,01,B01
201000022600,0,33,000,00,0,0,21,B01
201000022600,1,07,000,00,0,0,00,Z01
201000022601,0,07,000,00,2,1,01,B01
201000022601,0,07,000,16,0,1,06,A01
201000022602,1,10,000,00,1,4,04,Z01
201000022603,0,07,000,00,0,4,02,B01
201000022603,0,07,000,00,2,1,02,A01
201000022604,0,30,000,01,9,1,17,B01
201000022604,0,07,000,00,2,6,01,C01
201000022604,0,07,000,00,2,8,22,A01
201000022605,0,07,000,00,2,3,15,A01
201000022605,0,07,000,00,2,1,01,B01
201000022606,0,33,000,00,1,1,21,A01
201000022607,0,07,000,00,2,4,01,B01
201000022607,1,07,000,00,2,1,02,Z01
201000022608,0,30,000,00,2,1,02,A01
201000022608,0,07,000,00,2,3,02,B01
201000022609,0,07,000,00,2,1,02,A01
201000022609,0,07,000,00,2,4,02,B01
201000022610,0,07,000,00,2,2,00,A01
201000022610,0,37,003,00,2,3,01,B01
201000022611,0,99,000,00,0,4,00,B01
201000022611,0,07,000,00,0,1,00,A01
201000022612,0,07,000,00,0,4,00,B01
201000022612,0,32,000,00,0,1,02,A01
201000022613,0,07,000,00,2,4,02,B01
201000022613,0,07,000,00,2,1,02,A01
201000022614,1,07,000,00,2,1,01,Z01
201000022614,0,07,000,00,2,0,01,B01
201000022615,0,07,000,00,0,3,02,A01
201000022615,0,33,000,00,2,2,02,B01
201000022616,0,07,000,00,1,1,02,A01
201000022617,0,07,000,00,2,1,01,A01
201000022617,0,02,000,00,2,3,23,B01
201000022618,0,32,000,00,2,3,01,B01
201000022618,0,07,000,00,2,2,19,A01
201000022619,1,30,000,00,2,7,03,Z01
201000022619,0,07,000,00,2,8,24,B01
201000022620,0,30,000,00,2,1,01,A01
201000022620,1,07,000,00,2,0,09,Z01
201000022621,0,07,000,00,2,1,01,B01
201000022621,0,07,000,00,2,2,15,A01
201000022622,0,07,000,00,2,3,00,A01
201000022622,0,07,000,00,2,3,00,B01
201000022623,0,07,000,00,0,0,00,A01
201000022624,0,34,000,00,9,0,00,A01
201000022625,0,02,000,00,2,2,15,A01
201000022625,0,07,000,00,2,8,15,B01
201000022626,0,10,000,00,0,4,02,B01
201000022626,0,07,000,00,0,1,02,A01
201000022627,0,30,000,00,2,3,17,A01
201000022627,0,07,000,00,2,8,15,B01
201000022628,1,07,000,00,1,1,01,Z01
201000022629,0,32,000,00,2,1,01,B01
201000022629,0,07,000,00,2,3,15,A01
201000022630,0,07,000,00,2,8,22,A01
201000022630,0,99,000,01,0,2,00,B01
201000022631,0,30,000,00,0,7,01,A01
201000022632,0,07,000,00,2,2,15,A01
201000022632,0,30,000,00,2,7,01,B01
201000022633,0,10,000,00,2,6,10,A01
201000022633,0,33,000,00,2,1,01,B01
201000022634,0,32,000,00,1,1,02,A01
201000022635,0,02,000,00,2,1,01,A01
201000022635,0,07,000,00,2,3,01,B01
201000022636,0,07,000,00,0,4,02,C01
201000022636,0,07,000,00,0,1,02,A01
201000022636,0,07,000,00,0,4,02,B01
201000022637,0,07,000,00,0,7,02,B01
201000022637,0,07,000,00,0,8,24,A01
201000022638,0,07,000,00,0,0,00,A01
201000022639,0,07,000,00,1,1,01,A01
201000022640,0,07,000,00,0,8,11,B01
201000022640,0,34,000,00,2,8,01,A01
201000022641,0,07,000,00,2,1,02,A01
201000022641,0,33,000,00,2,1,02,B01
201000022642,0,07,000,00,2,7,15,A01
201000022642,0,30,000,00,2,1,02,B01
201000022643,0,07,000,00,0,0,15,A01
201000022643,0,02,000,00,0,1,02,B01
201000022644,0,07,000,00,1,1,01,A01
201000022645,0,07,000,00,2,3,09,A01
201000022645,0,34,000,00,2,1,01,B01
201000022646,0,30,000,00,1,1,01,A01
201000022647,0,07,000,00,0,1,02,E01
201000022647,0,02,000,00,2,1,02,C01
201000022647,0,31,000,00,2,1,02,B01
201000022647,0,07,000,00,0,8,01,D01
201000022647,0,07,000,00,0,8,09,A01
201000022648,0,07,000,00,2,2,12,A01
201000022648,0,30,000,00,2,3,01,B01
201000022649,0,32,000,00,1,8,03,A01
201000022650,0,07,000,00,2,4,23,B01
201000022650,0,07,000,00,2,5,23,C01
201000022650,0,33,000,00,1,0,21,A01
201000022651,0,07,000,02,0,8,01,A01
201000022652,0,07,000,00,2,7,01,B01
201000022652,0,07,000,00,2,1,09,A01
201000022653,0,07,000,00,2,3,01,A01
201000022653,0,07,000,00,2,6,15,B01
201000022654,0,34,000,00,2,1,01,B01
201000022654,0,07,000,00,2,5,19,A01
201000022655,0,34,000,00,2,5,03,B01
201000022655,0,07,000,00,2,2,15,A01
201000022656,0,33,000,00,2,7,17,A01
201000022656,0,07,000,00,2,3,01,B01
201000022657,0,07,000,13,0,1,00,A01
201000022658,0,02,000,00,0,2,01,A01
201000022659,0,33,000,00,2,3,01,A01
201000022659,0,07,000,00,2,3,11,B01
201000022660,0,07,000,00,2,8,02,A01
201000022660,0,30,000,00,2,7,02,B01
201000022661,0,07,000,00,2,2,00,A01
201000022661,0,31,000,00,0,1,02,B01
201000022662,0,07,000,00,2,1,01,A01
201000022662,0,07,000,00,0,2,01,B01
201000022663,1,34,000,00,1,1,00,A01
201000022664,1,07,000,00,0,0,00,Z01
201000022664,0,07,000,00,2,8,01,B01
201000022665,1,99,000,00,0,0,00,Z01
201000022666,0,32,000,00,2,8,00,A01
201000022666,1,07,000,00,2,0,00,Z01
201000022667,1,07,000,00,2,0,02,Z01
201000022667,0,07,000,00,2,4,23,A01
201000022668,0,07,000,00,2,1,01,C01
201000022668,0,07,000,00,2,1,01,B01
201000022668,0,07,000,00,2,1,05,A01
201000022669,0,31,000,14,0,7,01,B01
201000022670,0,07,000,06,0,1,00,A01
201000022671,0,07,000,03,0,4,00,A01
201000022672,0,07,000,00,2,6,11,A01
201000022672,0,33,000,00,2,3,06,B01
201000022673,0,07,000,00,2,5,15,B01
201000022673,0,07,000,00,2,1,01,A01
201000022674,0,32,000,00,0,0,00,A01
201000022675,0,31,000,00,0,3,21,B01
201000022675,0,07,000,00,0,0,01,A01
201000022676,0,10,000,00,2,3,21,C01
201000022676,0,07,000,00,2,1,01,B01
201000022676,0,02,000,00,2,1,17,A01
201000022677,0,07,000,00,1,1,17,A01
201000022678,1,02,000,00,2,0,00,Z01
201000022678,0,07,000,00,9,0,00,B01
201000022679,0,30,000,00,2,1,17,A01
201000022679,0,07,000,00,2,3,15,B01
201000022680,0,10,000,00,1,1,16,A01
201000022681,0,07,000,00,2,3,15,A01
201000022681,0,33,000,00,2,1,01,B01
201000022682,0,32,000,00,2,1,01,B01
201000022682,0,34,000,00,2,4,01,A01
201000022683,0,07,000,00,2,2,00,B01
201000022683,0,07,000,01,2,3,09,A01
201000022684,0,32,000,00,2,8,12,B01
201000022684,0,07,000,00,2,2,02,A01
201000022685,0,10,000,00,9,3,09,A01
201000022685,0,37,015,00,2,7,01,B01
201000022686,0,07,000,00,9,6,00,B01
201000022686,0,30,000,00,2,1,00,A01
201000022687,0,07,000,00,0,1,01,B01
201000022687,0,07,000,00,0,1,01,C01
201000022687,0,07,000,00,0,4,01,A01
201000022688,0,07,000,00,2,7,12,A01
201000022688,0,01,000,00,2,1,01,B01
201000022689,0,10,000,00,2,2,09,B01
201000022689,0,07,000,00,2,1,02,A01
201000022690,0,07,000,00,2,8,10,A01
201000022690,0,07,000,00,2,2,01,B01
201000022691,0,30,000,01,0,1,02,B01
201000022692,0,32,000,00,2,7,01,B01
201000022692,1,07,000,00,2,8,11,Z01
201000022693,0,07,000,00,2,8,01,A01
201000022693,2,07,000,00,2,1,05,Z01
201000022694,0,07,000,00,2,0,11,B01
201000022694,0,32,000,00,2,2,01,A01
201000022695,1,07,000,00,1,0,01,Z01
201000022696,1,07,000,00,1,1,01,Z01
201000022697,1,30,000,00,1,0,00,Z01
201000022698,0,07,000,00,2,2,12,B01
201000022698,0,34,000,00,2,0,00,A01
201000022699,0,30,000,00,2,3,00,A01
201000022699,0,30,000,00,2,3,00,B01
201000022700,1,30,000,00,2,0,00,Z01
201000022700,0,32,000,00,2,0,01,B01
201000022701,0,32,000,00,2,1,08,A01
201000022701,0,07,000,00,2,2,11,B01
201000022702,0,02,000,00,2,1,01,A01
201000022702,0,07,000,00,2,7,12,B01
201000022703,0,30,000,00,0,0,00,A01
201000022704,0,07,000,00,2,7,01,B01
201000022704,0,30,000,00,2,1,05,A01
201000022705,0,31,000,00,0,1,00,A01
201000022705,0,07,000,00,0,3,01,B01
201000022706,0,07,000,00,2,4,02,B01
201000022706,0,31,000,00,2,1,02,A01
201000022707,0,32,000,00,2,4,01,B01
201000022707,0,07,000,00,2,3,15,A01
201000022708,0,07,000,00,0,0,10,A01
201000022708,0,32,000,00,2,0,01,B01
201000022709,0,33,000,00,2,1,17,A01
201000022709,0,07,000,00,2,3,15,B01
201000022710,0,07,000,00,2,2,09,B01
201000022710,0,34,000,00,2,1,02,A01
201000022711,1,07,000,00,2,0,00,Z01
201000022711,0,07,000,00,2,0,00,B01
201000022712,0,07,000,00,2,2,01,B01
201000022712,0,07,000,00,2,1,16,A01
201000022713,0,02,000,00,2,1,09,A01
201000022713,0,07,000,00,2,2,01,B01
201000022714,0,07,000,00,2,2,22,A01
201000022714,0,30,000,00,2,1,01,B01
201000022715,0,30,000,00,2,3,18,A01
201000022715,0,07,000,00,2,5,01,B01
201000022716,0,02,000,00,0,0,00,A01
201000022717,0,07,000,00,1,2,00,A01
201000022718,0,31,000,00,2,1,01,B01
201000022718,0,07,000,00,2,7,10,A01
201000022719,0,07,000,00,2,3,16,A01
201000022719,0,07,000,00,2,1,01,B01
201000022720,1,07,000,00,0,0,02,Z01
201000022720,0,07,000,00,0,1,02,B01
201000022721,0,07,000,00,1,2,01,A01
201000022722,0,07,000,15,2,1,14,A01
201000022722,0,07,000,00,2,1,15,B01
201000022723,2,07,000,00,2,1,02,A01
201000022723,0,07,000,00,0,4,02,B01
201000022724,1,07,000,00,1,1,01,Z01
201000022725,0,07,000,01,0,1,00,A01
201000022725,0,07,000,00,0,4,02,B01
201000022726,0,07,000,00,2,5,01,B01
201000022726,1,16,000,00,2,0,01,Z01
201000022727,0,33,000,00,2,9,01,B01
201000022727,2,07,000,00,0,3,09,A01
201000022728,0,33,000,00,2,7,02,A01
201000022728,0,07,000,00,2,8,02,B01
201000022729,0,07,000,00,2,1,05,A01
201000022729,0,07,000,00,2,1,01,B01
201000022730,0,33,000,00,1,1,01,A01
201000022731,0,02,000,00,2,1,01,A01
201000022731,0,07,000,00,2,7,15,B01
201000022732,0,33,000,00,1,1,00,A01
201000022733,0,37,000,00,1,2,01,A01
201000022734,0,02,000,00,2,1,01,A01
201000022734,0,07,000,00,0,5,02,B01
201000022735,0,07,000,00,2,5,15,A01
201000022735,0,32,000,00,2,1,01,B01
201000022736,0,07,000,00,2,8,02,A01
201000022736,0,02,000,00,2,1,02,B01
201000022737,0,07,000,00,0,4,24,B01
201000022737,0,07,000,01,0,1,01,A01
201000022738,0,33,000,00,1,8,01,A01
201000022739,0,02,000,00,0,0,01,A01
201000022740,0,07,000,00,2,8,10,A01
201000022740,0,31,000,00,2,1,01,B01
201000022741,0,07,000,01,0,3,00,A01
201000022742,0,30,000,00,2,6,12,A01
201000022742,0,10,000,00,0,6,23,B01
201000022743,0,07,000,00,1,4,04,A01
201000022744,0,07,000,00,2,1,01,B01
201000022744,0,07,000,08,2,7,01,A01
201000022745,0,01,000,00,2,1,13,A01
201000022745,0,07,000,00,2,8,15,B01
201000022746,0,07,000,00,4,3,00,B01
201000022746,0,32,000,00,2,1,00,A01
201000022747,0,07,000,00,1,1,00,A01
201000022748,0,33,000,00,1,1,01,A01
201000022749,0,14,000,00,2,0,02,A01
201000022749,0,32,000,00,2,0,02,B01
201000022750,0,32,000,00,0,0,01,A01
201000022751,0,10,000,00,2,3,09,A01
201000022751,0,32,000,00,2,1,21,B01
201000022751,0,07,000,00,2,1,23,C01
201000022752,0,07,000,13,0,9,01,A01
201000022753,1,07,000,00,1,0,01,Z01
201000022754,0,07,000,00,2,5,16,B01
201000022754,0,30,000,00,2,1,07,A01
201000022755,0,07,000,00,1,2,00,A01
201000022756,0,33,000,00,2,1,01,B01
201000022756,0,07,000,00,2,1,15,A01
201000022757,0,07,000,00,0,1,15,A01
201000022758,0,30,000,00,1,1,01,A01
201000022759,0,07,000,00,0,3,02,A01
201000022759,0,30,000,00,0,4,02,B01
201000022760,0,07,000,05,0,1,00,A01
201000022761,0,32,000,00,0,4,23,B01
201000022761,0,07,000,00,2,1,02,A01
201000022762,0,10,000,00,2,8,11,A01
201000022762,0,32,000,00,2,1,01,B01
201000022763,0,10,000,00,0,2,01,A01
201000022764,0,07,000,00,2,3,01,B01
201000022764,0,02,000,00,2,3,05,A01
201000022765,0,07,000,00,0,4,01,A01
201000022766,0,30,000,00,0,0,00,A01
201000022767,0,07,000,01,2,9,01,A01
201000022767,0,07,000,00,2,3,01,E01
201000022768,0,07,000,00,1,1,01,A01
201000022769,0,07,000,00,2,4,02,B01
201000022769,0,30,000,00,2,1,02,A01
201000022770,0,02,000,00,2,1,01,B01
201000022770,0,07,000,00,2,1,15,A01
201000022771,0,07,000,00,1,2,20,A01
201000022772,0,30,000,00,1,1,01,A01
201000022773,0,31,000,00,2,1,01,B01
201000022773,0,07,000,00,2,2,15,A01
201000022774,0,30,000,00,2,1,00,B01
201000022774,0,07,000,00,2,3,00,A01
201000022775,0,07,000,00,0,0,00,A01
201000022775,0,33,000,00,2,1,01,B01
201000022776,0,07,000,00,2,2,15,A01
201000022776,0,02,000,00,2,1,01,B01
201000022777,0,33,000,00,2,1,00,B01
201000022777,0,07,000,00,2,2,09,A01
201000022778,0,07,000,00,2,3,00,A01
201000022778,0,07,000,00,0,4,01,B01
201000022779,0,07,000,00,2,2,15,A01
201000022779,0,33,000,00,2,1,01,B01
201000022780,0,30,000,00,2,4,02,A01
201000022780,1,07,000,00,2,1,02,Z01
201000022781,0,07,000,00,2,1,15,A01
201000022781,0,33,000,00,2,1,01,B01
201000022782,0,33,000,01,0,3,00,B01
201000022782,1,07,000,00,2,3,10,Z01
201000022783,0,07,000,00,2,3,18,B01
201000022783,1,07,000,00,2,1,01,Z01
201000022784,0,07,000,00,2,3,00,A01
201000022784,0,07,000,00,2,2,00,B01
201000022785,0,07,000,00,1,1,00,A01
201000022786,0,07,000,00,1,1,01,A01
201000022787,0,30,000,00,2,8,01,B01
201000022787,0,07,000,00,2,3,10,A01
201000022788,0,01,000,00,2,7,19,A01
201000022788,0,07,000,00,9,1,01,B01
201000022788,0,07,000,00,0,4,23,C01
201000022789,0,10,000,00,2,1,02,A01
201000022789,0,07,000,00,2,4,02,C01
201000022789,0,07,000,00,2,4,02,B01
201000022790,0,07,000,13,0,1,00,A01
201000022791,0,07,000,00,2,4,02,B01
201000022791,0,07,000,00,2,4,02,C01
201000022791,0,07,000,00,2,1,02,A01
201000022792,0,07,000,00,2,6,02,B01
201000022792,0,07,000,00,2,2,02,A01
201000022793,0,07,000,00,0,6,10,B01
201000022793,0,30,000,00,2,0,17,A01
201000022794,0,07,000,00,2,2,00,B01
201000022794,1,10,000,00,2,3,00,Z01
201000022795,0,07,000,06,0,1,01,A01
201000022796,0,07,000,00,0,4,02,B01
201000022796,0,10,000,00,2,1,02,A01
201000022797,0,07,000,00,2,1,02,A01
201000022797,0,07,000,00,2,4,02,B01
201000022798,0,07,000,00,2,4,02,B01
201000022798,0,07,000,00,2,1,02,A01
201000022799,1,07,000,00,0,6,05,B01
201000022799,0,10,000,00,0,3,05,A01
201000022800,0,07,000,09,0,1,12,A01
201000022801,0,07,000,09,2,1,02,A01
201000022801,0,07,000,00,2,4,02,B01
201000022802,0,02,000,00,2,1,17,B01
201000022802,0,07,000,00,0,6,10,A01
201000022803,0,07,000,00,2,1,01,A01
201000022803,0,01,000,00,2,4,01,B01
201000022804,0,07,000,08,0,1,00,A01
201000022805,0,33,000,00,2,3,01,B01
201000022805,0,07,000,00,2,2,00,A01
201000022806,0,07,000,08,0,1,01,A01
201000022807,0,07,000,00,2,5,01,B01
201000022807,0,31,000,00,2,1,01,A01
201000022808,0,07,000,00,1,0,02,A01
201000022809,2,07,000,00,2,6,13,Z01
201000022809,0,37,003,00,2,3,01,A01
201000022810,0,32,000,00,2,4,23,A01
201000022810,2,07,000,00,2,2,00,Z01
201000022810,0,07,000,00,2,6,15,B01
201000022811,0,07,000,01,2,1,02,A01
201000022811,0,07,000,01,2,4,02,B01
201000022812,0,07,000,00,2,5,04,A01
201000022812,0,07,000,00,2,1,13,B01
201000022813,0,02,000,00,2,1,00,B01
201000022813,0,07,000,00,2,3,00,A01
201000022814,0,07,000,00,0,3,18,A01
201000022814,0,07,000,00,0,2,09,B01
201000022815,0,34,000,00,2,1,01,B01
201000022815,0,14,000,00,2,7,00,A01
201000022816,2,07,000,15,1,1,01,Z01
201000022817,0,10,000,00,2,3,09,A01
201000022817,0,33,000,00,2,1,01,B01
201000022818,0,07,000,00,0,1,01,A01
201000022818,0,07,000,00,0,4,01,B01
201000022819,0,33,000,00,1,1,01,A01
201000022820,0,07,000,00,1,2,01,A01
201000022821,0,07,000,00,2,3,15,A01
201000022821,0,30,000,00,2,1,01,B01
201000022822,0,07,000,00,2,2,16,B01
201000022822,0,30,000,00,2,7,15,A01
201000022823,0,38,000,00,0,0,00,B01
201000022823,0,07,000,00,0,8,01,A01
201000022824,0,07,000,00,2,2,15,B01
201000022824,0,07,000,15,2,8,00,A01
201000022825,0,10,000,00,1,3,01,A01
201000022826,0,02,000,00,1,1,01,A01
201000022827,0,07,000,00,2,4,02,B01
201000022827,0,07,000,00,2,1,01,A01
201000022828,0,07,000,00,2,6,15,A01
201000022828,0,33,000,00,2,1,01,B01
201000022829,1,07,000,00,1,0,00,A01
201000022830,0,34,000,01,2,3,00,A01
201000022830,0,07,000,00,0,2,02,B01
201000022831,0,37,020,00,2,3,02,A01
201000022831,0,07,000,00,0,4,23,B01
201000022832,0,07,000,00,1,2,01,A01
201000022833,0,07,000,00,1,2,01,A01
201000022834,0,07,000,00,2,4,01,B01
201000022834,0,07,000,00,0,4,01,D01
201000022834,1,07,000,00,2,0,01,Z01
201000022834,0,07,000,00,2,4,01,C01
201000022835,0,07,000,00,0,1,00,A01
201000022836,1,07,000,00,2,1,01,Z01
201000022836,0,07,000,00,2,7,15,B01
201000022837,0,07,000,14,0,3,01,A01
201000022837,0,14,000,00,2,6,23,B01
201000022838,1,02,000,00,1,1,01,Z01
201000022839,0,07,000,00,1,3,02,A01
201000022840,0,33,000,00,2,1,17,A01
201000022840,0,07,000,00,9,6,02,B01
201000022841,0,07,000,00,2,2,20,A01
201000022841,0,31,000,00,2,1,01,B01
201000022842,0,07,000,00,2,2,05,A01
201000022842,0,07,000,00,2,2,01,B01
201000022843,0,01,000,00,0,1,00,A01
201000022844,0,32,000,00,2,2,17,B01
201000022844,0,07,000,00,2,6,15,A01
201000022845,0,07,000,00,2,1,01,A01
201000022845,0,07,000,00,2,4,01,B01
201000022846,0,07,000,00,2,2,01,B01
201000022846,0,07,000,00,2,3,15,A01
201000022847,0,07,000,00,2,1,01,A01
201000022847,0,07,000,00,2,4,09,B01
201000022848,0,07,000,00,2,8,19,A01
201000022848,0,07,000,00,2,1,01,B01
201000022849,0,07,000,00,2,3,09,A01
201000022849,0,32,000,00,2,1,21,B01
201000022850,0,30,000,00,0,0,01,A01
201000022851,0,07,000,00,2,0,15,B01
201000022851,0,33,000,00,2,8,21,A01
201000022852,0,33,000,00,2,4,15,B01
201000022852,0,10,000,00,2,2,01,A01
201000022853,0,07,000,00,2,3,00,A01
201000022853,0,07,000,00,2,5,00,B01
201000022854,0,07,000,00,2,1,02,A01
201000022854,0,07,000,00,2,4,23,B01
201000022855,0,07,000,00,2,3,00,A01
201000022855,0,07,000,00,2,3,00,B01
201000022856,0,30,000,08,0,1,02,A01
201000022857,0,07,000,00,2,3,15,A01
201000022857,0,30,000,00,2,2,01,B01
201000022858,2,07,000,03,0,1,14,A01
201000022859,0,07,000,00,2,1,13,A01
201000022859,0,07,000,00,2,1,01,B01
201000022860,0,07,000,00,2,6,15,A01
201000022860,0,31,000,00,2,7,17,B01
201000022861,0,07,000,00,2,1,15,A01
201000022861,0,07,000,00,2,7,01,B01
201000022862,0,07,000,00,2,1,15,A01
201000022862,0,07,000,00,2,3,01,B01
201000022863,0,07,000,00,2,3,10,A01
201000022863,0,07,000,00,2,2,01,B01
201000022864,0,33,000,00,2,1,18,A01
201000022864,0,33,000,00,2,4,23,B01
201000022865,0,01,000,00,2,5,01,B01
201000022865,0,07,000,00,9,1,00,A01
201000022866,0,07,000,00,2,1,02,A01
201000022866,0,07,000,00,2,4,01,B01
201000022867,0,07,000,00,2,1,02,A01
201000022867,0,07,000,00,0,6,02,B01
201000022868,0,31,000,00,2,1,13,A01
201000022868,0,07,000,00,2,2,09,B01
201000022869,0,34,000,13,0,1,01,A01
201000022870,2,07,000,00,2,1,13,A01
201000022870,0,07,000,00,2,1,01,B01
201000022871,0,07,000,00,2,1,02,A01
201000022871,0,07,000,00,2,4,23,B01
201000022872,0,07,000,00,2,3,19,A01
201000022872,0,07,000,00,2,2,01,B01
201000022873,0,31,000,00,2,8,01,B01
201000022873,0,15,000,00,2,7,12,A01
201000022874,0,10,000,01,1,2,14,A01
201000022874,0,07,000,00,0,8,22,B01
201000022875,0,33,000,00,0,0,11,A01
201000022876,0,33,000,00,0,8,01,A01
201000022877,0,07,000,00,2,1,02,A01
201000022877,0,30,000,00,2,4,02,B01
201000022878,0,07,000,00,2,2,01,B01
201000022878,0,02,000,00,2,8,19,A01
201000022879,0,33,000,07,0,1,01,A01
201000022880,0,15,000,04,0,8,11,A01
201000022881,0,07,000,00,1,8,01,A01
201000022882,0,07,000,00,2,1,01,A01
201000022882,0,07,000,00,2,7,15,B01
201000022883,0,02,000,00,0,0,01,A01
201000022884,0,30,000,00,2,1,01,A01
201000022884,0,07,000,00,2,6,16,B01
201000022885,0,07,000,00,2,4,23,B01
201000022885,0,15,000,00,0,4,23,D01
201000022885,0,15,000,00,2,7,02,A01
201000022885,0,07,000,00,2,4,23,C01
201000022886,0,07,000,00,2,3,00,B01
201000022886,0,07,000,00,2,3,13,A01
201000022887,0,07,000,04,0,3,00,A01
201000022888,0,32,000,13,0,1,01,A01
201000022889,0,02,000,00,2,6,15,A01
201000022889,1,07,000,00,2,0,01,B01
201000022890,0,07,000,06,0,1,14,A01
201000022891,0,07,000,00,2,7,13,A01
201000022891,0,07,000,00,2,1,01,B01
201000022892,0,07,000,06,0,1,01,A01
201000022892,0,07,000,00,2,9,24,B01
201000022893,0,14,000,00,0,7,14,A01
201000022894,0,07,000,01,2,3,14,A01
201000022894,0,07,000,00,2,6,24,C01
201000022894,0,07,000,00,2,3,23,B01
201000022895,0,07,000,00,2,3,09,A01
201000022895,0,31,000,00,2,7,01,B01
201000022896,0,34,000,00,2,1,01,B01
201000022896,0,07,000,00,2,2,15,A01
201000022897,0,07,000,02,0,1,14,A01
201000022898,0,07,000,00,2,1,02,A01
201000022898,0,07,000,00,2,4,02,B01
201000022899,0,34,000,00,2,2,17,B01
201000022899,0,07,000,00,2,1,15,A01
201000022900,0,07,000,00,1,3,15,A01
201000022901,0,07,000,03,0,1,01,A01
201000022902,0,30,000,00,2,1,17,A01
201000022902,0,07,000,00,2,1,01,B01
201000022903,0,07,000,00,2,1,00,B01
201000022903,0,15,000,00,2,1,00,A01
201000022904,0,07,000,00,2,1,10,A01
201000022904,0,33,000,00,2,8,17,B01
201000022905,0,30,000,13,0,8,01,A01
201000022906,0,07,000,00,2,1,01,B01
201000022906,0,32,000,00,2,1,13,A01
201000022907,0,10,000,00,2,7,17,A01
201000022907,0,33,000,00,2,8,01,B01
201000022908,0,07,000,00,2,1,01,B01
201000022908,0,07,000,00,2,1,13,A01
201000022909,0,07,000,00,2,1,01,B01
201000022909,0,07,000,00,2,4,04,A01
201000022910,0,07,000,00,2,5,19,B01
201000022910,0,07,000,00,2,1,01,A01
201000022911,0,07,000,13,0,7,14,A01
201000022912,0,07,000,00,2,8,16,A01
201000022912,0,34,000,00,2,2,01,B01
201000022913,0,02,000,00,2,8,15,A01
201000022913,0,07,000,00,2,3,01,B01
201000022914,0,07,000,00,2,1,02,A01
201000022914,0,07,000,00,0,4,02,B01
201000022915,0,01,000,01,0,1,14,A01
201000022915,0,07,000,00,2,8,24,B01
201000022916,0,36,000,01,0,1,14,A01
201000022917,0,10,000,00,2,3,19,A01
201000022917,0,33,000,00,2,8,01,B01
201000022918,0,01,000,00,2,0,09,A01
201000022918,0,33,000,00,9,1,01,B01
201000022919,0,14,000,11,0,7,14,A01
201000022920,0,07,000,00,0,7,01,B01
201000022920,0,07,000,00,2,1,01,A01
201000022921,0,07,000,09,0,1,13,A01
201000022922,1,07,000,00,2,0,01,Z01
201000022922,0,07,000,00,2,1,01,A01
201000022923,0,07,000,00,2,2,01,B01
201000022923,0,07,000,00,2,1,01,A01
201000022924,0,07,000,00,2,1,02,A01
201000022924,0,30,000,00,0,4,02,B01
201000022925,0,07,000,00,1,1,00,A01
201000022926,0,31,000,00,2,1,01,B01
201000022926,0,15,000,00,2,2,15,A01
201000022927,0,07,000,00,0,0,11,A01
201000022927,0,33,000,16,0,7,21,B01
201000022928,0,07,000,00,2,4,01,C01
201000022928,0,07,000,00,2,1,02,A01
201000022928,0,07,000,00,2,4,02,B01
201000022929,0,07,000,00,2,0,01,A01
201000022929,1,07,000,00,2,0,00,Z01
201000022930,0,07,000,00,2,2,01,A01
201000022930,0,07,000,00,2,1,01,B01
201000022931,0,03,000,02,0,1,05,A01
201000022932,0,07,000,13,0,3,00,A01
201000022933,0,07,000,12,0,2,14,A01
201000022934,0,07,000,06,0,2,14,A01
201000022935,0,07,000,16,0,7,14,A01
201000022936,0,07,000,08,0,6,00,A01
201000022937,0,07,000,06,0,1,15,A01
201000022938,0,33,000,00,2,1,01,A01
201000022939,0,13,000,00,2,3,01,B01
201000022939,0,07,000,00,2,6,19,A01
201000022940,0,07,000,00,2,2,15,A01
201000022940,0,33,000,00,2,7,02,B01
201000022941,0,07,000,00,2,1,01,B01
201000022941,0,07,000,00,2,8,15,A01
201000022942,0,07,000,00,1,4,04,A01
201000022943,0,07,000,00,1,2,01,A01
201000022944,0,07,000,00,2,3,15,B01
201000022944,0,07,000,00,2,1,01,A01
201000022945,0,07,000,07,2,7,01,C01
201000022945,0,07,000,00,2,6,23,B01
201000022945,0,07,000,00,2,1,02,A01
201000022946,0,15,000,00,2,1,14,A01
201000022946,0,07,000,04,2,8,01,B01
201000022947,0,10,000,00,2,1,02,A01
201000022947,0,07,000,00,2,4,01,B01
201000022948,0,07,000,00,2,2,01,A01
201000022948,0,07,000,00,2,1,01,B01
201000022949,0,07,000,00,2,1,01,B01
201000022949,2,07,000,00,2,1,00,Z01
201000022950,0,07,000,00,2,1,01,A01
201000022950,0,07,000,00,2,3,15,B01
201000022951,0,33,000,00,0,8,21,A01
201000022952,0,07,000,00,2,7,14,A01
201000022952,0,01,000,00,2,8,01,B01
201000022953,0,07,000,00,2,1,01,A01
201000022953,0,07,000,00,0,4,02,B01
201000022954,0,07,000,00,2,8,19,A01
201000022954,0,33,000,00,2,1,01,B01
201000022955,0,07,000,00,2,1,13,A01
201000022955,0,07,000,00,2,1,00,B01
201000022956,0,37,004,00,0,0,01,A01
201000022957,0,07,000,00,2,1,01,B01
201000022957,0,07,000,13,2,1,00,A01
201000022958,1,07,000,00,2,1,02,Z01
201000022958,0,07,000,00,2,4,01,B01