Num_Acc,senc,catv,occutc,obs,obsm,choc,manv,num_veh
201000022959,0,07,000,00,2,1,01,B01
201000022959,0,07,000,00,2,2,15,A01
201000022960,0,07,000,00,2,3,01,B01
201000022960,0,07,000,00,2,1,01,A01
201000022961,2,07,000,00,2,1,13,A01
201000022961,0,32,000,00,2,3,01,B01
201000022962,0,07,000,00,2,3,13,A01
201000022962,0,07,000,00,2,3,01,B01
201000022962,0,07,000,00,2,6,24,C01
201000022963,0,07,000,00,2,2,01,B01
201000022963,0,07,000,00,2,8,15,A01
201000022964,0,07,000,00,2,1,01,B01
201000022964,0,07,000,00,2,2,19,A01
201000022965,0,07,000,00,2,3,15,A01
201000022965,0,07,000,00,2,2,01,B01
201000022966,0,33,000,12,0,1,01,A01
201000022967,0,07,000,00,2,3,13,A01
201000022967,0,07,000,00,2,7,01,B01
201000022968,0,07,000,00,1,0,00,A01
201000022968,1,07,000,00,0,0,00,Z01
201000022969,0,07,000,00,1,0,00,A01
201000022970,0,07,000,00,2,1,02,A01
201000022970,0,07,000,00,2,4,23,B01
201000022971,0,07,000,00,2,4,02,B01
201000022971,0,07,000,00,2,1,02,Z01
201000022972,0,07,000,00,2,6,01,B01
201000022972,0,07,000,00,2,1,02,A01
201000022973,0,07,000,00,2,3,13,A01
201000022974,0,07,000,14,0,2,01,A01
201000022975,0,07,000,00,2,1,02,A01
201000022975,0,07,000,00,2,4,02,B01
201000022976,0,07,000,00,2,6,20,A01
201000022976,0,30,000,00,2,2,00,B01
201000022977,2,07,000,00,2,1,05,A01
201000022977,0,07,000,00,2,3,00,B01
201000022978,0,10,000,13,0,9,14,A01
201000022979,0,07,000,00,0,0,00,B01
201000022979,0,07,000,00,0,3,01,A01
201000022980,0,07,000,00,2,1,01,A01
201000022980,0,07,000,00,2,1,15,B01
201000022980,0,07,000,00,2,8,23,C01
201000022981,2,07,000,00,1,2,01,A01
201000022982,2,07,000,00,2,5,00,A01
201000022982,0,07,000,00,2,1,00,B01
201000022983,0,07,000,00,0,2,02,A01
201000022984,0,10,000,00,0,7,09,A01
201000022984,0,34,000,00,2,1,01,B01
201000022985,0,07,000,00,9,0,01,A01
201000022986,0,30,000,00,1,2,01,A01
201000022987,0,07,000,00,0,9,01,A01
201000022988,0,33,000,00,2,1,01,B01
201000022988,0,07,000,00,0,8,15,A01
201000022989,0,07,000,14,0,9,01,A01
201000022990,0,33,000,00,2,1,00,B01
201000022990,0,07,000,00,2,7,00,A01
201000022991,0,07,000,00,1,2,01,A01
201000022992,0,07,000,00,0,9,11,A01
201000022993,0,02,000,00,2,1,01,A01
201000022993,0,07,000,00,0,5,01,B01
201000022994,0,13,000,00,2,1,02,A01
201000022994,0,07,000,00,2,4,01,B01
201000022994,0,07,000,00,2,4,01,C01
201000022994,0,07,000,00,0,4,01,D01
201000022995,0,02,000,00,2,1,13,B01
201000022995,0,07,000,00,0,6,15,A01
201000022996,0,13,000,00,0,4,00,B01
201000022996,0,33,000,00,2,1,02,A01
201000022997,0,07,000,00,2,1,01,A01
201000022997,0,07,000,00,2,2,01,B01
201000022998,1,07,000,00,2,1,17,Z01
201000022998,0,07,000,00,2,3,24,C01
201000022998,0,30,000,01,2,1,01,B01
201000022999,0,02,000,00,0,0,11,A01
201000023000,0,07,000,00,1,2,01,A01
201000023001,0,33,000,00,0,8,00,A01
201000023002,0,07,000,00,2,1,17,A01
201000023002,0,07,000,00,0,4,15,B01
201000023003,0,37,001,00,1,2,01,A01
201000023004,0,07,000,00,2,8,01,A01
201000023004,0,15,000,00,2,3,01,B01
201000023005,0,10,000,02,0,3,00,A01
201000023006,0,10,000,00,2,1,01,B01
201000023006,0,07,000,00,2,7,18,A01
201000023006,0,07,000,00,0,0,16,C01
201000023007,0,07,000,00,2,1,02,A01
201000023007,0,07,000,00,1,4,23,B01
201000023008,0,07,000,00,2,4,02,B01
201000023008,0,33,000,00,2,1,02,A01
201000023009,0,07,000,00,0,4,23,C01
201000023009,0,07,000,00,2,1,02,A01
201000023009,0,07,000,00,0,4,23,B01
201000023010,0,02,000,00,0,4,02,B01
201000023010,0,07,000,00,0,1,02,A01
201000023011,0,07,000,00,1,1,01,A01
201000023012,0,07,000,00,1,3,00,A01
201000023013,0,02,000,00,0,1,01,A01
201000023013,0,07,000,00,0,4,01,B01
201000023014,0,13,000,00,1,7,04,A01
201000023015,0,07,000,00,2,3,01,A01
201000023015,0,07,000,00,2,3,01,B01
201000023016,0,07,000,00,0,6,00,B01
201000023016,0,02,000,00,0,1,19,A01
201000023017,0,07,000,00,2,1,01,A01
201000023017,0,33,000,00,2,4,15,B01
201000023018,0,07,000,09,0,1,01,A01
201000023019,0,07,000,00,0,4,02,B01
201000023019,0,02,000,00,2,1,02,A01
201000023020,0,01,000,00,2,8,01,B01
201000023020,0,07,000,00,9,8,01,A01
201000023021,0,30,000,08,0,7,18,A01
201000023021,0,07,000,00,2,2,16,B01
201000023022,0,07,000,00,1,1,01,A01
201000023023,0,15,000,00,1,3,00,A01
201000023024,0,07,000,00,2,1,05,A01
201000023024,0,07,000,00,2,8,01,B01
201000023025,0,01,000,00,2,8,15,B01
201000023025,0,10,000,00,9,1,02,A01
201000023026,0,10,000,02,0,1,01,A01
201000023027,0,07,000,00,2,3,01,B01
201000023027,0,07,000,00,2,8,09,A01
201000023028,0,07,000,00,2,2,17,A01
201000023028,0,07,000,02,9,6,15,B01
201000023029,0,36,000,06,0,1,00,A01
201000023030,0,13,000,00,0,1,15,A01
201000023030,0,07,000,00,2,1,00,B01
201000023031,0,07,000,00,2,3,15,B01
201000023031,0,07,000,00,2,7,01,A01
201000023032,0,07,000,00,2,1,01,B01
201000023032,0,07,000,00,2,7,09,A01
201000023033,0,07,000,00,2,1,01,A01
201000023034,0,07,000,08,2,1,21,A01
201000023035,0,07,000,00,2,2,17,A01
201000023035,0,07,000,00,0,3,15,B01
201000023036,0,07,000,00,0,8,10,A01
201000023036,0,07,000,00,2,1,01,B01
201000023037,0,10,000,00,2,1,02,A01
201000023037,0,32,000,00,0,4,00,B01
201000023038,0,07,000,13,0,2,16,A01
201000023039,0,07,000,00,2,1,01,B01
201000023039,0,07,000,06,2,7,15,A01
201000023040,0,07,000,00,1,2,01,A01
201000023041,0,07,000,00,9,2,02,A01
201000023041,0,01,000,00,2,8,15,B01
201000023042,0,07,000,00,2,1,00,B01
201000023042,0,07,000,00,2,0,11,A01
201000023043,0,31,000,12,0,7,02,A01
201000023044,1,99,000,00,0,0,00,Z01
201000023045,0,10,000,02,0,1,11,A01
201000023046,1,07,000,00,1,2,01,Z01
201000023047,0,07,000,00,2,4,05,A01
201000023047,0,07,000,00,2,1,01,B01
201000023048,0,10,000,00,1,2,01,A01
201000023049,0,07,000,02,0,1,01,A01
201000023050,0,33,000,00,2,4,13,B01
201000023050,0,21,000,00,2,8,15,A01
201000023051,0,07,000,00,2,1,01,B01
201000023051,0,07,000,00,2,3,09,A01
201000023052,0,07,000,13,2,7,05,A01
201000023052,0,99,000,00,2,1,01,B01
201000023053,0,07,000,00,2,1,01,B01
201000023053,0,10,000,00,2,2,00,A01
201000023054,0,07,000,00,2,2,16,B01
201000023054,0,02,000,00,2,1,18,A01
201000023055,0,02,000,00,1,1,01,A01
201000023056,0,07,000,02,0,5,01,A01
201000023057,0,07,000,00,2,1,01,A01
201000023057,0,07,000,00,2,1,01,B01
201000023058,0,07,000,00,2,3,01,B01
201000023058,0,07,000,00,2,1,01,C01
201000023058,0,07,000,00,2,1,05,A01
201000023059,0,07,000,00,2,1,02,B01
201000023059,0,07,000,00,2,3,09,A01
201000023060,1,07,000,00,1,7,00,Z01
201000023061,0,07,000,00,2,4,02,B01
201000023061,0,07,000,00,2,4,02,D01
201000023061,0,07,000,00,2,4,23,C01
201000023061,0,07,000,00,2,1,02,A01
201000023061,0,07,000,00,0,4,02,E01
201000023062,0,07,000,00,1,3,01,A01
201000023063,0,02,000,00,0,3,02,A01
201000023064,0,07,000,00,2,2,00,A01
201000023064,0,34,000,00,2,7,00,B01
201000023065,0,07,000,00,0,0,00,B01
201000023065,0,07,000,00,0,0,00,A01
201000023066,0,07,000,00,1,2,01,A01
201000023067,0,07,000,00,2,3,15,A01
201000023067,0,07,000,00,2,3,01,B01
201000023068,0,07,000,00,1,2,02,A01
201000023069,0,07,000,00,2,1,02,A01
201000023069,0,07,000,00,0,4,02,B01
201000023070,0,07,000,00,2,1,00,A01
201000023070,0,07,000,00,0,4,00,B01
201000023071,0,07,000,00,2,8,02,B01
201000023071,0,07,000,00,2,1,13,A01
201000023072,0,33,000,06,0,2,00,A01
201000023073,0,07,000,00,1,2,00,A01
201000023074,0,07,000,00,1,6,04,A01
201000023075,0,07,000,00,1,3,00,A01
201000023076,0,07,000,00,0,5,01,B01
201000023076,0,33,000,00,2,1,00,A01
201000023077,0,07,000,00,2,3,05,A01
201000023077,0,07,000,00,2,3,01,B01
201000023078,0,33,000,00,2,1,01,B01
201000023078,0,07,000,00,2,2,19,A01
201000023079,0,07,000,08,2,1,01,C01
201000023079,0,07,000,14,2,9,01,A01
201000023079,0,07,000,00,2,8,01,B01
201000023080,0,07,000,00,2,2,19,A01
201000023080,0,07,000,00,2,3,01,B01
201000023081,0,10,000,00,1,4,04,A01
201000023082,0,07,000,00,1,2,01,A01
201000023083,0,07,000,04,0,3,01,A01
201000023084,0,07,000,00,2,6,02,B01
201000023084,0,07,000,00,2,5,01,D01
201000023084,0,07,000,00,2,1,01,C01
201000023084,0,07,000,00,2,2,02,A01
201000023085,0,07,000,00,2,1,09,A01
201000023085,0,07,000,00,2,4,01,B01
201000023086,0,30,000,00,2,1,00,B01
201000023086,0,07,000,00,2,5,15,A01
201000023087,0,07,000,13,0,8,13,A01
201000023088,0,07,000,00,2,3,01,B01
201000023088,0,07,000,00,2,1,15,A01
201000023089,0,02,000,00,2,1,01,A01
201000023089,0,07,000,00,2,4,01,B01
201000023090,0,07,000,00,1,3,01,A01
201000023091,0,32,000,00,2,6,15,B01
201000023091,0,33,000,00,2,6,17,A01
201000023092,0,07,000,00,2,7,20,A01
201000023092,0,33,000,00,2,7,21,B01
201000023093,0,07,000,00,2,1,02,A01
201000023093,0,07,000,00,2,4,02,B01
201000023094,0,07,000,00,2,4,02,C01
201000023094,0,33,000,00,2,2,21,A01
201000023094,0,10,000,00,2,1,02,B01
201000023095,0,07,000,00,0,4,02,B01
201000023095,0,07,000,00,0,1,02,A01
201000023096,0,30,000,00,2,1,02,C01
201000023096,0,07,000,00,0,4,23,B01
201000023096,0,07,000,00,2,1,02,A01
201000023097,0,33,000,16,0,8,01,A01
201000023098,0,07,000,00,2,3,00,A01
201000023098,0,07,000,00,0,3,01,B01
201000023099,0,07,000,00,2,1,01,B01
201000023099,2,10,000,00,2,2,19,A01
201000023100,0,07,000,00,2,1,01,A01
201000023100,0,07,000,00,0,8,00,B01
201000023101,0,07,000,00,0,8,09,A01
201000023101,0,02,000,00,2,1,01,B01
201000023102,0,07,000,00,2,3,01,B01
201000023102,0,07,000,00,2,2,16,A01
201000023103,0,07,000,00,0,1,01,A01
201000023104,0,07,000,00,2,4,02,B01
201000023104,0,07,000,00,2,1,01,A01
201000023105,0,33,000,00,2,1,02,A01
201000023105,0,07,000,00,2,7,16,B01
201000023106,0,07,000,00,2,6,13,A01
201000023106,0,32,000,00,2,1,02,B01
201000023107,0,07,000,04,2,0,12,A01
201000023107,0,37,026,00,2,3,02,B01
201000023108,0,07,000,00,2,4,01,B01
201000023108,0,31,000,00,2,1,01,A01
201000023109,0,07,000,00,0,4,02,B01
201000023109,0,07,000,00,2,1,02,A01
201000023110,0,07,000,00,2,2,23,B01
201000023110,0,31,000,00,2,1,09,A01
201000023111,0,07,000,00,2,1,13,A01
201000023111,0,07,000,00,2,1,01,B01
201000023112,0,10,000,00,0,4,02,C01
201000023112,0,07,000,00,2,1,02,A01
201000023112,0,07,000,00,2,4,02,B01
201000023113,0,07,000,00,2,3,02,A01
201000023113,0,07,000,00,1,5,02,B01
201000023114,0,07,000,00,0,3,00,A01
201000023114,0,07,000,00,2,3,01,B01
201000023115,0,07,000,04,0,5,00,A01
201000023116,0,07,000,00,2,1,00,A01
201000023116,0,34,000,00,2,0,00,B01
201000023117,0,07,000,00,2,4,02,B01
201000023117,0,07,000,14,2,1,02,A01
201000023118,0,34,000,00,0,8,01,A01
201000023119,0,33,000,00,0,7,01,A01
201000023120,0,07,000,00,2,0,00,B01
201000023120,0,07,000,00,0,0,00,A01
201000023121,0,07,000,00,0,0,15,B01
201000023121,0,07,000,15,0,1,21,A01
201000023122,0,07,000,00,0,4,23,C01
201000023122,0,07,000,00,2,4,23,B01
201000023122,0,07,000,00,2,1,02,A01
201000023123,0,07,000,00,0,9,17,A01
201000023124,0,30,000,12,0,2,21,A01
201000023125,0,07,000,00,2,2,15,A01
201000023125,0,37,000,00,2,1,00,B01
201000023126,0,07,000,00,0,4,00,C01
201000023126,0,34,000,00,2,1,01,B01
201000023126,0,07,000,00,0,6,00,A01
201000023127,0,07,000,00,2,1,13,A01
201000023127,0,07,000,08,2,1,01,B01
201000023128,0,07,000,00,2,3,02,A01
201000023128,0,07,000,00,0,5,02,B01
201000023129,0,01,000,00,2,4,13,B01
201000023129,0,07,000,00,2,2,02,A01
201000023130,0,10,000,00,1,1,01,A01
201000023131,0,33,000,05,0,1,02,A01
201000023132,0,02,000,00,2,1,01,A01
201000023132,0,07,000,00,0,6,23,B01
201000023133,0,07,000,00,2,2,15,A01
201000023133,0,07,000,00,2,3,01,B01
201000023134,0,99,000,00,2,1,02,A01
201000023134,0,07,000,00,0,4,01,B01
201000023135,0,33,000,00,2,1,00,B01
201000023135,0,07,000,00,2,3,09,A01
201000023136,0,07,000,14,2,3,06,A01
201000023136,0,07,000,00,2,6,00,B01
201000023136,0,07,000,00,2,6,01,C01
201000023137,0,10,000,00,2,3,01,B01
201000023137,0,07,000,00,2,8,19,A01
201000023138,0,33,000,00,0,7,01,A01
201000023139,0,07,000,00,2,3,01,B01
201000023139,0,07,000,00,2,6,09,A01
201000023140,0,07,000,00,1,3,01,A01
201000023141,0,07,000,08,0,0,16,A01
201000023142,0,07,000,00,2,1,01,A01
201000023142,0,07,000,00,0,5,01,B01
201000023143,0,07,000,00,0,3,15,B01
201000023143,0,30,000,12,2,2,17,A01
201000023144,0,33,000,00,0,0,00,A01
201000023145,0,07,000,00,2,8,01,B01
201000023145,0,07,000,00,2,1,01,A01
201000023146,0,07,000,00,1,1,09,A01
201000023147,0,07,000,00,2,3,19,A01
201000023147,0,07,000,00,2,2,01,B01
201000023148,0,07,000,00,2,3,15,A01
201000023148,0,30,000,00,2,7,17,B01
201000023149,0,02,000,00,2,1,17,A01
201000023149,0,07,000,01,2,2,00,C01
201000023149,0,07,000,00,2,1,00,B01
201000023150,0,07,000,00,2,0,19,A01
201000023150,0,33,000,00,2,7,01,B01
201000023151,0,07,000,01,0,3,00,A01
201000023152,0,07,000,08,0,1,00,A01
201000023153,0,07,000,00,2,3,15,B01
201000023153,0,33,000,00,0,7,17,A01
201000023154,0,07,000,00,0,4,02,C01
201000023154,0,07,000,00,2,9,02,B01
201000023154,0,07,000,03,2,1,02,A01
201000023155,0,30,000,12,0,8,13,A01
201000023156,0,07,000,00,2,6,01,B01
201000023156,0,07,000,00,2,3,01,A01
201000023157,0,07,000,00,2,4,02,B01
201000023157,0,07,000,00,0,4,02,C01
201000023157,0,07,000,00,2,1,02,A01
201000023158,0,07,000,14,0,3,00,A01
201000023159,0,07,000,00,0,6,23,B01
201000023159,0,07,000,00,2,2,11,A01
201000023160,0,33,000,00,0,4,02,B01
201000023160,0,07,000,00,2,2,02,A01
201000023161,0,07,000,03,0,6,00,A01
201000023162,0,14,000,00,2,3,01,B01
201000023162,0,02,000,00,2,3,13,A01
201000023163,0,02,000,00,2,0,00,C01
201000023163,1,07,000,00,2,0,00,Z01
201000023163,0,30,000,00,2,0,01,B01
201000023164,0,07,000,04,0,1,02,A01
201000023165,0,07,000,12,0,2,21,A01
201000023166,0,33,000,00,2,1,02,A01
201000023166,0,07,000,00,0,5,02,B01
201000023167,0,07,000,00,2,3,10,A01
201000023167,0,07,000,00,2,2,17,B01
201000023168,0,14,000,00,1,4,04,A01
201000023169,0,07,000,08,0,1,01,A01
201000023170,0,10,000,00,0,6,23,B01
201000023170,0,10,000,01,0,2,01,A01
201000023171,0,07,000,00,0,4,02,B01
201000023171,0,07,000,00,2,1,02,A01
201000023172,0,07,000,12,0,2,01,A01
201000023173,0,07,000,00,2,1,09,A01
201000023173,0,07,000,00,2,7,01,B01
201000023174,0,07,000,00,0,3,13,A01
201000023175,0,07,000,04,0,2,01,A01
201000023176,0,07,000,00,2,2,01,B01
201000023176,0,30,000,00,2,1,15,A01
201000023177,0,07,000,00,2,3,01,B01
201000023177,0,07,000,00,2,5,10,A01
201000023178,0,07,000,00,0,4,00,C01
201000023178,0,33,000,00,2,1,17,A01
201000023178,0,07,000,00,2,6,01,B01
201000023179,0,33,000,00,0,0,00,A01
201000023180,0,07,000,00,2,1,09,A01
201000023180,0,07,000,00,2,1,23,C01
201000023180,0,07,000,00,2,2,01,B01
201000023181,0,07,000,04,0,3,01,A01
201000023182,0,30,000,14,0,1,02,A01
201000023182,0,07,000,00,0,6,01,B01
201000023183,0,07,000,00,1,2,01,A01
201000023184,0,07,000,00,2,7,19,A01
201000023184,0,02,000,00,2,1,01,B01
201000023185,0,07,000,00,2,8,02,A01
201000023185,0,07,000,00,2,1,01,B01
201000023186,0,07,000,00,2,4,02,C01
201000023186,0,07,000,00,2,4,01,B01
201000023186,0,07,000,00,2,1,01,A01
201000023187,0,07,000,00,0,0,00,A01
201000023188,0,07,000,00,9,3,15,A01
201000023189,0,15,000,00,0,7,15,A01
201000023190,0,07,000,00,1,2,01,A01
201000023191,0,07,000,00,2,3,09,A01
201000023191,0,30,000,00,2,1,01,B01
201000023192,0,07,000,00,0,4,02,C01
201000023192,0,07,000,00,2,4,02,B01
201000023192,0,07,000,00,0,4,02,D01
201000023192,0,07,000,00,2,1,02,A01
201000023193,0,07,000,01,0,1,15,A01
201000023194,0,10,000,13,0,9,09,A01
201000023195,0,34,000,00,0,0,01,A01
201000023196,0,07,000,00,2,4,02,B01
201000023196,0,07,000,00,2,1,02,A01
201000023197,0,07,000,00,0,1,02,A01
201000023197,0,07,000,00,0,4,02,B01
201000023198,0,14,000,00,0,0,00,A01
201000023199,0,10,000,00,2,3,10,A01
201000023199,0,33,000,00,2,1,01,B01
201000023200,0,07,000,00,0,5,00,B01
201000023200,0,33,000,00,2,1,02,A01
201000023201,0,07,000,00,2,9,02,B01
201000023201,0,07,000,00,0,4,15,C01
201000023201,0,10,000,00,2,1,02,A01
201000023202,0,31,000,00,2,7,01,B01
201000023202,0,07,000,00,2,1,09,A01
201000023203,0,31,000,00,2,1,02,A01
201000023203,0,17,000,00,0,8,13,B01
201000023204,0,32,000,12,0,7,00,A01
201000023205,0,07,000,00,0,2,02,A01
201000023206,0,33,000,00,2,1,01,C01
201000023206,0,07,000,00,2,3,19,A01
201000023206,0,07,000,00,2,7,01,B01
201000023207,0,07,000,00,2,4,15,B01
201000023207,0,07,000,00,2,1,01,A01
201000023208,0,07,000,00,2,1,02,A01
201000023208,0,07,000,00,2,4,15,B01
201000023209,0,07,000,00,2,2,01,A01
201000023209,0,07,000,00,2,3,00,B01
201000023210,0,07,000,00,2,1,01,A01
201000023210,0,07,000,00,2,4,01,B01
201000023211,0,07,000,00,2,3,01,A01
201000023211,0,07,000,00,2,5,15,B01
201000023212,0,07,000,00,1,4,04,A01
201000023213,0,33,000,00,0,8,17,A01
201000023213,0,17,000,00,0,8,15,B01
201000023214,0,07,000,00,0,1,01,A01
201000023215,0,07,000,00,2,1,01,A01
201000023215,0,07,000,00,2,3,15,B01
201000023216,0,07,000,00,1,1,02,A01
201000023217,0,02,000,00,2,1,01,A01
201000023217,0,07,000,00,2,3,01,B01
201000023218,0,33,000,00,2,1,02,A01
201000023218,0,07,000,00,0,4,02,B01
201000023219,0,07,000,00,2,5,01,B01
201000023219,0,33,000,00,2,8,09,A01
201000023220,0,30,000,00,2,2,02,B01
201000023220,0,07,000,00,2,2,00,C01
201000023220,0,07,000,00,0,0,01,A01
201000023221,0,07,000,03,2,2,01,A01
201000023221,0,07,000,01,0,1,02,B01
201000023222,0,07,000,00,2,1,02,A01
201000023222,0,07,000,00,2,4,02,B01
201000023223,0,07,000,00,2,2,01,A01
201000023223,0,33,000,00,2,1,00,B01
201000023224,0,07,000,00,2,1,02,B01
201000023224,0,07,000,00,2,3,10,A01
201000023225,0,07,000,00,2,1,02,A01
201000023225,0,07,000,00,0,4,15,B01
201000023226,0,07,000,00,2,6,19,B01
201000023226,0,07,000,00,2,1,01,A01
201000023227,0,07,000,00,1,1,01,A01
201000023228,0,07,000,03,0,3,01,A01
201000023229,0,07,000,04,0,1,01,A01
201000023230,0,07,000,00,2,1,01,A01
201000023230,0,07,000,00,2,4,02,B01
201000023231,0,34,000,14,0,8,01,A01
201000023232,0,02,000,00,2,7,01,A01
201000023232,0,07,000,00,2,1,01,B01
201000023233,0,02,000,00,0,7,00,A01
201000023234,0,02,000,00,0,1,01,A01
201000023235,0,07,000,00,0,8,10,A01
201000023235,0,07,000,00,2,2,02,B01
201000023236,0,07,000,00,2,3,15,A01
201000023236,0,07,000,00,2,3,01,B01
201000023237,0,07,000,04,0,3,01,A01
201000023238,0,07,000,00,2,1,01,B01
201000023238,0,07,000,00,2,3,19,A01
201000023239,0,07,000,00,2,6,01,C01
201000023239,0,07,000,00,2,1,00,A01
201000023239,0,07,000,00,2,6,01,B01
201000023240,0,14,000,00,2,1,02,A01
201000023240,0,02,000,00,2,5,02,B01
201000023241,0,33,000,00,1,1,02,A01
201000023242,0,32,000,00,0,3,02,A01
201000023243,0,07,000,00,2,2,15,A01
201000023243,0,30,000,00,2,6,01,B01
201000023244,0,07,000,00,2,4,01,B01
201000023244,0,10,000,00,2,1,01,A01
201000023245,0,07,000,00,2,1,01,A01
201000023245,0,07,000,00,2,4,01,B01
201000023246,0,30,000,00,2,1,02,A01
201000023246,0,07,000,00,0,6,01,B01
201000023247,0,30,000,00,2,6,02,A01
201000023247,0,37,001,00,2,6,02,B01
201000023248,0,07,000,00,2,2,02,A01
201000023248,0,07,000,00,2,6,02,B01
201000023249,0,07,000,00,1,2,16,A01
201000023250,0,07,000,00,2,1,02,A01
201000023250,0,07,000,00,2,6,04,B01
201000023251,0,07,000,00,0,1,00,A01
201000023252,0,07,000,15,0,1,00,A01
201000023253,0,32,000,00,2,1,21,A01
201000023253,0,07,000,00,2,6,23,B01
201000023254,0,02,000,00,2,1,18,A01
201000023254,0,07,000,00,2,2,19,B01
201000023255,0,07,000,04,0,1,15,A01
201000023256,0,07,000,04,2,1,09,A01
201000023256,0,07,000,00,0,1,02,B01
201000023257,0,07,000,00,0,1,01,A01
201000023258,0,07,000,00,0,0,00,A01
201000023258,0,32,000,00,2,4,03,B01
201000023259,0,07,000,00,2,3,13,A01
201000023259,0,07,000,00,2,3,02,B01
201000023260,0,07,000,00,0,4,02,A01
201000023260,1,99,000,00,0,0,00,Z01
201000023261,0,07,000,00,2,4,02,C01
201000023261,0,07,000,00,2,4,02,B01
201000023261,0,07,000,00,2,1,02,A01
201000023262,0,07,000,00,2,4,02,B01
201000023262,0,07,000,00,2,1,02,A01
201000023263,0,07,000,00,1,1,01,A01
201000023264,0,07,000,00,2,2,01,B01
201000023264,0,07,000,00,2,3,09,A01
201000023265,0,17,000,00,0,3,01,B02
201000023265,0,07,000,00,0,7,17,A01
201000023266,0,07,000,06,0,2,01,A01
201000023267,0,07,000,00,0,4,01,A01
201000023267,0,07,000,00,2,1,01,B02
201000023268,0,07,000,14,2,1,17,A01
201000023268,0,14,000,00,2,8,01,B02
201000023269,0,10,000,03,0,2,01,A01
201000023270,0,07,000,00,0,9,01,A01
201000023271,0,07,000,00,2,6,02,B02
201000023271,0,07,000,00,2,2,02,A01
201000023272,0,07,000,00,1,3,01,A01
201000023273,0,10,000,00,2,2,01,A01
201000023273,0,17,000,00,2,6,23,B02
201000023274,0,07,000,16,0,1,01,A01
201000023275,0,07,000,00,2,4,23,C03
201000023275,0,07,000,00,2,1,02,A01
201000023275,0,07,000,00,2,4,23,B02
201000023275,0,07,000,00,0,4,23,D04
201000023276,0,07,000,13,0,1,01,A01
201000023277,0,01,000,00,0,1,01,A01
201000023278,0,33,000,00,2,7,01,B01
201000023278,0,07,000,00,2,1,19,A02
201000023279,0,33,000,00,2,2,01,A01
201000023279,0,07,000,00,2,3,19,B02
201000023280,0,30,000,01,0,1,14,A01
201000023281,0,33,000,00,0,1,01,A01
201000023282,0,33,000,00,2,1,02,B02
201000023282,0,07,000,00,2,4,02,A01
201000023283,0,10,000,00,2,2,17,A01
201000023283,0,30,000,00,2,1,01,B02
201000023284,0,07,000,03,2,1,02,B02
201000023284,0,07,000,00,2,1,11,C03
201000023284,0,07,000,00,0,4,02,A01
201000023285,0,07,000,00,2,1,17,A01
201000023285,0,07,000,00,2,4,01,B02
201000023286,0,07,000,00,2,3,01,B02
201000023286,0,07,000,00,2,3,01,A01
201000023287,0,07,000,00,2,1,01,B02
201000023288,0,07,000,13,0,1,01,A01
201000023289,0,33,000,00,2,1,01,B02
201000023289,0,07,000,00,2,6,15,A01
201000023290,0,07,000,00,2,1,01,A01
201000023290,0,02,000,00,2,8,19,B02
201000023291,0,07,000,00,2,3,23,C03
201000023291,0,07,000,00,2,3,05,A01
201000023291,0,14,000,00,2,3,01,B02
201000023292,0,07,000,00,2,1,01,B02
201000023292,0,07,000,00,2,1,13,A01
201000023293,0,33,000,08,9,1,00,A01
201000023294,0,33,000,00,2,1,17,B02
201000023294,0,07,000,00,0,6,15,A01
201000023295,0,10,000,00,2,3,15,A01
201000023295,0,02,000,00,2,1,01,B02
201000023296,2,33,000,00,2,1,01,B02
201000023296,0,13,000,00,2,2,15,A01
201000023297,0,07,000,00,2,1,17,A01
201000023297,0,07,000,00,2,1,01,B02
201000023298,0,07,000,02,0,2,01,A01
201000023299,0,07,000,13,0,1,01,A01
201000023300,0,07,000,00,1,3,01,A01
201000023301,0,07,000,03,0,3,14,A01
201000023302,0,10,000,03,0,1,17,A01
201000023303,0,07,000,13,0,8,00,A01
201000023304,0,07,000,03,0,2,01,A01
201000023305,0,07,000,16,0,6,01,A01
201000023306,0,07,000,03,0,0,02,B02
201000023306,0,07,000,00,2,2,03,A01
201000023307,0,07,000,13,0,0,01,A01
201000023308,0,07,000,00,9,2,17,A01
201000023309,0,10,000,00,0,9,01,A01
201000023310,0,07,000,00,1,5,04,A01
201000023311,0,14,000,03,0,2,00,A01
201000023312,0,07,000,13,0,2,01,A01
201000023313,0,17,000,13,0,1,01,A01
201000023314,0,07,000,00,2,1,01,A01
201000023314,0,07,000,00,2,2,15,B02
201000023315,1,07,000,00,1,2,01,A01
201000023316,1,07,000,00,1,1,02,A01
201000023317,0,03,000,00,2,1,01,B02
201000023317,0,07,000,00,2,3,09,A01
201000023318,0,07,000,00,0,9,02,A01
201000023319,0,07,000,13,0,1,01,A01
201000023320,0,07,000,02,0,8,01,A01
201000023321,0,33,000,00,2,8,21,A01
201000023322,0,30,000,00,2,8,02,A01
201000023322,0,07,000,00,2,1,01,B02
201000023323,0,07,000,00,1,2,01,A01
201000023324,0,10,000,00,2,3,01,C03
201000023324,0,07,000,00,2,1,17,A01
201000023324,0,07,000,00,2,1,01,B02
201000023325,0,07,000,00,1,2,01,A01
201000023326,0,07,000,03,0,9,14,A01
201000023327,0,07,000,00,2,3,01,B01
201000023327,0,01,000,00,2,1,15,A01
201000023328,0,07,000,00,1,1,23,B01