Num_Acc,senc,catv,occutc,obs,obsm,choc,manv,num_veh
201000023328,0,07,000,01,0,1,01,A01
201000023329,0,02,000,00,1,1,17,A01
201000023330,0,07,000,02,0,1,13,A01
201000023331,0,33,000,00,2,1,01,B01
201000023331,0,14,000,00,0,7,15,A01
201000023332,0,07,000,01,0,2,14,A01
201000023333,0,07,000,00,1,7,01,A01
201000023334,0,31,000,00,0,0,01,A01
201000023335,0,07,000,00,2,7,13,A01
201000023335,0,17,000,00,2,1,01,B01
201000023336,0,07,000,00,0,8,01,C01
201000023336,0,07,000,09,0,5,23,B01
201000023336,2,07,000,00,2,1,01,A01
201000023337,0,02,000,00,1,1,01,A01
201000023338,0,07,000,00,2,3,01,B01
201000023338,0,02,000,00,2,1,13,A01
201000023339,0,07,000,02,0,1,13,A01
201000023340,0,07,000,00,1,5,01,A01
201000023341,1,07,000,00,2,8,13,Z01
201000023341,0,02,000,00,2,1,01,A01
201000023342,0,07,000,00,0,4,01,C01
201000023342,0,07,000,00,0,4,01,B01
201000023342,0,07,000,00,2,1,01,A01
201000023343,0,07,000,00,1,5,16,A01
201000023344,0,07,000,00,0,6,01,A01
201000023344,0,33,000,03,2,1,01,B01
201000023345,0,33,000,00,2,1,01,B01
201000023345,0,07,000,00,0,7,15,A01
201000023346,0,07,000,00,2,3,15,B01
201000023346,0,02,000,00,2,1,17,A01
201000023347,0,07,000,00,1,0,00,A01
201000023348,0,07,000,02,0,1,00,A01
201000023349,0,07,000,00,2,1,01,A01
201000023349,0,07,000,00,2,2,16,B01
201000023350,0,02,000,00,2,1,01,B01
201000023350,0,07,000,00,2,7,01,A01
201000023351,0,07,000,00,0,4,01,B01
201000023351,0,33,000,00,2,1,01,A01
201000023352,0,07,000,06,0,1,01,A01
201000023353,0,07,000,00,2,1,15,A01
201000023353,0,31,000,00,2,1,01,B01
201000023354,0,07,000,00,1,0,01,A01
201000023355,0,07,000,00,1,3,15,A01
201000023356,0,07,000,00,1,2,16,A01
201000023357,0,07,000,07,0,9,14,A01
201000023358,0,07,000,00,2,2,01,B01
201000023358,0,02,000,00,2,1,01,A01
201000023359,0,07,000,02,0,1,13,A01
201000023360,0,07,000,00,0,9,13,A01
201000023361,0,33,000,03,0,1,13,A01
201000023362,0,33,000,00,2,1,01,B01
201000023362,2,07,000,00,2,2,15,A01
201000023363,0,07,000,00,2,1,01,A01
201000023363,0,07,000,00,2,4,01,B01
201000023363,0,07,000,00,2,4,01,D01
201000023363,0,07,000,00,2,4,01,C01
201000023364,0,02,000,00,2,1,17,A01
201000023364,0,07,000,00,0,8,15,B01
201000023365,0,07,000,13,0,1,16,A01
201000023366,0,33,000,12,0,1,01,A01
201000023367,0,07,000,02,0,1,13,A01
201000023368,0,07,000,00,1,7,01,A01
201000023369,0,07,000,00,2,6,01,B01
201000023369,0,33,000,00,2,1,01,A01
201000023370,0,07,000,00,2,3,02,T01
201000023370,0,31,000,00,2,4,02,A01
201000023371,0,07,000,00,2,3,15,A01
201000023371,0,07,000,14,0,1,01,C01
201000023371,0,33,000,00,2,1,01,B01
201000023372,0,01,000,00,2,1,01,B01
201000023372,0,07,000,00,2,2,01,A01
201000023373,0,07,000,13,0,2,01,A01
201000023374,0,07,000,00,1,1,16,A01
201000023375,0,33,000,00,2,1,01,A01
201000023375,0,07,000,00,2,8,10,B01
201000023376,0,07,000,00,2,1,15,B01
201000023376,0,02,000,00,2,1,01,A01
201000023377,0,37,000,00,1,7,07,A01
201000023378,0,07,000,09,0,1,01,A01
201000023379,0,02,000,00,0,1,16,A01
201000023380,0,07,000,00,2,1,01,A01
201000023380,0,07,000,00,2,5,01,B01
201000023381,0,02,000,00,0,4,23,B01
201000023381,0,14,000,00,2,1,01,A01
201000023382,0,01,000,14,0,0,01,A01
201000023383,0,07,000,00,0,6,15,B01
201000023383,0,02,000,00,2,2,17,A01
201000023384,0,07,000,00,2,4,02,C01
201000023384,0,07,000,00,2,4,02,B01
201000023384,0,07,000,00,2,1,01,A01
201000023385,0,07,000,00,2,6,09,A01
201000023385,0,01,000,00,2,2,01,B01
201000023386,0,01,000,00,1,1,01,A01
201000023387,0,02,000,00,2,1,16,A01
201000023387,0,07,000,00,2,1,01,B01
201000023388,1,07,000,00,1,0,01,Z01
201000023389,0,07,000,00,1,2,01,A01
201000023390,0,31,000,00,2,1,01,B01
201000023390,0,07,000,00,2,7,15,A01
201000023391,0,07,000,00,2,6,01,B01
201000023391,0,02,000,00,2,3,13,A01
201000023392,0,02,000,00,0,0,01,A01
201000023393,0,07,000,03,0,1,01,A01
201000023394,0,07,000,00,2,6,01,B01
201000023394,0,07,000,00,2,3,14,A01
201000023394,0,31,000,00,2,8,15,C01
201000023395,0,07,000,00,1,1,15,A01
201000023396,0,01,000,00,2,7,01,B01
201000023396,0,07,000,00,2,3,01,A01
201000023397,0,07,000,00,2,3,01,A01
201000023397,0,02,000,00,2,1,01,B01
201000023398,0,07,000,00,2,2,14,A01
201000023398,0,07,000,00,2,3,01,B01
201000023399,0,07,000,02,0,1,01,A01
201000023400,0,01,000,00,2,1,01,B01
201000023400,0,07,000,00,2,5,15,A01
201000023401,0,07,000,00,2,1,01,A01
201000023401,0,07,000,00,2,3,01,B01
201000023402,0,10,000,00,2,3,01,C01
201000023402,0,07,000,00,2,1,06,A01
201000023402,0,07,000,00,2,1,01,B01
201000023403,1,99,000,00,2,7,01,Z01
201000023403,0,01,000,00,2,8,01,A01
201000023404,0,32,000,00,2,1,01,B01
201000023404,0,07,000,00,2,8,01,A01
201000023405,0,14,000,00,1,2,01,A01
201000023406,0,07,000,00,0,7,23,B01
201000023406,0,02,000,00,2,1,01,A01
201000023407,0,07,000,00,2,3,04,A01
201000023407,0,33,000,00,2,1,01,B01
201000023408,0,07,000,00,1,1,01,A01
201000023409,0,07,000,00,1,2,01,A01
201000023410,0,07,000,00,2,3,23,A01
201000023410,0,33,000,00,2,1,01,B01
201000023411,0,07,000,00,1,1,01,A01
201000023412,0,07,000,00,1,2,01,A01
201000023413,0,07,000,00,2,1,01,A01
201000023413,0,07,000,00,2,4,23,B01
201000023414,0,02,000,00,2,1,01,B01
201000023414,0,07,000,00,2,3,01,C01
201000023414,0,07,000,00,2,6,16,A01
201000023415,0,07,000,00,1,3,15,A01
201000023416,0,07,000,00,1,1,01,A01
201000023417,0,07,000,00,1,1,16,A01
201000023418,0,07,000,13,0,1,01,A01
201000023419,0,01,000,00,2,1,01,B01
201000023419,0,07,000,00,2,8,09,A01
201000023420,0,10,000,00,2,2,15,A01
201000023420,0,02,000,00,2,1,01,B01
201000023421,0,07,000,06,0,3,13,A01
201000023422,0,07,000,00,1,1,01,A01
201000023423,0,07,000,00,5,1,01,A01
201000023423,0,99,000,00,2,8,14,B02
201000023424,0,33,000,00,0,0,00,A01
201000023425,0,07,000,13,0,1,13,A01
201000023426,0,07,000,00,1,2,01,A01
201000023427,0,07,000,00,2,1,14,A01
201000023427,0,07,000,00,2,2,01,B01
201000023428,0,07,000,01,1,2,01,A01
201000023429,0,07,000,13,0,1,01,A01
201000023430,0,07,000,13,0,1,01,A01
201000023431,0,14,000,00,2,3,01,B02
201000023431,0,07,000,00,2,3,13,A01
201000023432,0,07,000,00,2,8,19,A01
201000023432,0,07,000,00,2,2,01,B02
201000023433,1,07,000,00,1,2,01,A01
201000023434,0,07,000,13,0,2,21,A01
201000023435,0,07,000,00,1,1,01,A01
201000023436,0,33,000,02,0,1,01,A01
201000023437,0,07,000,00,2,1,05,A01
201000023437,0,07,000,00,2,1,01,B02
201000023437,0,14,000,00,2,3,01,C03
201000023438,0,10,000,00,2,1,01,B02
201000023438,0,07,000,00,2,7,19,A01
201000023439,0,31,000,00,2,3,02,A01
201000023439,0,07,000,00,2,3,02,B02
201000023440,0,07,000,03,0,8,16,A01
201000023441,0,07,000,00,2,8,15,B02
201000023441,0,07,000,00,2,5,01,A01
201000023442,0,33,000,16,0,1,02,A01
201000023443,0,07,000,00,9,7,17,A01
201000023443,0,01,000,00,2,8,01,B02
201000023444,0,07,000,00,2,3,01,C03
201000023444,0,07,000,00,2,4,13,B02
201000023444,0,07,000,00,2,1,02,A01
201000023445,0,07,000,16,0,8,01,A01
201000023446,0,07,000,13,0,1,02,A01
201000023447,0,07,000,00,2,1,01,B02
201000023447,0,07,000,00,2,3,01,A01
201000023448,0,07,000,01,0,1,02,A01
201000023448,0,01,000,00,2,4,23,B02
201000023449,0,31,000,00,2,3,01,C03
201000023449,0,07,000,00,2,6,01,B02
201000023449,0,31,000,00,2,3,01,A01
201000023450,0,31,000,00,2,1,01,B02
201000023450,0,10,000,00,0,5,15,A01
201000023451,0,30,000,00,2,8,02,B01
201000023451,0,07,000,09,2,2,14,A01
201000023452,0,07,000,00,2,1,05,A01
201000023452,0,14,000,00,2,1,01,B01
201000023453,0,99,000,01,1,1,19,A01
201000023454,0,02,000,16,0,7,01,A01
201000023455,0,07,000,00,1,2,01,A01
201000023456,0,10,000,00,0,8,01,A01
201000023457,0,07,000,00,0,1,00,A01
201000023458,0,02,000,00,0,7,01,A01
201000023459,0,33,000,00,0,0,01,A01
201000023459,0,21,000,00,0,0,09,B01
201000023460,0,07,000,08,2,3,01,B01
201000023460,0,07,000,00,2,2,09,A01
201000023461,0,07,000,01,0,1,14,A01
201000023462,0,30,000,00,0,0,01,A01
201000023463,0,07,000,00,1,1,01,A01
201000023464,0,32,000,00,2,5,02,B01
201000023464,0,07,000,00,2,3,10,A01
201000023465,0,30,000,00,2,1,01,A01
201000023465,0,30,000,00,2,1,15,B01
201000023466,0,02,000,00,2,8,01,B01
201000023466,0,07,000,00,2,1,11,A01
201000023467,0,07,000,00,0,0,02,B01
201000023467,0,33,000,00,0,0,02,A01
201000023468,0,07,000,00,2,2,21,B01
201000023468,0,07,000,00,2,1,13,A01
201000023469,0,30,000,16,0,7,00,A01
201000023470,0,15,000,00,2,6,04,A01
201000023470,0,07,000,00,2,3,04,B01
201000023471,0,10,000,02,0,3,01,A01
201000023472,0,30,000,11,0,1,01,A01
201000023473,0,07,000,00,2,1,05,A01
201000023473,0,07,000,00,2,1,00,B01
201000023474,0,07,000,15,0,1,01,A01
201000023475,1,07,000,01,0,1,01,A01
201000023475,0,07,000,00,2,6,24,B01
201000023476,0,07,000,00,1,1,01,A01
201000023477,0,07,000,00,2,8,09,A01
201000023477,0,30,000,00,2,7,01,B01
201000023478,0,07,000,13,0,9,01,A01
201000023479,0,07,000,08,0,1,21,A01
201000023480,0,33,000,00,2,8,01,B01
201000023480,0,07,000,00,2,3,15,A01
201000023481,0,02,000,00,2,7,05,A01
201000023481,0,07,000,00,2,3,01,B01
201000023482,0,02,000,00,2,1,01,B01
201000023482,0,07,000,00,2,3,15,A01
201000023483,0,17,000,00,2,8,15,A01
201000023483,0,02,000,00,2,1,01,B01
201000023484,0,07,000,00,1,0,01,A01
201000023485,0,02,000,00,2,1,02,A01
201000023485,0,07,000,00,2,4,20,B01
201000023486,0,14,000,00,2,1,02,A01
201000023486,0,07,000,00,2,4,02,B01
201000023486,0,07,000,00,2,4,02,C01
201000023487,0,07,000,01,2,3,00,B01
201000023487,0,07,000,00,2,2,02,A01
201000023488,0,07,000,00,1,4,04,A01
201000023489,0,02,000,00,2,1,13,A01
201000023489,0,07,000,00,2,1,01,B01
201000023490,0,07,000,00,1,1,01,A01
201000023491,0,07,000,00,0,1,01,A01
201000023492,0,07,000,00,2,1,00,A01
201000023492,0,07,000,08,2,3,01,B01
201000023493,0,07,000,00,2,3,15,B01
201000023493,0,02,000,00,2,1,17,A01
201000023494,0,02,000,12,0,1,01,A01
201000023495,0,07,000,00,2,0,10,A01
201000023495,0,33,000,00,2,1,02,B01
201000023496,0,07,000,08,0,9,01,A01
201000023497,0,07,000,15,0,9,01,A01
201000023498,0,07,000,00,2,1,02,A01
201000023498,0,07,000,00,2,4,01,B01
201000023499,0,07,000,15,0,0,01,A01
201000023500,0,30,000,00,2,1,02,A01
201000023500,0,07,000,00,2,4,02,B01
201000023501,0,03,000,00,2,1,01,A01
201000023501,0,07,000,00,0,4,23,B01
201000023502,0,07,000,00,2,3,20,A01
201000023502,0,07,000,00,2,2,01,B01
201000023503,0,07,000,00,2,3,17,A01
201000023503,0,07,000,00,2,2,17,B01
201000023504,0,07,000,02,0,1,01,A01
201000023505,0,07,000,01,0,2,01,A01
201000023506,0,33,000,14,0,1,01,A01
201000023507,0,07,000,00,2,1,13,A01
201000023507,0,07,000,00,2,3,01,B01
201000023508,0,07,000,13,0,1,01,A01
201000023509,0,10,000,00,2,4,01,A01
201000023509,0,07,000,00,2,3,02,C01
201000023509,0,07,000,00,2,8,02,B01
201000023510,0,07,000,00,2,3,15,A01
201000023510,0,02,000,00,2,1,01,B01
201000023511,0,07,000,00,2,8,01,B01
201000023511,0,07,000,00,2,8,01,C01
201000023511,0,07,000,00,2,8,13,A01
201000023512,0,10,000,00,1,2,01,A01
201000023513,0,07,000,00,2,7,10,A01
201000023513,0,07,000,00,2,1,01,B01
201000023514,0,02,000,01,0,1,01,A01
201000023515,0,30,000,00,2,1,17,A01
201000023515,0,07,000,00,2,3,15,B01
201000023516,0,07,000,00,2,4,02,B01
201000023516,0,07,000,00,2,1,02,A01
201000023517,0,07,000,00,1,1,01,A01
201000023518,0,30,000,00,2,1,01,B01
201000023518,0,07,000,00,2,7,01,A01
201000023519,0,07,000,00,1,1,15,A01
201000023520,0,07,000,00,1,1,10,A01
201000023521,0,07,000,00,2,2,15,B01
201000023521,0,10,000,00,2,3,01,A01
201000023522,0,07,000,00,0,2,01,A01
201000023523,0,02,000,00,2,1,02,A01
201000023523,0,07,000,00,2,3,15,B01
201000023524,0,07,000,00,1,1,01,A01
201000023525,0,07,000,00,2,3,01,B01
201000023525,0,07,000,00,2,2,15,A01
201000023526,0,07,000,00,2,5,12,A01
201000023526,0,30,000,00,2,8,01,B01
201000023527,0,33,000,14,0,2,01,A01
201000023528,0,07,000,01,2,9,01,B01
201000023528,0,07,000,00,2,1,19,A01
201000023529,0,32,000,07,0,1,01,A01
201000023530,0,20,000,00,2,4,04,A01
201000023530,0,33,000,00,2,3,01,B01
201000023531,0,07,000,00,2,3,01,A01
201000023531,0,33,000,00,2,3,01,B01
201000023532,0,07,000,13,0,9,01,A01
201000023533,0,07,000,00,2,2,01,B01
201000023533,0,07,000,00,2,8,09,A01
201000023534,0,33,000,00,2,3,17,B01
201000023534,0,07,000,00,2,8,10,A01
201000023535,0,07,000,06,0,1,01,A01
201000023536,1,01,000,00,1,0,15,A01
201000023537,0,30,000,00,0,8,15,A01
201000023538,0,07,000,00,2,2,12,A01
201000023538,0,33,000,00,2,8,01,B01
201000023539,0,07,000,00,2,7,01,B01
201000023539,0,07,000,00,2,1,15,A01
201000023540,0,07,000,13,0,1,01,A01
201000023541,0,07,000,00,1,3,01,A01
201000023542,0,31,000,00,0,0,01,A01
201000023543,1,07,000,00,2,0,01,B01
201000023543,0,30,000,01,2,3,01,A01
201000023544,0,07,000,00,0,0,24,A01
201000023544,0,01,000,00,0,0,21,B01
201000023545,0,07,000,00,2,4,01,B01
201000023545,0,07,000,01,2,1,01,A01
201000023546,0,07,000,05,0,1,01,A01
201000023547,0,07,000,06,2,8,19,A01
201000023547,0,07,000,00,2,1,01,B01
201000023548,0,30,000,00,2,7,01,B01
201000023548,0,07,000,00,2,3,10,A01
201000023549,0,07,000,00,2,1,01,A01
201000023549,0,07,000,00,2,6,01,B01
201000023550,0,33,000,00,1,1,01,A01
201000023551,0,07,000,00,2,1,02,A01
201000023551,0,07,000,00,0,4,01,B01
201000023552,0,10,000,00,2,8,15,B01
201000023552,0,07,000,00,2,1,01,A01
201000023553,0,07,000,02,0,7,15,A01
201000023554,0,30,000,15,0,1,01,A01
201000023555,0,30,000,00,0,8,15,A01
201000023556,0,30,000,00,2,1,01,B01
201000023556,0,07,000,00,2,4,01,A01
201000023557,0,07,000,05,0,1,01,A01
201000023558,0,07,000,00,2,6,20,B01
201000023558,0,07,000,00,2,7,01,C01
201000023558,0,07,000,00,2,2,21,A01
201000023559,0,01,000,00,2,1,10,A01
201000023559,0,07,000,00,2,2,01,B01
201000023560,0,07,000,13,0,2,01,A01
201000023561,0,07,000,00,1,4,04,A01
201000023562,0,07,000,00,2,8,01,B01
201000023562,0,07,000,00,2,7,09,A01
201000023563,0,07,000,00,1,3,01,A01
201000023564,0,07,000,00,2,4,09,A01
201000023564,0,31,000,00,2,1,01,B01
201000023565,0,07,000,02,0,1,01,A01
201000023566,0,07,000,00,2,1,01,A01
201000023566,0,07,000,00,2,4,01,B01
201000023567,0,07,000,08,2,8,01,B01
201000023567,0,07,000,00,2,1,01,A01
201000023568,0,07,000,00,2,1,01,B01
201000023568,0,07,000,00,2,4,01,A01
201000023569,0,30,000,00,2,1,17,A01
201000023569,0,07,000,00,2,3,15,B01
201000023570,0,07,000,00,0,1,01,A01
201000023571,0,30,000,01,2,1,01,B01
201000023571,0,07,000,00,2,3,09,A01
201000023572,0,01,000,00,2,1,01,B01
201000023572,0,07,000,00,2,4,01,A01
201000023573,0,07,000,00,1,3,15,A01
201000023574,0,07,000,13,0,0,00,A01
201000023575,0,07,000,03,0,1,14,A01
201000023576,0,07,000,14,0,7,01,D04
201000023576,0,07,000,00,2,1,01,C03
201000023576,0,07,000,03,0,1,14,B02
201000023576,0,07,000,00,2,1,05,A01
201000023577,0,07,000,04,0,3,01,A01
201000023578,0,07,000,00,2,1,02,A01
201000023578,0,17,000,00,2,4,02,B02
201000023579,0,07,000,00,2,2,15,A01
201000023579,0,01,000,00,2,1,01,B02
201000023580,0,10,000,00,2,1,01,A01
201000023580,0,10,000,00,2,4,15,B02
201000023581,0,01,000,00,2,1,01,B02
201000023581,0,07,000,00,2,1,15,A01
201000023582,0,02,000,00,2,6,23,B02
201000023582,0,07,000,00,2,3,02,A01
201000023583,0,02,000,00,2,1,13,A01
201000023583,0,07,000,00,2,3,01,B02
201000023584,0,07,000,06,0,1,01,A01
201000023585,0,07,000,02,0,8,01,A01
201000023586,0,07,000,00,2,1,02,A01
201000023586,0,21,000,00,2,6,02,B02
201000023587,0,07,000,00,0,1,01,A01
201000023588,0,07,000,13,0,1,00,A01
201000023589,0,14,000,02,0,3,01,A01
201000023590,0,30,000,16,0,0,01,A01
201000023591,0,07,000,00,2,8,10,A01
201000023591,0,32,000,00,2,1,01,B02
201000023592,0,07,000,00,2,6,23,C03
201000023592,0,07,000,00,2,1,14,A01
201000023592,0,07,000,01,0,6,23,B02
201000023592,0,31,000,00,2,3,23,D04
201000023593,0,07,000,01,0,1,01,A01
201000023594,0,07,000,00,2,4,24,A01
201000023594,0,07,000,01,1,1,01,B02
201000023595,0,07,000,00,2,1,01,B02
201000023595,0,07,000,00,2,7,19,A01
201000023596,0,07,000,00,1,1,01,A01
201000023597,0,07,000,00,1,3,15,A01
201000023598,0,07,000,13,0,9,01,A01
201000023599,0,07,000,13,0,9,01,A01
201000023600,0,07,000,00,1,1,01,A01
201000023600,0,07,000,00,1,1,23,B01
201000023601,0,33,000,00,1,3,01,A01
201000023602,0,02,000,00,2,7,01,B01
201000023602,0,07,000,00,2,3,09,A01
201000023603,0,33,000,00,2,1,01,A01
201000023603,0,07,000,00,2,5,16,B01
201000023604,0,33,000,00,1,1,01,A01
201000023604,0,07,000,00,1,1,01,B01
201000023605,0,02,000,00,2,1,17,A01
201000023605,0,07,000,00,2,3,15,B01
201000023606,0,07,000,00,1,1,01,A01
201000023607,0,07,000,00,2,3,01,B01
201000023607,0,03,000,00,1,1,01,A01
201000023608,0,07,000,00,1,2,01,A01
201000023609,0,07,000,00,2,7,19,A01
201000023609,0,02,000,00,2,1,01,B01
201000023610,0,02,000,00,2,6,01,A01
201000023610,0,07,000,00,2,6,01,B01
201000023611,0,02,000,12,0,1,01,A01
201000023612,0,07,000,00,1,3,15,A01
201000023613,0,07,000,00,1,8,01,A01
201000023614,0,07,000,00,2,7,19,A01
201000023614,0,07,000,00,2,1,01,B02
201000023615,0,10,000,00,1,2,01,A01
201000023615,0,99,000,00,2,0,19,B02
201000023616,0,30,000,00,2,2,19,B02
201000023616,0,10,000,00,2,3,01,A01
201000023617,0,07,000,00,1,1,16,A01
201000023618,0,30,000,01,0,1,01,A01
201000023619,0,07,000,00,2,1,01,B02
201000023619,0,07,000,00,2,4,19,A01
201000023620,0,07,000,00,1,2,01,A01
201000023621,0,30,000,01,0,1,02,B02
201000023621,0,07,000,00,0,4,23,A01
201000023622,0,07,000,00,2,1,01,B02
201000023622,0,07,000,00,2,1,01,A01
201000023623,0,07,000,00,2,7,01,A01
201000023623,0,07,000,00,2,1,01,B02
201000023624,0,07,000,00,2,3,01,B02
201000023624,0,07,000,00,2,3,15,A01
201000023625,0,02,000,00,0,1,01,B02
201000023625,0,10,000,00,0,3,13,A01
201000023626,0,07,000,02,0,3,01,A01
201000023627,0,30,000,01,0,2,01,A01
201000023628,0,30,000,15,0,0,01,A01
201000023629,0,07,000,00,2,3,13,A01
201000023629,0,07,000,00,2,3,01,B02
201000023630,0,07,000,00,1,7,01,A01
201000023631,0,07,000,00,2,1,01,B02
201000023631,0,07,000,00,2,8,19,A01
201000023632,0,02,000,00,2,8,01,B02
201000023632,0,07,000,08,2,2,01,A01
201000023633,0,33,000,13,0,1,01,A01
201000023634,0,07,000,08,0,2,01,A01
201000023635,0,07,000,02,0,1,01,A01
201000023636,0,07,000,00,2,3,01,C03
201000023636,0,07,000,00,2,3,13,A01
201000023636,0,10,000,00,2,6,01,B02
201000023637,0,32,000,14,0,1,00,A01
201000023638,0,33,000,13,0,1,01,A01
201000023639,0,33,000,00,2,1,01,A01
201000023639,0,07,000,00,0,8,15,B02
201000023640,1,07,000,00,1,1,01,A01
201000023641,0,33,000,00,2,1,17,A01
201000023641,0,07,000,00,2,5,15,B02
201000023642,0,33,000,00,0,7,00,A01
201000023643,0,33,000,00,0,2,17,A01
201000023643,0,07,000,00,2,8,15,B02
201000023644,0,07,000,13,0,2,01,A01
201000023645,0,07,000,03,0,1,01,A01
201000023646,0,07,000,04,0,3,01,A01
201000023647,0,07,000,03,0,3,01,A01
201000023648,0,07,000,13,0,9,01,A01
201000023649,0,07,000,00,0,6,10,A01
201000023649,0,33,000,00,2,1,01,B02
201000023650,0,38,001,00,1,5,22,A01
201000023651,0,31,000,02,0,2,14,A01
201000023652,0,07,000,00,2,7,15,A01
201000023652,0,33,000,00,2,1,01,B01
201000023653,0,07,000,00,1,1,01,A01
201000023654,0,07,000,00,2,2,01,A01
201000023654,0,07,000,00,0,3,19,B02
201000023655,0,07,000,00,2,6,02,B02
201000023655,1,07,000,00,2,1,02,A01
201000023656,0,01,000,00,0,0,15,A01
201000023656,0,07,000,00,2,2,17,B02
201000023657,0,07,000,00,0,4,02,B02
201000023657,0,33,000,00,2,1,01,A01
201000023658,0,07,000,00,2,6,09,A01
201000023658,0,33,000,00,2,1,01,B02
201000023659,1,07,000,00,2,1,09,A01
201000023659,0,07,000,00,0,5,15,B02
201000023660,0,07,000,00,2,8,15,A01
201000023660,0,33,000,00,2,1,02,B02
201000023661,0,03,000,00,2,1,13,A01
201000023661,0,07,000,00,0,3,01,B02
201000023662,0,33,000,00,2,1,01,A01
201000023662,0,10,000,00,2,8,15,B02
201000023663,0,07,000,00,2,6,02,B02
201000023663,0,33,000,00,2,1,02,A01
201000023664,0,07,000,00,9,3,02,A01
201000023664,0,30,000,00,2,1,02,B02
201000023665,0,07,000,00,2,7,17,A01
201000023665,0,30,000,00,0,8,15,B02
201000023666,0,01,000,00,2,4,01,B02
201000023666,0,07,000,00,9,2,01,A01
201000023667,0,07,000,00,2,3,01,A01
201000023667,0,07,000,00,2,2,01,B02
201000023668,1,10,000,00,1,2,01,A01
201000023669,0,07,000,00,2,3,19,A01
201000023669,0,31,000,00,2,1,01,B02
201000023670,0,07,000,02,0,1,13,A01
201000023671,0,07,000,00,2,2,17,A01
201000023671,0,01,000,00,2,8,01,B02
201000023672,0,07,000,00,2,1,01,B02
201000023672,0,07,000,00,2,3,19,A01
201000023673,1,07,000,00,1,2,01,A01
201000023674,0,07,000,00,2,1,01,B02
201000023674,0,07,000,00,2,8,01,C03
201000023674,0,07,000,00,2,7,13,A01
201000023675,0,07,000,00,1,2,21,A01
201000023676,0,07,000,00,1,4,04,A01
201000023677,0,07,000,04,0,2,01,A01
201000023677,0,07,000,04,2,1,01,B02
201000023678,0,07,000,16,0,9,01,A01
201000023679,0,30,000,03,0,0,13,A01
201000023680,0,01,000,14,0,7,15,B02
201000023680,0,07,000,14,0,1,01,A01
201000023681,0,31,000,16,0,0,01,A01
201000023682,0,07,000,00,2,4,02,A01
201000023682,0,07,000,00,2,1,02,B02
201000023683,0,02,000,00,2,1,01,B02
201000023683,0,31,000,00,2,1,21,A01
201000023684,0,07,000,00,1,0,01,A01
201000023685,0,07,000,00,1,1,19,A01
201000023686,0,33,000,16,0,8,01,A01
201000023687,0,07,000,00,2,1,01,A01
201000023687,0,07,000,00,2,9,01,B02
201000023687,0,07,000,00,2,1,02,C03
201000023688,0,07,000,02,1,4,01,A01
201000023689,0,07,000,00,2,3,00,B02
201000023689,0,07,000,00,2,1,01,D04
201000023689,0,07,000,00,2,3,01,A01
201000023689,0,07,000,00,2,1,01,C03
201000023690,0,33,000,00,2,7,17,A01
201000023690,0,07,000,00,2,8,17,B02
201000023691,0,07,000,02,0,8,14,A01
201000023692,0,07,000,00,2,6,01,B02
201000023692,0,07,000,00,2,3,13,A01
201000023693,0,10,000,00,2,5,16,A01
201000023693,0,01,000,00,2,3,19,B02
201000023694,0,15,000,00,2,3,01,B02
201000023694,0,07,000,00,2,3,05,A01
201000023695,0,07,000,00,2,3,01,A01
201000023695,0,07,000,00,2,2,15,B02
201000023696,0,07,000,00,2,3,15,A01
201000023696,0,36,000,00,2,2,01,B02
201000023697,0,10,000,04,0,3,01,A01
201000023698,0,07,000,00,2,3,01,B02
201000023698,0,07,000,00,2,2,13,A01
201000023699,0,33,000,00,2,1,00,B02
201000023699,0,10,000,00,2,1,15,A01
201000023700,0,32,000,00,0,1,02,A01
201000023701,0,07,000,02,0,8,01,A01
201000023702,0,07,000,00,2,1,01,B02
201000023702,0,07,000,00,2,1,01,A01
201000023703,0,07,000,02,0,2,01,A01
201000023704,0,10,000,02,0,2,14,A01
201000023705,0,02,000,07,0,1,01,A01
201000023706,0,33,000,02,0,1,01,A01
201000023707,0,07,000,00,2,2,13,A01
201000023707,0,07,000,00,2,3,15,B02
201000023708,0,07,000,00,2,1,01,B02
201000023708,0,07,000,00,2,1,13,A01
201000023709,0,33,000,00,0,1,01,A01
201000023709,0,07,000,00,0,3,15,B02
201000023710,0,17,000,00,2,8,15,B02
201000023710,0,33,000,00,2,1,01,A01
201000023711,0,07,000,08,0,1,14,A01
201000023712,0,07,000,00,2,3,01,B02
201000023712,0,07,000,00,2,3,13,A01
201000023713,0,30,000,00,2,8,01,B02
201000023713,0,33,000,00,2,7,17,A01
201000023714,0,07,000,13,0,1,01,A01
201000023715,0,33,000,00,2,1,17,B02
201000023715,0,07,000,00,2,6,15,A01
201000023716,0,07,000,00,2,1,13,A01
201000023716,0,07,000,00,2,2,01,B02
201000023717,0,07,000,13,0,1,17,A01
201000023718,0,07,000,00,2,4,01,A01
201000023718,0,07,000,00,2,1,01,B02
201000023719,0,07,000,02,0,7,13,A01
201000023720,0,07,000,14,1,1,16,A01
201000023720,0,99,000,00,0,0,00,B02
201000023721,1,07,000,00,1,3,01,A01
201000023722,0,31,000,03,0,8,17,A01
201000023723,0,02,000,00,2,4,01,B02
201000023723,0,02,000,00,2,1,01,A01
201000023724,0,07,000,00,9,5,12,A01
201000023724,0,01,000,00,2,3,19,B02