Num_Acc,senc,catv,occutc,obs,obsm,choc,manv,num_veh
201000024123,0,07,000,00,2,1,02,A01
201000024123,0,07,000,00,2,4,23,B01
201000024124,0,07,000,00,2,1,01,A01
201000024124,0,07,000,00,2,4,00,B01
201000024125,0,07,000,00,2,2,15,A01
201000024125,0,33,000,00,2,1,01,B01
201000024126,0,02,000,00,0,0,01,A01
201000024127,0,01,000,14,0,0,01,A01
201000024128,0,01,000,00,0,0,00,A01
201000024129,0,07,000,00,0,0,00,A01
201000024130,1,07,000,00,1,0,00,Z01
201000024131,0,07,000,00,2,8,15,A01
201000024131,0,33,000,00,2,1,17,B01
201000024132,0,07,000,00,2,3,15,A01
201000024132,0,02,000,00,2,1,17,B01
201000024133,0,30,000,00,0,0,00,A01
201000024134,0,07,000,00,2,1,13,A01
201000024134,0,07,000,00,2,3,01,B01
201000024135,0,02,000,00,2,1,02,B01
201000024135,0,10,000,00,0,4,23,A01
201000024136,0,07,000,00,2,1,02,A01
201000024136,0,02,000,00,2,4,02,B01
201000024136,0,07,000,00,0,4,02,C01
201000024137,0,07,000,00,2,1,01,A01
201000024137,0,07,000,00,2,4,01,B01
201000024138,0,07,000,00,2,1,01,A01
201000024138,0,01,000,00,2,8,15,B01
201000024139,0,01,000,01,0,1,21,B01
201000024139,0,07,000,00,0,8,22,A01
201000024140,0,07,000,15,0,1,13,A01
201000024141,0,07,000,00,2,1,01,A01
201000024141,0,30,000,00,2,4,01,B01
201000024142,0,07,000,01,2,3,13,A01
201000024142,0,02,000,00,2,7,17,B01
201000024143,0,07,000,00,2,6,01,A01
201000024143,0,01,000,00,2,1,01,B01
201000024144,0,07,000,00,2,4,01,A01
201000024144,0,07,000,00,2,1,02,B01
201000024145,0,02,000,00,2,1,01,B01
201000024145,0,07,000,00,2,3,01,A01
201000024146,0,37,001,00,1,1,01,A01
201000024147,0,07,000,00,2,4,23,C01
201000024147,0,07,000,00,2,1,02,A01
201000024147,0,07,000,00,2,4,23,B01
201000024148,0,02,000,15,0,0,00,A01
201000024149,0,32,000,00,0,0,01,A01
201000024150,0,07,000,00,0,1,01,B01
201000024150,0,07,000,00,2,2,15,A01
201000024151,0,01,000,00,0,0,00,A01
201000024152,0,07,000,00,2,0,00,A01
201000024152,0,01,000,00,2,0,00,B01
201000024153,0,07,000,00,2,8,01,B01
201000024153,0,07,000,00,2,1,01,A01
201000024154,0,07,000,01,1,2,14,A01
201000024155,0,07,000,00,2,1,13,A01
201000024155,0,07,000,00,2,1,01,B01
201000024156,0,07,000,00,2,1,01,B01
201000024156,0,07,000,00,2,1,09,A01
201000024157,0,07,000,00,2,4,01,C01
201000024157,0,07,000,00,2,1,01,A01
201000024157,0,07,000,00,2,4,01,B01
201000024158,0,07,000,00,2,5,10,A01
201000024158,0,07,000,00,2,1,01,B01
201000024159,0,30,000,00,0,0,00,A01
201000024160,0,07,000,00,2,1,01,A01
201000024160,0,07,000,00,2,4,01,B01
201000024161,0,01,000,00,4,3,01,B01
201000024161,0,07,000,00,2,7,17,A01
201000024162,0,07,000,00,2,3,15,A01
201000024162,0,01,000,00,2,0,13,B01
201000024163,0,07,000,00,2,3,13,A01
201000024163,0,07,000,00,2,5,01,B01
201000024164,0,07,000,00,2,4,01,C01
201000024164,0,07,000,00,2,1,01,A01
201000024164,0,07,000,00,2,4,01,B01
201000024165,0,33,000,16,0,8,21,A01
201000024166,0,01,000,00,2,4,01,B01
201000024166,0,07,000,00,2,1,01,A01
201000024167,0,07,000,00,2,4,01,A01
201000024167,0,01,000,00,2,1,01,B01
201000024168,0,30,000,00,0,0,00,A01
201000024169,0,07,000,08,0,1,13,A01
201000024170,0,01,000,16,0,7,00,A01
201000024171,0,07,000,00,2,8,15,A01
201000024171,0,33,000,00,2,7,17,B01
201000024172,0,07,000,00,2,3,01,A01
201000024172,0,02,000,00,2,1,01,B01
201000024173,0,01,000,00,2,1,01,A01
201000024173,0,07,000,00,2,4,01,B01
201000024174,0,02,000,00,2,3,05,A01
201000024174,0,07,000,00,2,3,01,B01
201000024175,0,07,000,04,0,9,13,A01
201000024176,0,07,000,00,2,1,01,A01
201000024176,0,07,000,00,2,4,01,B01
201000024177,0,07,000,00,2,1,01,A01
201000024177,0,07,000,00,2,4,01,B01
201000024178,0,01,000,00,0,9,00,A01
201000024179,1,10,000,00,1,1,00,A01
201000024180,0,31,000,13,0,0,01,A01
201000024181,0,33,000,00,2,1,00,A01
201000024181,0,38,001,00,2,4,00,B01
201000024182,0,01,000,14,0,1,01,A01
201000024183,0,07,000,08,0,0,00,A01
201000024184,0,07,000,00,0,1,01,A01
201000024184,0,07,000,00,2,4,01,B01
201000024185,0,01,000,00,2,0,00,B01
201000024185,0,07,000,00,2,0,00,A01
201000024186,0,07,000,07,0,2,01,A01
201000024187,0,02,000,12,0,0,00,A01
201000024188,0,07,000,07,0,1,01,A01
201000024189,0,07,000,00,2,4,01,B01
201000024189,0,07,000,00,2,1,01,A01
201000024190,0,07,000,00,2,7,17,A01
201000024190,0,01,000,00,2,1,01,B01
201000024191,0,10,000,02,0,0,00,A01
201000024192,0,32,000,00,2,1,01,B01
201000024192,0,07,000,00,2,7,15,A01
201000024193,0,07,000,00,2,1,01,A01
201000024193,0,07,000,00,2,4,01,B01
201000024194,0,07,000,00,0,4,23,A01
201000024194,0,30,000,00,2,1,01,B01
201000024195,0,31,000,00,0,0,00,A01
201000024196,0,07,000,00,2,1,01,A01
201000024197,0,30,000,00,2,1,01,A01
201000024197,0,07,000,00,2,4,01,B01
201000024198,0,33,000,00,2,1,01,A01
201000024198,0,07,000,00,2,3,10,B01
201000024199,0,07,000,00,2,4,02,B01
201000024199,0,10,000,00,2,1,02,A01
201000024200,0,07,000,00,2,1,01,A01
201000024201,0,30,000,00,2,1,01,A01
201000024201,0,07,000,00,2,1,01,B01
201000024202,0,07,000,00,2,3,01,A01
201000024202,0,07,000,00,2,1,01,B01
201000024203,0,33,000,07,0,1,13,A01
201000024204,0,33,000,00,0,0,00,A01
201000024205,0,32,000,16,0,0,01,A01
201000024206,0,01,000,00,2,0,01,A01
201000024206,0,33,000,00,2,0,01,B01
201000024207,0,02,000,00,2,1,09,B01
201000024207,0,07,000,00,2,2,01,A01
201000024208,0,01,000,00,2,8,01,A01
201000024208,0,01,000,00,2,5,17,B01
201000024209,0,07,000,00,1,0,01,A01
201000024210,0,07,000,00,1,1,01,A01
201000024211,0,01,000,00,2,2,00,B01
201000024211,0,07,000,00,2,3,17,A01
201000024212,0,07,000,00,2,1,01,C01
201000024212,0,07,000,00,2,4,01,B01
201000024212,0,03,000,00,2,1,01,A01
201000024213,0,32,000,00,2,1,01,A01
201000024213,0,07,000,00,2,4,01,B01
201000024214,0,30,000,00,2,0,00,A01
201000024215,0,33,000,00,0,0,01,A01
201000024216,0,07,000,00,1,1,01,A01
201000024217,0,07,000,00,2,6,11,A01
201000024217,0,33,000,00,2,1,01,B01
201000024218,0,02,000,00,2,1,01,B01
201000024218,0,07,000,00,2,8,20,A01
201000024219,0,07,000,00,2,1,01,B01
201000024219,0,33,000,00,2,4,01,A01
201000024220,0,30,000,16,0,0,14,A01
201000024221,0,07,000,00,2,1,05,A01
201000024221,0,07,000,04,2,1,01,B01
201000024222,0,01,000,00,2,1,01,B01
201000024222,0,07,000,00,2,4,01,A01
201000024223,0,07,000,00,2,1,01,A01
201000024223,0,07,000,00,2,4,01,B01
201000024223,0,07,000,00,2,4,01,C01
201000024224,0,07,000,00,2,4,23,C01
201000024224,0,07,000,00,2,9,23,B01
201000024224,0,07,000,00,2,1,02,A01
201000024225,0,32,000,00,2,1,01,A01
201000024225,0,07,000,00,2,3,01,B01
201000024226,0,07,000,00,2,4,01,B01
201000024226,0,07,000,00,2,1,12,A01
201000024227,0,07,000,00,1,0,00,A01
201000024228,0,07,000,00,2,1,01,A01
201000024228,0,02,000,00,2,5,01,B01
201000024229,0,31,000,00,0,0,00,A01
201000024230,0,02,000,16,0,0,01,A01
201000024231,0,07,000,00,2,4,01,C01
201000024231,0,10,000,00,2,1,00,A01
201000024231,0,07,000,00,2,9,00,B01
201000024232,0,02,000,00,0,0,00,A01
201000024233,0,07,000,00,2,4,20,A01
201000024233,0,33,000,00,2,1,01,B01
201000024234,0,07,000,00,2,1,01,B01
201000024234,0,07,000,00,2,4,01,A01
201000024235,0,07,000,00,2,7,01,B01
201000024235,0,01,000,00,2,8,13,A01
201000024236,0,33,000,00,0,0,00,A01
201000024237,0,07,000,00,2,4,01,B01
201000024237,0,07,000,00,2,1,01,A01
201000024237,0,07,000,00,2,1,01,C01
201000024237,0,07,000,00,2,4,01,D01
201000024238,0,30,000,00,2,4,01,B01
201000024238,0,30,000,00,2,1,01,A01
201000024239,0,02,000,00,2,1,09,A01
201000024239,0,07,000,00,2,1,01,B01
201000024240,0,33,000,16,0,0,01,A01
201000024241,0,01,000,00,2,1,01,B01
201000024241,0,07,000,00,9,1,21,A01
201000024242,0,07,000,00,2,5,15,A01
201000024242,0,01,000,00,2,1,01,B01
201000024243,0,07,000,00,2,1,09,A01
201000024243,0,07,000,00,2,7,01,B01
201000024244,0,02,000,00,0,0,02,A01
201000024245,0,07,000,00,2,2,17,A01
201000024245,0,01,000,00,2,8,01,B01
201000024246,0,07,000,00,1,4,04,A01
201000024247,0,02,000,00,2,1,01,B01
201000024247,0,07,000,00,2,1,09,A01
201000024248,0,07,000,00,2,1,01,B01
201000024248,0,02,000,00,2,1,05,A01
201000024249,0,01,000,00,1,1,01,A01
201000024250,0,07,000,00,2,1,01,B01
201000024250,0,01,000,00,2,1,05,A01
201000024251,0,07,000,00,2,4,23,B01
201000024251,0,07,000,00,2,1,02,A01
201000024252,0,01,000,00,2,0,01,B01
201000024252,1,07,000,00,2,0,09,Z01
201000024253,0,30,000,00,2,3,13,B01
201000024253,0,07,000,00,2,2,17,A01
201000024254,0,07,000,00,0,9,00,A01
201000024255,0,07,000,00,2,0,01,A01
201000024255,0,01,000,00,2,1,09,B01
201000024256,0,07,000,00,2,4,04,A01
201000024256,0,33,000,00,2,1,01,B01
201000024257,0,07,000,00,0,0,00,B01
201000024257,0,07,000,00,2,1,01,A01
201000024258,0,02,000,16,0,7,00,A01
201000024259,0,32,000,00,0,0,00,A01
201000024260,0,07,000,00,2,1,09,A01
201000024260,0,33,000,00,2,1,01,B01
201000024261,0,07,000,00,2,1,09,A01
201000024261,0,01,000,00,2,7,01,B01
201000024262,0,07,000,00,2,2,17,A01
201000024262,0,07,000,00,2,8,01,B01
201000024263,0,07,000,00,2,1,02,A01
201000024263,0,07,000,00,2,4,23,B01
201000024264,0,07,000,01,0,1,00,A01
201000024265,0,07,000,00,2,1,09,A01
201000024265,0,01,000,00,2,1,01,B01
201000024266,0,07,000,00,1,1,01,A01
201000024267,0,07,000,00,2,0,13,A01
201000024267,0,30,000,00,2,7,01,B01
201000024268,1,07,000,00,2,1,01,Z01
201000024268,0,07,000,00,2,1,01,A01
201000024269,0,02,000,00,2,9,00,A01
201000024269,0,38,001,00,2,6,23,B01
201000024270,0,02,000,00,0,0,00,A01
201000024271,0,31,000,00,1,9,01,A01
201000024272,0,07,000,00,1,7,15,A01
201000024273,0,02,000,00,2,1,13,A01
201000024273,0,07,000,00,2,1,01,B01
201000024274,0,01,000,00,2,7,15,A01
201000024274,0,07,000,00,2,1,01,B01
201000024275,0,07,000,00,2,1,01,B01
201000024275,0,30,000,00,2,8,01,A01
201000024276,0,07,000,00,2,0,09,A01
201000024276,0,02,000,00,2,1,01,B01
201000024277,0,02,000,00,2,1,01,B01
201000024277,0,01,000,00,2,4,01,A01
201000024278,0,01,000,00,0,0,00,A01
201000024279,0,07,000,00,2,7,01,B01
201000024279,0,02,000,00,2,8,11,A01
201000024280,0,33,000,00,2,1,17,B01
201000024280,0,07,000,00,2,8,15,A01
201000024281,0,02,000,15,0,1,01,A01
201000024282,0,07,000,00,2,1,13,A01
201000024282,0,07,000,00,2,1,01,B01
201000024283,0,07,000,00,2,4,01,B01
201000024283,0,30,000,00,2,1,01,A01
201000024284,0,33,000,00,0,1,17,B01
201000024284,0,07,000,00,0,3,15,A01
201000024285,0,30,000,00,2,4,01,B01
201000024285,0,07,000,00,2,1,01,A01
201000024286,0,07,000,00,2,1,09,A01
201000024286,0,01,000,00,2,4,01,B01
201000024287,0,07,000,13,0,9,09,A01
201000024288,0,34,000,00,2,1,01,B01
201000024288,0,07,000,00,0,4,01,A01
201000024289,0,31,000,00,2,1,01,B01
201000024289,0,07,000,00,2,2,15,A01
201000024290,0,30,000,00,0,0,01,A01
201000024291,0,01,000,00,0,0,00,A01
201000024292,0,02,000,00,2,0,13,A01
201000024292,0,10,000,00,2,1,01,B01
201000024293,0,32,000,00,0,0,01,A01
201000024294,0,07,000,00,2,2,17,A01
201000024294,0,37,001,00,2,3,01,B01
201000024295,0,07,000,00,0,9,14,A01
201000024296,0,02,000,00,1,1,00,A01
201000024297,0,07,000,00,1,1,01,A01
201000024298,0,07,000,00,2,1,13,A01
201000024298,0,30,000,00,2,3,01,B01
201000024299,0,02,000,00,2,9,18,A01
201000024299,0,07,000,00,2,7,20,B01
201000024300,0,07,000,06,0,2,02,A01
201000024301,0,07,000,00,1,1,01,A01
201000024302,0,33,000,12,0,0,00,A01
201000024303,0,07,000,00,2,2,01,B01
201000024303,0,30,000,00,2,2,01,A01
201000024304,0,07,000,00,2,3,00,A01
201000024304,0,01,000,00,2,0,00,B01
201000024305,0,07,000,00,2,1,15,A01
201000024305,0,02,000,00,2,1,01,B01
201000024306,0,07,000,00,2,1,15,A01
201000024306,0,01,000,00,0,0,01,B01
201000024307,0,07,000,01,0,4,23,A01
201000024307,0,01,000,00,2,1,01,B01
201000024308,0,07,000,12,0,9,13,A01
201000024309,0,30,000,00,2,2,00,B01
201000024309,0,07,000,00,2,3,02,A01
201000024310,0,07,000,00,2,8,22,A01
201000024310,0,30,000,01,0,1,01,B01
201000024311,0,07,000,00,2,1,01,A01
201000024311,0,01,000,00,2,0,01,B01
201000024312,0,07,000,00,2,6,01,A01
201000024312,0,02,000,00,2,0,01,B01
201000024313,0,10,000,00,2,1,02,A01
201000024313,0,07,000,00,0,4,23,B01
201000024314,0,07,000,00,2,1,01,B01
201000024314,0,07,000,00,2,3,15,A01
201000024315,0,33,000,16,0,8,01,A01
201000024316,0,02,000,12,0,1,01,A01
201000024317,0,07,000,00,1,2,01,A01
201000024318,0,07,000,00,2,1,01,B01
201000024318,0,07,000,00,2,7,19,A01
201000024319,0,30,000,00,0,0,00,A01
201000024320,0,30,000,00,2,4,01,B01
201000024320,0,30,000,00,2,1,01,A01
201000024321,0,07,000,13,0,0,01,A01
201000024322,0,07,000,00,2,4,01,A01
201000024322,0,13,000,00,2,1,01,B01
201000024323,0,07,000,00,2,3,01,A01
201000024323,0,01,000,00,2,3,11,B01
201000024324,0,07,000,00,1,4,04,A01
201000024325,0,02,000,00,2,0,01,A01
201000024325,0,07,000,00,0,3,15,B01
201000024326,0,30,000,00,1,1,00,A01
201000024327,0,07,000,00,2,1,15,A01
201000024327,0,07,000,00,2,1,16,B01
201000024328,0,07,000,00,2,2,16,A01
201000024328,0,01,000,00,2,8,01,B01
201000024329,0,13,000,00,2,3,01,B01
201000024329,0,07,000,00,2,3,13,A01
201000024330,0,07,000,00,2,6,20,A01
201000024330,0,31,000,00,2,1,01,B01
201000024331,0,07,000,00,1,3,01,A01
201000024332,0,07,000,01,0,1,01,A01
201000024333,0,07,000,00,2,3,18,A01
201000024333,0,02,000,00,2,0,16,B01
201000024334,0,30,000,12,0,7,14,A01
201000024335,0,07,000,00,2,1,01,A01
201000024335,0,07,000,00,2,4,01,C01
201000024335,0,07,000,00,2,1,01,B01
201000024336,0,15,000,00,1,0,16,A01
201000024337,0,07,000,00,2,5,01,A01
201000024337,0,30,000,00,2,1,01,B01
201000024338,0,07,000,00,1,4,04,A01
201000024339,0,07,000,03,0,1,00,A01
201000024340,0,07,000,14,0,1,01,A01
201000024341,0,07,000,00,2,1,01,B01
201000024341,0,07,000,00,2,2,01,A01
201000024342,0,30,000,00,0,8,01,A01
201000024343,0,07,000,00,2,4,01,B01
201000024343,0,07,000,00,0,1,01,A01
201000024344,0,07,000,00,2,1,01,B01
201000024344,0,07,000,00,2,1,05,A01
201000024345,0,07,000,00,2,4,00,C01
201000024345,0,07,000,00,2,1,00,A01
201000024345,0,07,000,00,2,4,00,B01
201000024346,0,07,000,00,2,8,00,B01
201000024346,0,07,000,00,2,1,00,A01
201000024347,0,07,000,00,2,1,01,B01
201000024347,0,07,000,00,2,2,01,A01
201000024348,0,07,000,00,2,1,01,A01
201000024348,0,07,000,00,2,4,01,B01
201000024349,0,07,000,01,2,1,01,A01
201000024350,0,07,000,00,0,1,01,A01
201000024351,0,07,000,00,9,4,01,A01
201000024351,0,01,000,00,2,1,01,C01
201000024351,0,01,000,00,2,1,01,B01
201000024352,0,07,000,00,2,7,01,B01
201000024352,0,07,000,00,2,1,01,A01
201000024353,0,02,000,00,0,7,01,A01
201000024354,0,07,000,00,0,9,01,A01
201000024355,0,07,000,06,2,1,01,A01
201000024355,0,07,000,00,2,1,01,B01
201000024355,0,07,000,00,2,1,01,C01
201000024356,0,07,000,00,2,3,09,A01
201000024356,0,31,000,00,0,1,01,B01
201000024357,0,33,000,00,2,1,00,A01
201000024357,0,07,000,00,2,3,00,B01
201000024358,0,07,000,00,2,1,01,B01
201000024358,0,03,000,00,2,7,15,A01
201000024359,0,33,000,00,2,1,01,A01
201000024359,0,07,000,00,2,8,01,B01
201000024360,0,07,000,00,2,1,13,A01
201000024360,0,07,000,00,2,1,01,B01
201000024361,0,02,000,00,0,7,01,A01
201000024362,0,31,000,00,2,1,16,A01
201000024362,0,07,000,00,2,1,01,B01
201000024363,0,02,000,00,2,1,01,B01
201000024363,0,07,000,00,2,5,01,A01
201000024364,0,07,000,00,2,4,01,B01
201000024364,0,30,000,00,2,1,01,A01
201000024365,0,07,000,00,0,1,01,A01
201000024366,0,07,000,00,2,6,01,B01
201000024366,0,07,000,00,2,1,00,A01
201000024367,0,03,000,11,0,2,01,A01
201000024368,0,07,000,00,2,4,15,B01
201000024368,0,30,000,00,2,1,01,A01
201000024369,0,31,000,00,2,4,01,B01
201000024369,0,07,000,00,2,1,01,A01
201000024370,0,07,000,00,2,4,01,B01
201000024370,0,07,000,00,2,1,01,A01
201000024371,0,01,000,00,2,1,01,B01
201000024371,0,07,000,00,2,2,00,A01
201000024372,0,07,000,00,2,2,15,A01
201000024372,0,02,000,00,2,1,01,B01
201000024373,0,07,000,00,2,8,09,A01
201000024373,0,30,000,00,2,1,01,B01
201000024374,0,02,000,12,0,0,00,A01
201000024375,0,07,000,00,2,1,01,A01
201000024375,0,07,000,00,2,4,01,B01
201000024376,0,07,000,00,0,1,01,A01
201000024377,0,07,000,00,1,1,01,A01
201000024378,0,07,000,00,2,7,01,A01
201000024378,0,07,000,00,2,1,01,B01
201000024379,0,07,000,00,1,1,01,A01
201000024380,0,07,000,00,2,1,01,A01
201000024380,0,07,000,00,2,1,01,B01
201000024381,0,02,000,00,2,1,01,B01
201000024381,0,07,000,00,2,1,01,A01
201000024382,0,30,000,07,0,1,01,A01
201000024383,0,07,000,14,0,1,00,C01
201000024383,0,07,000,00,2,4,23,A01
201000024383,0,07,000,00,2,4,23,B01
201000024384,0,32,000,00,0,7,01,A01
201000024385,0,07,000,00,2,1,01,A01
201000024385,0,07,000,00,2,4,01,B01
201000024386,0,07,000,00,2,8,15,B01
201000024386,0,30,000,00,2,1,01,A01
201000024387,0,07,000,00,2,4,04,A01
201000024387,0,07,000,00,2,5,01,B01
201000024388,0,37,000,00,2,1,01,B01
201000024388,0,07,000,00,2,8,01,A01
201000024389,0,07,000,09,1,1,01,A01
201000024390,0,07,000,00,2,8,01,B01
201000024390,0,07,000,00,2,1,01,A01
201000024391,0,31,000,00,0,8,01,A01
201000024392,0,33,000,00,2,1,01,B01
201000024392,0,01,000,00,2,4,16,A01
201000024393,0,07,000,00,0,2,01,A01
201000024394,0,07,000,00,1,4,04,A01
201000024395,0,30,000,00,2,7,01,B01
201000024395,0,10,000,00,2,1,09,A01
201000024396,0,03,000,00,1,1,01,A01
201000024397,0,07,000,00,2,1,01,A01
201000024397,0,07,000,00,2,7,01,B01
201000024398,0,07,000,00,2,1,13,A01
201000024398,0,07,000,00,2,1,01,B01
201000024399,0,02,000,00,0,7,01,A01
201000024400,0,30,000,12,0,1,01,A01
201000024401,0,07,000,00,1,1,01,A01
201000024402,0,30,000,12,0,1,01,A01
201000024403,0,32,000,00,0,0,01,B01
201000024403,0,07,000,00,2,3,00,A01
201000024404,0,07,000,00,2,4,00,B01
201000024404,0,07,000,00,2,1,02,A01
201000024405,0,07,000,00,0,4,00,B01
201000024405,0,07,000,00,2,1,02,A01
201000024406,0,07,000,00,9,2,00,A01
201000024406,0,01,000,00,2,8,00,B01
201000024407,0,07,000,00,1,2,00,A01
201000024408,0,07,000,00,0,2,00,A01
201000024409,0,01,000,00,2,4,00,B01
201000024409,0,07,000,00,2,1,00,A01
201000024410,0,07,000,00,2,1,00,A01
201000024410,0,07,000,00,2,8,00,B01
201000024411,0,34,000,00,2,0,00,B01
201000024411,0,07,000,00,2,2,00,A01
201000024412,0,07,000,00,2,1,13,A01
201000024412,0,07,000,00,2,3,01,C01
201000024412,0,07,000,00,2,6,01,B01
201000024413,0,07,000,00,2,1,01,A01
201000024413,0,07,000,00,2,4,01,B01
201000024414,0,07,000,00,2,1,01,B01
201000024414,0,07,000,00,2,1,01,A01
201000024415,0,07,000,00,2,4,01,B01
201000024415,0,07,000,00,2,4,01,A01
201000024416,0,07,000,02,0,1,01,A01
201000024417,0,07,000,00,0,0,00,A01
201000024418,0,33,000,00,0,1,00,B01
201000024418,0,07,000,00,2,4,00,A01
201000024419,0,07,000,00,2,5,15,A01
201000024419,0,32,000,00,2,7,01,B01
201000024420,0,07,000,00,2,7,01,A01
201000024420,0,07,000,00,2,1,01,B01
201000024421,0,07,000,00,2,3,09,A01
201000024421,0,07,000,00,2,1,01,B01
201000024422,0,01,000,00,2,4,01,A01
201000024422,0,01,000,00,2,1,01,B01
201000024423,0,07,000,00,2,1,01,B01
201000024423,0,33,000,00,2,1,17,A01
201000024424,0,07,000,00,2,4,09,A01
201000024424,0,33,000,00,2,1,01,B01
201000024425,0,30,000,00,2,8,01,B01
201000024425,0,07,000,00,2,1,09,A01
201000024426,0,07,000,00,1,4,04,A01
201000024427,0,07,000,00,2,8,10,A01
201000024427,0,07,000,00,2,1,01,B01
201000024428,0,07,000,00,2,3,15,A01
201000024428,0,02,000,00,1,1,01,B01
201000024429,0,07,000,00,2,1,01,A01
201000024429,0,07,000,00,2,4,01,B01
201000024430,0,01,000,00,0,0,01,A01
201000024431,0,07,000,00,2,4,01,B01
201000024431,0,07,000,00,2,1,01,A01
201000024432,0,30,000,00,2,7,01,A01
201000024432,0,07,000,00,2,1,01,B01
201000024433,0,07,000,00,2,3,22,A01
201000024433,0,01,000,00,2,1,01,B01
201000024434,0,07,000,00,1,1,01,A01
201000024435,0,07,000,00,1,8,09,A01
201000024436,0,30,000,00,0,0,01,A01
201000024437,0,33,000,00,0,8,01,A01
201000024438,0,07,000,00,2,0,01,B01
201000024438,0,07,000,00,2,1,01,A01
201000024439,0,07,000,00,2,4,01,B01
201000024439,0,30,000,00,2,1,01,A01
201000024440,0,07,000,00,2,4,01,B01
201000024440,0,07,000,00,2,1,01,A01
201000024441,0,07,000,00,2,2,01,A01
201000024441,0,07,000,00,2,1,01,B01
201000024442,0,10,000,00,0,0,01,A01
201000024443,0,02,000,00,0,8,01,A01
201000024444,0,07,000,00,2,1,01,A01
201000024444,0,07,000,01,2,4,01,B01
201000024444,0,07,000,00,2,1,01,C01
201000024445,0,07,000,00,0,8,01,A01
201000024446,0,30,000,00,2,1,17,A01
201000024446,0,07,000,00,2,8,15,B01
201000024447,0,07,000,00,2,7,20,B01
201000024447,0,33,000,00,2,1,17,A01
201000024448,0,33,000,00,0,7,01,A01
201000024449,0,07,000,08,0,2,01,A01
201000024450,0,07,000,00,2,8,09,A01
201000024450,0,31,000,00,2,1,01,B01
201000024451,0,33,000,00,2,1,01,B01
201000024451,0,07,000,00,2,3,15,A01
201000024452,0,07,000,00,0,1,01,A01
201000024453,0,02,000,00,2,7,01,B01
201000024453,0,07,000,00,2,1,09,A01
201000024454,0,33,000,00,0,0,01,A01
201000024455,0,01,000,00,0,1,01,A01
201000024456,0,07,000,00,2,1,00,A01
201000024456,0,07,000,00,2,8,01,B01
201000024457,0,01,000,00,2,1,00,B01
201000024457,0,07,000,00,2,3,00,A01
201000024458,0,07,000,08,0,0,01,A01
201000024459,0,02,000,00,2,1,00,A01
201000024459,0,07,000,00,0,8,00,B01
201000024460,0,07,000,00,2,5,00,B01
201000024460,0,07,000,00,2,1,00,A01
201000024461,0,07,000,00,2,4,01,B01
201000024461,0,07,000,00,2,1,01,A01
201000024462,0,07,000,09,0,1,01,A01
201000024463,0,07,000,00,2,3,09,A01
201000024463,0,07,000,00,2,1,01,B01
201000024464,0,07,000,00,1,2,00,A01
201000024465,0,02,000,00,2,4,01,B01
201000024465,0,07,000,00,2,1,01,A01
201000024466,0,07,000,00,2,1,01,A01
201000024466,0,07,000,00,0,4,01,B01
201000024467,0,07,000,00,0,1,01,A01
201000024468,0,07,000,14,0,1,01,A01
201000024469,0,07,000,00,2,1,01,C01
201000024469,0,10,000,00,2,1,01,A01
201000024469,0,07,000,00,2,4,00,B01
201000024470,0,07,000,00,2,1,20,A01
201000024470,0,30,000,00,2,8,01,B01
201000024471,0,07,000,00,9,1,01,B01
201000024471,0,01,000,00,2,1,00,A01
201000024472,0,07,000,00,1,0,01,A01
201000024473,0,07,000,00,2,1,01,A01
201000024473,0,07,000,00,2,4,01,B01
201000024474,0,07,000,00,1,1,01,A01
201000024475,0,07,000,03,0,1,01,A01
201000024476,0,07,000,13,0,9,19,A01
201000024477,0,07,000,04,0,1,00,A01
201000024478,0,10,000,01,0,1,21,B02
201000024478,0,07,000,00,0,4,23,A01
201000024479,0,07,000,00,1,1,00,A01
201000024480,0,02,000,00,2,1,02,A01
201000024480,0,07,000,00,0,4,02,B01
201000024481,0,07,000,00,2,2,02,A01
201000024481,0,14,000,00,0,5,02,B01
201000024482,0,07,000,05,0,1,00,A01
201000024483,0,07,000,00,0,8,00,B01
201000024483,0,02,000,00,2,1,00,A01
201000024484,0,07,000,00,0,4,02,B01
201000024484,0,07,000,00,2,1,02,A01
201000024485,0,07,000,00,2,1,00,A01
201000024485,0,32,000,00,2,1,00,B01
201000024486,0,07,000,00,1,7,00,B01
201000024487,0,07,000,06,0,1,00,A01
201000024488,0,07,000,00,2,1,02,A01
201000024488,0,07,000,00,0,4,02,B01
201000024489,0,07,000,00,0,8,00,B01
201000024489,0,02,000,00,2,1,00,A01
201000024490,0,07,000,00,1,1,01,A01
201000024491,0,07,000,00,1,0,01,A01
201000024492,0,07,000,00,2,1,00,B01
201000024492,0,07,000,00,0,7,00,A01
201000024493,0,07,000,00,0,7,09,A01
201000024493,0,07,000,00,2,1,19,B01
201000024494,0,07,000,00,1,4,00,A01
201000024495,0,10,000,00,2,1,02,A01
201000024495,0,07,000,00,0,4,02,B01
201000024496,0,07,000,00,0,4,02,B01
201000024496,0,07,000,00,2,1,02,A01
201000024497,0,07,000,09,0,1,00,A01
201000024498,0,33,000,01,0,1,01,A01
201000024498,0,07,000,00,0,7,24,B01
201000024499,0,07,000,06,0,1,00,A01
201000024500,0,07,000,00,2,1,00,A01
201000024500,0,31,000,00,2,2,00,B01
201000024501,0,07,000,06,0,1,00,A01
201000024502,0,07,000,06,0,1,00,A01