Num_Acc,senc,catv,occutc,obs,obsm,choc,manv,num_veh
201000024503,0,02,000,00,6,1,00,A01
201000024504,0,07,000,00,2,8,00,B01
201000024504,0,07,000,00,2,1,00,A01
201000024505,0,02,000,00,2,1,00,A01
201000024505,0,07,000,00,0,0,00,B01
201000024506,0,07,000,00,9,1,00,A01
201000024506,0,01,000,00,0,7,00,B01
201000024507,0,31,000,00,9,1,00,B01
201000024507,0,02,000,00,0,4,00,A01
201000024508,0,07,000,00,0,4,02,B01
201000024508,0,07,000,00,2,1,02,A01
201000024509,0,30,000,00,0,0,00,A01
201000024510,0,07,000,00,6,1,00,A01
201000024511,0,07,000,00,1,7,00,A01
201000024512,0,07,000,00,0,1,00,A01
201000024513,0,07,000,00,9,2,00,A01
201000024513,0,31,000,00,2,1,00,B01
201000024514,0,07,000,00,2,1,02,C01
201000024514,0,07,000,00,2,1,02,B01
201000024514,0,14,000,00,0,0,02,A01
201000024515,0,07,000,00,0,1,00,A01
201000024515,0,07,000,00,0,4,02,B01
201000024516,0,30,000,00,5,0,00,A01
201000024517,0,07,000,00,0,5,00,B01
201000024517,0,07,000,00,2,1,00,A01
201000024518,0,31,000,06,0,1,00,A01
201000024519,0,07,000,00,2,8,00,A01
201000024519,0,33,000,00,2,1,00,B01
201000024520,0,30,000,00,2,1,00,B01
201000024520,0,07,000,00,9,3,00,A01
201000024521,0,13,000,00,2,1,00,B01
201000024521,0,07,000,00,2,3,00,A01
201000024522,0,02,000,00,2,1,00,A01
201000024522,0,07,000,00,2,1,00,B01
201000024523,0,02,000,00,2,1,00,A01
201000024523,0,07,000,00,0,6,00,B01
201000024524,0,07,000,00,2,1,00,A01
201000024524,0,07,000,00,2,4,00,B01
201000024525,0,07,000,00,2,1,00,A01
201000024525,0,07,000,00,0,4,00,B01
201000024526,0,33,000,00,2,1,17,B01
201000024526,0,07,000,00,0,8,15,A01
201000024527,0,03,000,00,2,1,00,A01
201000024527,0,07,000,00,0,1,00,B01
201000024528,0,07,000,00,0,8,00,B01
201000024528,0,07,000,00,2,1,01,C01
201000024528,0,07,000,01,2,1,00,A01
201000024529,0,07,000,00,2,1,00,B01
201000024529,0,07,000,00,2,1,00,A01
201000024530,0,02,000,00,0,4,02,B01
201000024530,0,07,000,00,9,1,02,A01
201000024531,0,07,000,00,2,3,00,A01
201000024531,0,07,000,00,0,1,00,B01
201000024532,0,03,000,00,9,2,02,A01
201000024532,0,01,000,00,2,2,02,B01
201000024533,0,02,000,00,9,1,00,B01
201000024533,0,07,000,00,2,3,00,A01
201000024534,0,01,000,00,2,1,02,A01
201000024534,0,07,000,00,0,6,02,B01
201000024535,0,01,000,00,0,8,01,B01
201000024535,0,07,000,00,9,7,14,A01
201000024536,0,07,000,13,0,1,14,A01
201000024537,0,01,000,00,2,1,02,A01
201000024537,0,07,000,00,0,4,02,B01
201000024538,0,07,000,13,0,1,00,A01
201000024539,0,30,000,00,2,1,00,B01
201000024539,0,07,000,00,0,1,00,A01
201000024540,0,07,000,00,2,1,02,A01
201000024540,0,07,000,00,0,4,02,B01
201000024540,0,07,000,00,0,4,02,C01
201000024541,0,07,000,00,0,7,24,B01
201000024541,0,07,000,00,1,3,13,A01
201000024542,0,02,000,00,2,1,00,A01
201000024542,0,07,000,00,0,4,00,B01
201000024543,0,07,000,00,2,1,00,A01
201000024543,0,07,000,00,0,4,00,B01
201000024544,0,07,000,00,2,7,12,A01
201000024544,0,30,000,00,2,8,00,B01
201000024545,0,07,000,00,2,1,00,A01
201000024545,0,07,000,00,2,2,00,B01
201000024546,0,07,000,00,2,3,20,A01
201000024546,0,30,000,00,2,7,01,B01
201000024547,0,07,000,00,2,3,13,A01
201000024547,0,14,000,00,2,3,21,B01
201000024548,0,07,000,00,9,3,00,A01
201000024548,0,01,000,00,2,1,00,B01
201000024549,0,07,000,00,0,0,15,A01
201000024549,0,33,000,00,2,7,17,B01
201000024550,0,07,000,00,1,3,01,A01
201000024551,0,02,000,00,2,0,01,B01
201000024551,0,07,000,00,2,2,10,A01
201000024552,0,07,000,00,2,1,00,A01
201000024552,0,02,000,00,2,1,00,B01
201000024553,0,07,000,00,0,0,01,B01
201000024553,0,07,000,00,0,0,01,A01
201000024553,0,07,000,00,0,0,01,C01
201000024554,0,07,000,00,2,0,01,A01
201000024554,0,02,000,00,2,0,00,B01
201000024555,0,07,000,00,2,1,00,A01
201000024555,0,33,000,00,2,1,00,B01
201000024556,0,07,000,12,0,2,00,A01
201000024557,0,07,000,00,2,1,00,A01
201000024557,0,07,000,00,2,4,00,B01
201000024558,0,07,000,00,2,7,00,A01
201000024558,0,02,000,00,2,3,00,B01
201000024559,0,07,000,00,1,1,01,A01
201000024560,0,07,000,00,2,1,01,B01
201000024560,0,07,000,00,2,2,15,A01
201000024561,0,07,000,00,1,1,01,A01
201000024562,0,17,000,00,2,1,01,B01
201000024562,0,07,000,00,2,4,09,A01
201000024563,0,10,000,00,2,1,01,A01
201000024563,0,07,000,00,2,6,01,B01
201000024564,0,07,000,00,2,2,00,B01
201000024564,0,07,000,00,0,2,01,A01
201000024565,0,02,000,00,1,1,01,A01
201000024566,0,02,000,00,2,1,00,B01
201000024566,0,07,000,00,9,7,00,A01
201000024567,0,07,000,00,2,3,17,A01
201000024567,0,07,000,00,2,1,01,B01
201000024568,0,07,000,00,0,0,00,A01
201000024569,0,07,000,00,2,4,23,B01
201000024569,0,02,000,00,2,1,02,A01
201000024570,0,07,000,00,0,4,23,A01
201000024570,0,07,000,01,1,4,21,B02
201000024571,0,07,000,00,0,4,23,B02
201000024571,0,07,000,04,2,2,02,A01
201000024572,0,07,000,00,0,4,02,B02
201000024572,0,07,000,00,2,8,11,A01
201000024573,0,17,000,16,0,7,01,A01
201000024574,0,07,000,00,1,2,01,A01
201000024575,0,07,000,03,0,1,01,A01
201000024576,0,20,000,00,2,6,23,B02
201000024576,0,07,000,00,1,3,14,A01
201000024577,0,14,000,00,0,1,00,B02
201000024577,0,14,000,00,0,1,13,A01
201000024578,0,07,000,00,2,3,01,A01
201000024578,0,07,000,00,2,3,13,B02
201000024579,0,07,000,00,0,3,15,A01
201000024579,0,31,000,00,2,1,17,B02
201000024580,0,02,000,00,2,3,13,B02
201000024580,0,10,000,00,0,3,01,A01
201000024581,0,07,000,00,2,1,01,B02
201000024581,0,07,000,16,2,1,21,A01
201000024582,0,07,000,00,2,2,15,A01
201000024582,0,33,000,00,2,1,01,B02
201000024583,0,07,000,00,2,2,15,A01
201000024583,0,07,000,00,2,1,01,B02
201000024584,0,07,000,00,5,2,01,A01
201000024585,0,10,000,00,2,3,00,B02
201000024585,0,07,000,00,2,3,00,A01
201000024586,0,10,000,00,1,2,01,A01
201000024587,0,07,000,00,2,6,15,A01
201000024587,0,31,000,00,2,1,01,B02
201000024588,0,30,000,00,0,0,00,A01
201000024589,0,07,000,00,2,1,01,B02
201000024589,0,07,000,00,2,1,13,A01
201000024590,0,07,000,00,2,3,15,A01
201000024590,0,07,000,00,2,1,17,B02
201000024591,0,07,000,00,2,1,13,B02
201000024591,0,07,000,00,2,1,01,A01
201000024592,0,33,000,00,0,0,01,A01
201000024593,0,07,000,00,2,3,15,B02
201000024593,0,31,000,00,2,1,01,A01
201000024594,0,07,000,16,0,8,01,A01
201000024595,0,07,000,00,2,1,02,A01
201000024595,0,07,000,00,0,4,23,B02
201000024596,0,07,000,00,9,6,02,B02
201000024596,0,30,000,00,2,1,02,A01
201000024597,0,17,000,00,2,2,01,A01
201000024597,0,07,000,00,2,3,01,B02
201000024598,0,07,000,00,2,1,01,A01
201000024598,0,07,000,00,2,1,05,C03
201000024598,0,07,000,00,2,4,15,B02
201000024599,0,07,000,00,2,3,01,B02
201000024599,0,07,000,00,2,3,17,A01
201000024600,0,07,000,00,0,3,01,B02
201000024600,0,07,000,00,0,3,13,A01
201000024601,0,14,000,00,0,3,01,B02
201000024601,0,33,000,00,0,1,13,A01
201000024602,0,07,000,16,0,1,01,A01
201000024603,0,07,000,13,0,7,14,A01
201000024604,0,01,000,00,2,1,19,B02
201000024604,0,07,000,00,9,7,01,A01
201000024605,0,07,000,08,0,7,01,A01
201000024606,0,10,000,06,0,1,13,A01
201000024607,0,31,000,13,0,7,01,A01
201000024608,0,01,000,00,2,6,15,B02
201000024608,0,33,000,00,2,1,17,A01
201000024609,0,07,000,16,0,9,01,A01
201000024610,0,33,000,13,0,1,19,A01
201000024611,0,07,000,13,0,2,01,A01
201000024612,0,15,000,13,0,2,01,A01
201000024613,0,07,000,03,0,3,14,A01
201000024614,0,10,000,06,0,3,01,A01
201000024615,0,07,000,04,0,3,01,A01
201000024616,0,07,000,00,1,2,02,A01
201000024617,0,07,000,13,0,2,01,A01
201000024618,0,07,000,03,0,1,00,A01
201000024619,0,07,000,00,2,4,02,B02
201000024619,0,17,000,00,2,3,02,A01
201000024620,0,17,000,03,0,3,00,A01
201000024621,0,07,000,03,0,9,06,A01
201000024622,0,33,000,03,2,2,02,A01
201000024623,0,15,000,00,2,3,14,C03
201000024623,0,07,000,00,0,3,23,B02
201000024623,0,10,000,14,0,2,02,A01
201000024624,0,07,000,00,2,7,15,A01
201000024624,0,02,000,00,2,1,01,B02
201000024625,0,07,000,00,2,1,15,A01
201000024625,0,07,000,00,2,1,01,B02
201000024626,0,07,000,00,2,3,09,A01
201000024626,0,32,000,00,2,7,01,B02
201000024627,0,99,000,00,2,0,00,B02
201000024627,0,10,000,00,1,1,01,A01
201000024628,0,02,000,00,2,8,01,B02
201000024628,0,10,000,00,0,5,06,A01
201000024629,0,07,000,00,2,3,00,A01
201000024629,0,02,000,00,2,1,00,B02
201000024630,0,33,000,03,0,1,01,A01
201000024631,0,07,000,00,2,3,19,A01
201000024631,0,32,000,00,2,1,17,B02
201000024632,0,02,000,00,2,1,01,B02
201000024632,0,07,000,00,2,3,15,A01
201000024633,0,07,000,06,1,1,15,A01
201000024634,0,30,000,00,2,1,17,A01
201000024634,0,07,000,00,2,2,01,B02
201000024634,0,07,000,00,2,1,01,C03
201000024635,0,07,000,00,2,1,02,B02
201000024635,0,01,000,00,2,8,15,A01
201000024636,0,07,000,00,2,8,10,A01
201000024636,0,31,000,00,2,1,01,B02
201000024637,0,30,000,00,2,1,01,A01
201000024637,0,14,000,00,0,6,15,B02
201000024638,0,07,000,00,2,3,19,A01
201000024638,0,30,000,00,2,1,01,B02
201000024639,0,10,000,00,1,3,01,A01
201000024640,0,07,000,13,0,9,14,A01
201000024641,0,07,000,08,0,7,14,A01
201000024642,0,07,000,15,0,1,14,A01
201000024643,0,07,000,13,0,2,14,A01
201000024644,0,02,000,00,2,8,02,A01
201000024644,1,07,000,00,2,2,15,Z01
201000024645,0,02,000,00,2,1,02,B01
201000024645,0,07,000,00,2,3,15,A01
201000024646,0,07,000,00,1,1,01,A01
201000024647,0,07,000,00,2,4,01,B01
201000024647,0,07,000,00,0,1,01,A01
201000024648,0,31,000,00,2,1,01,B01
201000024648,0,07,000,00,0,8,10,A01
201000024649,0,02,000,00,0,1,16,A01
201000024650,0,07,000,00,2,2,15,A01
201000024650,0,07,000,00,2,3,01,B01
201000024651,0,07,000,00,2,8,01,B01
201000024651,0,07,000,00,2,1,01,A01
201000024652,0,07,000,15,2,2,01,B01
201000024652,0,30,000,00,2,1,15,A01
201000024653,0,17,000,00,0,7,14,A01
201000024654,0,07,000,00,1,3,15,A01
201000024655,0,07,000,00,1,7,15,A01
201000024656,0,07,000,00,1,1,01,A01
201000024657,1,07,000,00,1,0,01,Z01
201000024658,0,07,000,08,0,1,01,A01
201000024658,0,07,000,14,0,2,01,B01
201000024659,0,07,000,00,2,2,15,A01
201000024659,0,02,000,00,2,1,01,B01
201000024660,0,02,000,01,0,7,15,A01
201000024661,0,07,000,00,0,4,01,A01
201000024661,0,07,000,00,2,1,02,B01
201000024662,0,07,000,00,0,4,02,C01
201000024662,0,07,000,00,0,2,02,A01
201000024662,0,07,000,00,2,1,02,B01
201000024663,0,07,000,00,2,1,15,B01
201000024663,0,10,000,00,2,1,01,A01
201000024664,0,07,000,00,2,1,02,A01
201000024664,0,07,000,00,2,4,02,B01
201000024665,0,07,000,00,2,3,09,A01
201000024665,0,33,000,00,2,5,17,B01
201000024666,0,10,000,02,0,2,14,A01
201000024667,0,07,000,00,2,3,13,A01
201000024667,0,07,000,00,2,3,01,B01
201000024668,0,33,000,00,0,7,01,A01
201000024668,0,07,000,00,0,1,23,B01
201000024669,0,07,000,00,2,3,01,B01
201000024669,0,07,000,00,2,3,13,A01
201000024670,0,07,000,00,2,1,01,A01
201000024670,0,07,000,00,2,4,02,B01
201000024671,0,07,000,00,2,1,01,B01
201000024671,0,07,000,00,2,2,19,A01
201000024672,0,30,000,00,2,8,01,A01
201000024672,0,07,000,00,2,1,15,B01
201000024673,0,07,000,00,0,4,01,B01
201000024673,0,30,000,00,2,1,02,A01
201000024674,0,07,000,00,2,2,15,A01
201000024674,0,02,000,00,2,1,01,B01
201000024675,0,07,000,11,0,1,02,A01
201000024676,0,07,000,00,2,1,01,B01
201000024676,0,14,000,00,2,8,01,A01
201000024677,0,33,000,00,2,8,02,B01
201000024677,0,07,000,00,2,3,11,A01
201000024678,0,07,000,00,1,2,01,A01
201000024678,0,07,000,00,0,0,23,B01
201000024679,0,07,000,00,2,2,10,A01
201000024679,0,07,000,00,2,1,01,B01
201000024680,0,07,000,00,2,1,13,A01
201000024680,0,07,000,09,0,9,01,B01
201000024681,0,07,000,00,1,8,09,A01
201000024682,0,30,000,00,0,8,01,A01
201000024683,0,10,000,13,0,1,01,A01
201000024684,0,07,000,00,2,1,01,B01
201000024684,0,07,000,00,2,6,15,A01
201000024685,1,07,000,00,1,2,01,A01
201000024686,0,07,000,00,2,2,13,A01
201000024686,0,07,000,00,2,3,01,B01
201000024687,0,07,000,00,0,1,13,A01
201000024688,0,07,000,00,1,7,01,A01
201000024689,0,07,000,00,0,0,01,A01
201000024690,0,07,000,01,0,2,14,A01
201000024690,0,07,000,00,2,8,24,B01
201000024691,0,33,000,00,0,7,01,A01
201000024692,0,10,000,00,2,3,09,A01
201000024692,0,10,000,00,2,8,01,B01
201000024693,0,07,000,15,0,1,09,A01
201000024694,0,07,000,00,2,8,13,A01
201000024694,0,07,000,00,2,8,01,B01
201000024695,0,07,000,00,1,3,01,A01
201000024696,0,07,000,00,2,2,01,B01
201000024696,0,33,000,00,2,1,01,A01
201000024697,0,07,000,00,0,3,23,D01
201000024697,0,07,000,00,2,1,01,C01
201000024697,0,07,000,00,2,1,01,A01
201000024697,0,07,000,00,2,4,15,B01
201000024698,0,07,000,00,1,1,02,A01
201000024699,0,07,000,00,1,3,16,A01
201000024700,0,07,000,03,0,7,01,A01
201000024701,0,07,000,00,0,9,01,A01
201000024702,0,07,000,00,2,3,19,B01
201000024702,0,07,000,00,2,2,19,A01
201000024703,0,07,000,00,2,3,15,B01
201000024703,0,31,000,00,2,7,02,A01
201000024704,0,07,000,00,2,3,14,A01
201000024704,1,07,000,00,0,0,17,Z01
201000024705,0,33,000,00,2,1,15,B01
201000024705,0,07,000,00,2,8,15,A01
201000024706,0,07,000,00,2,3,09,A01
201000024706,0,33,000,00,2,2,01,B01
201000024707,0,07,000,00,0,9,01,A01
201000024708,0,07,000,00,2,1,02,A01
201000024708,0,07,000,00,2,4,23,B01
201000024709,0,07,000,00,2,6,02,B01
201000024709,0,30,000,00,2,1,02,A01
201000024710,0,07,000,00,2,3,15,B01
201000024710,0,33,000,00,2,1,17,A01
201000024711,0,07,000,00,0,3,15,B01
201000024711,0,30,000,00,2,8,01,A01
201000024712,0,10,000,00,1,7,01,A01
201000024713,0,07,000,00,2,1,15,A01
201000024713,0,07,000,00,2,1,01,B01
201000024714,0,02,000,00,1,2,01,A01
201000024715,0,01,000,07,2,4,01,B01
201000024715,0,15,000,00,2,2,01,A01
201000024716,0,02,000,00,2,6,01,B01
201000024716,1,10,000,00,2,5,17,Z01
201000024717,0,33,000,08,0,2,01,A01
201000024718,0,07,000,00,0,4,01,B01
201000024718,0,02,000,00,2,1,01,A01
201000024719,0,07,000,00,2,8,15,B01
201000024719,0,02,000,00,2,1,17,A01
201000024720,0,15,000,00,2,6,19,A01
201000024720,0,07,000,00,2,8,01,B01
201000024721,0,02,000,00,2,2,01,A01
201000024721,0,07,000,00,2,3,15,B01
201000024722,0,07,000,00,2,1,01,B01
201000024722,0,07,000,00,2,2,13,A01
201000024723,0,02,000,00,2,8,01,A01
201000024723,0,07,000,00,2,3,15,B01
201000024724,1,07,000,00,1,1,00,A01
201000024725,0,07,000,00,2,4,02,B01
201000024725,0,02,000,00,2,1,02,A01
201000024726,0,07,000,00,2,7,10,A01
201000024726,0,15,000,00,2,3,01,B01
201000024727,0,07,000,02,0,1,01,A01
201000024728,0,07,000,00,2,1,02,A01
201000024728,0,07,000,00,0,4,02,B01
201000024729,0,07,000,00,1,4,20,A01
201000024730,0,07,000,00,2,1,01,A01
201000024730,0,07,000,00,2,4,23,B01
201000024731,0,07,000,00,2,3,13,A01
201000024731,0,07,000,00,2,3,01,B01
201000024732,0,07,000,00,2,3,16,B01
201000024732,0,07,000,00,2,2,01,A01
201000024733,0,07,000,03,2,3,01,A01
201000024733,0,07,000,00,2,6,02,B01
201000024734,0,07,000,00,2,8,01,B01
201000024734,0,07,000,00,2,1,01,A01
201000024735,0,07,000,00,0,8,01,B01
201000024735,0,07,000,00,2,1,01,C01
201000024735,0,34,000,00,2,1,13,A01
201000024736,0,30,000,00,2,1,17,A01
201000024736,0,07,000,00,2,3,15,B01
201000024737,0,33,000,00,2,3,01,A01
201000024737,0,07,000,00,2,1,01,B01
201000024738,0,02,000,03,0,1,16,A01
201000024739,0,02,000,00,2,1,23,B01
201000024739,0,10,000,00,2,2,04,A01
201000024740,0,10,000,00,2,2,20,A01
201000024740,0,01,000,00,2,1,01,B01
201000024741,0,07,000,00,2,8,15,B01
201000024741,0,07,000,00,2,1,01,A01
201000024742,0,32,000,00,0,3,01,A01
201000024743,0,33,000,00,2,1,02,B01
201000024743,0,07,000,00,0,6,17,A01
201000024744,0,07,000,00,0,4,15,B01
201000024744,0,33,000,00,2,1,01,A01
201000024745,0,07,000,00,2,3,01,B01
201000024745,0,07,000,00,2,2,19,A01
201000024746,0,07,000,00,2,3,13,A01
201000024746,0,07,000,00,2,3,01,B01
201000024747,0,32,000,11,0,8,01,A01
201000024748,0,07,000,00,9,7,02,A01
201000024748,0,01,000,00,2,8,02,B01
201000024749,0,33,000,00,0,0,10,A01
201000024750,0,07,000,00,0,0,24,C01
201000024750,0,07,000,00,2,2,13,A01
201000024750,0,34,000,00,2,1,17,B01
201000024751,0,07,000,00,2,2,01,A01
201000024751,0,33,000,00,2,3,15,B01
201000024752,0,07,000,00,2,1,16,A01
201000024752,0,07,000,00,2,8,01,B01
201000024753,0,31,000,00,0,8,23,A01
201000024754,0,02,000,00,2,1,17,B01
201000024754,0,07,000,00,2,3,10,A01
201000024755,0,33,000,12,2,8,17,A01
201000024755,0,15,000,00,0,6,01,B01
201000024756,0,33,000,00,2,1,01,B01
201000024756,0,07,000,00,2,8,10,A01
201000024757,0,07,000,00,2,1,01,A01
201000024757,0,07,000,00,2,4,01,B01
201000024758,0,33,000,00,2,2,17,A01
201000024758,0,07,000,00,2,8,15,B01
201000024759,0,07,000,00,2,1,01,A01
201000024759,0,07,000,00,0,4,01,B01
201000024760,0,02,000,00,2,1,17,A01
201000024760,0,07,000,00,0,3,15,B01
201000024761,0,07,000,00,0,9,01,A01
201000024762,2,07,000,08,0,5,01,A01
201000024763,0,07,000,00,0,9,01,A01
201000024764,0,07,000,00,2,4,01,C01
201000024764,0,07,000,00,2,1,01,A01
201000024764,0,07,000,00,2,4,01,B01
201000024765,0,37,097,00,2,1,02,A01
201000024765,0,07,000,00,2,4,02,B01
201000024766,0,07,000,00,1,2,01,B01
201000024767,0,07,000,00,2,2,15,A01
201000024767,0,07,000,00,2,1,19,B01
201000024768,0,01,000,00,2,4,12,B01
201000024768,0,07,000,00,9,1,01,A01
201000024769,0,07,000,00,2,5,15,A01
201000024769,0,02,000,00,0,1,01,B01
201000024770,0,07,000,00,1,1,01,A01
201000024771,0,07,000,00,2,3,01,B01
201000024771,0,07,000,00,2,3,15,A01
201000024772,0,07,000,02,0,2,01,A01
201000024773,0,33,000,00,2,1,01,B01
201000024773,0,07,000,00,2,6,09,A01
201000024774,0,07,000,00,1,1,01,A01
201000024775,0,10,000,00,2,1,02,A01
201000024775,0,07,000,00,0,4,02,B01
201000024775,0,13,000,00,2,4,02,C01
201000024776,0,07,000,03,0,9,00,A01
201000024777,0,10,000,00,2,2,01,B01
201000024777,0,07,000,00,2,3,10,A01
201000024778,0,32,000,00,2,1,17,A01
201000024778,0,10,000,00,2,3,01,C01
201000024778,0,07,000,00,0,1,23,B01
201000024779,0,33,000,00,2,1,01,B01
201000024779,0,10,000,00,2,4,12,A01
201000024780,0,07,000,00,1,3,01,A01
201000024781,0,30,000,00,1,1,01,A01
201000024782,0,07,000,00,0,3,01,B01
201000024782,0,07,000,00,0,3,09,A01
201000024783,0,07,000,15,0,1,01,A01
201000024784,1,10,000,00,1,0,00,A01
201000024785,0,07,000,00,2,4,01,A01
201000024785,0,33,000,00,2,1,01,B01
201000024786,0,03,000,00,1,1,01,A01
201000024787,0,07,000,00,2,1,01,A01
201000024787,0,02,000,00,2,1,15,B01
201000024788,0,01,000,00,2,8,11,A01
201000024788,0,07,000,00,9,1,11,B01
201000024789,0,07,000,00,2,6,01,B01
201000024789,0,30,000,00,2,1,01,A01
201000024790,0,07,000,00,1,2,15,A01
201000024791,0,07,000,00,1,1,01,A01
201000024792,0,07,000,00,2,3,01,B01
201000024792,2,10,000,00,2,3,01,A01
201000024793,0,07,000,00,2,1,02,A01
201000024793,0,07,000,00,0,4,02,B01
201000024794,0,07,000,07,0,9,01,A01
201000024795,2,07,000,00,1,2,01,A01
201000024796,0,07,000,00,0,6,23,B01
201000024796,0,07,000,00,2,2,02,A01
201000024797,0,07,000,00,0,9,01,A01
201000024798,0,07,000,00,2,1,01,A01
201000024798,0,07,000,00,2,4,01,B01
201000024799,0,33,000,00,2,1,02,A01
201000024799,0,07,000,00,0,6,02,B01
201000024800,0,30,000,00,2,1,01,A01
201000024800,1,07,000,00,0,1,02,Z01
201000024801,0,02,000,01,0,4,01,B01
201000024801,0,07,000,01,0,4,01,C01
201000024801,1,07,000,00,2,1,01,A01
201000024802,0,07,000,00,1,3,01,A01
201000024803,0,07,000,06,1,1,01,A01
201000024804,0,07,000,00,1,1,01,A01
201000024805,0,07,000,08,0,1,01,A01
201000024806,0,07,000,00,0,0,01,B01
201000024806,0,07,000,00,0,0,09,A01
201000024807,0,07,000,00,2,3,01,B01
201000024807,0,99,000,00,2,3,13,A01
201000024808,0,02,000,00,2,8,01,B01
201000024808,0,07,000,00,2,1,15,A01
201000024809,0,07,000,00,2,1,09,A01
201000024809,0,07,000,00,2,7,01,B01
201000024810,0,07,000,00,0,5,10,A01
201000024810,0,07,000,00,2,1,01,B01
201000024811,0,07,000,02,0,1,01,A01
201000024812,0,07,000,00,2,1,02,A01
201000024812,0,07,000,13,2,4,02,B01
201000024813,0,01,000,00,2,1,01,A01
201000024813,0,07,000,00,2,6,01,B01
201000024814,0,07,000,00,2,2,01,A01
201000024814,0,07,000,00,2,1,19,B02
201000024815,0,07,000,02,0,1,01,A01
201000024816,0,07,000,00,2,3,01,B02
201000024816,0,32,000,00,2,1,01,A01
201000024817,0,33,000,00,2,1,01,B02
201000024817,0,07,000,00,2,1,13,A01
201000024818,0,07,000,00,2,3,19,A01
201000024818,0,31,000,00,2,2,01,B02
201000024819,0,02,000,00,2,8,19,B02
201000024819,0,10,000,00,2,1,01,A01
201000024820,0,10,000,02,0,0,01,A01
201000024821,0,07,000,00,0,0,01,A01
201000024822,0,31,000,00,0,0,02,A01
201000024823,0,07,000,02,0,1,01,A01
201000024824,0,14,000,00,2,2,01,A01
201000024824,0,21,000,00,0,6,01,B02
201000024825,0,10,000,00,9,3,16,A01
201000024825,0,01,000,00,2,1,01,B02
201000024826,0,33,000,00,2,1,10,A01
201000024826,0,07,000,00,2,1,01,C03
201000024826,0,14,000,00,2,1,01,B02
201000024827,0,02,000,00,2,1,17,A01
201000024828,0,33,000,00,0,7,02,A01
201000024829,0,07,000,00,2,6,01,B02
201000024829,0,07,000,00,2,5,17,A01
201000024830,0,07,000,00,2,6,09,A01
201000024830,0,07,000,00,2,2,01,B02
201000024831,0,33,000,00,0,8,17,A01
201000024832,0,10,000,04,0,1,06,A01
201000024833,0,07,000,04,2,1,01,A01
201000024833,0,07,000,00,2,6,01,B02
201000024834,0,14,000,00,2,1,01,B02
201000024834,0,07,000,04,0,3,01,A01
201000024834,0,07,000,00,2,0,01,C03
201000024835,0,07,000,03,0,1,01,A01
201000024836,0,07,000,00,2,2,17,A01
201000024836,0,17,000,00,0,6,01,B02
201000024837,0,33,000,00,2,1,01,A01
201000024837,0,07,000,00,2,5,01,B02
201000024838,0,17,000,00,2,8,01,C03
201000024838,0,07,000,00,2,3,05,A01
201000024838,0,07,000,00,2,3,17,B02
201000024839,0,07,000,00,2,8,01,C03
201000024839,0,07,000,00,2,1,01,B02
201000024839,0,07,000,03,0,1,00,A01
201000024840,0,10,000,00,0,6,01,B02
201000024840,0,07,000,00,0,2,17,A01
201000024841,0,07,000,00,2,6,11,A01
201000024841,0,07,000,00,2,2,00,B02
201000024842,0,17,000,00,2,4,02,B02
201000024842,0,07,000,00,2,1,02,A01
201000024843,0,07,000,01,0,2,14,A01
201000024843,0,07,000,00,0,6,24,B02
201000024844,0,07,000,03,0,3,01,A01
201000024845,0,07,000,03,0,3,17,A01
201000024846,0,33,000,03,0,5,01,A01
201000024847,0,07,000,00,6,9,21,A01
201000024848,0,07,000,13,0,2,01,A01
201000024849,0,07,000,03,0,1,01,A01
201000024850,0,14,000,03,0,1,01,A01
201000024850,0,10,000,14,2,1,01,C03
201000024850,0,07,000,14,2,1,01,B02
201000024851,0,07,000,00,2,1,02,A01
201000024851,0,07,000,03,2,4,09,B02
201000024852,0,10,000,06,0,1,01,A01
201000024853,0,07,000,04,0,8,17,A01
201000024854,0,07,000,04,0,3,14,A01
201000024855,0,07,000,00,2,1,01,B02
201000024855,0,07,000,03,2,3,17,A01
201000024856,0,07,000,04,0,3,13,A01
201000024857,0,15,000,04,2,1,01,A01
201000024857,0,07,000,00,9,1,01,C03
201000024857,0,07,000,00,2,1,17,B02
201000024858,0,07,000,01,1,3,02,A01
201000024858,0,07,000,03,0,5,23,B02
201000024859,0,07,000,00,0,0,17,B02
201000024859,0,33,000,03,0,1,21,A01
201000024860,0,07,000,00,0,9,01,A01
201000024861,0,07,000,03,2,1,01,A01
201000024861,0,07,000,00,0,3,01,B02
201000024862,0,07,000,13,0,2,17,A01
201000024863,0,07,000,03,0,2,01,A01
201000024864,0,07,000,00,2,3,05,A01
201000024864,0,07,000,00,2,3,01,B02
201000024864,0,07,000,00,2,3,01,C03
201000024865,0,07,000,03,0,2,01,A01
201000024866,0,17,000,01,0,5,01,H08
201000024866,0,07,000,13,0,2,01,B02
201000024866,0,07,000,03,0,2,01,D04
201000024866,0,07,000,13,0,1,01,A01
201000024866,0,07,000,13,0,5,01,C03
201000024866,0,17,000,13,0,1,01,G07
201000024866,0,07,000,00,2,6,01,E05
201000024866,0,07,000,01,0,1,01,I09
201000024866,0,17,000,01,0,2,01,F06
201000024867,0,07,000,13,0,9,01,A01
201000024868,0,14,000,03,0,6,02,A01
201000024869,0,07,000,13,0,6,01,A01
201000024869,0,07,000,00,2,2,17,B01
201000024870,0,07,000,00,2,6,00,A01
201000024870,0,07,000,00,2,1,02,B02