Num_Acc,senc,catv,occutc,obs,obsm,choc,manv,num_veh
201000024870,0,07,000,03,2,7,02,C03
201000024871,0,07,000,00,0,1,01,A01
201000024872,0,07,000,03,0,3,01,C01
201000024872,0,07,000,00,2,1,01,A01
201000024872,0,07,000,00,0,1,01,B01
201000024873,0,17,000,13,0,2,01,A01
201000024874,0,07,000,04,0,1,02,A01
201000024875,0,07,000,03,0,3,01,A01
201000024875,0,07,000,00,2,1,02,B02
201000024876,0,15,000,00,2,5,24,B02
201000024876,0,10,000,04,0,2,02,A01
201000024877,0,07,000,03,0,1,01,A01
201000024878,0,33,000,00,9,2,13,A01
201000024878,0,07,000,00,1,1,01,B02
201000024879,0,33,000,04,0,1,01,A01
201000024880,0,33,000,00,9,8,01,A01
201000024881,0,07,000,03,2,2,17,A01
201000024881,0,07,000,03,2,6,13,B02
201000024882,0,07,000,00,2,1,02,B02
201000024882,0,07,000,00,0,4,01,A01
201000024883,0,10,000,00,0,3,14,A01
201000024884,0,17,000,00,0,0,02,A01
201000024884,0,07,000,00,2,1,02,C03
201000024885,0,07,000,03,2,1,21,C03
201000024885,0,07,000,03,0,3,21,A01
201000024885,0,07,000,03,2,2,21,B02
201000024886,0,07,000,00,2,4,01,A01
201000024886,0,07,000,00,2,1,01,B02
201000024887,0,07,000,04,0,3,13,A01
201000024888,0,10,000,04,0,3,01,A01
201000024889,0,07,000,06,0,1,01,A01
201000024890,0,07,000,13,0,2,14,A01
201000024891,0,07,000,00,2,3,01,C03
201000024891,0,33,000,00,2,1,05,A01
201000024891,0,07,000,00,2,2,01,B02
201000024892,0,10,000,00,2,4,02,C03
201000024892,0,10,000,00,2,4,02,E05
201000024892,0,10,000,00,2,4,02,G07
201000024892,0,10,000,00,2,4,02,D04
201000024892,0,10,000,00,2,4,02,F06
201000024892,0,14,000,00,2,1,02,A01
201000024893,0,07,000,04,0,3,17,A01
201000024894,0,07,000,11,0,1,16,A01
201000024895,0,07,000,03,0,3,17,A01
201000024896,0,07,000,00,2,4,02,A01
201000024896,0,07,000,00,2,1,02,D04
201000024896,0,07,000,00,2,4,02,B02
201000024896,0,15,000,00,2,1,02,C03
201000024897,0,07,000,13,0,2,14,A01
201000024898,0,07,000,13,0,1,02,A01
201000024899,0,07,000,00,2,2,14,A01
201000024899,0,07,000,00,2,1,01,C03
201000024899,0,07,000,00,2,3,01,B02
201000024900,0,07,000,00,1,7,00,A01
201000024901,0,07,000,04,0,3,13,A01
201000024902,0,07,000,00,0,0,00,A01
201000024902,0,07,000,00,0,1,01,B02
201000024903,2,07,000,00,2,2,21,A01
201000024903,0,99,000,00,0,6,01,B02
201000024904,0,07,000,00,0,8,02,A01
201000024905,0,07,000,13,0,2,02,A01
201000024906,0,07,000,00,0,4,23,A01
201000024906,0,07,000,00,0,1,02,B02
201000024907,0,10,000,06,0,1,21,A01
201000024908,0,15,000,07,0,3,00,A01
201000024909,0,07,000,03,2,4,01,B02
201000024909,0,07,000,14,0,3,21,C03
201000024909,0,10,000,00,2,1,01,A01
201000024910,0,07,000,00,0,7,21,B02
201000024910,0,10,000,00,2,7,21,D04
201000024910,0,07,000,00,2,1,21,E05
201000024910,0,07,000,00,2,7,21,F06
201000024910,0,07,000,00,2,1,21,A01
201000024910,0,07,000,00,2,1,21,C03
201000024911,0,10,000,13,0,1,02,A01
201000024912,0,07,000,00,2,1,02,A01
201000024912,0,07,000,00,2,4,02,B02
201000024913,0,33,000,00,2,1,01,B02
201000024913,0,03,000,00,0,4,01,A01
201000024914,0,07,000,00,2,1,01,B02
201000024914,0,07,000,00,2,1,05,A01
201000024915,0,07,000,13,0,2,01,A01
201000024916,0,10,000,13,0,1,01,A01
201000024917,0,07,000,00,2,6,09,A01
201000024917,0,07,000,00,2,1,01,B02
201000024918,0,14,000,00,2,6,09,A01
201000024918,0,07,000,00,2,2,14,B02
201000024919,0,30,000,03,0,3,13,A01
201000024920,0,07,000,01,0,1,02,A01
201000024920,0,10,000,00,0,4,23,B02
201000024921,0,07,000,03,0,8,17,A01
201000024922,0,10,000,13,0,3,13,A01
201000024923,0,07,000,00,2,1,02,D04
201000024923,0,07,000,00,0,0,09,A01
201000024923,0,07,000,00,2,4,02,C03
201000024923,0,10,000,00,9,4,02,B02
201000024924,0,07,000,01,0,8,23,B02
201000024924,0,07,000,01,1,2,02,C03
201000024924,0,07,000,01,0,8,23,A01
201000024925,0,07,000,00,2,3,02,A01
201000024925,0,07,000,00,0,4,02,B01
201000024926,0,07,000,00,2,1,00,C03
201000024926,0,10,000,00,2,1,00,B02
201000024926,0,17,000,03,0,1,13,A01
201000024927,0,17,000,03,0,3,06,A01
201000024927,0,07,000,00,9,1,01,B02
201000024928,0,07,000,13,0,3,17,A01
201000024929,0,07,000,13,0,1,01,A01
201000024930,0,07,000,03,0,1,01,A01
201000024931,0,07,000,13,0,1,14,A01
201000024932,0,07,000,13,0,2,14,A01
201000024933,0,07,000,13,0,1,17,A01
201000024934,0,07,000,00,0,5,01,B01
201000024934,0,07,000,07,2,6,21,A01
201000024935,0,07,000,00,1,3,01,A01
201000024935,0,17,000,00,1,1,01,B01
201000024935,0,10,000,00,1,1,01,C01
201000024936,0,14,000,00,0,0,02,B01
201000024936,0,14,000,13,0,1,13,A01
201000024937,0,07,000,00,0,4,02,A01
201000024937,0,17,000,00,2,3,02,B01
201000024938,0,07,000,01,1,3,13,A01
201000024938,0,07,000,00,0,5,23,B01
201000024939,0,07,000,03,0,1,13,A01
201000024940,0,07,000,13,0,2,14,A01
201000024941,0,07,000,00,2,6,02,C01
201000024941,0,15,000,00,2,2,02,A01
201000024941,0,07,000,00,2,6,02,D01
201000024941,0,07,000,00,0,2,02,E01
201000024942,0,33,000,00,0,9,01,A01
201000024943,0,21,000,00,0,4,02,A01
201000024943,0,10,000,00,0,1,02,B01
201000024944,0,07,000,00,0,1,14,A01
201000024945,0,07,000,00,1,1,01,A01
201000024946,0,07,000,01,0,6,01,A01
201000024947,0,10,000,00,2,1,01,A01
201000024947,0,07,000,00,0,3,15,B01
201000024948,0,01,000,00,2,1,01,B01
201000024948,0,07,000,00,2,2,15,A01
201000024949,0,07,000,00,2,1,15,A01
201000024949,0,07,000,00,2,3,01,B01
201000024950,0,07,000,00,2,3,13,A01
201000024950,0,07,000,00,2,3,01,B01
201000024951,0,07,000,00,2,1,01,B01
201000024951,0,07,000,00,2,2,19,A01
201000024952,0,07,000,00,2,1,02,A01
201000024952,0,07,000,00,0,4,02,B01
201000024953,0,02,000,00,1,1,02,A01
201000024954,0,07,000,00,0,6,01,A01
201000024954,0,33,000,00,2,1,01,B01
201000024955,0,07,000,13,0,1,01,A01
201000024956,0,02,000,00,9,1,17,A01
201000024956,0,01,000,00,0,8,15,B01
201000024957,0,02,000,00,0,2,01,A01
201000024958,0,31,000,00,0,0,00,B01
201000024958,0,07,000,00,0,0,00,A01
201000024959,0,07,000,00,2,1,02,A01
201000024959,0,07,000,00,0,4,23,B01
201000024960,0,07,000,00,2,1,01,B01
201000024960,0,07,000,00,2,3,16,A01
201000024961,0,07,000,00,1,1,02,A01
201000024962,0,07,000,01,0,3,01,A01
201000024963,0,02,000,01,0,1,01,A01
201000024964,0,07,000,00,2,3,01,B01
201000024964,0,30,000,00,2,1,01,A01
201000024965,0,07,000,00,2,1,17,A01
201000024965,0,07,000,00,2,1,16,B01
201000024966,0,07,000,08,0,1,01,A01
201000024967,0,07,000,00,9,1,02,A01
201000024967,0,02,000,00,2,4,21,B01
201000024968,0,07,000,00,1,1,01,A01
201000024969,0,30,000,00,0,0,01,A01
201000024970,0,10,000,00,2,1,01,A01
201000024970,0,07,000,00,2,1,16,B01
201000024971,0,07,000,06,0,1,01,A01
201000024972,0,02,000,00,2,8,01,B01
201000024972,0,10,000,00,2,1,01,A01
201000024973,1,07,000,00,1,0,01,Z01
201000024974,0,07,000,00,9,3,20,A01
201000024975,0,33,000,01,0,1,01,A01
201000024976,0,33,000,01,0,1,13,A01
201000024977,0,07,000,00,9,8,15,A01
201000024977,0,02,000,00,2,1,17,B01
201000024978,0,30,000,00,2,1,01,B01
201000024978,0,07,000,00,2,1,01,A01
201000024979,0,07,000,00,2,1,15,A01
201000024979,0,07,000,00,2,1,01,B01
201000024980,0,30,000,00,2,1,01,A01
201000024980,0,07,000,00,2,3,01,B01
201000024981,0,30,000,00,0,2,01,A01
201000024982,0,30,000,00,0,1,01,A01
201000024983,0,07,000,00,1,1,01,A01
201000024984,0,02,000,00,2,1,01,A01
201000024984,0,07,000,00,2,5,15,B01
201000024985,0,33,000,00,2,8,18,A01
201000024985,0,07,000,00,2,1,16,B01
201000024986,0,07,000,00,0,4,01,B01
201000024986,0,30,000,00,2,1,02,A01
201000024987,0,07,000,03,2,3,13,A01
201000024987,0,15,000,00,2,4,01,B01
201000024988,0,02,000,06,0,1,01,A01
201000024989,0,07,000,00,2,3,01,B01
201000024989,0,30,000,00,2,1,19,A01
201000024990,0,31,000,00,0,8,01,A01
201000024991,0,07,000,00,2,1,01,A01
201000024991,0,07,000,00,2,4,01,B01
201000024992,0,30,000,00,0,1,02,A01
201000024992,0,07,000,00,2,4,15,B01
201000024993,0,02,000,00,0,7,01,A01
201000024994,0,20,000,00,2,3,01,B01
201000024994,0,03,000,00,2,2,01,A01
201000024995,0,07,000,00,1,0,15,A01
201000024996,0,07,000,00,2,2,09,A01
201000024996,0,02,000,00,2,3,01,B01
201000024997,0,13,000,00,2,3,11,A01
201000024997,0,32,000,00,2,1,01,B01
201000024998,0,07,000,00,1,1,01,A01
201000024999,0,07,000,00,2,3,15,A01
201000024999,0,01,000,00,2,1,01,B01
201000025000,0,02,000,00,0,2,01,A01
201000025001,0,10,000,00,1,4,04,A01
201000025002,0,07,000,09,0,3,01,A01
201000025003,0,07,000,00,1,3,01,A01
201000025004,0,07,000,00,0,6,02,B01
201000025004,0,02,000,00,2,6,02,A01
201000025005,0,07,000,00,1,1,15,A01
201000025006,0,07,000,00,2,3,10,B01
201000025006,0,30,000,00,2,2,01,A01
201000025007,0,07,000,00,2,1,02,A01
201000025007,0,02,000,00,0,0,09,B01
201000025008,0,07,000,00,2,1,01,A01
201000025008,0,07,000,00,2,1,16,B01
201000025009,0,02,000,00,0,7,01,A01
201000025010,0,10,000,00,2,1,15,A01
201000025010,0,02,000,00,2,8,01,B01
201000025011,0,07,000,08,0,8,01,A01
201000025012,0,02,000,00,0,3,01,A01
201000025013,0,07,000,00,2,7,15,B02
201000025013,0,07,000,00,2,1,01,A01
201000025014,0,34,000,00,0,7,01,A01
201000025015,0,33,000,00,0,0,01,A01
201000025016,0,07,000,00,1,1,01,A01
201000025017,0,07,000,00,9,2,01,A01
201000025017,0,01,000,00,2,8,11,B02
201000025018,0,30,000,00,0,0,01,A01
201000025019,0,07,000,00,2,8,01,B02
201000025019,0,33,000,00,2,8,01,A01
201000025020,0,07,000,00,2,3,16,A01
201000025020,0,31,000,00,2,1,01,B02
201000025021,0,33,000,00,0,1,01,A01
201000025022,0,07,000,00,2,1,01,A01
201000025022,0,07,000,00,2,1,01,B02
201000025023,0,07,000,00,2,1,02,A01
201000025023,0,07,000,00,2,4,02,B02
201000025024,0,31,000,00,2,1,01,B02
201000025024,0,07,000,00,2,2,15,A01
201000025025,0,33,000,00,2,1,01,A01
201000025025,0,07,000,00,9,2,01,C03
201000025025,0,07,000,00,0,6,01,B02
201000025026,0,07,000,00,2,3,13,A01
201000025026,0,07,000,00,2,6,01,B02
201000025027,0,07,000,00,2,2,19,A01
201000025027,0,07,000,00,2,1,01,B02
201000025028,0,07,000,00,2,1,19,A01
201000025028,0,30,000,00,0,8,01,B02
201000025029,0,07,000,00,2,3,15,A01
201000025029,0,33,000,00,2,7,01,B02
201000025030,0,07,000,00,0,3,01,A01
201000025030,0,07,000,00,2,7,01,B02
201000025031,0,31,000,00,2,3,17,B02
201000025031,0,30,000,00,2,6,10,A01
201000025032,0,02,000,00,2,1,01,B02
201000025032,0,07,000,00,2,2,19,A01
201000025033,0,30,000,00,2,1,13,A01
201000025033,0,07,000,00,2,3,01,B02
201000025034,0,07,000,00,0,3,23,A01
201000025034,0,02,000,14,0,1,01,B02
201000025035,0,07,000,00,2,1,01,B02
201000025035,1,17,000,00,2,0,15,A01
201000025036,0,99,000,00,0,0,16,A01
201000025037,0,33,000,16,0,9,01,A01
201000025038,0,30,000,00,0,1,01,A01
201000025039,0,15,000,00,9,5,17,A01
201000025039,0,01,000,00,2,7,01,B02
201000025040,0,07,000,00,2,7,15,A01
201000025040,0,33,000,00,2,1,01,B02
201000025041,0,07,000,02,0,1,01,A01
201000025042,0,07,000,00,0,8,19,A01
201000025042,0,10,000,00,2,1,01,B02
201000025043,0,01,000,00,2,0,02,B02
201000025043,0,07,000,00,9,7,16,A01
201000025044,0,07,000,00,1,1,01,A01
201000025045,0,30,000,00,2,1,01,A01
201000025045,0,07,000,00,2,8,15,B02
201000025046,0,33,000,00,2,1,02,A01
201000025046,0,07,000,00,2,2,16,B02
201000025047,0,07,000,00,2,2,02,A01
201000025047,0,32,000,00,2,4,02,B02
201000025048,0,07,000,00,0,5,23,B02
201000025048,0,36,000,00,2,1,01,A01
201000025049,0,31,000,00,2,7,01,A01
201000025049,0,07,000,00,2,2,09,B02
201000025050,0,02,000,00,0,0,01,B02
201000025050,0,13,000,00,0,0,00,A01
201000025051,0,07,000,00,2,3,01,B02
201000025051,0,31,000,00,2,1,17,A01
201000025051,0,07,000,00,2,8,01,C03
201000025052,0,07,000,00,2,1,05,C03
201000025052,0,32,000,00,2,1,01,A01
201000025052,0,07,000,00,2,6,01,B02
201000025053,0,07,000,00,0,2,15,A01
201000025053,0,01,000,00,2,9,01,B02
201000025054,0,07,000,00,2,3,01,B02
201000025054,0,07,000,00,2,1,01,A01
201000025055,0,07,000,00,2,2,15,A01
201000025055,0,33,000,00,2,1,01,B02
201000025056,0,07,000,06,0,9,01,A01
201000025057,0,33,000,00,2,1,01,B02
201000025057,0,07,000,00,2,2,19,A01
201000025058,0,07,000,00,2,3,13,A01
201000025058,0,07,000,00,2,3,01,B02
201000025059,0,02,000,00,2,1,01,B02
201000025059,0,07,000,00,2,1,15,A01
201000025060,0,07,000,00,0,1,13,A01
201000025060,0,07,000,00,2,1,01,B02
201000025061,0,07,000,00,2,3,01,B02
201000025061,0,14,000,00,2,1,06,A01
201000025062,0,07,000,00,2,2,02,A01
201000025062,0,20,000,00,0,8,01,B02
201000025063,0,07,000,00,1,1,01,A01
201000025064,0,01,000,00,2,4,01,B01
201000025064,0,07,000,00,2,1,09,A01
201000025065,0,07,000,00,2,1,20,A01
201000025065,0,30,000,01,2,9,01,B01
201000025066,0,30,000,00,0,8,01,A01
201000025067,0,07,000,04,0,1,01,A01
201000025068,0,02,000,00,0,0,01,A01
201000025069,0,01,000,00,2,1,01,A01
201000025069,0,07,000,00,2,8,01,B01
201000025070,0,02,000,00,0,1,01,B01
201000025070,0,07,000,00,2,1,09,A01
201000025071,0,07,000,01,0,1,01,A01
201000025072,0,07,000,11,0,9,01,A01
201000025073,0,07,000,00,2,1,02,A01
201000025073,0,02,000,00,0,4,01,B01
201000025074,0,07,000,00,2,1,02,A01
201000025074,0,07,000,00,2,4,23,B01
201000025075,0,07,000,08,0,1,01,A01
201000025076,0,02,000,00,2,7,01,B01
201000025076,0,07,000,00,2,3,09,A01
201000025077,0,01,000,00,2,1,01,B01
201000025077,0,07,000,00,2,5,09,A01
201000025078,2,10,000,00,2,1,15,A01
201000025078,0,07,000,00,2,3,01,B01
201000025079,0,07,000,00,1,3,15,A01
201000025080,0,02,000,00,2,1,17,A01
201000025080,0,07,000,00,2,8,15,B01
201000025081,1,10,000,00,2,7,15,Z01
201000025081,0,07,000,00,2,1,01,B01
201000025082,0,02,000,00,0,0,01,A01
201000025083,0,07,000,00,2,8,09,A01
201000025083,0,07,000,00,0,1,01,B01
201000025084,0,07,000,00,2,1,01,B01
201000025084,0,07,000,00,2,2,15,A01
201000025085,0,02,000,00,2,1,01,A01
201000025085,0,07,000,00,2,1,15,B01
201000025086,0,02,000,00,2,1,01,B01
201000025086,0,07,000,00,2,3,11,A01
201000025087,0,02,000,00,2,1,01,B01
201000025087,0,07,000,00,2,3,09,A01
201000025088,0,07,000,00,2,1,15,A01
201000025088,0,02,000,00,2,1,01,B01
201000025089,0,07,000,00,1,1,01,A01
201000025090,0,15,000,00,2,3,01,A01
201000025090,0,07,000,00,2,6,15,B01
201000025091,0,07,000,00,2,3,02,A01
201000025091,0,07,000,00,2,5,01,B01
201000025092,0,02,000,00,1,0,01,A01
201000025093,0,02,000,00,2,1,00,A01
201000025093,0,07,000,00,2,3,00,B01
201000025094,0,07,000,00,1,1,01,A01
201000025095,0,07,000,08,0,9,01,A01
201000025096,0,07,000,01,0,1,01,A01
201000025097,0,07,000,00,2,1,01,B01
201000025097,0,07,000,00,2,6,09,A01
201000025098,0,07,000,08,0,2,01,A01
201000025099,0,07,000,00,2,3,02,B01
201000025099,0,07,000,00,2,3,01,A01
201000025099,0,31,000,00,2,2,02,C01
201000025100,0,07,000,13,0,9,01,A01
201000025101,0,07,000,00,1,1,01,A01
201000025102,0,07,000,00,2,1,15,B01
201000025102,0,07,000,00,2,1,01,A01
201000025103,0,07,000,00,1,1,14,A01
201000025104,0,07,000,00,2,4,02,B01
201000025104,0,07,000,00,2,1,01,A01
201000025105,0,07,000,00,2,6,15,B01
201000025105,0,02,000,00,2,1,17,A01
201000025106,0,10,000,00,2,1,01,A01
201000025106,0,07,000,00,2,6,01,B01
201000025107,0,07,000,06,0,1,01,A01
201000025108,0,07,000,00,2,4,02,B01
201000025108,0,07,000,00,2,1,01,A01
201000025108,0,07,000,00,2,4,02,C01
201000025109,0,02,000,01,0,0,01,A01
201000025110,0,07,000,00,2,8,09,A01
201000025110,0,02,000,00,2,1,01,B01
201000025111,0,07,000,06,0,7,01,A01
201000025112,0,07,000,02,0,1,05,A01
201000025113,0,07,000,00,2,8,05,A01
201000025113,0,07,000,00,2,1,01,B01
201000025114,0,02,000,00,2,0,17,A01
201000025114,0,07,000,00,2,8,11,B01
201000025115,0,01,000,00,2,1,01,A01
201000025115,1,07,000,00,2,7,16,Z01
201000025116,0,07,000,00,2,5,04,A01
201000025116,0,01,000,00,2,7,01,B01
201000025117,0,07,000,00,2,0,00,A01
201000025118,0,07,000,00,2,3,01,B01
201000025118,0,10,000,00,2,1,09,A01
201000025119,0,07,000,00,2,8,11,A01
201000025119,0,02,000,00,2,7,01,B01
201000025120,0,07,000,00,2,1,09,A01
201000025120,0,07,000,00,2,7,01,B01
201000025121,0,07,000,00,2,4,23,B01
201000025121,0,01,000,00,2,1,02,A01
201000025122,0,33,000,06,2,9,17,B01
201000025122,0,07,000,00,2,8,15,A01
201000025123,0,07,000,00,2,1,02,A01
201000025123,0,10,000,00,2,4,23,B01
201000025124,0,07,000,00,2,1,09,A01
201000025124,0,07,000,00,2,1,01,B01
201000025125,0,07,000,00,1,3,01,A01
201000025126,0,07,000,00,2,3,01,B01
201000025126,0,02,000,00,2,1,09,A01
201000025127,0,31,000,00,2,1,01,B01
201000025127,0,07,000,00,2,2,15,A01
201000025128,0,07,000,00,2,7,15,A01
201000025128,0,02,000,00,2,1,01,B01
201000025129,0,07,000,00,0,2,01,A01
201000025129,0,02,000,00,0,0,01,B01
201000025130,0,07,000,00,2,4,00,E01
201000025130,0,07,000,00,2,4,00,C01
201000025130,0,07,000,00,2,4,00,D01
201000025130,0,07,000,00,2,0,00,A01
201000025130,0,07,000,00,2,4,00,B01
201000025131,0,07,000,00,2,7,01,B01
201000025131,0,10,000,00,2,3,15,A01
201000025132,0,07,000,00,2,2,09,A01
201000025132,0,02,000,00,2,1,17,B01
201000025133,0,07,000,00,2,4,02,C01
201000025133,0,07,000,00,2,4,02,B01
201000025133,0,07,000,00,2,1,01,A01
201000025133,0,07,000,00,2,4,02,D01
201000025134,0,10,000,00,2,1,09,A01
201000025134,0,07,000,00,2,8,15,B01
201000025135,0,07,000,06,2,1,01,B01
201000025135,0,07,000,00,2,1,13,A01
201000025136,0,07,000,00,2,1,01,A01
201000025136,0,07,000,00,2,4,02,B01
201000025136,0,07,000,00,2,4,02,C01
201000025137,0,07,000,00,2,3,01,B01
201000025137,0,07,000,00,2,2,15,A01
201000025138,0,07,000,00,2,2,01,B01
201000025138,0,10,000,00,2,3,09,A01
201000025139,0,07,000,00,2,1,01,B01
201000025139,0,07,000,00,2,7,01,A01
201000025140,0,07,000,00,2,7,16,B01
201000025140,0,30,000,00,2,7,01,A01
201000025141,0,07,000,00,2,8,15,B01
201000025141,0,33,000,00,2,1,17,A01
201000025142,0,07,000,00,1,1,01,A01
201000025143,0,07,000,00,2,8,01,B01
201000025143,0,07,000,00,2,1,01,A01
201000025144,0,07,000,00,2,4,02,C01
201000025144,0,07,000,00,2,4,02,B01
201000025144,0,07,000,00,2,1,01,A01
201000025145,0,33,000,00,2,1,02,A01
201000025145,0,07,000,00,2,4,23,B01
201000025146,0,07,000,00,2,3,10,B01
201000025146,0,07,000,00,2,1,15,A01
201000025147,0,07,000,00,2,1,01,B01
201000025147,0,07,000,00,2,1,09,A01
201000025148,0,07,000,00,2,2,01,A01
201000025148,0,07,000,00,2,1,01,B01
201000025149,0,07,000,11,0,1,01,A01
201000025150,0,07,000,04,0,9,01,A01
201000025151,0,07,000,00,2,1,17,A01
201000025151,0,30,000,00,2,8,15,B01
201000025152,0,33,000,00,1,4,15,B01
201000025152,0,33,000,00,2,1,01,A01
201000025153,0,33,000,11,0,1,01,A01
201000025154,0,07,000,00,2,0,00,A01
201000025154,0,07,000,00,2,0,00,B01
201000025155,0,07,000,00,1,0,01,A01
201000025156,0,07,000,00,1,4,04,A01
201000025157,0,33,000,00,2,1,01,B01
201000025157,0,07,000,00,2,1,15,A01
201000025158,0,07,000,00,2,4,02,B01
201000025158,0,07,000,00,2,1,01,A01
201000025159,0,07,000,00,1,1,01,A01
201000025160,0,07,000,00,2,7,17,A01
201000025160,0,01,000,00,2,1,01,B01
201000025161,0,07,000,00,2,1,13,A01
201000025161,0,07,000,00,2,1,01,B01
201000025162,0,33,000,00,2,1,01,A01
201000025162,0,07,000,00,2,4,15,B01
201000025163,0,07,000,00,2,4,02,B01
201000025163,0,14,000,00,2,2,00,A01
201000025164,0,07,000,00,2,1,01,B01
201000025164,0,07,000,00,2,8,10,A01
201000025165,0,07,000,00,2,7,01,A01
201000025165,0,30,000,00,2,1,01,B01
201000025166,0,30,000,00,2,1,17,A01
201000025166,0,07,000,00,2,8,01,B01
201000025167,0,07,000,00,2,1,01,A01
201000025167,0,07,000,00,2,4,01,B01
201000025168,0,14,000,00,2,4,02,A01
201000025168,0,07,000,00,2,1,02,B01
201000025169,0,07,000,00,2,4,02,A01
201000025169,0,30,000,00,2,1,02,B01
201000025170,0,30,000,01,0,1,02,A01
201000025171,0,07,000,00,2,8,09,A01
201000025171,0,07,000,00,2,1,01,B01
201000025172,0,30,000,00,2,1,17,B01
201000025172,0,07,000,00,2,3,09,A01
201000025173,0,07,000,00,2,1,01,A01
201000025173,0,07,000,00,2,4,02,C01
201000025173,0,07,000,00,2,4,02,B01
201000025174,0,07,000,00,2,2,01,B01
201000025174,0,02,000,00,2,1,01,A01
201000025175,0,02,000,00,2,7,01,B01
201000025175,0,07,000,00,2,1,13,A01
201000025176,0,07,000,00,2,1,01,B01
201000025176,0,07,000,00,2,1,00,A01
201000025177,0,07,000,00,2,4,02,B01
201000025177,0,07,000,00,2,1,02,A01
201000025178,0,02,000,00,2,2,02,A01
201000025178,0,02,000,00,2,0,02,B01
201000025179,0,07,000,00,2,7,01,B01
201000025179,0,02,000,00,2,8,09,A01
201000025180,0,07,000,00,2,1,01,A01
201000025180,0,07,000,00,2,2,01,B01
201000025181,0,10,000,00,1,1,01,A01
201000025182,0,07,000,00,2,8,01,B01
201000025182,0,02,000,00,2,8,01,A01
201000025183,0,07,000,00,2,1,01,B01
201000025183,0,02,000,00,2,1,05,A01
201000025184,0,02,000,00,2,1,02,A01
201000025184,0,07,000,00,2,5,02,B01
201000025185,0,01,000,00,2,0,01,B01
201000025185,0,07,000,00,2,2,12,A01
201000025186,0,02,000,00,2,1,01,B01
201000025186,0,07,000,00,2,3,09,A01
201000025187,0,07,000,00,2,1,01,B01
201000025187,0,07,000,06,2,3,01,A01
201000025188,0,10,000,00,2,1,05,A01
201000025188,0,10,000,01,2,1,01,B01
201000025189,0,07,000,00,2,2,15,A01
201000025189,0,02,000,00,2,1,01,B01
201000025190,0,07,000,00,1,4,04,A01
201000025191,0,07,000,01,0,1,14,A01
201000025192,0,07,000,00,2,4,01,B01
201000025192,0,07,000,00,2,1,01,A01
201000025193,0,30,000,00,2,1,09,B01
201000025193,0,07,000,00,2,7,01,A01
201000025194,0,10,000,00,1,1,01,A01
201000025195,0,33,000,00,1,1,18,A01
201000025196,0,07,000,00,1,7,01,A01
201000025197,0,07,000,00,2,2,09,A01
201000025197,0,07,000,00,2,8,01,B01
201000025198,0,07,000,00,2,3,13,A01
201000025198,0,07,000,00,2,8,01,B01
201000025199,0,07,000,00,2,3,01,B01
201000025199,1,07,000,00,2,0,00,Z01
201000025200,0,02,000,00,2,0,09,A01
201000025200,0,07,000,00,2,6,01,B01
201000025201,0,07,000,00,2,1,09,A01
201000025201,0,30,000,00,2,1,01,B01
201000025202,0,07,000,00,1,1,01,A01
201000025203,0,07,000,00,1,1,01,A01
201000025204,0,07,000,00,2,1,01,A01
201000025204,0,07,000,00,2,4,02,B01
201000025205,0,01,000,00,2,1,09,B01
201000025205,0,07,000,00,2,7,01,A01
201000025206,0,07,000,00,1,1,01,A01
201000025207,0,07,000,00,2,1,02,A01
201000025207,0,07,000,00,1,4,02,B01
201000025208,0,07,000,00,2,4,01,B01
201000025208,0,10,000,00,2,1,02,A01
201000025208,0,07,000,00,2,4,01,C01
201000025209,0,02,000,00,2,4,01,B01
201000025209,0,07,000,00,2,3,09,A01
201000025210,0,02,000,00,1,1,01,A01
201000025211,0,07,000,00,1,1,01,A01
201000025212,0,02,000,00,2,1,17,B01
201000025212,0,07,000,00,2,2,09,A01
201000025213,0,07,000,00,2,1,01,B01
201000025213,0,10,000,00,2,8,15,A01
201000025214,0,07,000,00,1,2,01,A01
201000025214,0,99,000,00,0,0,00,E05
201000025214,0,07,000,00,1,1,01,C03
201000025214,0,03,000,00,1,1,01,D04
201000025214,0,07,000,00,1,1,01,B02
201000025215,0,07,000,00,2,7,15,B02
201000025215,0,02,000,00,2,1,01,A01
201000025216,0,07,000,00,2,4,02,A01
201000025216,0,30,000,00,2,4,02,B02
201000025217,0,07,000,12,1,2,20,A01
201000025218,0,07,000,13,0,0,01,A01
201000025219,0,33,000,00,2,1,01,B02
201000025219,0,07,000,00,2,7,01,A01
201000025220,0,37,000,00,0,7,01,A01
201000025221,0,07,000,00,2,5,04,A01
201000025221,0,30,000,00,2,2,01,B02
201000025222,0,07,000,06,0,1,02,A01
201000025223,0,33,000,02,0,0,01,A01
201000025224,0,38,001,00,2,3,01,B02
201000025224,0,07,000,00,2,1,01,A01
201000025225,0,07,000,00,1,2,16,A01
201000025226,0,07,000,00,2,3,01,B01
201000025226,0,07,000,00,2,6,19,A01
201000025227,0,07,000,02,0,2,00,A01
201000025228,0,07,000,00,2,3,13,A01
201000025228,0,07,000,00,2,3,01,B01
201000025229,0,33,000,00,0,7,01,A01
201000025230,0,30,000,12,0,1,02,A01
201000025231,0,07,000,00,1,8,01,A01
201000025232,0,07,000,00,2,1,01,B01
201000025232,0,07,000,00,2,2,13,A01
201000025233,0,99,000,00,2,1,05,A01
201000025233,0,07,000,00,2,1,21,B01
201000025234,0,07,000,00,9,3,01,B01