Num_Acc,senc,catv,occutc,obs,obsm,choc,manv,num_veh
201000025234,0,01,000,00,2,4,00,A01
201000025235,0,07,000,00,2,4,02,B01
201000025235,0,10,000,00,2,1,02,A01
201000025236,0,07,000,00,0,4,15,C01
201000025236,0,07,000,00,0,4,23,B01
201000025236,0,07,000,14,0,1,01,A01
201000025237,0,33,000,00,2,8,01,B01
201000025237,0,07,000,00,2,2,01,A01
201000025238,0,17,000,00,0,8,16,A01
201000025239,0,07,000,00,1,2,16,A01
201000025240,0,07,000,00,1,1,16,A01
201000025241,0,07,000,00,2,8,01,B01
201000025241,0,07,000,00,2,2,13,A01
201000025242,0,07,000,00,2,2,02,B01
201000025242,0,07,000,00,2,3,11,A01
201000025243,0,07,000,00,2,3,00,A01
201000025243,0,07,000,00,2,5,01,B01
201000025244,0,33,000,00,1,7,01,A01
201000025245,0,33,000,00,2,1,01,B02
201000025245,0,30,000,00,2,8,00,A01
201000025246,0,07,000,00,0,8,09,B02
201000025246,0,01,000,00,2,1,01,A01
201000025247,0,07,000,00,2,1,15,B02
201000025247,0,02,000,00,2,8,01,A01
201000025248,0,07,000,00,1,1,01,A01
201000025249,0,07,000,00,2,8,23,B02
201000025249,0,07,000,01,0,1,01,A01
201000025250,0,07,000,02,6,5,21,A01
201000025251,0,10,000,00,0,1,05,A01
201000025252,0,15,000,01,0,1,06,A01
201000025253,0,01,000,00,2,1,09,A01
201000025253,0,07,000,00,2,1,02,B01
201000025254,0,07,000,00,2,1,01,A01
201000025254,0,07,000,00,2,1,01,B01
201000025255,0,07,000,00,2,1,15,A01
201000025255,0,02,000,00,2,1,21,B01
201000025256,0,33,000,00,2,1,01,B01
201000025256,0,07,000,00,2,3,19,A01
201000025257,0,30,000,00,0,9,01,A01
201000025258,0,10,000,00,2,1,01,A01
201000025258,0,07,000,00,2,8,15,B01
201000025259,0,07,000,00,1,3,15,A01
201000025260,0,07,000,00,1,2,01,A01
201000025261,0,02,000,00,2,1,02,A01
201000025261,0,07,000,00,2,4,02,B01
201000025262,0,07,000,00,0,1,14,A01
201000025263,0,37,010,00,1,2,17,A01
201000025264,0,07,000,00,2,3,09,A01
201000025264,0,07,000,00,2,7,01,B01
201000025265,0,07,000,00,1,2,09,A01
201000025266,0,01,000,00,2,7,01,A01
201000025266,0,07,000,00,2,1,16,B01
201000025267,0,30,000,00,2,7,01,B01
201000025267,0,07,000,00,2,5,04,A01
201000025268,0,07,000,00,2,5,01,A01
201000025268,0,33,000,00,2,1,01,B01
201000025269,0,36,000,00,2,1,02,A01
201000025269,0,07,000,00,0,4,23,B01
201000025270,0,07,000,00,2,1,16,B01
201000025270,0,01,000,00,2,1,05,A01
201000025271,0,07,000,00,2,4,16,B01
201000025271,0,01,000,00,2,1,01,A01
201000025272,0,07,000,00,1,3,01,A01
201000025273,0,07,000,03,0,1,17,A01
201000025274,0,07,000,00,2,3,19,B01
201000025274,0,07,000,00,2,2,01,A01
201000025275,2,07,000,06,0,2,01,A01
201000025276,0,07,000,10,0,3,13,A01
201000025277,0,07,000,00,1,1,01,A01
201000025278,0,07,000,00,2,4,23,C01
201000025278,0,07,000,01,0,1,02,A01
201000025278,0,07,000,01,0,4,23,B01
201000025279,0,07,000,01,2,3,00,A01
201000025279,0,07,000,00,2,2,01,B01
201000025280,0,02,000,00,2,1,01,B01
201000025280,0,07,000,00,2,1,15,A01
201000025281,0,02,000,00,2,1,01,B01
201000025281,0,07,000,00,2,3,15,A01
201000025282,0,07,000,00,1,2,15,A01
201000025283,0,01,000,00,2,1,01,B01
201000025283,0,10,000,00,2,3,22,A01
201000025284,0,07,000,00,2,5,16,B01
201000025284,0,01,000,00,2,3,01,A01
201000025285,0,07,000,06,0,2,14,A01
201000025286,0,10,000,00,2,6,00,B01
201000025286,0,10,000,01,0,2,14,A01
201000025287,0,01,000,00,2,3,01,B01
201000025287,0,07,000,00,2,1,15,A01
201000025288,0,33,000,00,1,1,01,A01
201000025289,0,02,000,00,2,1,01,A01
201000025289,0,07,000,00,2,3,01,B01
201000025290,0,07,000,06,2,2,15,A01
201000025290,0,07,000,00,2,1,01,B01
201000025291,0,07,000,00,2,2,15,A01
201000025291,0,07,000,00,2,1,01,B01
201000025292,0,07,000,00,1,0,01,A01
201000025293,0,07,000,13,0,0,13,A01
201000025294,0,10,000,07,0,2,00,A01
201000025295,0,10,000,00,2,8,01,A01
201000025295,0,07,000,00,2,1,01,B01
201000025296,0,02,000,00,2,1,01,B01
201000025296,0,07,000,00,2,7,15,A01
201000025297,0,07,000,00,2,2,15,A01
201000025297,0,02,000,00,2,1,01,B01
201000025298,0,07,000,01,2,3,01,B01
201000025298,0,07,000,01,2,1,01,A01
201000025299,0,07,000,00,1,3,01,A01
201000025300,0,07,000,00,1,1,01,A01
201000025301,0,07,000,03,2,6,01,B01
201000025301,0,07,000,03,2,3,17,A01
201000025302,0,38,003,00,1,3,15,A01
201000025303,0,07,000,00,1,3,15,A01
201000025304,0,07,000,00,2,4,23,B01
201000025304,0,07,000,00,2,1,02,A01
201000025305,0,10,000,00,2,1,01,B01
201000025305,0,07,000,00,2,8,01,A01
201000025306,0,07,000,00,1,1,01,A01
201000025307,0,07,000,00,2,1,01,B01
201000025307,0,07,000,03,2,3,01,A01
201000025308,0,07,000,00,1,2,01,A01
201000025309,0,02,000,00,2,1,01,B01
201000025309,0,07,000,00,2,3,15,A01
201000025310,0,07,000,00,2,1,15,Z01
201000025310,0,02,000,00,2,7,01,B01
201000025311,0,07,000,07,0,9,01,A01
201000025312,0,07,000,00,2,2,01,B01
201000025312,0,07,000,00,2,3,01,A01
201000025313,0,07,000,00,2,2,15,A01
201000025313,0,07,000,00,2,8,01,B01
201000025314,0,07,000,00,1,1,15,C01
201000025314,0,07,000,00,2,2,15,B01
201000025314,0,07,000,00,2,1,01,A01
201000025315,0,07,000,00,2,1,02,A01
201000025315,0,07,000,00,2,4,02,B01
201000025316,0,07,000,00,2,8,01,B01
201000025316,0,07,000,03,2,1,01,A01
201000025317,0,07,000,00,1,2,15,A01
201000025318,0,07,000,00,2,3,01,B01
201000025318,0,07,000,00,2,1,01,A01
201000025319,0,07,000,00,2,8,15,B01
201000025319,0,31,000,00,2,1,01,A01
201000025320,0,07,000,00,2,4,02,A01
201000025320,0,01,000,00,2,1,01,B01
201000025321,0,33,000,00,2,1,02,A01
201000025321,0,07,000,00,2,4,23,B01
201000025322,0,31,000,00,2,1,01,B01
201000025322,0,07,000,00,2,3,20,A01
201000025323,0,07,000,00,2,1,01,B01
201000025323,0,10,000,00,2,3,01,A01
201000025324,0,07,000,03,0,1,14,A01
201000025325,0,07,000,00,1,2,01,A01
201000025326,0,07,000,00,2,6,01,A01
201000025326,0,02,000,00,2,1,01,B01
201000025327,0,07,000,00,2,7,15,A01
201000025327,0,33,000,00,2,1,01,B01
201000025328,0,10,000,00,2,2,01,A01
201000025328,0,07,000,00,2,3,01,B01
201000025329,0,10,000,00,2,1,02,A01
201000025329,0,07,000,00,2,4,23,B01
201000025330,0,33,000,00,2,1,01,A01
201000025330,0,07,000,00,2,5,01,B01
201000025331,0,07,000,00,2,2,15,A01
201000025331,0,07,000,00,2,1,01,B01
201000025332,0,07,000,00,2,1,02,A01
201000025332,0,07,000,00,2,4,23,B01
201000025333,0,07,000,00,2,1,02,A01
201000025333,0,34,000,00,2,4,23,B01
201000025334,0,07,000,00,2,2,15,A01
201000025334,0,07,000,00,2,1,01,B01
201000025335,0,30,000,00,2,1,01,B01
201000025335,0,07,000,00,2,3,13,A01
201000025336,0,07,000,00,2,4,02,B01
201000025336,0,02,000,00,2,1,02,A01
201000025337,0,14,000,00,1,7,01,A01
201000025338,0,07,000,00,1,2,01,A01
201000025339,0,07,000,00,2,3,01,B01
201000025339,0,07,000,00,2,5,01,A01
201000025340,0,07,000,00,1,2,21,A01
201000025341,0,01,000,00,2,1,02,A01
201000025341,0,10,000,00,2,4,23,B01
201000025342,0,07,000,00,2,5,01,A01
201000025342,0,31,000,00,2,3,01,B01
201000025343,0,07,000,00,1,3,15,A01
201000025344,0,07,000,00,2,1,15,A01
201000025344,0,07,000,00,2,1,01,B01
201000025345,0,07,000,00,1,2,17,A01
201000025346,0,33,000,00,2,1,01,B01
201000025346,0,07,000,00,2,3,15,A01
201000025347,0,07,000,00,1,2,01,A01
201000025348,0,07,000,00,1,1,01,A01
201000025349,0,07,000,04,0,2,14,A01
201000025350,0,99,000,00,2,4,23,D01
201000025350,0,07,000,00,2,1,02,A01
201000025350,0,07,000,00,2,4,23,B01
201000025350,0,07,000,00,2,4,23,C01
201000025351,0,07,000,00,2,1,15,A01
201000025351,0,02,000,00,2,1,01,B01
201000025352,0,33,000,00,2,2,17,A01
201000025352,0,07,000,00,2,3,15,B01
201000025353,0,07,000,00,2,1,02,A01
201000025353,0,07,000,00,2,4,23,C01
201000025353,0,07,000,00,2,4,23,B01
201000025354,0,07,000,00,1,3,01,A01
201000025355,0,10,000,00,2,1,01,B01
201000025355,0,10,000,00,2,1,01,A01
201000025356,0,07,000,00,2,6,23,B01
201000025356,0,07,000,00,2,5,23,C01
201000025356,0,07,000,00,2,4,23,D01
201000025356,0,07,000,01,2,1,01,A01
201000025357,0,07,000,00,2,8,01,A01
201000025357,0,07,000,00,2,1,01,B01
201000025358,0,33,000,00,2,1,01,B01
201000025358,0,07,000,00,2,7,01,A01
201000025359,0,07,000,00,2,3,09,A01
201000025359,0,31,000,00,2,1,01,B01
201000025360,0,01,000,00,1,1,01,A01
201000025361,0,33,000,01,0,2,21,A01
201000025361,0,07,000,00,2,3,20,C01
201000025362,0,07,000,00,2,4,23,B01
201000025362,0,07,000,00,2,4,23,C01
201000025362,0,07,000,00,2,1,02,A01
201000025363,0,01,000,00,2,3,23,B01
201000025363,0,10,000,00,2,3,15,A01
201000025364,0,03,000,00,1,0,01,A01
201000025365,0,07,000,00,2,2,12,A01
201000025365,0,07,000,00,2,6,01,B01
201000025366,0,07,000,00,2,3,01,B01
201000025366,0,07,000,00,2,2,10,A01
201000025367,0,10,000,00,2,1,02,A01
201000025367,0,07,000,00,2,4,23,B01
201000025368,0,07,000,00,2,8,10,A01
201000025368,0,02,000,00,2,1,17,B01
201000025369,0,01,000,00,1,1,01,A01
201000025370,0,07,000,00,2,1,15,B01
201000025370,0,07,000,00,2,1,01,A01
201000025371,0,01,000,00,2,3,01,A01
201000025371,0,02,000,00,2,2,16,B01
201000025372,0,07,000,00,2,2,01,B01
201000025372,0,01,000,00,2,1,16,A01
201000025373,0,01,000,00,2,2,00,A01
201000025373,0,07,000,00,2,2,01,B01
201000025374,0,99,000,00,2,3,01,A01
201000025374,0,07,000,00,2,2,01,B01
201000025375,0,07,000,00,1,2,01,A01
201000025376,0,15,000,00,2,3,16,A01
201000025376,0,01,000,00,2,2,01,B01
201000025377,0,01,000,00,2,3,18,A01
201000025377,0,07,000,00,2,5,16,B01
201000025378,0,07,000,00,1,2,01,A01
201000025379,0,33,000,00,2,1,17,B01
201000025379,0,07,000,00,2,3,15,A01
201000025380,0,07,000,00,1,1,15,A01
201000025381,0,02,000,00,2,1,15,A01
201000025381,0,07,000,00,2,3,01,B01
201000025382,0,07,000,00,2,4,23,B01
201000025382,0,10,000,00,2,1,02,A01
201000025383,0,07,000,00,2,3,11,B01
201000025383,0,30,000,00,2,2,17,A01
201000025384,0,07,000,00,1,1,01,A01
201000025385,0,10,000,00,1,2,16,A01
201000025386,0,07,000,00,1,1,01,A01
201000025387,0,33,000,00,2,2,17,A01
201000025387,0,07,000,00,2,8,15,B01
201000025388,0,07,000,00,1,2,01,A01
201000025389,0,33,000,00,2,1,01,B01
201000025389,0,07,000,00,2,6,01,A01
201000025390,0,07,000,00,2,1,15,A01
201000025390,0,33,000,00,2,1,01,B01
201000025391,0,07,000,00,2,7,16,A01
201000025391,0,07,000,00,2,3,16,B01
201000025392,1,07,000,00,2,1,12,Z01
201000025392,0,07,000,00,2,4,23,B01
201000025393,0,07,000,00,2,1,01,B01
201000025393,0,07,000,00,2,1,15,A01
201000025394,0,07,000,00,2,3,20,A01
201000025394,0,30,000,00,2,0,21,B01
201000025395,0,07,000,01,0,3,21,A01
201000025395,0,07,000,00,0,0,01,B01
201000025396,0,07,000,00,2,2,15,A01
201000025396,0,33,000,00,2,7,16,B01
201000025397,0,02,000,00,2,1,01,A01
201000025397,0,07,000,00,2,5,23,B01
201000025398,0,07,000,00,2,1,23,C01
201000025398,0,07,000,00,2,7,15,A01
201000025398,0,07,000,00,2,1,01,B01
201000025399,0,07,000,00,2,3,01,A01
201000025399,0,07,000,00,2,3,16,B01
201000025400,0,07,000,00,1,1,01,A01
201000025401,0,07,000,00,2,4,23,B01
201000025401,0,07,000,00,2,1,02,A01
201000025402,0,07,000,08,2,2,01,B01
201000025402,0,07,000,01,2,8,00,A01
201000025403,0,10,000,00,2,1,02,A01
201000025403,0,07,000,00,1,4,23,B01
201000025404,0,07,000,00,2,2,15,A01
201000025404,0,33,000,00,2,1,01,B01
201000025405,0,37,010,00,1,2,01,A01
201000025406,0,02,000,00,2,7,01,A01
201000025406,0,07,000,00,2,3,11,B01
201000025407,0,02,000,00,2,1,01,B01
201000025407,0,07,000,00,2,7,01,A01
201000025408,0,02,000,00,2,1,01,B01
201000025408,0,10,000,00,2,3,13,A01
201000025409,0,07,000,00,1,3,01,A01
201000025410,0,07,000,00,2,2,01,A01
201000025410,0,07,000,00,2,8,01,B01
201000025411,0,07,000,00,1,1,01,A01
201000025412,0,07,000,00,0,0,15,B01
201000025412,0,33,000,00,2,8,01,A01
201000025413,0,07,000,00,2,3,01,A01
201000025413,0,33,000,00,2,1,01,B01
201000025414,0,07,000,00,9,1,15,A01
201000025414,0,01,000,00,2,4,01,B01
201000025415,0,07,000,00,2,1,02,A01
201000025415,0,07,000,00,2,4,23,B01
201000025416,0,37,001,00,1,2,01,A01
201000025417,0,07,000,00,2,1,23,B01
201000025417,0,07,000,00,2,1,23,C01
201000025417,0,07,000,00,2,1,15,A01
201000025418,0,33,000,01,1,1,01,A01
201000025419,0,07,000,00,2,3,01,B01
201000025419,0,32,000,00,2,1,17,A01
201000025420,0,01,000,00,2,1,19,B01
201000025420,0,07,000,00,2,3,01,A01
201000025421,0,07,000,00,2,8,15,A01
201000025421,0,30,000,00,2,1,01,B01
201000025422,0,07,000,00,2,2,16,A01
201000025422,0,07,000,07,2,3,01,B01
201000025423,0,07,000,00,2,2,01,A01
201000025423,0,02,000,00,2,1,01,B01
201000025424,0,07,000,00,2,2,15,A01
201000025424,0,32,000,00,2,1,01,B01
201000025425,0,07,000,00,2,5,02,C01
201000025425,0,07,000,00,2,4,02,B01
201000025425,0,07,000,00,2,1,02,A01
201000025426,0,02,000,00,2,1,01,A01
201000025426,0,07,000,00,2,5,01,B01
201000025427,0,07,000,00,2,1,01,A01
201000025427,0,07,000,00,2,2,15,B01
201000025428,0,07,000,00,1,1,01,A01
201000025429,0,02,000,00,2,4,23,B01
201000025429,0,02,000,00,2,1,02,A01
201000025430,0,07,000,00,2,2,01,A01
201000025430,0,33,000,00,2,1,01,B01
201000025431,0,07,000,00,2,1,15,A01
201000025431,0,33,000,00,2,7,01,B01
201000025432,0,02,000,00,2,1,01,A01
201000025432,0,07,000,00,2,3,01,B01
201000025433,0,07,000,00,1,2,01,A01
201000025434,0,07,000,00,1,3,01,A01
201000025435,0,31,000,00,2,1,17,A01
201000025435,0,07,000,00,2,1,15,B01
201000025436,0,07,000,00,1,1,17,A01
201000025437,0,07,000,00,2,5,15,A01
201000025437,0,07,000,00,2,1,01,B01
201000025438,0,07,000,00,1,1,01,A01
201000025439,0,07,000,00,1,1,15,A01
201000025440,0,01,000,00,2,1,19,B01
201000025440,0,07,000,00,2,3,01,A01
201000025441,0,07,000,08,2,7,01,A01
201000025441,0,07,000,00,2,1,01,B01
201000025442,0,07,000,00,2,6,01,B01
201000025442,0,07,000,00,2,2,11,A01
201000025443,0,02,000,00,1,1,01,A01
201000025444,0,07,000,00,2,2,01,A01
201000025444,0,07,000,00,2,1,01,B01
201000025445,0,07,000,00,2,4,23,C01
201000025445,0,10,000,00,2,1,02,A01
201000025445,0,07,000,00,2,4,23,B01
201000025446,0,02,000,00,2,1,17,A01
201000025446,0,07,000,00,2,4,23,B01
201000025447,0,10,000,00,2,4,02,C01
201000025447,0,07,000,00,2,2,01,A01
201000025447,0,07,000,00,2,4,11,B01
201000025447,0,10,000,00,2,4,01,D01
201000025448,0,07,000,00,2,6,15,B01
201000025448,0,07,000,00,2,1,17,Z01
201000025449,0,07,000,00,2,4,23,B01
201000025449,0,07,000,00,2,1,02,A01
201000025450,0,07,000,00,2,4,23,B01
201000025450,0,07,000,00,2,1,02,A01
201000025451,0,07,000,00,2,1,01,B01
201000025451,0,07,000,00,2,1,01,A01
201000025452,0,31,000,00,2,1,02,A01
201000025452,0,07,000,00,2,6,15,B01
201000025453,0,02,000,00,2,2,01,B01
201000025453,0,10,000,00,2,1,01,A01
201000025454,0,31,000,00,2,1,01,A01
201000025454,0,07,000,00,2,2,01,B01
201000025455,0,33,000,00,2,1,01,B01
201000025455,0,07,000,00,2,5,01,A01
201000025456,0,33,000,00,2,1,01,B01
201000025456,0,10,000,00,2,7,15,A01
201000025457,0,33,000,00,2,1,17,A01
201000025457,0,07,000,00,2,2,15,B01
201000025458,0,33,000,00,2,3,01,B01
201000025458,0,07,000,00,2,1,15,A01
201000025459,0,33,000,00,2,1,07,A01
201000025459,0,07,000,00,2,2,16,B01
201000025460,0,07,000,00,2,2,01,A01
201000025460,0,07,000,03,2,1,01,B01
201000025461,0,33,000,00,2,5,21,B01
201000025461,0,07,000,00,2,2,15,A01
201000025462,0,07,000,00,1,2,01,A01
201000025463,0,07,000,00,2,4,20,B01
201000025463,0,07,000,00,2,1,02,A01
201000025464,0,01,000,00,2,3,01,B01
201000025464,0,07,000,00,2,5,16,A01
201000025465,0,07,000,00,2,5,01,A01
201000025465,0,02,000,00,2,1,16,B01
201000025466,0,30,000,00,2,3,01,B01
201000025466,1,30,000,00,2,3,17,Z01
201000025467,0,33,000,00,1,2,17,A01
201000025468,0,07,000,00,2,1,01,A01
201000025468,0,07,000,00,2,4,01,B01
201000025469,0,02,000,00,2,1,02,A01
201000025469,0,07,000,00,2,4,01,B01
201000025470,0,02,000,00,2,1,02,A01
201000025470,0,07,000,00,2,4,01,B01
201000025471,0,02,000,00,2,2,01,A01
201000025471,0,37,012,00,2,2,15,B01
201000025472,0,07,000,00,2,1,02,A01
201000025472,0,07,000,00,2,4,02,B01
201000025473,0,31,000,00,2,7,17,A01
201000025473,0,07,000,00,2,6,10,B01
201000025474,0,15,000,00,1,2,16,A01
201000025475,0,07,000,00,2,1,01,B01
201000025475,0,01,000,00,2,2,01,A01
201000025476,0,07,000,00,2,3,09,A01
201000025476,0,02,000,00,2,1,01,B01
201000025477,0,07,000,00,2,1,02,A01
201000025477,0,15,000,00,2,5,16,B01
201000025478,0,33,000,00,2,7,17,A01
201000025478,0,07,000,00,2,6,15,B01
201000025479,0,07,000,00,2,2,01,B01
201000025479,0,02,000,00,2,8,01,A01
201000025480,0,33,000,00,2,3,15,B01
201000025480,0,07,000,00,2,4,04,A01
201000025481,0,07,000,00,1,2,01,A01
201000025482,0,32,000,00,2,0,01,B01
201000025482,0,07,000,00,2,5,15,A01
201000025483,0,07,000,00,2,3,15,A01
201000025483,0,01,000,00,2,1,01,B01
201000025484,0,31,000,00,2,1,01,B01
201000025484,0,07,000,00,2,3,15,A01
201000025485,0,07,000,00,1,2,01,A01
201000025486,0,01,000,00,2,2,15,B01
201000025486,0,07,000,00,2,1,16,A01
201000025487,2,33,000,00,2,1,17,A01
201000025487,0,10,000,00,2,3,15,B01
201000025488,0,33,000,14,0,1,01,A01
201000025489,0,33,000,00,1,3,01,A01
201000025490,0,07,000,00,1,2,01,A01
201000025491,0,07,000,00,2,1,15,A01
201000025491,0,33,000,00,2,3,01,B01
201000025492,0,07,000,00,1,1,01,A01
201000025493,0,01,000,00,1,2,01,A01
201000025494,0,07,000,00,1,2,17,A01
201000025495,0,10,000,00,2,3,01,B01
201000025495,0,33,000,00,2,2,15,A01
201000025496,0,07,000,00,1,1,15,A01
201000025497,0,07,000,00,1,2,16,A01
201000025498,0,07,000,00,0,2,06,A01
201000025498,0,07,000,00,2,3,01,B01
201000025499,0,07,000,00,2,5,23,D01
201000025499,0,07,000,00,2,2,12,A01
201000025499,0,17,000,03,2,2,13,E01
201000025499,0,07,000,03,2,3,01,B01
201000025500,0,07,000,01,0,1,14,A01
201000025501,0,07,000,00,2,1,01,B01
201000025501,0,07,000,00,2,1,15,A01
201000025502,0,07,000,00,2,5,15,A01
201000025502,0,33,000,00,2,1,01,B01
201000025503,0,07,000,00,1,2,01,A01
201000025504,0,07,000,00,2,1,15,A01
201000025504,0,02,000,00,2,2,01,B01
201000025505,0,07,000,00,1,1,01,A01
201000025506,0,31,000,00,2,1,01,A01
201000025506,0,01,000,00,2,6,00,B01
201000025507,1,02,000,00,1,1,01,Z01
201000025508,0,07,000,00,1,2,15,A01
201000025509,0,07,000,00,1,1,01,A01
201000025510,0,07,000,00,1,1,01,A01
201000025511,0,07,000,00,2,7,15,A01
201000025511,0,07,000,00,2,1,01,B01
201000025512,0,30,000,00,1,1,01,A01
201000025512,0,07,000,00,2,2,15,B01
201000025513,0,07,000,00,2,4,02,B01
201000025513,0,13,000,00,2,1,02,A01
201000025513,0,10,000,00,2,4,02,C01
201000025513,0,13,000,00,2,4,02,D01
201000025514,0,07,000,00,2,3,01,A01
201000025514,0,02,000,00,2,1,01,B01
201000025515,0,07,000,00,1,2,01,A01
201000025516,0,07,000,15,2,8,01,B01
201000025516,0,10,000,00,2,7,14,A01
201000025517,0,07,000,00,1,1,01,A01
201000025518,0,01,000,00,2,1,01,B01
201000025518,0,07,000,00,2,3,15,A01
201000025519,0,07,000,00,1,1,01,A01
201000025520,0,07,000,00,2,1,15,A01
201000025520,0,32,000,00,2,1,01,B01
201000025521,0,07,000,00,2,8,16,A01
201000025521,0,02,000,00,2,1,01,B01
201000025522,0,07,000,00,2,1,01,A01
201000025522,0,01,000,00,2,3,01,B01
201000025523,0,07,000,00,1,4,04,A01
201000025524,0,07,000,00,0,0,15,A01
201000025524,0,07,000,07,0,1,21,B01
201000025525,0,07,000,00,2,5,23,B01
201000025525,0,38,001,00,2,1,01,A01
201000025526,0,01,000,01,0,1,01,B01
201000025526,0,07,000,00,9,7,20,A01
201000025527,0,07,000,00,2,3,16,A01
201000025527,0,01,000,00,2,1,01,B01
201000025528,0,07,000,00,1,2,01,A01
201000025529,0,07,000,00,2,2,01,B01
201000025529,0,30,000,00,2,1,15,A01
201000025530,0,07,000,00,2,2,01,B01
201000025530,0,07,000,00,2,1,01,A01
201000025531,0,07,000,00,2,4,23,B01
201000025531,0,07,000,00,2,1,02,A01
201000025532,0,07,000,01,2,8,01,B01
201000025532,0,07,000,00,2,1,15,A01
201000025533,0,07,000,00,1,4,20,A01
201000025534,0,07,000,00,2,6,23,B01
201000025534,0,33,000,00,2,1,02,A01
201000025535,0,02,000,00,2,1,01,B01
201000025535,0,07,000,00,2,2,15,A01
201000025536,0,10,000,00,2,2,01,B01
201000025536,0,07,000,00,2,3,01,C01
201000025536,0,07,000,00,2,1,01,A01
201000025537,0,07,000,00,1,1,01,A01
201000025538,0,07,000,06,1,1,14,A01
201000025539,0,07,000,00,1,2,01,A01
201000025540,0,32,000,00,1,3,01,A01
201000025541,0,07,000,00,1,1,01,A01
201000025542,0,07,000,00,1,3,01,A01
201000025543,0,07,000,00,1,1,01,A01
201000025544,1,07,000,00,1,0,00,Z01
201000025545,0,07,000,00,1,5,01,A01
201000025546,0,07,000,00,2,3,15,B01
201000025546,0,33,000,01,2,1,01,A01
201000025547,0,07,000,02,0,1,14,A01
201000025548,0,07,000,00,0,4,13,A01
201000025548,0,01,000,00,0,1,01,B02
201000025549,0,31,000,00,2,1,01,B02
201000025549,0,07,000,00,0,3,19,A01
201000025550,0,33,000,13,0,1,01,A01
201000025551,0,01,000,00,2,1,05,A01
201000025551,0,10,000,00,9,3,01,B02
201000025552,0,07,000,00,2,1,15,A01
201000025552,0,01,000,00,2,3,01,B02
201000025553,0,33,000,04,0,1,14,A01
201000025554,0,07,000,00,2,2,01,B02
201000025554,0,33,000,00,2,2,13,A01
201000025555,0,07,000,00,2,2,02,A01
201000025555,0,07,000,09,2,6,23,B01
201000025556,0,07,000,00,1,2,01,A01
201000025557,0,07,000,00,1,1,15,A01
201000025558,0,02,000,00,2,1,01,A01
201000025558,0,07,000,00,2,2,01,B01
201000025559,0,07,000,00,2,4,02,A01
201000025559,0,01,000,00,2,1,02,B01
201000025560,0,02,000,00,2,1,02,B01
201000025560,0,07,000,00,2,7,20,A01
201000025561,0,33,000,12,0,2,01,A01
201000025562,0,07,000,00,2,1,01,B01
201000025562,0,07,000,00,2,3,01,A01
201000025563,0,07,000,00,1,2,01,A01
201000025564,0,07,000,00,1,2,01,A01
201000025565,0,07,000,00,2,6,15,B01
201000025565,0,30,000,00,2,2,02,A01
201000025566,0,07,000,00,1,1,01,A01
201000025567,0,07,000,00,2,1,19,A01
201000025567,0,07,000,06,2,3,01,B01
201000025568,0,07,000,12,0,2,01,A01
201000025569,0,20,000,00,1,7,01,A01
201000025570,0,07,000,00,2,1,01,B01
201000025570,0,07,000,00,2,8,09,A01
201000025571,0,07,000,00,2,4,16,B01
201000025571,0,21,000,00,2,2,02,A01
201000025572,0,07,000,00,1,4,04,A01
201000025573,0,07,000,00,2,3,09,A01
201000025573,0,30,000,00,2,8,09,B01
201000025574,0,07,000,00,0,0,09,B01
201000025574,0,33,000,00,0,8,21,A01
201000025575,0,07,000,00,1,3,09,A01
201000025576,0,07,000,00,2,1,01,A01
201000025576,0,07,000,00,2,8,01,B01
201000025577,0,07,000,00,1,1,01,A01
201000025578,0,30,000,00,2,1,01,B01
201000025578,0,07,000,00,2,3,15,A01
201000025579,0,07,000,00,1,3,01,A01
201000025580,0,02,000,16,0,7,00,A01
201000025581,0,07,000,00,0,9,02,A01
201000025582,0,03,000,08,1,1,00,A01
201000025583,0,07,000,00,2,1,21,B01
201000025583,0,07,000,00,2,1,13,A01
201000025584,0,07,000,00,1,1,01,A01
201000025585,0,07,000,00,2,1,02,A01
201000025585,0,30,000,00,2,1,16,B01
201000025586,0,07,000,00,1,1,01,A01
201000025587,0,07,000,00,9,4,23,B01
201000025587,0,02,000,00,2,1,02,A01
201000025588,0,30,000,00,0,0,01,B01
201000025588,0,07,000,00,0,0,09,A01
201000025589,0,30,000,00,2,1,21,B01
201000025589,0,07,000,00,2,2,11,A01
201000025590,0,10,000,00,2,1,02,D01
201000025590,0,10,000,00,2,1,23,B01
201000025590,0,07,000,00,0,4,23,A01
201000025590,0,10,000,00,2,1,23,C01
201000025591,0,07,000,00,2,3,15,A01
201000025591,0,33,000,00,2,8,01,B01
201000025592,0,07,000,03,0,1,00,A01
201000025593,0,07,000,00,2,1,01,A01
201000025593,0,30,000,00,2,1,09,B01
201000025594,0,07,000,00,2,4,15,A01
201000025594,0,32,000,00,2,1,01,B01
201000025595,0,07,000,08,0,1,21,A01
201000025595,0,07,000,00,0,0,15,B01
201000025596,0,07,000,00,2,3,09,A01
201000025596,0,33,000,00,2,1,01,B01
201000025597,0,33,000,00,0,0,02,A01
201000025598,0,07,000,00,0,0,02,A01
201000025598,0,07,000,13,9,9,01,B01
201000025599,0,07,000,00,2,8,13,B01
201000025599,0,07,000,00,2,8,01,A01
201000025600,0,07,000,00,1,2,01,A01
201000025601,0,07,000,00,2,1,02,A01
201000025601,0,07,000,00,2,6,01,B01
201000025602,0,07,000,00,1,2,02,A01