Num_Acc,senc,catv,occutc,obs,obsm,choc,manv,num_veh
201000025603,0,07,000,00,2,1,02,A01
201000025603,0,07,000,00,2,5,23,B01
201000025604,0,10,000,00,2,5,01,B01
201000025604,0,30,000,00,2,2,02,A01
201000025605,0,07,000,00,2,1,01,B01
201000025605,0,07,000,00,2,8,19,A01
201000025606,0,07,000,13,0,7,14,A01
201000025607,0,30,000,00,2,1,02,A01
201000025607,0,07,000,00,2,4,01,B01
201000025608,0,07,000,00,1,3,01,A01
201000025609,0,07,000,00,2,2,17,A01
201000025609,0,07,000,02,2,6,01,B01
201000025610,0,30,000,00,0,8,01,A01
201000025611,0,07,000,00,2,4,02,B01
201000025611,0,07,000,00,2,1,02,A01
201000025611,0,07,000,00,2,4,01,C01
201000025611,0,07,000,00,2,1,02,D01
201000025612,0,01,000,12,0,2,00,A01
201000025613,0,07,000,00,2,1,02,A01
201000025613,0,37,001,00,2,4,01,B01
201000025614,0,07,000,00,2,4,01,B01
201000025614,0,07,000,00,2,1,02,A01
201000025615,0,07,000,00,1,3,01,A01
201000025616,0,07,000,13,0,9,01,A01
201000025617,0,07,000,00,1,1,15,A01
201000025618,0,07,000,03,0,9,13,A01
201000025619,0,30,000,00,2,1,02,A01
201000025619,0,07,000,00,2,4,01,B01
201000025620,0,07,000,15,0,1,01,A01
201000025621,0,07,000,00,1,1,01,A01
201000025622,0,07,000,13,0,1,14,A01
201000025623,0,01,000,00,0,0,01,A01
201000025624,0,07,000,09,0,1,01,A01
201000025625,0,07,000,06,0,1,14,A01
201000025626,0,10,000,00,1,1,16,A01
201000025627,0,07,000,07,0,9,01,A01
201000025628,0,07,000,00,1,4,23,B01
201000025628,0,07,000,00,2,1,02,A01
201000025629,0,31,000,00,0,0,01,A01
201000025630,0,07,000,13,2,7,13,A01
201000025630,0,07,000,13,2,3,01,B01
201000025631,0,07,000,00,2,1,09,A01
201000025631,0,01,000,00,2,4,01,B01
201000025632,0,02,000,00,0,0,01,A01
201000025633,0,02,000,00,2,1,01,A01
201000025633,0,07,000,00,2,4,23,B01
201000025634,1,07,000,00,0,0,00,Z01
201000025635,0,07,000,00,2,1,15,A01
201000025635,0,07,000,00,2,1,01,B01
201000025636,0,07,000,00,2,3,09,B01
201000025636,0,30,000,00,2,1,06,A01
201000025637,0,07,000,00,2,1,15,A01
201000025637,0,30,000,00,2,1,01,B01
201000025638,0,07,000,00,2,1,13,A01
201000025638,0,07,000,00,2,4,01,B01
201000025639,0,30,000,00,2,1,01,B01
201000025639,0,07,000,00,2,3,15,A01
201000025640,0,30,000,00,2,1,17,A01
201000025640,0,07,000,00,2,3,02,B01
201000025641,0,07,000,00,2,3,01,C01
201000025641,0,07,000,00,2,9,01,B01
201000025641,0,07,000,00,2,1,09,A01
201000025642,0,30,000,00,0,0,01,A01
201000025643,0,17,000,00,0,7,01,A01
201000025644,0,07,000,15,0,9,13,A01
201000025645,0,07,000,00,1,2,01,A01
201000025646,0,02,000,00,2,1,01,B01
201000025646,0,07,000,00,2,1,09,A01
201000025647,0,07,000,07,0,2,14,A01
201000025648,0,07,000,00,1,1,01,A01
201000025649,0,30,000,00,2,2,05,A01
201000025649,0,07,000,00,2,3,01,B01
201000025650,0,30,000,00,2,1,02,A01
201000025650,0,07,000,00,2,4,02,B01
201000025651,0,02,000,03,0,1,01,A01
201000025652,0,33,000,00,1,2,01,A01
201000025653,0,07,000,00,2,4,23,B01
201000025653,0,07,000,00,2,1,02,D01
201000025653,0,07,000,00,2,4,23,C01
201000025653,0,10,000,00,2,1,01,A01
201000025654,0,30,000,13,0,1,01,A01
201000025655,0,30,000,00,2,1,01,B01
201000025655,0,07,000,00,2,3,15,A01
201000025656,0,33,000,00,2,1,01,A01
201000025656,0,07,000,00,0,0,02,C01
201000025656,0,10,000,00,2,4,02,B01
201000025657,0,07,000,00,2,7,16,A01
201000025657,0,01,000,00,2,8,01,B01
201000025658,0,07,000,00,1,1,13,A01
201000025659,0,30,000,00,2,1,02,B01
201000025659,0,07,000,00,2,3,09,A01
201000025660,0,07,000,00,2,5,15,B01
201000025660,0,07,000,00,2,1,01,A01
201000025661,0,07,000,00,2,3,15,B01
201000025661,0,30,000,00,2,1,17,A01
201000025662,0,07,000,00,2,8,02,B01
201000025662,0,30,000,00,2,7,17,A01
201000025663,0,07,000,00,2,2,09,A01
201000025663,0,02,000,00,2,7,01,B01
201000025664,0,33,000,14,0,1,01,A01
201000025665,0,10,000,03,2,3,02,B01
201000025665,0,10,000,00,2,7,02,A01
201000025666,0,10,000,00,2,5,01,B01
201000025666,0,01,000,00,2,1,09,A01
201000025667,0,02,000,00,0,7,01,A01
201000025668,0,07,000,07,0,1,06,A01
201000025669,0,07,000,13,0,8,14,A01
201000025670,0,01,000,00,2,7,01,B01
201000025670,0,07,000,00,2,8,13,A01
201000025671,0,01,000,00,2,1,02,A01
201000025671,1,07,000,00,2,4,01,Z01
201000025672,0,07,000,00,2,7,16,A01
201000025672,0,07,000,00,2,3,01,B01
201000025672,0,07,000,00,2,1,02,D01
201000025672,0,07,000,00,2,8,01,C01
201000025673,0,02,000,00,2,1,01,B01
201000025673,0,07,000,00,2,1,15,A01
201000025674,0,07,000,00,1,3,01,A01
201000025675,0,07,000,08,2,1,17,A01
201000025675,0,07,000,00,2,3,15,B01
201000025676,0,07,000,03,0,9,13,A01
201000025677,0,03,000,08,0,1,13,A01
201000025678,0,07,000,00,1,4,04,A01
201000025679,0,17,000,00,2,3,01,B01
201000025679,0,07,000,14,2,5,12,A01
201000025680,0,07,000,00,2,4,15,B01
201000025680,0,10,000,00,2,1,02,A01
201000025681,0,07,000,00,2,4,01,B01
201000025681,0,33,000,00,2,8,02,A01
201000025682,1,30,000,00,1,1,01,Z01
201000025683,0,07,000,00,2,8,01,B01
201000025683,0,07,000,00,2,1,19,A01
201000025684,1,07,000,00,1,0,00,Z01
201000025685,0,99,000,00,2,7,16,B01
201000025685,0,30,000,00,2,3,18,A01
201000025686,0,07,000,15,0,1,14,A01
201000025687,0,07,000,00,1,1,09,A01
201000025688,0,02,000,00,2,8,17,A01
201000025688,0,15,000,00,2,8,01,B01
201000025689,0,02,000,00,0,8,01,A01
201000025690,0,33,000,00,0,8,01,A01
201000025691,0,07,000,00,2,2,01,B01
201000025691,0,30,000,00,2,8,09,A01
201000025692,0,02,000,00,0,7,01,A01
201000025693,0,30,000,15,0,1,15,A01
201000025694,1,07,000,00,1,0,00,Z01
201000025695,0,07,000,00,1,1,01,A01
201000025696,0,07,000,00,2,8,10,A01
201000025696,0,07,000,00,2,1,01,B01
201000025697,0,07,000,08,0,1,14,A01
201000025698,0,07,000,08,0,1,14,A01
201000025699,0,07,000,00,1,2,01,A01
201000025700,1,07,000,00,2,2,01,Z01
201000025700,0,01,000,00,2,4,19,B01
201000025701,0,07,000,00,2,4,01,B01
201000025701,0,07,000,00,2,1,02,A01
201000025702,0,07,000,00,2,1,01,B01
201000025702,0,07,000,00,2,2,15,A01
201000025703,0,07,000,00,1,1,01,A01
201000025704,0,07,000,00,2,4,01,B01
201000025704,0,30,000,00,2,1,02,A01
201000025705,0,33,000,00,2,4,23,B01
201000025705,0,07,000,00,2,1,02,A01
201000025706,0,07,000,00,2,2,01,B01
201000025706,0,07,000,00,2,3,15,A01
201000025707,0,07,000,09,0,3,13,A01
201000025708,0,07,000,00,2,3,23,C01
201000025708,0,07,000,00,2,2,15,A01
201000025708,0,07,000,00,2,1,09,B01
201000025709,0,02,000,16,0,0,01,A01
201000025710,0,01,000,00,0,0,01,A01
201000025711,0,07,000,03,0,3,13,A01
201000025712,0,01,000,00,0,1,01,A01
201000025713,0,07,000,00,2,3,16,A01
201000025713,0,37,001,00,2,2,01,B01
201000025714,0,02,000,12,0,1,01,A01
201000025715,0,07,000,00,1,1,01,A01
201000025716,0,07,000,14,2,1,02,A01
201000025716,0,07,000,00,2,4,23,B01
201000025717,0,07,000,00,2,4,23,B01
201000025717,0,07,000,00,2,1,02,A01
201000025718,0,07,000,00,2,1,09,A01
201000025718,0,07,000,00,2,4,01,B01
201000025719,0,30,000,00,0,0,00,A01
201000025720,0,33,000,00,0,7,01,A01
201000025721,0,33,000,00,0,7,01,A01
201000025722,0,02,000,00,0,8,01,A01
201000025723,0,07,000,00,2,5,15,A01
201000025723,0,07,000,13,2,1,01,B01
201000025724,0,07,000,00,1,1,01,A01
201000025725,0,07,000,00,2,1,09,A01
201000025725,0,07,000,00,2,7,01,B01
201000025726,0,07,000,00,1,1,01,A01
201000025727,1,07,000,00,2,3,15,Z01
201000025727,0,30,000,00,2,8,01,B01
201000025728,0,33,000,00,2,1,01,A01
201000025728,0,07,000,00,2,1,15,B01
201000025729,0,07,000,01,2,4,23,B01
201000025729,0,02,000,00,2,1,02,A01
201000025730,0,30,000,12,0,1,14,A01
201000025731,0,07,000,03,0,1,13,A01
201000025732,0,07,000,00,2,1,01,B01
201000025732,0,07,000,00,2,1,15,A01
201000025733,0,07,000,00,2,2,01,A01
201000025733,0,02,000,00,2,3,01,B01
201000025734,0,02,000,00,2,7,01,B01
201000025734,0,07,000,00,2,1,15,A01
201000025735,0,07,000,00,1,1,01,A01
201000025736,0,07,000,00,1,2,01,A01
201000025737,0,07,000,00,2,1,02,A01
201000025737,0,07,000,00,2,4,23,B01
201000025738,0,07,000,09,2,4,01,B01
201000025738,0,07,000,00,2,1,02,A01
201000025739,0,30,000,00,2,7,01,B01
201000025739,0,07,000,00,2,1,09,A01
201000025740,0,33,000,00,0,8,01,B01
201000025740,0,07,000,00,2,2,10,A01
201000025741,0,02,000,00,0,0,01,A01
201000025742,1,10,000,00,2,1,02,Z01
201000025742,0,07,000,00,2,4,02,B01
201000025743,1,07,000,00,2,1,02,Z01
201000025743,0,07,000,00,2,4,01,B01
201000025744,0,02,000,00,0,0,01,A01
201000025745,0,07,000,00,2,3,01,B01
201000025745,0,07,000,00,2,2,15,A01
201000025746,0,07,000,00,2,4,23,D01
201000025746,0,07,000,14,2,4,23,C01
201000025746,0,07,000,14,2,4,23,B01
201000025746,0,07,000,14,2,1,02,A01
201000025747,0,01,000,00,2,3,05,B01
201000025747,0,07,000,00,2,1,09,A02
201000025748,0,07,000,00,2,6,01,B01
201000025748,0,07,000,00,2,2,17,A01
201000025749,0,07,000,00,2,4,01,B01
201000025749,0,07,000,00,2,1,02,A01
201000025750,0,32,000,00,0,8,01,A01
201000025751,0,33,000,12,0,0,01,A01
201000025752,0,07,000,00,1,3,01,A01
201000025753,0,02,000,00,2,1,01,B01
201000025753,0,07,000,00,2,6,10,A01
201000025754,0,07,000,00,2,1,02,A01
201000025754,0,07,000,00,2,4,23,B01
201000025755,0,07,000,13,0,9,13,A01
201000025755,0,07,000,02,0,9,14,B01
201000025756,0,07,000,00,2,1,01,A01
201000025756,0,01,000,00,2,8,19,B01
201000025757,0,37,003,00,2,3,15,B01
201000025757,0,30,000,00,2,1,01,A01
201000025758,0,07,000,00,1,1,01,A01
201000025759,0,07,000,00,2,8,01,B01
201000025759,0,07,000,00,2,1,01,A01
201000025760,0,33,000,00,0,8,01,A01
201000025761,0,07,000,00,2,3,09,A01
201000025761,0,10,000,00,2,1,01,B01
201000025762,0,07,000,00,1,1,01,A01
201000025763,0,07,000,07,0,1,13,A01
201000025764,0,10,000,00,2,3,01,B01
201000025764,0,07,000,00,2,1,13,A01
201000025765,0,07,000,00,2,3,09,A01
201000025765,0,33,000,00,2,7,01,B01
201000025766,0,07,000,00,2,3,09,A01
201000025766,0,01,000,00,2,5,01,B01
201000025767,0,07,000,00,2,1,17,Z01
201000025767,0,07,000,00,2,4,01,B01
201000025768,0,14,000,00,2,1,01,C01
201000025768,0,17,000,00,2,1,13,A01
201000025768,0,07,000,00,2,8,01,B01
201000025769,0,02,000,00,2,1,17,B01
201000025769,0,07,000,00,2,8,15,A01
201000025770,0,07,000,06,0,1,13,A01
201000025771,0,17,000,13,0,1,13,A01
201000025772,0,07,000,13,0,9,14,A01
201000025773,0,02,000,00,2,1,13,A01
201000025773,0,07,000,00,2,1,01,B01
201000025774,0,02,000,00,1,1,01,A01
201000025775,0,07,000,00,1,1,16,A01
201000025776,0,07,000,00,1,1,01,A01
201000025777,0,37,001,00,2,2,01,A01
201000025777,0,07,000,00,2,3,09,B01
201000025778,0,07,000,00,2,5,01,A01
201000025778,0,01,000,00,2,1,09,B01
201000025779,0,07,000,00,2,4,23,B01
201000025779,0,07,000,00,2,1,01,A01
201000025780,0,30,000,00,0,7,01,A01
201000025781,0,02,000,00,0,8,16,A01
201000025782,0,07,000,13,0,9,14,A01
201000025783,0,07,000,00,1,1,01,A01
201000025784,0,07,000,15,0,9,01,A01
201000025785,0,07,000,00,2,3,09,A01
201000025785,0,02,000,00,2,1,01,B01
201000025786,0,07,000,10,0,1,13,A01
201000025787,0,30,000,00,0,8,15,A01
201000025788,0,30,000,00,0,8,01,A01
201000025789,0,30,000,00,0,0,00,A01
201000025790,0,07,000,00,1,2,01,A01
201000025791,0,07,000,00,2,7,15,A01
201000025791,0,07,000,00,2,2,01,B01
201000025792,0,02,000,00,0,7,01,A01
201000025793,0,07,000,00,2,1,15,A01
201000025793,0,01,000,00,2,8,01,B01
201000025794,0,07,000,00,2,8,10,A01
201000025794,0,02,000,00,2,1,01,B01
201000025795,0,07,000,00,2,3,22,A01
201000025795,0,01,000,01,0,1,01,B01
201000025796,0,02,000,00,0,8,02,A01
201000025797,0,07,000,00,1,2,01,A01
201000025798,0,07,000,00,0,4,01,B01
201000025798,0,10,000,00,2,2,02,A01
201000025799,0,33,000,13,0,1,15,A01
201000025800,0,07,000,00,1,2,01,A01
201000025801,0,07,000,00,2,1,01,A01
201000025801,0,01,000,00,2,8,01,B01
201000025802,2,07,000,15,0,2,01,A01
201000025803,0,07,000,00,1,1,09,A01
201000025804,0,33,000,00,0,1,02,A01
201000025805,0,07,000,00,2,3,15,A01
201000025805,0,31,000,00,2,1,01,B01
201000025806,0,30,000,00,2,1,17,A01
201000025806,0,07,000,00,0,6,15,B01
201000025807,0,07,000,00,1,4,02,A01
201000025807,0,07,000,00,2,1,02,B01
201000025808,0,10,000,00,2,2,01,A01
201000025808,0,30,000,00,2,6,15,B01
201000025809,0,07,000,00,1,2,01,A01
201000025810,0,03,000,13,0,2,01,A01
201000025811,0,07,000,00,1,2,01,A01
201000025812,0,07,000,13,2,8,01,A01
201000025812,0,10,000,00,2,1,01,B02
201000025813,0,33,000,00,0,2,01,A01
201000025814,0,07,000,00,2,3,13,A01
201000025814,0,33,000,00,2,9,01,B02
201000025815,0,07,000,00,2,3,01,B02
201000025815,0,33,000,00,2,3,13,A01
201000025816,0,30,000,00,0,8,00,A01
201000025817,0,07,000,00,0,0,00,B02
201000025817,0,07,000,00,2,1,01,A01
201000025818,0,07,000,02,0,3,01,A01
201000025819,0,14,000,00,0,0,01,A01
201000025820,1,33,000,00,1,2,01,A01
201000025821,0,07,000,00,2,3,01,A01
201000025821,0,30,000,00,2,2,19,C03
201000025822,0,07,000,08,0,1,01,A01
201000025823,0,02,000,13,0,1,01,A01
201000025824,0,33,000,00,0,0,01,A01
201000025825,0,07,000,13,0,3,01,A01
201000025826,0,07,000,08,0,8,01,A01
201000025827,0,07,000,13,0,9,01,A01
201000025828,0,07,000,00,2,1,19,A01
201000025828,0,33,000,00,2,1,01,B02
201000025829,0,02,000,13,0,8,01,A01
201000025830,0,02,000,13,0,1,01,A01
201000025831,0,07,000,00,2,3,01,B02
201000025831,0,07,000,00,2,3,01,A01
201000025832,0,07,000,13,0,1,01,A01
201000025833,0,30,000,16,0,1,01,A01
201000025834,0,14,000,00,2,2,01,B02
201000025834,0,07,000,00,2,4,13,A01
201000025835,0,33,000,13,0,1,01,A01
201000025836,0,31,000,00,6,1,00,A01
201000025837,0,07,000,00,2,3,13,A01
201000025837,0,07,000,00,2,1,21,B02
201000025838,0,07,000,03,0,5,01,A01
201000025839,0,07,000,00,2,2,01,A01
201000025839,0,02,000,00,2,8,10,B02
201000025840,0,07,000,00,2,3,01,A01
201000025840,0,14,000,00,2,3,01,B02
201000025841,0,02,000,00,2,3,15,A01
201000025841,0,10,000,00,2,2,17,B02
201000025842,0,36,000,12,0,9,01,A01
201000025843,0,07,000,00,1,6,04,A01
201000025844,0,07,000,00,9,1,15,A01
201000025844,0,01,000,00,2,1,01,B02
201000025845,0,07,000,13,0,8,01,A01
201000025846,0,33,000,13,0,9,14,A01
201000025847,0,07,000,02,0,1,01,A01
201000025848,0,07,000,06,0,8,01,A01
201000025849,0,10,000,02,0,2,01,A01
201000025850,0,07,000,00,2,2,19,B02
201000025850,0,10,000,00,2,1,01,A01
201000025851,0,07,000,02,0,3,01,A01
201000025852,0,07,000,00,0,9,01,A01
201000025853,0,07,000,02,0,2,01,A01
201000025854,0,10,000,00,2,1,01,B02
201000025854,0,10,000,00,2,1,13,A01
201000025855,0,07,000,00,2,2,15,A01
201000025855,0,14,000,00,2,8,01,B02
201000025856,0,07,000,06,0,8,21,A01
201000025857,0,07,000,00,0,1,13,A01
201000025858,0,33,000,00,2,1,13,B02
201000025858,0,33,000,00,2,1,01,C03
201000025858,0,07,000,00,2,8,01,A01
201000025859,0,21,000,00,0,6,01,A01
201000025860,0,14,000,00,2,5,02,B02
201000025860,0,07,000,00,2,3,02,A01
201000025861,0,07,000,00,1,1,01,A01
201000025862,0,07,000,15,0,3,13,A01
201000025863,0,07,000,00,2,7,19,A01
201000025863,0,07,000,00,2,1,01,B02
201000025864,0,01,000,00,2,3,15,A01
201000025864,0,07,000,00,2,1,02,B02
201000025865,0,20,000,00,2,7,20,A01
201000025865,0,30,000,00,2,1,01,B02
201000025866,0,02,000,00,2,1,01,A01
201000025866,0,10,000,00,2,2,01,B02
201000025867,0,10,000,00,1,3,01,A01
201000025868,0,02,000,00,2,1,01,A01
201000025868,0,07,000,00,2,2,19,B02
201000025869,0,33,000,00,2,1,17,A01
201000025869,0,07,000,00,2,8,15,B02
201000025870,1,07,000,00,2,4,16,A01
201000025870,0,33,000,00,2,1,01,B02
201000025871,0,30,000,00,0,0,01,A01
201000025872,0,07,000,00,2,1,01,B02
201000025872,0,07,000,00,2,1,13,A01
201000025873,0,33,000,06,0,1,01,A01
201000025874,0,07,000,00,2,3,01,B02
201000025874,0,07,000,00,2,3,13,A01
201000025875,0,07,000,00,2,4,02,A01
201000025875,0,07,000,00,2,3,02,B02
201000025876,0,07,000,00,1,3,13,A01
201000025877,0,02,000,00,0,8,01,B02
201000025877,1,07,000,00,0,3,15,A01
201000025878,0,07,000,02,0,8,19,A01
201000025879,0,30,000,01,0,1,01,B02
201000025879,0,07,000,00,0,6,23,A01
201000025880,0,33,000,00,2,1,00,B02
201000025880,0,07,000,00,2,3,17,A01
201000025881,0,07,000,00,2,3,13,A01
201000025881,0,14,000,00,2,1,01,B02
201000025882,0,10,000,00,2,8,19,A01
201000025882,0,07,000,00,2,3,01,B02
201000025883,0,31,000,00,2,0,02,B02
201000025883,0,07,000,00,0,0,10,A01
201000025884,0,07,000,08,0,1,14,A01
201000025885,0,33,000,00,0,0,00,A01
201000025886,0,07,000,02,0,7,01,A01
201000025887,0,07,000,15,1,2,01,A01
201000025887,0,07,000,00,2,1,01,B02
201000025888,0,07,000,10,0,9,01,C03
201000025888,0,07,000,00,2,4,15,A01
201000025888,0,07,000,00,2,1,01,B02
201000025889,0,07,000,00,2,1,01,C03
201000025889,0,07,000,00,2,9,15,A01
201000025889,0,15,000,00,2,3,01,D04
201000025889,0,07,000,00,2,1,01,B02
201000025890,0,07,000,00,2,3,16,A01
201000025890,0,01,000,00,2,7,01,B02
201000025891,0,07,000,00,2,2,15,A01
201000025891,0,02,000,00,0,8,01,B02
201000025892,0,30,000,00,2,1,02,A01
201000025892,1,07,000,00,0,4,23,B02
201000025893,0,07,000,02,0,1,01,A01
201000025894,0,10,000,07,0,9,12,A01
201000025895,0,33,000,00,2,1,01,A01
201000025895,0,07,000,00,2,5,15,B02
201000025896,0,33,000,06,0,7,01,A01
201000025897,0,07,000,00,2,3,01,B02
201000025897,0,07,000,00,2,3,13,A01
201000025898,0,07,000,02,2,6,01,B02
201000025898,0,07,000,00,2,3,13,A01
201000025899,0,07,000,00,2,8,01,B02
201000025899,0,07,000,00,2,1,13,A01
201000025900,0,07,000,08,0,6,01,A01
201000025901,0,07,000,00,2,3,15,B02
201000025901,0,33,000,00,2,1,01,A01
201000025902,0,07,000,08,0,1,01,A01
201000025903,0,07,000,13,0,1,01,A01
201000025904,0,07,000,00,2,3,19,A01
201000025904,0,17,000,06,2,3,01,C03
201000025904,0,07,000,00,2,6,01,B02
201000025905,0,07,000,00,1,1,01,A01
201000025906,0,10,000,00,2,6,15,A01
201000025906,0,33,000,00,2,1,01,B02
201000025907,0,14,000,00,2,4,04,A01
201000025907,0,30,000,00,2,1,23,B02
201000025908,0,02,000,00,2,3,01,B02
201000025909,0,33,000,00,2,1,01,A01
201000025909,0,10,000,00,2,6,15,B02
201000025910,0,07,000,08,0,3,01,A01
201000025911,0,07,000,00,2,1,02,A01
201000025911,0,07,000,00,0,4,15,B02
201000025912,0,07,000,09,0,3,01,A01
201000025913,0,07,000,00,2,1,01,A01
201000025913,0,01,000,00,2,8,00,B02
201000025914,0,07,000,16,0,8,01,A01
201000025915,0,31,000,01,0,1,01,A01
201000025916,0,07,000,00,0,1,02,A01
201000025917,0,30,000,00,0,1,01,B02
201000025917,0,07,000,00,0,1,16,A01
201000025918,0,07,000,00,2,3,09,A01
201000025918,0,31,000,00,2,1,02,B01
201000025919,0,07,000,00,1,2,02,A01
201000025920,0,07,000,04,0,1,14,A01
201000025921,0,07,000,00,9,7,15,A01
201000025921,0,02,000,00,2,1,01,B01
201000025922,0,02,000,00,2,1,21,B01
201000025922,0,07,000,00,2,3,15,A01
201000025923,0,07,000,00,0,3,15,B01
201000025923,0,02,000,00,2,1,17,A01
201000025924,0,01,000,00,2,0,02,B01
201000025924,0,07,000,00,9,0,17,A01
201000025925,0,07,000,07,0,6,13,A01
201000025926,0,07,000,00,2,2,02,B01
201000025926,0,02,000,00,2,3,16,A01
201000025927,0,07,000,00,2,1,17,A01
201000025927,0,02,000,00,2,4,15,B01
201000025928,0,07,000,00,9,1,09,A01
201000025928,0,01,000,01,2,4,00,B01
201000025929,0,07,000,00,2,4,02,B01
201000025929,0,07,000,00,2,1,05,C01
201000025929,0,07,000,00,0,1,01,A01
201000025930,0,01,000,00,0,0,02,B01
201000025930,0,07,000,00,9,0,02,A01
201000025931,0,07,000,00,2,1,01,B01
201000025931,0,07,000,00,2,8,15,A01
201000025932,0,07,000,00,0,3,15,A01
201000025932,0,30,000,08,2,1,17,B01
201000025933,0,33,000,00,2,1,01,B01
201000025933,0,10,000,00,2,3,15,A01
201000025934,0,10,000,00,1,1,01,A01
201000025935,0,07,000,00,0,3,15,A01
201000025936,0,07,000,02,0,3,01,A01
201000025937,0,07,000,02,0,1,01,A01
201000025938,0,07,000,00,1,2,01,A01
201000025939,0,33,000,06,0,1,01,A01
201000025940,0,14,000,00,2,3,01,A01
201000025940,0,14,000,00,2,3,15,B02
201000025941,0,07,000,02,0,9,21,A01
201000025942,0,07,000,06,0,1,01,A01
201000025943,0,07,000,00,2,8,09,A01
201000025943,0,07,000,00,2,1,00,B02
201000025944,0,07,000,00,2,1,13,A01
201000025944,0,14,000,00,2,1,01,B02
201000025945,0,07,000,02,0,2,13,A01
201000025946,0,15,000,00,2,1,01,A01
201000025946,0,21,000,00,2,4,01,B02
201000025947,0,07,000,00,0,9,13,A01
201000025948,0,07,000,13,0,2,01,A01
201000025949,0,07,000,00,2,3,15,A01
201000025949,0,33,000,00,2,8,01,B02
201000025950,0,31,000,00,0,8,01,A01
201000025951,0,33,000,13,0,1,14,A01
201000025952,0,07,000,00,2,1,13,A01
201000025952,0,15,000,00,2,3,01,B02
201000025953,0,17,000,00,0,8,02,A01
201000025954,0,07,000,00,2,6,15,B02
201000025954,0,07,000,00,2,3,17,A01
201000025955,0,07,000,02,2,3,01,A01
201000025955,0,07,000,00,2,8,23,B01
201000025956,0,07,000,00,1,3,01,A01
201000025957,0,13,000,00,1,3,17,A01
201000025958,0,07,000,00,2,6,23,B01
201000025958,0,07,000,00,1,1,17,A01
201000025959,0,07,000,00,2,2,15,A01
201000025959,0,33,000,00,2,1,01,B01
201000025960,0,07,000,00,1,1,01,A01
201000025961,0,07,000,00,2,1,01,B01
201000025961,0,07,000,00,2,7,13,A01
201000025962,0,33,000,00,2,2,01,B01
201000025962,0,13,000,00,2,8,15,A01
201000025963,0,02,000,00,2,1,17,A01
201000025963,0,07,000,00,2,6,15,B01
201000025964,0,02,000,00,2,7,01,B01
201000025964,0,07,000,00,2,0,15,A01
201000025965,0,07,000,00,2,3,13,A01
201000025965,0,07,000,00,2,1,01,C01
201000025965,0,07,000,00,2,5,01,B01
201000025966,0,07,000,00,1,3,01,A01
201000025967,0,02,000,00,2,9,02,B01
201000025967,0,07,000,00,2,1,02,A01
201000025967,0,07,000,00,2,4,02,C01
201000025968,0,07,000,00,1,1,15,A01
201000025969,0,30,000,00,2,9,01,B01
201000025969,0,07,000,00,2,2,15,A01
201000025970,0,31,000,00,2,1,01,B01
201000025970,0,07,000,00,2,4,09,A01
201000025971,0,07,000,00,2,2,01,B01
201000025971,0,07,000,00,2,3,01,A01
201000025972,0,02,000,00,1,1,17,A01
201000025973,0,07,000,00,1,3,01,A01
201000025974,0,02,000,08,0,1,01,A01
201000025975,0,07,000,15,0,3,17,A01
201000025976,0,07,000,00,1,1,01,A01
201000025977,0,07,000,00,2,8,22,A01
201000025977,0,07,000,01,0,7,01,B01
201000025978,0,07,000,00,0,4,01,B01
201000025978,0,13,000,00,2,1,01,A01
201000025979,0,07,000,00,1,3,02,A01
201000025980,0,07,000,00,2,1,13,A01
201000025980,0,07,000,00,2,1,01,B01
201000025981,0,10,000,00,1,2,01,A01
201000025982,1,07,000,00,1,5,01,A01
201000025983,0,07,000,00,2,4,02,D01
201000025983,0,07,000,00,2,4,02,C01
201000025983,0,07,000,00,2,1,02,B01
201000025983,0,07,000,00,2,2,02,A01
201000025984,0,07,000,00,1,2,01,A01
201000025984,0,07,000,00,2,1,02,B01
201000025985,0,07,000,00,1,1,01,A01
201000025986,1,07,000,00,2,1,01,A01
201000025986,0,07,000,00,2,4,01,B01
201000025987,0,07,000,00,2,2,15,A01
201000025987,0,33,000,00,2,1,01,B01
201000025988,0,07,000,00,2,1,11,A01
201000025988,0,07,000,00,2,1,01,B01
201000025989,0,07,000,00,1,2,09,A01
201000025990,0,07,000,00,2,8,09,A01
201000025990,0,07,000,00,2,1,02,B01
201000025991,0,07,000,00,1,3,01,A01
201000025992,0,07,000,04,0,2,00,A01
201000025993,0,07,000,00,1,6,01,A01
201000025994,0,37,002,00,1,2,01,A01
201000025995,1,07,000,00,1,3,00,A01
201000025996,0,31,000,00,2,1,01,B01
201000025996,0,07,000,00,2,2,15,A01
201000025997,0,10,000,00,1,2,16,A01
201000025998,0,07,000,00,1,1,01,A01
201000025999,0,07,000,00,1,6,20,A01
201000026000,0,07,000,00,2,2,09,A01
201000026000,0,07,000,00,2,7,01,B01
201000026001,0,07,000,00,1,1,00,A01
201000026002,0,32,000,00,2,1,01,B01
201000026002,0,07,000,00,2,2,01,A01
201000026003,0,07,000,00,0,4,02,B01
201000026003,0,33,000,00,2,1,02,A01
201000026003,0,07,000,00,0,0,23,C01
201000026004,0,07,000,00,2,1,09,A01
201000026004,0,01,000,00,2,7,02,B01
201000026005,0,02,000,00,2,1,02,B01
201000026005,0,07,000,00,2,2,02,A01
201000026006,0,07,000,00,2,3,13,A01
201000026006,0,33,000,14,2,3,01,B01
201000026007,0,07,000,12,0,2,01,A01