Num_Acc,senc,catv,occutc,obs,obsm,choc,manv,num_veh
201000026008,1,07,000,00,1,1,14,A01
201000026009,0,10,000,00,2,1,01,B01
201000026009,0,07,000,00,2,3,01,A01
201000026010,0,07,000,00,2,1,02,A01
201000026010,0,07,000,00,2,4,02,B01
201000026011,0,07,000,00,1,1,01,A01
201000026012,0,07,000,02,0,8,00,A01
201000026013,0,07,000,00,2,2,01,B01
201000026013,0,07,000,00,2,8,01,A01
201000026014,0,07,000,00,1,1,00,A01
201000026015,0,10,000,00,0,3,01,B01
201000026015,0,02,000,00,2,1,05,A01
201000026016,0,07,000,00,2,7,01,B01
201000026016,0,07,000,00,2,1,01,A01
201000026017,0,07,000,00,1,2,01,A01
201000026018,0,07,000,00,1,1,01,A01
201000026019,0,07,000,00,2,2,00,A01
201000026019,0,30,000,00,2,1,01,B01
201000026020,0,07,000,13,0,1,01,A01
201000026021,0,31,000,00,2,1,01,B01
201000026021,0,37,004,00,2,5,15,A01
201000026022,0,07,000,00,2,1,02,A01
201000026022,0,07,000,00,2,4,02,B01
201000026023,0,02,000,00,2,0,00,B01
201000026023,0,07,000,00,2,0,00,A01
201000026024,0,30,000,00,2,7,09,A01
201000026024,0,07,000,00,2,1,01,B01
201000026025,0,07,000,00,2,0,22,A01
201000026025,0,30,000,01,0,0,01,B01
201000026026,0,07,000,00,2,1,01,B01
201000026026,0,07,000,00,2,5,15,A01
201000026027,0,07,000,00,2,1,01,B01
201000026027,0,33,000,00,2,1,05,A01
201000026028,0,07,000,00,9,3,09,A01
201000026028,0,01,000,00,2,1,01,B01
201000026029,0,33,000,00,2,1,02,B01
201000026029,0,10,000,00,2,3,15,A01
201000026030,0,33,000,00,2,3,17,B01
201000026030,0,07,000,00,2,6,15,A01
201000026031,1,99,000,00,0,0,00,B01
201000026031,0,07,000,00,2,2,15,A01
201000026032,1,34,000,00,1,2,01,A01
201000026033,0,07,000,00,2,1,15,A01
201000026033,0,32,000,00,2,1,01,C01
201000026033,0,07,000,00,2,8,23,B01
201000026034,0,30,000,11,0,3,01,A01
201000026035,0,07,000,00,2,8,01,B01
201000026035,0,07,000,00,2,3,01,A01
201000026036,0,07,000,00,2,7,10,A01
201000026036,0,33,000,00,2,1,01,B01
201000026037,0,30,000,06,0,1,00,A01
201000026038,0,01,000,00,2,1,01,B01
201000026038,0,07,000,00,9,7,02,A01
201000026039,0,10,000,00,2,3,09,B01
201000026039,0,33,000,00,2,2,01,A01
201000026039,0,07,000,00,9,1,01,C01
201000026040,0,07,000,00,1,2,01,A01
201000026041,0,07,000,00,2,3,11,A01
201000026041,0,07,000,00,2,3,01,B01
201000026042,0,02,000,00,2,8,19,A01
201000026042,0,07,000,00,2,2,01,B01
201000026043,0,07,000,00,1,2,09,A01
201000026044,0,33,000,00,2,3,02,A01
201000026044,0,07,000,00,2,5,02,B01
201000026045,0,10,000,00,2,2,17,A01
201000026045,0,07,000,00,2,8,15,B01
201000026046,0,33,000,00,2,1,01,B01
201000026046,0,07,000,00,9,2,13,A01
201000026047,0,07,000,00,2,3,09,A01
201000026047,0,07,000,10,2,5,02,B01
201000026048,0,07,000,00,1,0,04,A01
201000026049,0,01,000,00,1,0,00,A01
201000026050,0,07,000,00,1,0,00,A01
201000026051,0,07,000,00,1,1,02,A01
201000026052,0,37,010,00,1,2,07,A01
201000026053,0,07,000,00,2,2,01,B01
201000026053,0,33,000,00,2,1,00,A01
201000026054,0,07,000,00,1,8,01,A01
201000026055,0,07,000,00,1,1,01,A01
201000026056,1,07,000,00,1,1,00,A01
201000026057,0,07,000,00,2,1,01,A01
201000026057,0,30,000,00,2,4,15,B01
201000026058,0,07,000,00,1,0,01,A01
201000026059,0,10,000,00,1,1,15,A01
201000026060,0,37,001,01,0,7,01,B01
201000026061,0,07,000,00,1,3,01,A01
201000026062,0,07,000,00,2,8,15,B01
201000026062,0,99,000,00,2,3,01,A01
201000026063,0,07,000,00,1,2,02,A01
201000026064,0,02,000,00,2,7,17,A01
201000026064,0,07,000,00,2,3,15,B01
201000026065,0,01,000,00,2,8,01,B01
201000026065,0,07,000,00,1,2,01,A01
201000026066,0,10,000,00,2,4,00,A01
201000026066,0,01,000,01,0,1,01,B01
201000026067,0,14,000,00,2,1,15,A01
201000026067,0,01,000,00,2,1,01,B01
201000026068,0,07,000,00,1,1,01,A01
201000026069,1,07,000,00,1,7,00,B01
201000026069,0,07,000,00,0,0,00,A01
201000026070,0,07,000,00,2,0,01,B01
201000026070,0,07,000,00,2,0,09,A01
201000026071,0,07,000,00,2,1,01,C01
201000026071,0,07,000,08,2,1,05,A01
201000026071,0,07,000,12,0,0,01,D01
201000026071,0,07,000,00,2,1,01,B01
201000026071,0,07,000,00,2,1,01,E01
201000026072,0,31,000,00,2,7,00,B01
201000026072,0,07,000,00,2,1,00,A01
201000026073,0,07,000,02,0,1,00,A01
201000026074,0,07,000,02,0,0,01,A01
201000026075,0,10,000,00,1,8,01,A01
201000026076,0,37,015,00,0,1,15,B01
201000026076,0,07,000,00,2,3,19,A01
201000026077,0,07,000,00,1,7,02,A01
201000026078,0,07,000,00,1,1,01,A01
201000026079,0,07,000,01,0,1,00,A01
201000026080,0,01,000,00,2,1,00,B01
201000026080,0,07,000,00,9,2,01,A01
201000026081,0,07,000,06,0,1,01,A01
201000026082,0,07,000,00,1,3,01,A01
201000026083,0,07,000,00,1,1,00,A01
201000026084,0,07,000,00,1,7,01,A01
201000026085,0,07,000,00,2,7,17,A01
201000026085,0,01,000,00,2,8,01,B01
201000026086,0,30,000,00,0,4,02,B01
201000026086,0,07,000,00,2,1,02,A01
201000026087,0,07,000,00,1,1,01,A01
201000026088,0,07,000,00,1,1,00,A01
201000026089,1,07,000,00,1,7,01,Z01
201000026090,0,33,000,00,2,0,01,B01
201000026090,1,07,000,00,0,0,00,A01
201000026091,0,07,000,13,0,2,01,A01
201000026092,0,07,000,00,1,2,01,A01
201000026093,0,07,000,00,1,2,01,A01
201000026094,0,07,000,00,0,3,00,A01
201000026094,0,01,000,00,0,0,00,B01
201000026095,0,30,000,00,2,1,01,B01
201000026095,0,07,000,00,2,5,15,A01
201000026096,0,07,000,00,1,2,01,A01
201000026097,0,07,000,00,2,3,01,B01
201000026097,0,07,000,00,2,3,13,A01
201000026098,0,07,000,00,0,2,16,A01
201000026099,0,07,000,00,0,1,02,B01
201000026099,0,07,000,00,0,4,02,A01
201000026100,0,07,000,00,2,2,09,A01
201000026100,0,30,000,00,2,1,01,B01
201000026101,0,01,000,00,2,7,01,B01
201000026101,0,07,000,00,2,3,09,A01
201000026102,0,30,000,00,9,8,01,A01
201000026103,0,33,000,00,2,1,01,A01
201000026103,0,17,000,00,2,5,15,B01
201000026104,0,33,000,00,0,0,01,B01
201000026105,0,02,000,00,2,1,01,A01
201000026105,0,07,000,00,2,3,15,B01
201000026106,0,07,000,02,0,7,19,A01
201000026107,0,10,000,00,2,3,13,A01
201000026107,0,07,000,00,2,1,00,B02
201000026107,0,07,000,00,2,8,00,C03
201000026107,0,07,000,00,2,8,00,D04
201000026108,0,07,000,08,0,1,01,A01
201000026109,0,07,000,00,2,8,01,B02
201000026109,0,07,000,00,2,3,01,A01
201000026110,0,07,000,00,2,3,01,B02
201000026110,0,07,000,00,2,8,01,A01
201000026111,0,07,000,02,0,2,01,A01
201000026112,0,07,000,00,2,3,01,A01
201000026112,0,07,000,00,2,6,19,B02
201000026113,0,07,000,00,2,1,17,A01
201000026113,0,07,000,00,2,1,01,B02
201000026114,0,07,000,06,0,8,14,A01
201000026115,0,07,000,00,2,7,19,B02
201000026115,0,17,000,00,2,1,01,A01
201000026116,0,07,000,06,0,1,01,A01
201000026117,0,33,000,00,2,1,01,B02
201000026117,0,07,000,00,0,4,23,A01
201000026118,0,33,000,00,2,1,01,B02
201000026118,0,07,000,00,2,3,15,A01
201000026119,0,07,000,00,1,2,01,A01
201000026120,0,07,000,00,0,2,21,B02
201000026120,0,07,000,00,0,1,15,A01
201000026121,0,07,000,00,2,1,13,A01
201000026121,0,07,000,00,2,1,01,B02
201000026122,0,07,000,00,2,1,01,A01
201000026122,0,07,000,00,2,7,15,B02
201000026123,0,07,000,13,0,1,19,A01
201000026124,0,33,000,13,0,1,13,A01
201000026125,0,07,000,00,9,8,09,A01
201000026125,0,01,000,00,2,5,01,B02
201000026126,0,33,000,00,2,2,01,A01
201000026126,0,07,000,00,0,4,15,B02
201000026127,0,21,000,06,0,8,01,A01
201000026127,0,10,000,00,2,1,19,B02
201000026128,0,31,000,03,2,2,21,A01
201000026128,0,14,000,00,0,0,19,B02
201000026129,0,17,000,00,0,2,01,B02
201000026129,0,07,000,08,2,5,01,A01
201000026130,0,07,000,00,1,2,21,A01
201000026130,0,07,000,00,2,7,23,B02
201000026131,0,07,000,00,0,1,01,A01
201000026132,0,07,000,00,2,1,01,A01
201000026132,0,07,000,00,2,1,01,B02
201000026133,0,07,000,12,0,1,01,A01
201000026134,0,14,000,00,0,4,23,B02
201000026134,0,07,000,01,0,1,01,A01
201000026135,0,30,000,00,2,1,01,B02
201000026135,0,10,000,00,9,8,01,A01
201000026136,0,07,000,00,2,3,01,B02
201000026136,0,02,000,00,2,2,01,A01
201000026137,0,07,000,00,1,3,01,A01
201000026138,0,07,000,00,2,5,01,B02
201000026138,0,07,000,00,2,1,19,A01
201000026139,0,07,000,00,2,3,00,B02
201000026139,0,07,000,00,2,7,00,A01
201000026140,0,02,000,15,0,2,01,A01
201000026141,0,33,000,00,2,3,13,A01
201000026141,0,07,000,00,2,3,00,B02
201000026142,0,07,000,00,2,2,01,A01
201000026142,0,30,000,00,2,1,01,B02
201000026143,0,07,000,00,2,3,01,A01
201000026143,0,02,000,00,2,9,01,B02
201000026144,0,07,000,00,1,2,16,A01
201000026145,0,07,000,00,2,1,01,B02
201000026145,0,07,000,00,2,1,01,A01
201000026146,0,33,000,06,0,1,01,A01
201000026147,0,07,000,00,0,0,01,B02
201000026147,0,14,000,04,0,1,01,A01
201000026148,0,39,000,00,1,3,01,A01
201000026149,0,31,000,00,2,1,01,B02
201000026149,0,07,000,00,0,6,10,A01
201000026150,0,30,000,00,0,0,01,A01
201000026150,0,99,000,00,0,0,13,B02
201000026151,0,07,000,00,2,2,15,A01
201000026151,0,33,000,00,2,1,01,B02
201000026152,0,07,000,00,1,2,02,A01
201000026152,0,01,000,01,0,1,02,B02
201000026153,0,07,000,00,2,1,13,A01
201000026153,0,14,000,00,2,3,01,B02
201000026154,0,07,000,01,0,1,02,B02
201000026154,0,07,000,00,1,4,23,A01
201000026155,0,07,000,00,2,6,13,A01
201000026155,0,07,000,00,2,3,01,B02
201000026156,0,33,000,03,0,1,14,A01
201000026157,0,07,000,00,2,3,01,B02
201000026157,0,07,000,00,2,3,01,A01
201000026158,0,07,000,00,0,1,02,A01
201000026158,0,31,000,00,0,4,02,B02
201000026159,0,07,000,00,2,2,01,B02
201000026159,0,07,000,00,2,2,01,A01
201000026160,0,07,000,00,2,1,01,B02
201000026160,0,07,000,00,2,2,01,A01
201000026161,0,02,000,00,2,1,01,A01
201000026161,0,02,000,00,2,1,01,B02
201000026162,0,15,000,00,2,2,01,A01
201000026162,0,31,000,00,2,6,09,B02
201000026163,0,07,000,00,0,0,00,A01
201000026163,0,32,000,00,2,1,16,B02
201000026164,0,07,000,00,2,1,15,A01
201000026164,0,33,000,00,2,1,00,B02
201000026165,0,01,000,00,1,1,01,A01
201000026166,0,30,000,12,0,1,01,A01
201000026167,0,07,000,00,2,1,13,A01
201000026167,0,07,000,00,2,1,01,B02
201000026168,0,07,000,00,2,7,15,B02
201000026168,0,33,000,00,2,1,01,A01
201000026169,0,33,000,00,2,1,16,C03
201000026169,0,07,000,00,2,3,09,A01
201000026169,0,07,000,00,2,6,23,B02
201000026170,0,10,000,00,1,2,01,A01
201000026171,0,07,000,00,2,2,01,B02
201000026171,2,07,000,00,2,2,13,A01
201000026172,0,14,000,00,2,7,00,B02
201000026172,0,14,000,00,2,0,13,A01
201000026173,0,07,000,00,2,3,13,A01
201000026173,0,14,000,00,2,3,01,B02
201000026174,0,07,000,00,2,2,01,B02
201000026174,0,33,000,00,2,1,01,A01
201000026175,0,07,000,02,0,5,01,A01
201000026176,0,34,000,00,0,0,00,A01
201000026177,0,07,000,00,1,1,01,A01
201000026178,0,07,000,00,1,1,01,A01
201000026179,0,30,000,00,2,1,02,A01
201000026179,0,07,000,00,2,4,01,B01
201000026180,0,07,000,07,0,1,01,A01
201000026181,0,07,000,00,2,1,01,A01
201000026181,0,07,000,00,2,1,01,B01
201000026182,0,07,000,00,1,0,01,A01
201000026183,0,33,000,00,2,7,01,A01
201000026183,0,07,000,00,2,3,15,B01
201000026184,0,07,000,00,1,3,01,A01
201000026185,0,07,000,00,2,5,15,A01
201000026185,0,02,000,00,2,1,01,B01
201000026186,0,07,000,00,1,1,01,A01
201000026187,0,07,000,00,2,4,01,B01
201000026187,0,07,000,00,2,1,02,A01
201000026188,0,10,000,00,2,1,01,B01
201000026188,0,07,000,00,2,8,15,A01
201000026189,0,07,000,00,2,7,15,A01
201000026189,0,07,000,00,2,3,01,B01
201000026190,0,33,000,00,2,1,01,B01
201000026190,0,10,000,00,2,1,09,A01
201000026191,0,33,000,00,2,1,17,B01
201000026191,0,07,000,00,2,3,15,A01
201000026192,0,33,000,00,2,1,01,A01
201000026192,0,07,000,00,2,8,01,B01
201000026193,0,33,000,01,2,1,01,A01
201000026193,0,07,000,00,2,8,01,C01
201000026194,0,07,000,00,0,9,00,A01
201000026195,0,07,000,00,2,1,19,A01
201000026195,0,07,000,00,2,3,01,B01
201000026196,0,07,000,00,2,2,19,A01
201000026196,0,33,000,00,2,1,01,B01
201000026197,0,34,000,00,1,1,01,A01
201000026198,0,07,000,00,2,2,00,A01
201000026198,0,02,000,00,2,1,01,B01
201000026199,0,13,000,00,1,2,00,A01
201000026200,0,30,000,00,2,1,02,A01
201000026200,0,07,000,00,2,2,02,B01
201000026201,0,07,000,06,0,1,01,A01
201000026202,0,07,000,08,0,1,01,A01
201000026203,0,07,000,09,0,2,16,A01
201000026204,0,07,000,06,0,1,15,A01
201000026205,0,33,000,00,2,1,01,B01
201000026205,0,07,000,00,2,1,15,A01
201000026206,2,07,000,00,2,2,15,A01
201000026206,0,02,000,00,2,1,01,B01
201000026207,0,07,000,00,1,3,17,A01
201000026208,0,07,000,00,0,2,16,A01
201000026208,0,02,000,00,2,1,02,B01
201000026209,0,07,000,00,2,2,01,B01
201000026209,0,30,000,00,2,1,19,A01
201000026210,0,30,000,00,2,1,01,B01
201000026210,0,07,000,00,2,5,15,A01
201000026211,0,07,000,02,0,1,01,A01
201000026212,0,07,000,00,2,5,01,C03
201000026212,0,07,000,06,2,1,02,B02
201000026212,0,07,000,00,2,1,01,A01
201000026213,0,07,000,00,1,1,13,A01
201000026214,0,07,000,00,1,1,15,A01
201000026215,0,07,000,00,2,1,01,A01
201000026215,0,07,000,00,0,4,23,B01
201000026216,0,07,000,00,2,2,01,B01
201000026216,0,30,000,00,2,8,09,A01
201000026217,0,07,000,00,2,7,19,A01
201000026217,0,13,000,00,2,1,01,B01
201000026218,0,13,000,00,1,0,00,A01
201000026219,0,07,000,00,2,1,01,A01
201000026219,0,07,000,00,0,4,23,B01
201000026220,0,07,000,00,0,7,01,B01
201000026220,0,07,000,00,2,1,01,A01
201000026221,0,07,000,00,1,3,01,A01
201000026222,0,07,000,00,1,3,01,A01
201000026223,0,01,000,14,0,1,01,A01
201000026224,0,99,000,00,2,3,01,A01
201000026224,0,07,000,00,2,2,01,B01
201000026225,0,02,000,00,2,7,17,B01
201000026225,0,07,000,00,2,1,09,A01
201000026226,0,07,000,00,2,2,09,A01
201000026226,0,01,000,00,0,4,01,B01
201000026227,0,07,000,00,2,1,09,A01
201000026227,0,01,000,00,0,7,01,B01
201000026228,0,07,000,00,2,2,09,A01
201000026228,0,07,000,00,2,1,01,B01
201000026229,0,07,000,00,2,2,09,A01
201000026229,0,07,000,08,2,1,01,B01
201000026230,0,07,000,00,0,4,02,C01
201000026230,0,07,000,00,2,1,02,B01
201000026230,0,07,000,00,2,1,02,A01
201000026231,0,10,000,15,1,6,23,B01
201000026231,0,10,000,00,2,7,14,A01
201000026232,1,07,000,00,1,1,01,A01
201000026233,0,07,000,00,1,2,01,A01
201000026234,0,07,000,00,1,1,01,A01
201000026235,0,02,000,00,2,1,01,A01
201000026235,0,10,000,00,0,7,01,B01
201000026236,0,02,000,00,2,3,11,A01
201000026236,0,07,000,00,2,2,01,B01
201000026237,0,07,000,00,2,7,01,B01
201000026237,0,10,000,00,2,1,19,A01
201000026237,0,07,000,00,0,1,23,C01
201000026238,0,07,000,00,2,1,05,A01
201000026238,0,07,000,00,0,6,01,B01
201000026239,0,07,000,00,0,2,01,A01
201000026239,0,02,000,00,2,1,01,B01
201000026240,0,07,000,00,1,2,09,A01
201000026241,0,33,000,00,2,1,01,B01
201000026241,0,30,000,00,2,1,09,A01
201000026242,0,30,000,00,2,1,07,A01
201000026242,0,07,000,00,0,2,16,B01
201000026243,0,07,000,00,1,1,01,A01
201000026244,0,07,000,00,2,1,01,B01
201000026244,0,07,000,00,2,3,01,A01
201000026245,0,07,000,00,0,8,01,B01
201000026245,0,07,000,00,2,2,01,A01
201000026246,0,07,000,00,2,1,01,A01
201000026246,0,30,000,00,2,1,01,B01
201000026246,0,07,000,00,0,1,23,C01
201000026247,0,02,000,00,2,2,10,A01
201000026247,0,33,000,00,2,7,01,B01
201000026248,0,07,000,00,2,3,13,A01
201000026248,0,07,000,00,2,8,01,B01
201000026248,0,07,000,00,2,1,01,C01
201000026249,0,07,000,01,0,1,14,A01
201000026250,0,37,055,00,1,2,01,A01
201000026251,0,07,000,00,2,3,09,A01
201000026251,0,32,000,00,2,2,17,B01
201000026252,0,07,000,00,2,2,01,B01
201000026252,0,07,000,00,2,3,09,A01
201000026253,0,07,000,00,1,2,01,A01
201000026254,0,07,000,00,2,3,15,A01
201000026254,0,33,000,00,2,7,17,B01
201000026255,0,33,000,00,2,1,01,B01
201000026255,0,07,000,00,2,7,15,A01
201000026256,0,07,000,00,2,2,15,A01
201000026256,0,07,000,00,2,1,01,B01
201000026257,0,02,000,00,2,1,19,A01
201000026257,0,07,000,00,2,2,01,B01
201000026258,0,07,000,00,2,1,01,B01
201000026258,0,01,000,00,0,6,09,A01
201000026259,0,07,000,00,2,2,01,B01
201000026259,0,01,000,00,2,1,19,A01
201000026260,0,07,000,00,1,1,10,A01
201000026261,0,02,000,00,2,1,01,A01
201000026261,0,07,000,00,2,3,09,B01
201000026262,0,07,000,00,1,3,04,A01
201000026263,0,07,000,00,2,1,01,B01
201000026263,0,07,000,00,0,5,01,A01
201000026264,0,07,000,04,0,2,01,A01
201000026265,0,07,000,00,1,1,01,A01
201000026266,0,30,000,00,2,3,09,A01
201000026266,0,07,000,00,2,3,01,B01
201000026267,0,07,000,00,2,1,01,B01
201000026267,0,30,000,00,2,1,13,A01
201000026268,0,33,000,00,2,1,01,B01
201000026268,0,07,000,00,2,2,15,A01
201000026269,0,07,000,00,2,2,15,A01
201000026269,0,07,000,00,2,3,01,B01
201000026270,0,07,000,00,1,1,01,B01
201000026271,0,07,000,00,2,7,16,A01
201000026271,0,02,000,00,2,1,00,B01
201000026272,0,07,000,00,0,4,23,B01
201000026272,0,30,000,00,2,1,01,A01
201000026273,0,07,000,00,2,3,01,B01
201000026273,0,07,000,00,2,1,01,A01
201000026274,0,30,000,00,2,1,01,B01
201000026274,0,07,000,00,2,3,19,A01
201000026275,0,07,000,00,2,2,01,B01
201000026275,0,07,000,00,2,6,09,A01
201000026276,0,07,000,00,2,7,19,A01
201000026276,0,37,001,00,0,3,01,B01
201000026277,0,07,000,09,0,9,01,A01
201000026278,0,07,000,00,2,2,01,B01
201000026278,0,07,000,00,2,2,09,A01
201000026279,0,37,002,00,2,3,13,A01
201000026279,0,01,000,00,2,1,01,B01
201000026280,0,07,000,00,2,3,09,A01
201000026280,0,07,000,00,0,1,01,B01
201000026281,0,07,000,00,1,2,01,B01
201000026282,0,30,000,00,2,1,01,A01
201000026282,0,07,000,00,0,4,01,B01
201000026283,0,07,000,00,2,3,01,B01
201000026283,0,07,000,00,2,3,01,A01
201000026284,0,07,000,01,2,6,04,A01
201000026285,0,07,000,00,2,3,13,A01
201000026285,0,07,000,00,2,3,01,B01
201000026286,0,02,000,00,0,8,01,B01
201000026286,0,07,000,00,2,2,09,A01
201000026287,0,07,000,00,2,3,01,B01
201000026287,0,01,000,00,2,1,05,A01
201000026288,0,07,000,00,1,3,01,A01
201000026289,0,07,000,00,0,6,15,B01
201000026289,0,33,000,00,2,1,17,A01
201000026290,0,33,000,00,2,1,01,B01
201000026290,0,07,000,00,2,8,17,A01
201000026291,0,14,000,00,2,3,15,B01
201000026291,0,07,000,00,2,2,17,A01
201000026292,0,02,000,00,2,1,01,A01
201000026292,0,07,000,00,0,6,01,B01
201000026293,0,07,000,00,0,4,23,C01
201000026293,0,10,000,00,2,1,01,A01
201000026293,0,07,000,00,2,4,23,B01
201000026294,0,07,000,00,1,2,01,A01
201000026295,0,07,000,00,2,1,09,A01
201000026295,0,01,000,00,0,7,01,B01
201000026296,0,07,000,00,2,1,01,A01
201000026296,0,07,000,00,2,2,01,B01
201000026297,0,30,000,00,2,2,01,B01
201000026297,0,07,000,00,2,3,15,A01
201000026298,0,07,000,00,0,4,23,B01
201000026298,0,07,000,00,2,1,01,A01
201000026299,0,07,000,00,0,4,02,B01
201000026299,0,07,000,00,2,3,01,A01
201000026300,0,33,000,00,2,2,01,B01
201000026300,0,07,000,00,2,8,11,A01
201000026301,0,07,000,00,2,3,09,A01
201000026301,0,31,000,00,2,1,01,B01
201000026302,0,07,000,00,2,7,16,B01
201000026302,0,02,000,00,2,1,01,A01
201000026303,0,07,000,00,2,2,01,B01
201000026303,0,02,000,00,2,3,09,A01
201000026304,0,02,000,00,2,2,17,A01
201000026304,0,07,000,00,2,3,09,B01
201000026305,0,07,000,00,0,4,15,B01
201000026305,0,07,000,00,2,1,02,A01
201000026306,0,30,000,00,1,1,01,A01
201000026307,0,07,000,00,1,3,01,A01
201000026308,0,07,000,00,1,2,20,A01
201000026309,0,33,000,00,0,2,01,B01
201000026309,0,07,000,00,2,3,09,A01
201000026310,0,07,000,00,2,1,01,B01
201000026310,0,10,000,00,2,1,09,A01
201000026311,0,33,000,00,0,7,01,B01
201000026311,0,07,000,00,0,0,09,A01
201000026312,0,07,000,07,2,7,01,B01
201000026312,0,07,000,00,2,1,01,A01
201000026313,0,07,000,00,0,9,00,A01
201000026314,0,07,000,00,1,3,01,A01
201000026315,0,07,000,00,2,1,01,B01
201000026315,0,15,000,00,2,4,10,A01
201000026316,0,07,000,00,1,2,01,A01
201000026317,0,01,000,00,2,1,01,B01
201000026317,0,07,000,00,2,7,15,A01
201000026318,0,07,000,00,2,7,01,A01
201000026318,0,07,000,00,2,1,15,B01
201000026319,0,30,000,00,2,6,01,A01
201000026319,0,07,000,00,2,6,01,B01
201000026320,0,07,000,00,2,4,01,B01
201000026320,0,07,000,00,1,1,01,A01
201000026321,0,30,000,00,2,5,01,B01
201000026321,0,07,000,00,2,2,09,A01
201000026322,0,07,000,00,2,1,01,B01
201000026322,0,07,000,00,2,1,01,A01
201000026323,0,07,000,00,2,7,17,A01
201000026323,0,07,000,00,2,8,01,B01
201000026324,0,07,000,00,2,2,16,A01
201000026324,0,30,000,00,2,8,16,B01
201000026325,0,33,000,00,2,1,01,B01
201000026325,0,07,000,00,2,3,15,A01
201000026326,0,07,000,00,2,8,00,A01
201000026326,0,30,000,00,2,1,00,B01
201000026327,0,07,000,00,2,1,01,B01
201000026327,0,10,000,00,2,1,15,A01
201000026328,0,07,000,00,2,1,17,A01
201000026328,0,07,000,00,2,1,01,B01
201000026329,0,07,000,00,2,2,02,A01
201000026329,0,07,000,00,2,0,01,B01
201000026330,0,07,000,00,2,2,01,A01
201000026330,0,07,000,00,2,3,01,B01
201000026331,0,07,000,00,2,4,04,B01
201000026331,0,37,001,00,2,3,01,A01
201000026332,0,07,000,00,2,1,00,B01
201000026332,0,07,000,00,2,8,00,A01
201000026333,0,07,000,00,1,1,01,A01
201000026334,0,07,000,00,2,2,09,A01
201000026334,0,33,000,00,2,0,01,B01
201000026335,0,07,000,00,2,6,00,B01
201000026335,2,07,000,00,2,2,01,A01
201000026336,0,33,000,00,2,7,01,B01
201000026336,0,07,000,00,2,6,09,A01
201000026337,0,07,000,00,2,7,00,B01
201000026337,0,07,000,00,2,1,09,A01
201000026338,0,07,000,00,2,1,17,A01
201000026338,0,07,000,00,2,8,15,B01
201000026339,0,07,000,00,2,2,01,B01
201000026339,0,31,000,00,2,0,13,A01
201000026340,0,07,000,00,2,1,15,B01
201000026340,0,07,000,00,2,0,01,A01
201000026341,0,07,000,00,2,3,05,A01
201000026341,0,07,000,00,2,1,01,C01
201000026341,0,07,000,00,2,1,01,B01
201000026342,0,07,000,00,2,1,15,A01
201000026342,0,07,000,00,2,1,01,B01
201000026343,0,07,000,00,2,1,10,A01
201000026343,0,33,000,00,2,1,01,B01
201000026344,0,07,000,00,2,1,09,A01
201000026344,0,33,000,00,2,0,01,B01
201000026345,0,01,000,00,1,0,01,A01
201000026346,0,07,000,00,2,1,01,B01
201000026346,0,14,000,00,2,7,09,A01
201000026347,0,07,000,00,1,2,01,A01
201000026348,0,07,000,00,2,1,15,B01
201000026348,0,07,000,01,2,1,01,A01
201000026349,0,02,000,12,0,0,00,A01
201000026350,0,07,000,09,0,1,01,A01
201000026351,0,07,000,00,2,1,01,B01
201000026351,0,07,000,00,2,2,09,A01
201000026352,0,07,000,00,2,1,00,A01
201000026352,0,01,000,00,2,0,00,B01
201000026353,0,07,000,00,0,0,01,A01
201000026354,0,07,000,00,2,2,09,A01
201000026354,0,14,000,00,2,6,01,B01
201000026355,0,07,000,00,2,0,00,A01
201000026355,0,07,000,00,2,4,00,B01
201000026356,0,07,000,08,0,1,01,A01
201000026357,0,02,000,00,2,0,01,A01
201000026357,0,07,000,00,2,0,01,B01
201000026358,0,07,000,00,2,0,00,B01
201000026358,0,33,000,00,2,0,00,A01
201000026359,0,07,000,00,2,8,15,B01
201000026359,0,02,000,00,2,1,17,A01
201000026360,0,07,000,00,2,3,15,A01
201000026360,0,31,000,00,2,1,01,B01
201000026361,0,07,000,00,1,1,00,A01
201000026362,0,02,000,00,2,1,00,A01
201000026362,0,07,000,00,2,1,15,B01
201000026363,0,07,000,00,2,1,01,A01
201000026363,0,07,000,00,2,3,01,C01
201000026363,0,07,000,00,2,4,01,B01
201000026364,0,07,000,08,0,0,16,A01
201000026365,0,34,000,00,2,1,01,A01
201000026365,0,07,000,00,2,0,01,B01
201000026366,0,07,000,00,2,0,01,B01
201000026366,0,07,000,00,2,0,01,A01
201000026367,0,07,000,00,1,2,00,A01
201000026368,0,32,000,00,2,1,01,A01
201000026368,0,07,000,00,2,4,00,B01
201000026369,0,30,000,00,2,0,05,A01
201000026369,0,07,000,00,2,2,00,B01
201000026370,0,33,000,00,2,7,01,B01
201000026370,0,07,000,00,2,0,15,A01
201000026371,0,07,000,03,0,0,00,A01
201000026372,0,02,000,00,2,0,01,B01
201000026372,0,07,000,00,2,2,15,A01
201000026373,0,02,000,00,2,0,01,A01
201000026373,0,07,000,00,2,1,10,B01
201000026374,0,07,000,00,2,1,15,A01
201000026374,0,07,000,00,2,3,01,B01
201000026375,0,07,000,00,1,1,15,A01
201000026376,0,14,000,00,2,4,01,B01
201000026376,0,07,000,00,2,1,01,A01
201000026377,0,30,000,00,2,9,09,A01
201000026377,0,07,000,00,2,7,01,B01
201000026378,0,07,000,00,2,1,00,A01