Num_Acc,senc,catv,occutc,obs,obsm,choc,manv,num_veh
201000026378,0,07,000,01,2,7,01,B01
201000026379,0,07,000,00,2,4,00,B01
201000026379,0,07,000,00,2,1,01,A01
201000026380,0,01,000,00,2,0,01,B01
201000026380,0,07,000,00,2,1,00,A01
201000026381,0,07,000,00,2,4,01,D01
201000026381,0,07,000,00,2,1,01,A01
201000026381,0,07,000,00,2,4,01,C01
201000026381,0,07,000,00,2,4,01,B01
201000026382,0,07,000,02,0,4,01,B01
201000026382,0,07,000,00,2,1,01,A01
201000026383,0,07,000,00,0,9,01,A01
201000026384,0,07,000,03,0,1,01,A01
201000026385,0,01,000,00,2,4,00,B01
201000026385,0,07,000,00,2,1,00,A01
201000026386,0,01,000,00,2,7,00,B01
201000026386,0,10,000,00,2,1,09,A01
201000026387,0,30,000,00,2,4,01,B01
201000026387,0,07,000,00,2,1,01,A01
201000026388,0,07,000,00,2,8,00,B01
201000026388,0,07,000,00,2,9,01,A01
201000026389,0,07,000,00,1,0,00,A01
201000026390,0,07,000,00,2,1,00,A01
201000026390,0,01,000,00,2,8,00,B01
201000026391,0,07,000,00,1,1,01,A01
201000026392,0,07,000,00,2,5,00,B01
201000026392,0,33,000,00,2,4,00,C01
201000026392,0,33,000,00,2,1,00,A01
201000026393,0,33,000,00,2,1,01,A01
201000026393,0,07,000,00,2,7,00,B01
201000026394,0,07,000,00,2,1,01,B01
201000026394,1,07,000,00,2,0,18,A01
201000026395,0,30,000,00,2,1,01,A01
201000026395,1,07,000,00,2,1,01,B01
201000026396,0,07,000,00,2,4,00,B01
201000026396,0,07,000,00,2,1,00,A01
201000026397,0,07,000,00,2,3,09,A01
201000026397,0,07,000,00,2,0,00,B01
201000026398,0,07,000,00,2,4,01,B01
201000026398,0,07,000,00,2,1,01,A01
201000026399,0,32,000,00,1,0,01,A01
201000026400,0,07,000,00,2,1,01,A01
201000026400,0,07,000,00,2,4,01,B01
201000026401,0,07,000,00,2,1,00,B01
201000026401,0,33,000,00,2,1,01,A01
201000026402,0,01,000,00,2,1,19,B01
201000026402,0,07,000,00,2,1,15,A01
201000026403,0,07,000,00,1,3,01,A01
201000026404,0,07,000,00,2,1,01,A01
201000026404,0,01,000,00,2,0,15,B01
201000026405,0,07,000,00,0,9,01,A01
201000026406,0,07,000,00,0,0,00,A01
201000026407,0,07,000,00,0,9,00,A01
201000026408,0,07,000,09,0,1,01,A01
201000026409,0,07,000,00,2,0,00,B01
201000026409,0,07,000,00,2,1,01,A01
201000026410,0,07,000,00,2,1,15,A01
201000026410,0,32,000,00,2,1,01,B01
201000026411,0,07,000,00,2,1,01,A01
201000026411,0,14,000,00,2,4,01,B01
201000026412,0,07,000,00,2,4,01,B01
201000026412,0,07,000,00,2,1,01,A01
201000026413,0,07,000,00,2,4,01,B01
201000026413,0,07,000,00,2,1,00,A01
201000026414,0,07,000,00,2,1,01,A01
201000026414,0,07,000,00,2,4,23,B01
201000026415,0,07,000,00,2,3,00,B01
201000026415,1,07,000,00,2,3,01,A01
201000026416,0,07,000,00,2,1,00,B01
201000026416,0,07,000,00,2,1,15,A01
201000026417,0,07,000,00,2,2,15,A01
201000026417,0,31,000,00,2,1,01,B01
201000026418,0,07,000,00,2,2,15,A01
201000026418,0,33,000,00,2,1,01,B01
201000026419,0,07,000,00,2,8,01,B01
201000026419,0,07,000,00,2,9,15,A01
201000026420,0,07,000,00,1,1,00,A01
201000026421,0,07,000,00,2,1,01,A01
201000026421,0,07,000,00,2,8,01,B01
201000026422,0,07,000,00,2,2,09,A01
201000026422,0,07,000,00,2,3,00,B01
201000026423,0,07,000,00,2,9,17,A01
201000026423,0,14,000,00,2,0,01,B01
201000026424,0,30,000,00,2,1,01,B01
201000026424,0,07,000,00,2,2,15,A01
201000026425,0,07,000,00,2,3,15,B01
201000026425,0,30,000,00,2,7,17,A01
201000026426,0,07,000,00,2,1,15,A01
201000026426,0,33,000,00,2,3,01,B01
201000026427,0,07,000,00,2,1,00,A01
201000026427,0,07,000,15,2,8,01,B01
201000026428,0,07,000,00,1,2,00,A01
201000026429,0,07,000,00,2,3,00,B01
201000026429,0,07,000,00,2,0,00,A01
201000026430,1,07,000,00,2,0,01,B01
201000026430,0,30,000,00,2,1,01,A01
201000026431,0,30,000,00,2,1,01,A01
201000026431,0,07,000,00,2,1,00,B01
201000026432,0,07,000,00,2,2,09,A01
201000026432,0,07,000,00,2,3,01,B01
201000026433,0,07,000,00,2,8,01,A01
201000026433,0,07,000,00,2,1,01,B01
201000026433,0,07,000,00,2,1,01,C01
201000026434,1,07,000,09,2,1,01,A01
201000026434,0,07,000,00,2,1,01,B01
201000026435,0,32,000,00,2,1,01,A01
201000026435,0,07,000,00,2,1,15,B01
201000026436,0,02,000,00,2,0,00,B01
201000026436,0,07,000,00,2,3,15,A01
201000026437,0,07,000,00,1,1,00,A01
201000026438,0,07,000,00,1,3,09,A01
201000026438,0,02,000,00,2,1,01,B01
201000026439,0,33,000,05,0,8,01,A01
201000026440,0,02,000,00,2,1,01,B01
201000026440,1,07,000,00,2,0,17,Z01
201000026441,0,07,000,00,2,9,01,B01
201000026441,0,07,000,00,2,4,01,C01
201000026441,0,07,000,00,2,1,01,A01
201000026442,0,07,000,00,2,6,00,A01
201000026442,0,07,000,00,2,1,00,B01
201000026443,1,07,000,00,2,0,00,A01
201000026443,0,07,000,00,2,5,00,B01
201000026444,0,07,000,00,1,1,00,A01
201000026445,0,07,000,07,2,5,00,A01
201000026445,0,07,000,00,2,1,01,B01
201000026446,0,07,000,00,2,4,23,B01
201000026446,0,10,000,00,2,1,01,A01
201000026447,0,07,000,00,2,3,15,A01
201000026447,0,30,000,00,2,9,01,B01
201000026448,0,07,000,00,2,1,01,B01
201000026448,0,07,000,00,2,1,01,A01
201000026449,0,07,000,00,2,1,16,B01
201000026449,0,07,000,00,2,3,01,A01
201000026450,0,36,000,00,1,2,01,A01
201000026451,0,07,000,00,0,8,15,B02
201000026451,0,07,000,00,2,1,17,A01
201000026452,0,07,000,15,1,3,15,A01
201000026453,0,07,000,00,9,3,21,A01
201000026453,0,31,000,00,2,0,15,B02
201000026454,0,30,000,00,2,1,09,B02
201000026454,0,07,000,00,0,2,01,A01
201000026455,0,33,000,00,2,1,01,A01
201000026455,0,07,000,00,0,4,16,B02
201000026456,0,10,000,00,2,1,17,A01
201000026456,0,07,000,00,2,1,01,B02
201000026457,0,17,000,00,1,2,15,A01
201000026458,0,07,000,00,2,3,01,A01
201000026458,0,33,000,00,2,1,05,B02
201000026459,0,33,000,00,2,1,17,B02
201000026459,0,07,000,00,0,6,01,A01
201000026460,0,07,000,16,0,0,01,A01
201000026461,0,07,000,00,2,8,15,A01
201000026461,0,15,000,00,2,1,01,B02
201000026462,0,38,000,09,2,1,14,A01
201000026463,0,07,000,00,2,1,01,B02
201000026463,0,07,000,00,2,8,10,A01
201000026464,0,07,000,00,2,0,01,B02
201000026464,0,33,000,00,2,8,17,A01
201000026465,0,07,000,00,2,3,13,A01
201000026465,0,07,000,00,2,3,01,B02
201000026466,0,07,000,00,2,6,15,A01
201000026466,0,31,000,00,2,1,01,B02
201000026467,0,07,000,00,2,8,01,B02
201000026467,0,07,000,13,2,9,01,A01
201000026468,0,07,000,00,2,7,15,A01
201000026468,0,31,000,00,2,1,01,B02
201000026469,0,10,000,00,1,2,01,A01
201000026470,0,07,000,00,2,2,01,A01
201000026470,0,07,000,00,2,2,15,B02
201000026471,0,33,000,00,2,1,02,B02
201000026471,0,10,000,00,0,4,23,A01
201000026472,0,07,000,13,0,0,01,A01
201000026473,0,07,000,00,0,1,13,A01
201000026474,0,07,000,00,1,2,01,A01
201000026475,0,07,000,00,2,3,15,A01
201000026475,0,07,000,00,2,3,05,B02
201000026476,0,07,000,00,2,1,01,A01
201000026476,0,07,000,00,2,8,10,B02
201000026477,0,07,000,00,2,1,01,C03
201000026477,0,03,000,00,2,1,13,A01
201000026477,0,07,000,00,2,3,01,B02
201000026478,0,07,000,13,0,3,01,A01
201000026479,0,07,000,04,0,3,13,A01
201000026480,0,07,000,04,0,1,17,A01
201000026481,0,15,000,00,2,3,21,A01
201000026481,0,07,000,00,2,5,01,B02
201000026482,0,07,000,00,0,3,02,E05
201000026482,0,07,000,00,0,6,02,B02
201000026482,0,07,000,00,0,4,02,C03
201000026482,0,07,000,00,0,1,02,A01
201000026482,0,07,000,00,0,4,02,D04
201000026483,0,17,000,01,0,2,01,A01
201000026483,0,17,000,00,2,6,23,B02
201000026484,0,07,000,00,2,1,02,A01
201000026484,0,07,000,00,0,4,01,B02
201000026485,0,17,000,00,2,6,01,B02
201000026485,0,07,000,00,2,2,02,A01
201000026486,0,10,000,00,2,2,14,A01
201000026486,0,17,000,00,0,4,01,B02
201000026487,0,07,000,06,0,3,01,A01
201000026488,0,07,000,04,0,1,01,A01
201000026489,0,07,000,00,2,4,01,C03
201000026489,0,07,000,00,2,5,01,B02
201000026489,0,07,000,00,2,3,13,A01
201000026490,0,07,000,13,0,1,14,A01
201000026491,0,07,000,01,0,1,02,B02
201000026491,0,10,000,04,0,1,01,A01
201000026492,0,07,000,13,0,9,14,A01
201000026493,0,07,000,13,0,1,01,A01
201000026494,0,07,000,00,0,2,14,A01
201000026495,0,07,000,00,2,4,02,B02
201000026495,0,07,000,00,2,1,01,A01
201000026495,0,07,000,00,0,5,02,C03
201000026495,0,07,000,00,0,6,02,D04
201000026496,0,07,000,13,0,1,14,A01
201000026497,0,07,000,04,2,3,11,A01
201000026497,0,10,000,00,2,8,01,B02
201000026498,0,07,000,06,0,1,01,A01
201000026499,0,07,000,00,0,8,09,A01
201000026499,0,30,000,00,2,1,01,B01
201000026500,0,07,000,00,2,1,02,A01
201000026500,0,07,000,00,0,4,02,B01
201000026501,0,07,000,01,1,3,01,A01
201000026502,0,07,000,00,1,3,01,A01
201000026503,0,02,000,00,2,1,01,A01
201000026503,0,07,000,00,2,4,01,B01
201000026504,0,07,000,00,1,3,15,A01
201000026505,0,07,000,00,2,2,01,B01
201000026505,0,07,000,00,2,2,15,A01
201000026506,1,99,000,00,0,0,01,A01
201000026507,0,07,000,00,2,1,01,A01
201000026507,0,07,000,00,2,4,23,B01
201000026508,0,07,000,00,2,3,20,A01
201000026508,0,15,000,00,2,7,12,B01
201000026508,0,07,000,00,2,6,24,C01
201000026509,0,33,000,00,2,1,01,A01
201000026509,0,07,000,00,2,3,01,B01
201000026510,0,07,000,00,1,6,00,A01
201000026511,0,14,000,00,2,5,15,A01
201000026511,0,02,000,00,2,1,01,B01
201000026512,0,07,000,00,1,2,01,A01
201000026513,0,07,000,00,2,1,01,A01
201000026513,0,07,000,00,0,6,01,B01
201000026514,0,33,000,15,0,1,00,A01
201000026515,0,02,000,00,1,1,01,A01
201000026516,0,14,000,00,1,1,04,A01
201000026517,0,07,000,00,1,1,01,A01
201000026518,0,07,000,00,2,1,01,A01
201000026518,0,07,000,00,2,8,15,B01
201000026519,0,33,000,00,2,1,01,A01
201000026519,0,07,000,00,0,7,15,B01
201000026520,2,07,000,00,2,1,13,A01
201000026520,0,07,000,00,2,1,01,B01
201000026521,0,02,000,00,1,2,01,A01
201000026522,0,07,000,00,2,3,01,A01
201000026522,0,02,000,00,2,5,01,B01
201000026523,0,07,000,00,1,1,01,A01
201000026524,0,02,000,00,0,1,01,A01
201000026525,0,07,000,00,0,8,01,A01
201000026526,0,02,000,00,2,1,02,A01
201000026526,0,07,000,00,0,6,01,B01
201000026527,0,07,000,00,1,1,15,A01
201000026528,0,07,000,00,1,1,01,A01
201000026529,2,10,000,00,2,1,01,A01
201000026529,0,07,000,00,0,6,01,B01
201000026530,0,07,000,00,1,3,17,A01
201000026531,0,07,000,00,2,1,15,A01
201000026531,0,07,000,00,2,1,01,B01
201000026532,0,07,000,00,1,1,01,A01
201000026533,0,07,000,00,1,5,01,A01
201000026534,0,07,000,00,2,1,01,A01
201000026534,0,30,000,00,2,2,16,B01
201000026535,0,07,000,00,2,2,01,A01
201000026535,0,07,000,00,2,1,09,B01
201000026536,0,07,000,00,0,3,13,A01
201000026536,0,07,000,00,2,3,01,B01
201000026537,0,07,000,00,0,2,01,B01
201000026537,0,10,000,00,0,3,01,A01
201000026538,0,07,000,00,9,1,15,A01
201000026538,0,01,000,00,2,7,01,B01
201000026539,0,07,000,00,2,1,01,A01
201000026539,0,07,000,00,2,8,01,B01
201000026540,0,14,000,00,1,6,04,A01
201000026541,0,07,000,00,1,3,01,A01
201000026542,0,30,000,00,0,0,01,A01
201000026543,0,07,000,00,2,3,15,A01
201000026543,0,07,000,00,2,3,01,B01
201000026544,0,07,000,08,0,1,01,A01
201000026545,0,30,000,00,0,8,01,A01
201000026546,0,07,000,00,0,3,01,A01
201000026547,0,31,000,00,0,1,01,A01
201000026548,0,10,000,00,0,2,17,A01
201000026549,0,07,000,13,6,2,01,A01
201000026550,0,07,000,00,2,2,15,A01
201000026550,0,07,000,00,2,1,01,B01
201000026551,0,07,000,00,2,4,02,C01
201000026551,0,07,000,00,2,4,02,B01
201000026551,0,07,000,00,2,1,01,A01
201000026552,0,07,000,02,0,1,01,A01
201000026553,0,33,000,00,2,1,21,B01
201000026553,0,13,000,00,2,3,15,A01
201000026554,0,07,000,00,1,1,01,A01
201000026555,0,02,000,00,2,1,01,B01
201000026555,0,07,000,00,2,2,15,A01
201000026556,0,33,000,00,0,1,17,A01
201000026556,0,07,000,00,0,3,15,B01
201000026557,0,10,000,00,2,1,18,A01
201000026557,0,10,000,00,2,1,01,B01
201000026558,0,07,000,00,0,0,01,A01
201000026559,0,07,000,00,2,3,01,A01
201000026559,0,07,000,00,2,3,01,B01
201000026560,0,07,000,00,0,0,00,A01
201000026561,0,07,000,01,0,1,00,A01
201000026562,0,07,000,00,2,7,15,A01
201000026562,0,07,000,00,2,1,01,B01
201000026563,0,07,000,13,0,2,01,A01
201000026564,0,33,000,00,0,8,17,B02
201000026564,0,33,000,03,0,9,17,A01
201000026565,0,07,000,00,0,1,02,B02
201000026565,0,07,000,00,0,4,02,A01
201000026566,0,07,000,13,0,1,01,A01
201000026567,0,07,000,00,1,2,01,A01
201000026568,0,07,000,00,2,3,01,B02
201000026568,0,33,000,00,2,8,17,A01
201000026569,0,30,000,02,0,1,13,A01
201000026570,0,30,000,00,2,2,00,B02
201000026570,0,30,000,00,2,2,01,A01
201000026571,0,07,000,00,0,7,05,A01
201000026571,0,02,000,00,0,1,01,B02
201000026572,0,07,000,00,2,3,17,B02
201000026572,0,02,000,00,2,1,01,A01
201000026573,0,07,000,00,1,1,01,A01
201000026574,0,07,000,00,2,1,01,B01
201000026574,0,07,000,00,2,1,01,A01
201000026575,0,07,000,00,1,1,01,A01
201000026576,0,10,000,15,0,1,01,A01
201000026577,0,10,000,00,2,1,01,A01
201000026577,0,07,000,00,2,2,01,B01
201000026578,0,07,000,13,0,0,01,A01
201000026579,0,07,000,00,1,1,15,A01
201000026580,0,07,000,00,1,4,04,A01
201000026580,0,07,000,00,0,4,24,B01
201000026581,0,07,000,01,0,1,01,A01
201000026582,0,07,000,00,2,3,01,A01
201000026582,0,07,000,00,2,8,15,B01
201000026583,0,07,000,00,2,1,01,A01
201000026583,0,07,000,00,2,4,15,B01
201000026584,0,07,000,01,2,3,01,B01
201000026584,0,99,000,00,2,7,15,A01
201000026585,0,07,000,00,1,1,01,A01
201000026586,0,07,000,00,2,3,10,A01
201000026586,0,33,000,00,2,1,01,B01
201000026587,0,01,000,00,2,1,01,A01
201000026588,0,07,000,00,2,7,15,A01
201000026588,0,10,000,00,2,1,01,B01
201000026589,0,07,000,02,2,9,17,A01
201000026589,0,07,000,00,2,6,01,B01
201000026590,0,34,000,00,2,1,01,B01
201000026590,1,07,000,00,2,4,09,A01
201000026591,0,07,000,13,0,1,01,A01
201000026592,0,07,000,00,9,1,01,A01
201000026592,0,01,000,00,2,1,13,B02
201000026593,0,07,000,04,0,3,17,A01
201000026594,0,07,000,00,0,6,02,B02
201000026594,0,33,000,00,2,1,02,A01
201000026595,0,07,000,00,9,1,00,A01
201000026596,0,07,000,00,2,1,19,A01
201000026596,0,31,000,00,2,3,01,B02
201000026597,0,07,000,07,0,3,01,A01
201000026598,0,33,000,00,2,1,03,A01
201000026598,0,07,000,00,2,2,01,C03
201000026598,0,10,000,00,0,6,01,B02
201000026599,0,02,000,00,2,1,23,B02
201000026599,0,32,000,00,2,1,05,A01
201000026600,0,07,000,00,2,3,01,A01
201000026600,0,31,000,00,2,1,01,B02
201000026601,0,10,000,00,0,6,01,A01
201000026601,0,33,000,00,0,1,13,B02
201000026602,0,10,000,00,2,3,11,A01
201000026602,0,10,000,00,0,4,23,C03
201000026602,0,02,000,00,2,1,03,B02
201000026603,0,07,000,04,0,1,00,A01
201000026604,0,07,000,00,2,1,02,A01
201000026604,0,17,000,00,2,4,02,B02
201000026605,0,07,000,13,2,9,01,A01
201000026605,0,17,000,00,2,2,01,B02
201000026606,0,07,000,01,0,3,01,A01
201000026607,0,07,000,03,0,2,01,A01
201000026608,0,07,000,00,2,1,02,B02
201000026608,0,07,000,00,0,4,02,A01
201000026609,0,07,000,03,0,1,01,A01
201000026610,0,20,000,00,2,1,01,B02
201000026610,0,31,000,00,2,1,17,A01
201000026611,0,07,000,00,0,1,00,B02
201000026611,0,07,000,00,0,1,13,A01
201000026612,0,38,000,00,1,0,00,A01
201000026613,0,07,000,00,1,0,00,A01
201000026614,0,07,000,00,2,0,00,A01
201000026614,0,07,000,00,2,0,00,B01
201000026615,0,37,030,00,1,7,00,A01
201000026616,0,33,000,00,2,1,02,A01
201000026616,0,07,000,00,2,4,02,B01
201000026617,0,07,000,00,2,5,15,A01
201000026617,0,07,000,00,2,2,01,B01
201000026618,0,07,000,00,9,8,10,A01
201000026618,0,33,000,00,2,1,01,B01
201000026619,0,07,000,00,9,1,02,A01
201000026619,0,01,000,00,2,0,19,B01
201000026620,0,07,000,00,9,4,23,A01
201000026620,0,01,000,00,2,1,01,B01
201000026621,0,07,000,00,1,0,00,A01
201000026622,0,07,000,00,1,0,01,A01
201000026623,0,07,000,00,2,4,00,C01
201000026623,0,07,000,00,2,4,00,B01
201000026623,0,07,000,00,2,1,00,A01
201000026624,0,30,000,00,2,1,01,A01
201000026624,0,07,000,00,9,3,13,B01
201000026625,0,07,000,00,2,4,01,B01
201000026625,0,07,000,00,2,1,01,A01
201000026626,0,07,000,01,0,1,00,A01
201000026627,0,07,000,00,1,1,00,A01
201000026628,0,07,000,00,2,1,01,A01
201000026628,0,07,000,00,2,7,15,B01
201000026629,0,07,000,00,1,1,01,A01
201000026630,0,07,000,00,1,1,00,A01
201000026631,0,07,000,00,2,3,15,A01
201000026631,0,02,000,00,2,1,13,B01
201000026632,0,07,000,00,9,0,00,A01
201000026632,0,02,000,00,2,1,01,B01
201000026633,0,99,000,00,0,0,00,A01
201000026634,0,07,000,00,0,1,15,A01
201000026635,0,15,000,00,0,0,15,A01
201000026636,0,07,000,00,1,1,00,A01
201000026637,0,10,000,04,2,1,01,A01
201000026637,0,07,000,00,2,1,01,B01
201000026638,0,07,000,00,1,0,01,A01
201000026639,0,07,000,00,9,4,00,A01
201000026639,0,30,000,00,2,1,00,B01
201000026640,0,07,000,00,2,2,00,B01
201000026640,0,13,000,00,2,1,00,A01
201000026641,0,30,000,00,2,1,01,B01
201000026641,0,07,000,00,2,3,15,A01
201000026642,0,02,000,00,0,0,00,A01
201000026643,0,07,000,00,2,8,10,A01
201000026643,0,07,000,00,2,1,01,B01
201000026644,0,07,000,11,0,1,00,A01
201000026645,0,07,000,00,2,1,01,B01
201000026645,0,32,000,00,2,7,15,A01
201000026646,0,07,000,00,2,1,01,B01
201000026646,0,07,000,00,2,1,13,A01
201000026647,0,07,000,00,2,1,01,A01
201000026647,0,10,000,00,2,4,01,B01
201000026647,0,07,000,00,2,1,01,C01
201000026648,0,07,000,00,2,1,01,B01
201000026648,0,07,000,00,2,1,05,A01
201000026649,0,07,000,00,2,1,01,B01
201000026649,0,07,000,00,2,3,16,A01
201000026650,0,07,000,08,0,1,00,A01
201000026651,0,07,000,00,1,3,15,A01
201000026652,0,33,000,00,2,1,01,A01
201000026652,0,07,000,00,2,8,15,B01
201000026653,0,07,000,00,1,0,01,A01
201000026654,0,02,000,00,0,0,15,A01
201000026655,0,02,000,00,2,1,02,A01
201000026655,0,07,000,00,0,4,02,B01
201000026656,0,07,000,00,2,1,02,B01
201000026656,0,07,000,00,0,4,02,A01
201000026657,0,07,000,01,0,1,00,A01
201000026658,0,07,000,00,2,1,02,A01
201000026658,0,07,000,00,0,4,15,B01
201000026659,0,07,000,00,2,1,00,A01
201000026659,0,07,000,00,0,3,00,B01
201000026660,0,07,000,00,2,1,02,A01
201000026660,0,07,000,00,0,4,02,B01
201000026661,0,10,000,00,2,8,10,A01
201000026661,0,33,000,00,2,1,01,B01
201000026662,0,07,000,03,0,1,00,A01
201000026663,0,07,000,00,2,2,15,A01
201000026663,0,01,000,00,2,1,01,B01
201000026664,0,07,000,00,1,1,15,A01
201000026665,0,33,000,00,2,1,05,C01
201000026665,0,07,000,00,2,4,23,B01
201000026665,0,07,000,00,2,1,01,A01
201000026666,0,07,000,00,2,4,01,A01
201000026666,0,07,000,00,2,4,01,B01
201000026667,0,07,000,00,2,7,15,B01
201000026667,0,31,000,00,2,1,01,A01
201000026668,0,07,000,00,1,8,01,A01
201000026669,0,02,000,00,2,1,17,A01
201000026669,0,33,000,00,2,4,17,B01
201000026670,0,07,000,00,2,1,01,A01
201000026671,0,07,000,00,2,4,04,A01
201000026671,0,07,000,00,2,1,01,B01
201000026672,0,02,000,00,0,0,00,A01
201000026673,0,07,000,00,0,0,14,A01
201000026674,0,07,000,00,2,4,01,B01
201000026674,0,07,000,00,2,4,01,C01
201000026674,1,07,000,00,2,0,01,A01
201000026675,0,07,000,00,2,4,01,B01
201000026675,0,07,000,00,2,1,01,A01
201000026676,0,07,000,00,2,8,15,A01
201000026676,0,02,000,00,2,1,01,B01
201000026677,0,07,000,00,1,1,01,A01
201000026678,0,02,000,00,0,0,13,A01
201000026679,0,02,000,00,0,0,15,A01
201000026680,0,07,000,00,2,2,01,A01
201000026680,0,07,000,00,2,3,01,B01
201000026681,0,07,000,00,2,7,15,A01
201000026681,0,07,000,00,2,1,01,B01
201000026682,0,30,000,00,0,0,00,A01
201000026683,0,07,000,00,0,0,01,A01
201000026684,0,07,000,00,0,0,01,A01
201000026685,0,33,000,00,2,1,17,A01
201000026685,0,07,000,00,2,4,17,B01
201000026686,0,07,000,00,9,8,15,A01
201000026686,0,01,000,00,2,1,05,B01
201000026687,1,07,000,00,0,0,00,Z01
201000026687,0,30,000,00,0,0,01,A01
201000026688,0,33,000,00,2,1,01,B01
201000026688,0,07,000,00,2,8,10,A01
201000026689,0,07,000,00,2,1,14,A01
201000026689,0,33,000,00,2,7,13,B01
201000026690,0,07,000,00,1,7,16,A01
201000026691,0,10,000,00,2,1,01,A01
201000026691,0,07,000,00,2,4,01,B01
201000026692,0,03,000,00,2,1,01,B01
201000026692,0,37,001,00,2,5,01,A01
201000026693,0,07,000,00,2,4,01,B01
201000026693,0,07,000,00,2,1,01,A01
201000026694,0,10,000,00,2,8,15,B01
201000026694,0,10,000,08,2,1,17,A01
201000026695,0,07,000,00,1,0,01,A01
201000026696,0,07,000,00,2,7,17,A01
201000026696,0,07,000,00,2,1,01,B01
201000026697,0,07,000,00,2,2,10,A01
201000026697,0,10,000,00,2,2,01,B01
201000026698,0,07,000,00,1,1,01,A01
201000026699,0,07,000,00,1,1,01,A01
201000026700,1,07,000,00,2,4,00,Z01
201000026700,0,07,000,00,2,1,01,A01
201000026700,0,07,000,00,2,1,01,B01
201000026701,0,07,000,00,2,1,15,A01
201000026701,0,07,000,00,2,3,01,B01
201000026702,0,07,000,00,9,0,00,A01
201000026703,0,30,000,00,2,1,01,A01
201000026703,0,07,000,00,2,4,01,B01
201000026704,0,10,000,00,2,1,01,B01
201000026704,0,07,000,00,2,1,05,A01
201000026705,0,07,000,00,9,1,01,A01
201000026706,0,07,000,11,0,1,01,A01
201000026707,0,07,000,00,1,1,01,A01
201000026708,0,07,000,00,1,7,01,A01
201000026709,2,07,000,00,2,1,15,A01
201000026709,0,07,000,00,2,8,01,B01
201000026710,0,07,000,00,9,1,01,A01
201000026710,0,01,000,00,2,4,01,B01
201000026711,0,07,000,01,0,1,01,A01
201000026712,0,02,000,00,1,0,01,A01
201000026713,0,07,000,10,2,1,01,A01
201000026713,0,33,000,00,2,4,01,B01
201000026714,0,07,000,00,9,7,01,A01
201000026714,0,30,000,00,2,8,01,B01
201000026715,0,07,000,00,2,7,15,A01
201000026715,0,33,000,00,2,1,01,B01
201000026716,0,07,000,15,0,1,01,A01
201000026717,0,07,000,00,9,1,01,A01
201000026717,0,01,000,00,2,7,19,B01
201000026718,0,33,000,01,0,1,01,A01
201000026719,0,15,000,03,0,8,01,A01
201000026720,0,07,000,00,2,8,01,B01
201000026720,1,07,000,01,2,0,14,Z01
201000026721,0,07,000,00,2,3,01,A01
201000026721,0,07,000,00,2,2,01,B01
201000026722,0,07,000,00,0,0,05,A01
201000026723,0,07,000,14,0,1,01,A01
201000026724,0,02,000,12,0,0,05,A01
201000026725,0,30,000,00,2,0,00,A01
201000026725,0,30,000,00,2,0,00,B01
201000026726,0,10,000,00,1,3,15,A01
201000026727,0,07,000,00,2,4,01,B01
201000026727,0,07,000,00,2,1,01,A01
201000026728,0,30,000,12,0,0,01,A01
201000026729,0,07,000,00,9,3,24,A01
201000026729,0,01,000,00,2,1,01,B01
201000026730,0,33,000,00,2,2,17,A01
201000026730,0,07,000,00,2,8,15,B01
201000026731,0,07,000,00,2,1,09,A01
201000026731,0,30,000,00,2,7,09,B01
201000026732,0,30,000,00,0,7,00,A01
201000026733,0,30,000,00,2,3,01,A01
201000026733,0,07,000,00,2,1,01,B01
201000026734,0,07,000,00,2,3,13,A01
201000026734,0,10,000,00,2,3,01,B01
201000026735,0,31,000,00,0,0,01,A01
201000026736,0,30,000,00,0,0,21,A01
201000026736,0,07,000,00,0,0,23,B01
201000026737,0,07,000,00,2,1,01,B01
201000026737,0,07,000,00,2,2,15,A01
201000026738,0,01,000,00,0,0,16,A01
201000026739,0,02,000,11,0,1,01,A01
201000026740,0,07,000,00,2,2,01,B01
201000026740,0,30,000,00,2,1,01,A01
201000026741,0,07,000,00,2,3,01,B01
201000026741,0,07,000,00,2,2,09,A01
201000026742,0,33,000,00,2,3,21,B01
201000026742,0,07,000,00,2,2,15,A01
201000026743,0,07,000,00,2,3,15,B01
201000026743,0,02,000,00,2,1,01,A01
201000026744,0,07,000,03,0,1,01,A01
201000026745,0,07,000,00,2,1,01,A01
201000026745,0,07,000,00,2,6,00,B01
201000026746,0,07,000,00,2,8,01,A01
201000026746,0,07,000,00,2,3,01,B01
201000026747,0,02,000,00,0,1,00,A01
201000026748,0,07,000,00,2,1,15,B01
201000026748,0,30,000,00,2,0,08,A01
201000026749,0,01,000,00,2,1,01,B01
201000026749,0,07,000,00,2,4,20,A01
201000026750,1,07,000,00,1,1,01,A01
201000026751,0,10,000,00,2,3,10,A01
201000026751,0,02,000,00,2,1,01,B01
201000026752,0,07,000,00,2,2,15,A01
201000026752,0,33,000,00,2,1,01,B01
201000026753,0,07,000,00,1,2,01,A01
201000026754,0,07,000,00,2,4,01,B01
201000026754,0,07,000,00,2,1,01,A01
201000026755,0,30,000,00,2,1,08,A01
201000026755,0,07,000,00,2,2,15,B01
201000026756,0,02,000,00,2,1,23,B01
201000026756,0,07,000,00,2,4,04,A01
201000026757,0,07,000,00,2,3,00,A01
201000026757,0,33,000,00,2,2,01,B01
201000026758,0,07,000,00,2,2,15,B01