Num_Acc,senc,catv,occutc,obs,obsm,choc,manv,num_veh
201000027525,0,07,000,00,0,1,01,B01
201000027525,0,07,000,00,2,3,15,A01
201000027526,0,07,000,02,0,1,14,A01
201000027527,0,07,000,00,2,1,02,A01
201000027527,0,07,000,00,0,4,02,B01
201000027528,0,07,000,00,2,1,02,A01
201000027528,0,07,000,00,0,4,02,B01
201000027529,0,02,000,00,2,1,02,A01
201000027529,0,07,000,00,0,4,02,B01
201000027530,0,07,000,00,2,3,15,B01
201000027530,0,33,000,00,2,2,01,A01
201000027531,0,07,000,01,0,2,01,A01
201000027532,0,31,000,00,2,1,14,A01
201000027532,0,07,000,00,0,5,23,B01
201000027533,1,07,000,00,2,2,14,A01
201000027533,0,33,000,00,2,1,02,B01
201000027533,0,07,000,00,0,5,23,C01
201000027534,0,07,000,00,1,1,01,A01
201000027535,0,32,000,15,0,1,01,A01
201000027536,0,07,000,03,1,3,01,A01
201000027537,0,07,000,00,1,1,01,A01
201000027538,0,33,000,00,2,1,17,A01
201000027538,0,07,000,00,0,3,15,B01
201000027539,0,33,000,00,2,1,01,B01
201000027539,0,07,000,00,2,2,15,A01
201000027540,0,07,000,00,0,4,02,B01
201000027540,0,07,000,00,2,1,02,A01
201000027540,0,07,000,00,0,4,15,C01
201000027541,0,33,000,00,2,1,01,B01
201000027541,0,07,000,00,2,7,19,A01
201000027542,0,10,000,00,1,3,01,A01
201000027543,0,30,000,00,1,1,01,A01
201000027544,0,07,000,00,2,7,00,A01
201000027544,0,14,000,00,0,1,23,B01
201000027545,0,07,000,00,0,4,02,B01
201000027545,0,07,000,00,2,1,02,A01
201000027546,0,07,000,13,0,1,14,A01
201000027547,0,33,000,00,0,4,02,B01
201000027547,0,07,000,00,2,3,01,A01
201000027548,0,07,000,00,2,8,15,A01
201000027548,0,07,000,00,2,1,01,B01
201000027549,0,07,000,00,0,2,15,A01
201000027549,0,07,000,00,2,3,16,B01
201000027550,0,10,000,00,2,1,02,A01
201000027550,0,07,000,00,0,4,23,B01
201000027551,0,07,000,00,2,3,02,A01
201000027551,0,07,000,00,0,5,23,B01
201000027552,0,30,000,00,0,8,21,A01
201000027553,0,30,000,00,2,1,01,B01
201000027553,0,07,000,00,2,6,10,A01
201000027554,0,07,000,13,0,2,14,A01
201000027555,0,07,000,13,0,1,00,A01
201000027556,0,30,000,00,2,8,01,B01
201000027556,0,07,000,00,2,1,19,A01
201000027557,0,07,000,00,2,3,01,B01
201000027557,0,07,000,00,2,2,09,A01
201000027558,0,07,000,00,2,1,01,A01
201000027558,0,07,000,00,2,1,01,C01
201000027558,0,07,000,00,2,4,15,B01
201000027559,0,07,000,00,2,3,01,C01
201000027559,0,07,000,00,2,8,01,B01
201000027559,0,07,000,00,2,3,13,A01
201000027560,0,07,000,00,1,3,15,A01
201000027561,0,33,000,00,2,5,01,B01
201000027561,0,10,000,00,2,0,01,A01
201000027562,0,31,000,13,0,1,13,A01
201000027563,0,07,000,00,2,1,01,B01
201000027563,0,07,000,00,2,1,01,A01
201000027564,0,07,000,00,2,1,17,A01
201000027564,0,07,000,00,2,6,15,B01
201000027565,0,07,000,15,0,1,06,A01
201000027566,0,07,000,00,2,1,01,A01
201000027566,0,07,000,00,2,4,01,B01
201000027566,0,07,000,00,0,0,15,D01
201000027566,0,07,000,00,2,4,01,C01
201000027567,0,15,000,00,2,2,01,B01
201000027567,0,07,000,00,2,8,09,A01
201000027568,0,10,000,00,2,8,15,B01
201000027568,0,30,000,00,2,1,17,A01
201000027569,0,07,000,01,0,1,14,A01
201000027570,0,07,000,02,0,0,00,A01
201000027571,0,07,000,00,2,5,17,A01
201000027571,0,02,000,00,2,8,13,B01
201000027572,0,30,000,00,2,1,17,A01
201000027572,0,07,000,00,2,8,15,B01
201000027573,0,07,000,13,0,0,13,A01
201000027573,0,01,000,00,0,0,15,B01
201000027574,1,07,000,00,1,2,01,A01
201000027574,0,07,000,13,0,7,14,C01
201000027575,0,07,000,00,2,3,15,B01
201000027575,0,07,000,00,2,7,17,A01
201000027576,0,07,000,00,2,4,01,C01
201000027576,0,07,000,00,2,4,01,B01
201000027576,1,07,000,00,2,1,01,A01
201000027577,0,02,000,00,2,1,01,B01
201000027577,0,07,000,00,2,8,19,A01
201000027578,0,07,000,13,0,0,14,A01
201000027579,0,07,000,13,0,0,01,A01
201000027579,0,15,000,00,0,0,01,B01
201000027580,0,07,000,13,0,1,01,A01
201000027581,0,07,000,00,2,8,13,A01
201000027581,0,07,000,00,2,8,01,B01
201000027582,1,07,000,00,1,1,01,Z01
201000027583,0,07,000,00,1,1,15,A01
201000027584,0,07,000,12,0,1,13,A01
201000027585,0,07,000,00,2,8,01,B01
201000027585,0,07,000,00,2,2,01,A01
201000027586,0,07,000,03,0,9,06,A01
201000027587,1,07,000,00,1,0,00,A01
201000027588,2,07,000,14,0,1,06,A01
201000027589,0,07,000,00,2,2,01,A01
201000027590,0,07,000,00,1,2,01,A01
201000027591,0,07,000,12,0,1,01,A01
201000027592,0,07,000,06,2,2,01,A01
201000027592,0,07,000,00,2,6,01,B01
201000027593,0,07,000,00,0,6,24,B01
201000027593,0,07,000,00,2,3,14,A01
201000027594,1,07,000,00,1,3,01,Z01
201000027595,0,07,000,00,2,2,01,A01
201000027595,0,07,000,00,2,6,01,B01
201000027596,0,07,000,00,1,2,01,A01
201000027597,0,07,000,00,2,1,01,B01
201000027597,0,07,000,00,2,1,15,A01
201000027598,0,30,000,00,2,8,01,B01
201000027598,0,07,000,00,2,7,01,A01
201000027599,0,07,000,00,0,0,00,A01
201000027600,0,07,000,00,1,3,01,A01
201000027601,0,07,000,00,0,1,14,A01
201000027602,0,07,000,00,2,2,01,B01
201000027602,0,07,000,00,2,3,09,A01
201000027603,0,07,000,13,0,1,21,A01
201000027604,0,33,000,00,0,0,15,A01
201000027605,0,07,000,00,2,8,01,B01
201000027605,0,07,000,00,2,1,01,A01
201000027606,0,07,000,00,2,4,01,B01
201000027606,0,07,000,00,2,1,01,A01
201000027607,0,07,000,00,2,4,23,B01
201000027607,0,07,000,00,2,1,23,A01
201000027607,0,07,000,00,2,0,23,C01
201000027608,0,33,000,00,2,5,01,B01
201000027608,1,07,000,00,0,0,01,A01
201000027609,0,07,000,00,1,2,01,A01
201000027610,0,10,000,00,1,1,01,A01
201000027611,0,07,000,00,2,1,01,B01
201000027611,0,07,000,00,2,1,13,A01
201000027612,0,07,000,02,0,3,01,A01
201000027613,0,07,000,00,2,1,01,A01
201000027613,0,07,000,00,2,8,01,B01
201000027614,0,01,000,00,2,1,01,B01
201000027614,0,07,000,00,2,3,16,A01
201000027615,0,30,000,00,2,1,02,A01
201000027615,0,07,000,00,0,4,02,B01
201000027616,0,07,000,00,2,1,01,B01
201000027616,0,07,000,00,2,3,01,A01
201000027617,0,33,000,00,0,8,01,A01
201000027618,0,07,000,00,2,1,02,A01
201000027618,0,07,000,00,0,4,02,B01
201000027619,0,07,000,00,5,1,01,A01
201000027620,0,07,000,05,0,1,01,A01
201000027621,0,07,000,00,1,0,00,A01
201000027622,1,07,000,00,2,1,15,A01
201000027622,0,07,000,00,2,0,01,B01
201000027623,0,14,000,00,2,2,01,B01
201000027623,0,07,000,00,2,1,01,A01
201000027624,0,07,000,00,2,8,17,A01
201000027624,0,07,000,00,2,1,01,B01
201000027625,0,07,000,00,2,1,23,A01
201000027625,1,07,000,00,2,2,15,X01
201000027626,0,07,000,00,2,1,00,A01
201000027626,0,07,000,00,0,4,01,B01
201000027627,0,07,000,13,2,7,21,A01
201000027627,0,07,000,00,2,1,01,B01
201000027627,1,07,000,00,0,0,00,C01
201000027628,0,07,000,08,0,9,00,A01
201000027629,0,30,000,00,2,1,02,A01
201000027629,0,10,000,00,2,4,02,B01
201000027630,0,07,000,00,2,4,01,B01
201000027630,0,07,000,00,2,2,01,A01
201000027631,0,07,000,00,2,3,15,B01
201000027631,0,33,000,00,2,1,16,A01
201000027632,0,07,000,08,2,5,01,B01
201000027632,0,07,000,00,2,3,11,A01
201000027633,0,07,000,00,2,3,01,B01
201000027633,0,07,000,00,2,1,15,A01
201000027634,0,07,000,00,2,2,01,A01
201000027634,0,34,000,00,2,1,01,B01
201000027635,0,07,000,13,0,9,02,B01
201000027635,0,07,000,13,0,1,02,A01
201000027636,1,07,000,00,2,3,20,A01
201000027636,0,31,000,00,2,7,21,B01
201000027637,0,14,000,00,1,2,01,A01
201000027638,0,33,000,00,0,7,02,B01
201000027638,0,07,000,00,2,2,02,A01
201000027639,0,30,000,00,2,0,01,B01
201000027639,0,07,000,00,2,1,01,A01
201000027640,0,07,000,00,2,4,02,B01
201000027640,0,07,000,00,2,1,02,A01
201000027641,0,07,000,00,1,1,13,A01
201000027642,0,07,000,00,2,1,02,A01
201000027642,0,31,000,00,2,4,02,B01
201000027643,0,07,000,00,1,0,00,A01
201000027644,0,07,000,00,1,3,01,A01
201000027645,0,07,000,00,0,4,23,B01
201000027645,0,33,000,00,2,1,02,A01
201000027646,0,10,000,00,1,0,00,A01
201000027647,0,34,000,00,2,1,02,A01
201000027647,0,07,000,00,2,4,02,B01
201000027648,0,38,002,00,2,3,02,B01
201000027648,0,07,000,00,2,5,02,A01
201000027649,0,07,000,00,2,3,13,A01
201000027649,0,31,000,00,2,2,01,B01
201000027650,0,07,000,02,0,1,01,A01
201000027651,0,10,000,00,2,3,01,B01
201000027651,0,10,000,00,2,1,00,A01
201000027652,0,02,000,00,2,7,17,A01
201000027652,0,33,000,00,2,8,15,B01
201000027653,0,07,000,00,2,1,02,A01
201000027653,0,07,000,00,2,4,02,B01
201000027654,0,07,000,00,2,1,01,B01
201000027654,2,07,000,00,2,8,01,A01
201000027655,0,30,000,00,2,1,00,A01
201000027655,0,07,000,00,2,4,15,B01
201000027656,0,07,000,00,2,1,01,A01
201000027656,0,07,000,00,0,4,02,B01
201000027657,0,30,000,00,1,1,01,A01
201000027658,0,07,000,00,2,8,13,A01
201000027658,0,07,000,00,2,3,01,B01
201000027659,0,33,000,00,2,7,01,B01
201000027659,0,07,000,00,2,8,11,A01
201000027660,0,07,000,01,0,1,13,A01
201000027661,0,30,000,00,2,1,05,A01
201000027661,0,01,000,00,2,1,01,B01
201000027662,0,07,000,00,2,1,01,C01
201000027662,0,07,000,00,2,0,02,A01
201000027662,0,07,000,13,2,5,02,B01
201000027663,0,07,000,00,2,3,13,A01
201000027663,0,07,000,00,2,8,01,B01
201000027664,0,33,000,13,0,1,01,A01
201000027665,0,07,000,00,1,2,01,A01
201000027666,0,30,000,00,1,1,01,A01
201000027667,0,07,000,13,0,1,14,A01
201000027668,0,07,000,00,1,5,01,A01
201000027669,0,07,000,00,1,3,17,A01
201000027670,0,07,000,00,2,1,01,B01
201000027670,0,07,000,00,2,1,13,A01
201000027671,0,07,000,00,2,3,15,B01
201000027671,0,33,000,01,2,1,17,A01
201000027672,0,01,000,00,2,1,01,B01
201000027672,0,07,000,00,2,3,01,A01
201000027673,0,07,000,00,2,2,01,B01
201000027673,0,33,000,00,2,1,01,A01
201000027674,0,07,000,00,1,1,01,A01
201000027675,0,33,000,16,0,9,01,A01
201000027676,0,07,000,00,2,6,11,A01
201000027676,0,02,000,00,2,1,17,B01
201000027677,0,07,000,00,2,1,02,A01
201000027677,0,07,000,00,2,4,09,B01
201000027678,0,07,000,00,2,5,23,B01
201000027678,0,07,000,00,2,1,21,A01
201000027679,0,07,000,00,0,4,20,B01
201000027679,0,07,000,00,0,1,01,A01
201000027680,0,07,000,06,2,0,01,A01
201000027681,1,07,000,00,2,0,13,A01
201000027681,0,30,000,16,2,7,17,B01
201000027682,0,33,000,13,0,1,15,A01
201000027683,0,07,000,00,1,4,04,A01
201000027684,0,07,000,00,2,3,01,B01
201000027684,0,07,000,00,2,1,11,A01
201000027685,0,34,000,00,2,0,17,B01
201000027685,0,07,000,00,2,1,09,A01
201000027686,0,07,000,00,2,4,23,B01
201000027686,0,33,000,00,2,1,00,A01
201000027687,0,07,000,00,2,1,15,B01
201000027687,0,01,000,00,2,1,05,A01
201000027688,0,07,000,00,2,2,01,B01
201000027688,0,07,000,00,2,1,09,A01
201000027689,0,07,000,13,2,1,17,A01
201000027689,0,07,000,00,2,3,01,B01
201000027690,0,15,000,00,2,7,15,A01
201000027690,0,07,000,00,2,8,15,B01
201000027691,0,07,000,00,1,4,20,A01
201000027692,1,07,000,00,1,7,01,A01
201000027693,0,07,000,01,2,1,13,A01
201000027693,0,07,000,00,2,1,01,B01
201000027694,0,15,000,00,0,7,15,A01
201000027695,1,07,000,01,1,1,01,A01
201000027695,0,14,000,00,2,3,18,F01
201000027695,0,14,000,00,2,1,02,G01
201000027696,0,07,000,00,2,1,01,B01
201000027696,0,07,000,06,2,3,01,A01
201000027697,0,30,000,00,2,1,01,B01
201000027697,0,07,000,00,2,2,10,A01
201000027698,0,07,000,13,2,1,17,A01
201000027698,0,07,000,13,2,8,15,B01
201000027699,0,33,000,00,2,7,17,B01
201000027699,1,10,000,00,2,8,13,A01
201000027700,0,10,000,00,2,0,13,B01
201000027700,0,33,000,01,2,3,17,A01
201000027701,0,07,000,00,2,3,00,A01
201000027701,0,02,000,00,2,1,15,B01
201000027702,0,07,000,00,1,3,01,A01
201000027703,0,10,000,00,1,7,12,B01
201000027703,0,32,000,00,2,8,18,A01
201000027704,0,30,000,00,2,1,01,B01
201000027704,0,07,000,00,2,7,01,A01
201000027705,0,07,000,00,2,3,01,A01
201000027705,0,07,000,00,2,1,01,B01
201000027706,0,32,000,00,2,1,15,A01
201000027706,0,07,000,00,2,3,01,B01
201000027707,0,32,000,00,2,1,01,B01
201000027707,0,07,000,00,2,3,15,A01
201000027708,0,14,000,13,0,9,14,A01
201000027709,0,37,010,00,1,5,09,A01
201000027710,0,07,000,01,2,1,01,B01
201000027710,0,07,000,00,2,1,01,A01
201000027710,0,07,000,00,2,3,23,C01
201000027711,0,01,000,00,2,4,02,A01
201000027711,0,37,000,00,2,1,02,B01
201000027712,0,10,000,00,1,2,10,A01
201000027713,0,33,000,00,2,1,15,A01
201000027713,0,07,000,00,2,2,01,B01
201000027714,0,07,000,00,2,1,01,B01
201000027714,0,07,000,00,2,8,15,A01
201000027715,0,07,000,13,2,5,16,B01
201000027715,0,07,000,06,2,1,14,A01
201000027716,0,33,000,00,2,1,17,A01
201000027716,0,07,000,00,2,1,01,B01
201000027717,0,07,000,00,1,2,01,A01
201000027718,0,07,000,02,2,4,16,B01
201000027718,0,07,000,00,2,2,01,A01
201000027719,0,07,000,00,2,5,01,A01
201000027719,0,07,000,00,2,1,01,B01
201000027720,0,07,000,00,2,3,15,B01
201000027720,0,02,000,00,2,2,02,A01
201000027721,0,02,000,00,2,4,00,B01
201000027721,0,07,000,00,2,1,02,A01
201000027722,0,07,000,00,2,2,01,A01
201000027722,0,33,000,00,2,1,01,B01
201000027723,0,07,000,00,2,4,00,B01
201000027723,0,33,000,00,2,1,02,A01
201000027724,0,07,000,00,2,6,15,B01
201000027724,0,02,000,01,2,1,17,A01
201000027725,0,07,000,00,2,1,01,A01
201000027725,0,07,000,00,2,4,02,B01
201000027725,0,07,000,00,2,4,02,C01
201000027726,0,07,000,00,1,1,16,A01
201000027727,0,30,000,00,2,8,19,A01
201000027727,0,07,000,00,2,2,15,B01
201000027728,0,30,000,00,2,1,01,A01
201000027728,0,07,000,00,2,3,15,B01
201000027729,0,07,000,08,0,3,06,A01
201000027730,0,07,000,00,2,3,16,B01
201000027730,0,07,000,00,2,2,01,A01
201000027731,1,07,000,00,1,1,15,Z01
201000027732,0,07,000,00,1,5,04,A01
201000027733,0,07,000,00,2,1,00,A01
201000027733,0,10,000,00,0,4,00,B01
201000027734,0,01,000,00,0,0,00,B01
201000027734,1,07,000,00,2,0,00,A01
201000027735,0,02,000,00,2,1,00,B01
201000027735,0,07,000,00,2,2,00,A01
201000027736,0,33,000,00,0,0,00,A01
201000027737,0,07,000,00,2,2,00,B01
201000027737,0,07,000,00,2,3,00,A01
201000027738,0,07,000,00,1,6,04,A01
201000027739,0,07,000,00,2,2,00,B01
201000027739,0,02,000,00,2,1,00,A01
201000027740,0,07,000,00,1,1,01,A01
201000027741,0,33,000,00,2,1,00,B01
201000027741,0,07,000,00,2,0,00,A01
201000027742,0,07,000,00,2,8,00,A01
201000027742,0,07,000,00,2,2,00,B01
201000027743,0,07,000,02,0,1,01,A01
201000027744,0,07,000,00,1,0,00,A01
201000027745,0,07,000,00,9,1,01,B01
201000027745,0,01,000,00,2,1,01,A01
201000027746,0,07,000,00,2,0,01,B01
201000027746,0,07,000,00,2,0,01,A01
201000027747,0,07,000,00,1,4,01,A01
201000027748,0,07,000,00,2,1,00,A01
201000027748,0,07,000,00,2,8,00,B01
201000027749,0,07,000,00,2,3,01,B01
201000027749,0,07,000,00,2,3,01,A01
201000027750,0,07,000,00,2,0,01,A01
201000027750,0,30,000,00,2,1,15,B01
201000027751,0,10,000,00,1,0,04,A01
201000027752,0,07,000,02,0,1,00,A01
201000027753,0,07,000,00,2,7,04,A01
201000027753,0,33,000,00,2,8,00,B01
201000027754,0,07,000,00,1,4,04,A01
201000027755,0,07,000,09,0,9,00,A01
201000027756,0,07,000,00,2,3,00,A01
201000027756,0,32,000,00,2,3,00,B01
201000027757,0,99,000,00,1,0,16,A01
201000027758,0,07,000,00,2,2,00,A01
201000027758,0,32,000,00,2,1,00,B01
201000027759,0,07,000,00,1,1,00,A01
201000027760,0,07,000,00,2,1,01,A01
201000027760,0,07,000,00,2,8,01,B01
201000027761,0,07,000,00,1,4,00,A01
201000027762,0,30,000,00,2,7,02,B01
201000027762,0,07,000,00,2,7,02,A01
201000027763,0,33,000,00,2,7,00,B01
201000027763,0,07,000,00,2,8,00,A01
201000027764,0,01,000,00,2,8,00,B01
201000027764,1,07,000,00,1,0,00,A01
201000027765,0,32,000,00,2,1,01,B01
201000027765,0,10,000,00,2,5,15,A01
201000027766,0,07,000,00,2,7,15,B01
201000027766,0,02,000,00,2,1,16,A01
201000027767,0,07,000,00,1,1,01,A01
201000027768,0,07,000,11,0,1,00,A01
201000027769,0,07,000,00,1,0,00,A01
201000027770,0,07,000,00,2,1,02,B01
201000027770,0,07,000,00,2,7,01,A01
201000027771,1,07,000,00,0,0,17,A01
201000027771,0,07,000,13,0,9,01,B01
201000027772,0,07,000,00,1,3,01,C01
201000027772,0,07,000,00,2,0,03,B01
201000027772,0,07,000,00,2,1,01,A01
201000027773,0,07,000,00,1,1,01,A01
201000027774,0,07,000,00,1,4,00,A01
201000027775,0,07,000,00,0,0,17,A01
201000027776,0,01,000,00,2,1,00,B01
201000027776,0,07,000,00,2,0,00,A01
201000027777,0,07,000,00,2,0,00,B01
201000027777,0,01,000,00,2,1,01,A01
201000027778,0,30,000,00,2,0,00,A01
201000027778,0,33,000,00,2,7,00,B01
201000027779,0,07,000,00,0,4,04,A01
201000027780,0,07,000,00,2,2,01,A01
201000027780,0,07,000,00,2,5,01,B01
201000027781,1,07,000,00,1,1,01,A01
201000027782,0,07,000,13,0,9,01,A01
201000027783,0,07,000,16,0,1,01,A01
201000027784,0,30,000,00,1,0,00,B01
201000027784,0,07,000,00,2,0,00,A01
201000027785,0,07,000,00,2,4,00,C01
201000027785,0,07,000,00,2,9,00,B01
201000027785,0,07,000,00,2,1,00,A01
201000027786,0,07,000,00,1,0,15,A01
201000027787,0,07,000,00,1,0,00,A01
201000027788,0,07,000,00,0,0,00,A01
201000027788,0,01,000,00,2,0,00,B01
201000027789,0,07,000,00,0,4,11,B01
201000027789,0,07,000,00,2,1,01,A01
201000027790,0,37,023,00,2,1,07,A01
201000027790,0,07,000,00,0,4,07,B01
201000027791,0,07,000,00,1,1,01,A01
201000027792,0,33,000,00,0,8,01,A01
201000027793,1,07,000,00,0,0,13,A01
201000027793,0,02,000,12,2,0,01,B01
201000027794,0,07,000,00,1,0,01,A01
201000027795,0,07,000,00,0,9,14,A01
201000027796,0,07,000,00,1,7,01,A01
201000027797,0,10,000,00,1,8,01,A01
201000027798,1,07,000,00,2,0,02,A01
201000027798,0,32,000,00,2,8,01,B01
201000027799,0,07,000,00,2,9,00,C01
201000027799,0,07,000,00,2,4,01,D01
201000027799,0,07,000,00,2,9,00,B01
201000027799,0,07,000,00,2,1,00,A01
201000027800,0,07,000,00,0,4,01,B01
201000027800,0,07,000,00,2,1,01,A01
201000027801,0,07,000,00,2,2,15,A01
201000027801,0,33,000,00,2,1,01,B01
201000027801,0,07,000,00,2,8,23,C01
201000027802,0,10,000,00,2,5,01,B01
201000027802,0,31,000,00,2,0,15,A01
201000027803,0,07,000,00,2,1,01,B01
201000027803,0,07,000,00,2,2,01,A01
201000027804,0,07,000,00,2,0,01,B01
201000027804,0,07,000,00,2,5,01,A01
201000027805,0,07,000,01,1,1,01,A01
201000027806,0,07,000,00,1,0,01,A01
201000027807,0,30,000,01,2,2,01,B01
201000027807,1,07,000,00,9,0,15,A01
201000027808,0,35,000,13,0,1,14,A01
201000027809,0,01,000,00,1,1,05,A01
201000027810,0,07,000,00,2,1,01,A01
201000027810,0,07,000,00,0,4,01,B01
201000027811,0,31,000,00,0,1,01,A01
201000027812,0,07,000,00,2,7,01,A01
201000027812,0,07,000,00,2,3,01,B01
201000027813,0,33,000,00,2,1,01,B01
201000027813,0,07,000,00,2,3,15,A01
201000027814,0,07,000,00,0,4,01,B01
201000027814,0,07,000,00,2,1,01,A01
201000027815,0,07,000,00,0,4,01,B01
201000027815,0,07,000,00,2,1,01,A01
201000027816,0,07,000,06,0,0,00,A01
201000027817,0,07,000,00,1,1,00,A01
201000027818,0,07,000,00,0,4,23,B01
201000027818,0,07,000,00,2,1,01,A01
201000027819,0,07,000,08,0,1,01,A01
201000027820,0,07,000,00,0,1,01,B01
201000027820,0,07,000,00,2,3,13,A01
201000027821,0,07,000,00,0,1,01,C01
201000027821,0,07,000,14,2,4,01,B01
201000027821,0,14,000,14,1,1,06,A01
201000027822,0,07,000,00,0,3,01,B01
201000027822,2,07,000,00,2,3,13,A01
201000027823,0,33,000,00,2,8,13,A01
201000027823,0,07,000,00,0,7,01,B01
201000027824,0,30,000,00,1,1,21,A01
201000027825,0,07,000,00,0,4,02,B01
201000027825,0,07,000,00,2,1,02,A01
201000027826,0,07,000,00,9,5,15,A01
201000027826,0,01,000,00,2,1,01,B01
201000027827,0,07,000,00,2,4,01,B01
201000027827,0,07,000,00,2,1,13,A01
201000027827,0,07,000,00,2,3,01,C01
201000027828,0,02,000,00,2,7,05,A01
201000027828,0,07,000,00,2,3,01,B01
201000027829,0,07,000,14,2,2,01,B01
201000027829,1,07,000,00,2,3,13,A01
201000027830,0,07,000,00,0,4,02,C01
201000027830,0,07,000,00,2,1,02,A01
201000027830,0,07,000,00,2,4,02,B01
201000027831,0,02,000,00,2,1,01,A01
201000027831,0,07,000,00,2,8,15,B01
201000027832,0,07,000,00,2,3,15,B01
201000027832,0,33,000,00,2,2,17,A01
201000027833,0,02,000,00,2,0,19,B01
201000027833,0,07,000,00,2,4,04,A01
201000027834,0,01,000,00,2,0,00,B01
201000027834,0,07,000,00,2,2,00,A01
201000027835,0,07,000,00,2,1,02,A01
201000027835,0,07,000,00,2,4,02,B01
201000027835,0,07,000,00,0,4,01,C01
201000027836,0,07,000,00,2,0,19,A01
201000027836,0,01,000,00,2,0,01,B01
201000027837,0,07,000,00,2,8,15,B01
201000027837,0,02,000,00,2,1,01,A01
201000027838,0,07,000,15,2,1,01,B01
201000027838,0,07,000,00,2,1,01,A01
201000027839,0,07,000,08,2,0,06,A01
201000027839,0,07,000,00,2,1,01,B01
201000027840,0,07,000,00,2,2,01,A01
201000027840,0,07,000,00,2,1,15,B01
201000027841,0,07,000,00,2,3,01,B01
201000027841,0,07,000,00,2,1,17,A01
201000027842,0,07,000,00,1,2,01,A01
201000027843,0,33,000,00,2,1,01,B01
201000027843,2,02,000,00,2,1,05,A01
201000027844,0,07,000,00,1,1,01,A01
201000027845,0,07,000,00,1,9,00,A01
201000027846,0,07,000,00,1,0,01,A01
201000027847,0,07,000,00,1,7,01,A01
201000027848,0,30,000,00,2,1,17,A01
201000027848,0,07,000,00,2,3,15,B01
201000027849,0,30,000,00,2,7,01,A01
201000027849,0,07,000,00,2,1,01,B01
201000027850,0,35,000,12,0,1,01,A01
201000027851,0,07,000,00,2,4,01,B01
201000027851,0,07,000,00,2,1,01,A01
201000027852,0,07,000,00,0,4,01,B01
201000027852,0,07,000,00,2,1,01,A01
201000027853,0,07,000,00,2,3,09,A01
201000027853,0,07,000,00,0,5,15,B01
201000027854,0,07,000,00,1,1,01,A01
201000027855,0,07,000,00,2,2,01,B01
201000027855,0,07,000,00,2,3,01,A01
201000027856,0,01,000,01,2,7,01,B01
201000027856,1,07,000,00,2,0,00,A01
201000027857,0,32,000,00,2,1,01,A01
201000027857,0,07,000,00,2,0,23,B01
201000027858,0,07,000,14,0,3,01,A01
201000027859,0,07,000,12,0,1,18,A01
201000027860,0,07,000,00,2,8,01,B01
201000027860,0,07,000,00,2,1,01,A01
201000027861,0,33,000,00,2,7,01,B01
201000027861,0,07,000,00,2,0,15,A01
201000027862,1,10,000,00,2,1,01,Z01
201000027862,0,31,000,00,2,8,01,B01
201000027863,0,07,000,00,0,0,01,A01
201000027864,0,07,000,00,0,0,17,B01
201000027864,0,07,000,00,2,1,19,A01
201000027865,0,07,000,00,2,3,23,B01
201000027865,0,07,000,00,2,1,15,A01
201000027866,0,07,000,06,0,1,01,A01
201000027867,0,02,000,00,2,1,01,A01
201000027867,0,07,000,00,2,4,00,B01
201000027868,0,13,000,00,2,0,01,B01
201000027868,0,33,000,00,2,0,00,A01
201000027869,0,07,000,00,2,2,01,B01
201000027869,0,07,000,00,2,1,05,A01
201000027870,0,07,000,00,2,1,01,A01
201000027870,0,07,000,00,2,8,01,B01
201000027871,0,07,000,02,0,1,00,A01
201000027872,0,07,000,00,2,1,01,B01
201000027872,0,07,000,00,2,2,05,A01
201000027873,0,07,000,00,2,3,15,A01
201000027873,0,02,000,01,2,1,17,B01
201000027874,0,07,000,06,0,1,13,A01
201000027875,0,07,000,00,2,3,01,A01
201000027875,0,07,000,00,2,4,01,B01
201000027876,0,07,000,00,1,1,00,A01
201000027877,0,07,000,00,2,2,01,A01
201000027877,0,01,000,00,2,6,01,B01
201000027878,0,01,000,00,2,5,01,B01
201000027878,0,07,000,00,2,3,09,A01
201000027879,0,02,000,00,2,1,00,A01
201000027879,0,02,000,00,2,1,00,B01
201000027880,0,07,000,00,2,3,15,B01
201000027880,0,07,000,00,2,1,15,C01
201000027880,0,02,000,00,2,2,01,A01
201000027881,0,07,000,10,2,4,01,B01
201000027881,0,07,000,00,2,1,00,A01
201000027882,0,07,000,04,0,2,00,A01
201000027883,0,07,000,00,2,3,01,B01
201000027883,0,07,000,04,2,9,00,A01
201000027884,1,38,000,00,0,0,00,Z01
201000027885,1,33,000,00,0,4,00,B01
201000027885,1,07,000,00,0,0,00,Z01
201000027886,0,07,000,00,2,1,09,A01
201000027886,0,07,000,00,2,2,01,B01
201000027887,0,02,000,00,2,1,09,A01
201000027887,0,07,000,00,2,3,01,B01
201000027888,0,33,000,04,0,1,00,A01
201000027889,0,32,000,13,0,8,01,A01
201000027889,0,07,000,00,0,0,15,B01
201000027890,0,07,000,00,2,3,00,A01
201000027890,0,01,000,00,2,5,01,B01
201000027891,0,07,000,00,2,1,16,B01
201000027891,0,13,000,00,2,3,01,A01
201000027892,0,07,000,00,2,3,17,A01
201000027892,0,07,000,00,2,3,17,B01
201000027893,0,07,000,00,2,8,01,A01
201000027893,0,32,000,00,2,9,01,B01
201000027894,0,07,000,00,2,3,15,A01
201000027894,0,02,000,00,2,1,01,B01
201000027895,0,15,000,03,2,1,01,A01