Num_Acc,senc,catv,occutc,obs,obsm,choc,manv,num_veh
201000027895,0,07,000,03,2,9,01,B01
201000027896,0,07,000,04,2,9,01,A01
201000027896,0,07,000,04,2,9,01,B01
201000027897,0,07,000,02,0,8,01,A01
201000027898,0,07,000,00,2,2,19,A01
201000027898,0,07,000,00,2,1,01,D01
201000027898,0,07,000,00,2,1,01,C01
201000027898,0,33,000,00,2,1,01,B01
201000027899,0,33,000,00,2,7,01,B01
201000027899,0,07,000,00,2,3,11,A01
201000027900,0,07,000,00,2,7,01,B01
201000027900,0,30,000,00,2,8,11,A01
201000027901,1,30,000,00,9,0,00,Z01
201000027901,0,07,000,12,2,3,00,A01
201000027902,0,07,000,00,1,1,01,A01
201000027903,0,07,000,00,2,9,15,A01
201000027903,0,07,000,00,2,1,01,C01
201000027903,0,07,000,00,2,1,01,B01
201000027903,0,07,000,00,2,1,23,D01
201000027904,0,14,000,00,2,7,09,B01
201000027904,0,34,000,00,2,3,01,A01
201000027905,0,07,000,00,2,2,15,B01
201000027905,0,31,000,00,2,7,01,A01
201000027906,1,07,000,00,2,1,16,A01
201000027906,0,30,000,00,2,7,16,B01
201000027907,0,14,000,00,2,8,01,B01
201000027907,0,33,000,00,2,7,13,A01
201000027908,0,37,000,00,2,7,15,B01
201000027908,0,33,000,00,2,1,01,A01
201000027909,0,07,000,04,0,9,17,A01
201000027910,0,07,000,04,0,1,01,A01
201000027911,0,30,000,08,0,1,01,A01
201000027912,0,07,000,00,1,2,01,A01
201000027913,0,07,000,00,2,3,19,A01
201000027913,0,07,000,00,2,2,21,B01
201000027914,0,07,000,15,0,1,00,A01
201000027915,0,07,000,00,1,3,02,A01
201000027916,0,07,000,00,0,4,02,B01
201000027916,0,07,000,00,2,1,02,A01
201000027917,0,07,000,00,2,3,01,B01
201000027917,0,10,000,00,2,3,13,A01
201000027918,0,07,000,00,0,4,02,B01
201000027918,0,10,000,00,2,1,02,A01
201000027919,0,07,000,06,0,1,01,A01
201000027920,0,30,000,00,0,7,01,A01
201000027921,0,07,000,00,9,1,01,A01
201000027921,0,01,000,00,0,0,01,B01
201000027922,0,07,000,00,2,2,01,A01
201000027922,0,07,000,00,2,4,04,B01
201000027923,0,07,000,00,2,3,01,B01
201000027923,0,07,000,00,2,9,19,A01
201000027924,0,07,000,08,0,1,01,A01
201000027925,0,07,000,00,2,2,15,A01
201000027925,0,33,000,00,2,7,01,B01
201000027926,0,07,000,00,2,6,01,B01
201000027926,0,07,000,00,2,3,16,A01
201000027927,0,07,000,00,2,5,15,B01
201000027927,0,07,000,00,2,3,01,A01
201000027928,0,07,000,00,1,1,01,A01
201000027929,0,02,000,00,2,1,09,A01
201000027929,0,07,000,00,2,6,19,B01
201000027930,0,07,000,00,2,7,13,A01
201000027930,0,20,000,00,2,2,01,B01
201000027931,0,07,000,00,2,5,23,B01
201000027931,0,07,000,00,2,2,02,A01
201000027932,0,07,000,15,0,1,01,A01
201000027933,0,07,000,08,0,1,01,A01
201000027934,0,02,000,00,2,1,00,B01
201000027934,0,07,000,00,2,8,00,A01
201000027935,0,07,000,13,0,1,01,A01
201000027936,1,07,000,00,1,0,00,Z01
201000027937,0,33,000,00,2,1,01,B01
201000027937,0,07,000,00,2,4,11,A01
201000027938,0,07,000,04,2,6,01,B01
201000027938,0,07,000,04,2,5,01,A01
201000027939,0,07,000,05,0,0,00,A01
201000027940,0,07,000,04,0,0,00,A01
201000027941,0,33,000,00,2,1,01,B01
201000027941,0,07,000,00,2,2,15,A01
201000027942,0,01,000,00,2,1,01,B01
201000027942,0,07,000,00,2,2,15,A01
201000027943,0,07,000,12,2,2,01,A01
201000027943,0,07,000,15,2,6,01,B01
201000027944,0,07,000,00,2,1,01,A01
201000027944,0,07,000,00,2,3,09,B01
201000027945,0,02,000,00,2,3,01,A01
201000027945,0,01,000,00,2,2,16,B01
201000027946,0,07,000,00,2,1,15,A01
201000027946,0,02,000,00,2,1,01,B01
201000027947,0,07,000,00,2,7,01,A01
201000027947,0,01,000,00,2,1,01,B01
201000027948,0,07,000,00,2,2,15,A01
201000027948,0,07,000,00,2,2,01,B01
201000027949,0,33,000,00,0,8,01,A01
201000027950,1,07,000,00,1,1,01,A01
201000027951,0,07,000,00,2,8,01,B01
201000027951,0,07,000,00,2,3,15,A01
201000027952,0,07,000,00,1,2,01,A01
201000027953,0,33,000,00,2,1,00,A01
201000027953,1,07,000,00,2,0,00,Z01
201000027954,0,07,000,00,2,4,01,B01
201000027954,0,07,000,00,2,1,02,A01
201000027955,0,01,000,00,2,1,00,B01
201000027955,0,10,000,00,2,3,00,A01
201000027956,0,10,000,00,2,3,00,C01
201000027956,0,07,000,00,2,7,01,A01
201000027956,0,07,000,00,2,2,00,B01
201000027957,0,07,000,00,2,4,02,C01
201000027957,0,07,000,00,2,4,02,B01
201000027957,0,07,000,00,2,1,02,A01
201000027958,0,07,000,00,1,1,00,A01
201000027959,0,07,000,01,0,3,13,A01
201000027960,0,07,000,00,1,2,00,A01
201000027961,0,30,000,00,2,1,00,B01
201000027961,0,07,000,00,2,1,00,A01
201000027962,0,07,000,00,0,0,00,A01
201000027963,0,01,000,00,2,1,00,B01
201000027963,0,10,000,00,2,4,20,A01
201000027964,0,07,000,00,1,1,01,A01
201000027965,0,07,000,00,2,3,01,B01
201000027965,0,33,000,00,2,1,01,C01
201000027965,0,07,000,00,2,3,13,A01
201000027966,0,33,000,00,0,8,00,A01
201000027967,0,07,000,00,2,7,15,A01
201000027967,0,07,000,00,2,1,01,B01
201000027968,0,02,000,00,2,1,00,A01
201000027968,0,07,000,00,2,8,01,B01
201000027969,0,32,000,00,4,1,01,A01
201000027969,0,39,000,00,2,1,01,B01
201000027970,0,07,000,00,2,4,01,A01
201000027970,0,02,000,00,2,1,02,B01
201000027971,1,07,000,00,0,0,00,Z01
201000027971,0,33,000,00,0,8,01,B01
201000027972,0,31,000,00,2,1,01,B01
201000027972,0,07,000,00,2,7,01,A01
201000027973,0,07,000,00,0,9,14,A01
201000027974,0,33,000,00,2,2,13,A01
201000027974,0,07,000,00,2,3,16,B01
201000027975,0,33,000,00,2,1,01,A01
201000027975,0,07,000,00,2,6,01,B01
201000027976,0,33,000,00,2,1,13,A01
201000027976,0,07,000,00,2,2,01,B01
201000027977,0,99,000,00,2,6,00,B01
201000027977,0,07,000,00,2,2,00,A01
201000027978,0,33,000,00,2,3,01,B01
201000027978,0,07,000,00,2,3,15,A01
201000027979,0,07,000,00,1,1,01,A01
201000027980,0,07,000,00,0,2,01,A01
201000027981,0,07,000,00,2,1,05,A01
201000027981,0,07,000,00,2,1,01,B01
201000027982,0,07,000,00,2,7,02,B01
201000027982,0,32,000,00,2,0,11,A01
201000027983,0,07,000,00,2,4,02,A01
201000027983,1,07,000,00,2,1,02,Z01
201000027984,0,07,000,00,2,1,01,A01
201000027984,0,07,000,00,2,8,01,B01
201000027985,0,07,000,00,0,6,01,A01
201000027985,1,07,000,00,0,0,00,Z01
201000027986,0,10,000,00,2,2,15,A01
201000027986,0,32,000,00,2,3,01,B01
201000027987,0,07,000,00,2,1,15,A01
201000027987,0,07,000,00,2,4,01,B01
201000027988,0,31,000,00,2,1,01,B01
201000027988,0,07,000,00,2,2,15,A01
201000027989,0,07,000,00,1,0,00,A01
201000027990,0,07,000,00,1,1,01,A01
201000027991,0,02,000,00,1,1,01,A01
201000027992,0,01,000,00,2,7,06,B01
201000027992,0,07,000,00,2,1,01,A01
201000027993,0,07,000,00,1,0,00,A01
201000027994,0,07,000,00,2,4,00,B01
201000027994,0,33,000,00,2,1,01,A01
201000027995,0,31,000,00,0,0,00,A01
201000027996,1,07,000,00,1,1,00,Z01
201000027997,0,07,000,00,2,4,01,B01
201000027997,0,07,000,00,2,1,01,A01
201000027998,0,07,000,00,2,1,00,A01
201000027998,0,33,000,00,2,2,01,B01
201000027999,0,02,000,00,2,1,01,B01
201000027999,0,07,000,00,2,2,15,A01
201000028000,0,07,000,00,2,8,13,A01
201000028000,0,33,000,00,2,1,00,B01
201000028001,0,07,000,00,2,2,00,A01
201000028001,0,31,000,00,2,1,01,B01
201000028002,0,32,000,00,1,1,01,A01
201000028003,0,07,000,06,0,1,00,A01
201000028004,0,02,000,00,1,1,01,A01
201000028005,0,32,000,00,2,1,17,B01
201000028005,0,07,000,00,2,1,15,A01
201000028006,0,07,000,00,2,3,01,B01
201000028006,0,33,000,00,2,2,00,A01
201000028007,0,07,000,12,0,2,01,A01
201000028008,0,07,000,00,2,1,01,C01
201000028008,0,07,000,00,2,3,01,B01
201000028008,0,07,000,00,2,1,15,A01
201000028009,0,07,000,00,2,0,00,A01
201000028009,0,07,000,00,2,7,01,B01
201000028010,0,07,000,00,2,3,01,B01
201000028010,0,07,000,00,2,3,11,A01
201000028011,0,07,000,04,0,9,00,A01
201000028012,0,33,000,00,2,1,01,B01
201000028012,0,07,000,00,2,8,15,A01
201000028013,0,07,000,00,2,3,01,B01
201000028013,0,07,000,00,2,3,13,A01
201000028014,0,07,000,00,2,1,13,A01
201000028014,0,07,000,00,2,3,01,B01
201000028015,0,07,000,00,2,6,16,A01
201000028015,0,31,000,00,0,1,01,B01
201000028016,0,07,000,00,2,5,15,A01
201000028016,0,33,000,00,2,2,01,B01
201000028017,0,07,000,00,2,8,15,B01
201000028017,0,30,000,00,2,1,17,A01
201000028018,0,02,000,00,2,1,00,A01
201000028018,0,07,000,00,2,1,01,B01
201000028019,0,07,000,00,2,3,02,A01
201000028019,0,07,000,00,2,4,01,B01
201000028020,0,33,000,00,0,7,00,A01
201000028021,0,07,000,00,2,4,02,B01
201000028021,0,07,000,00,2,1,02,A01
201000028022,0,07,000,04,0,1,01,A01
201000028023,0,13,000,00,2,4,01,B01
201000028023,0,14,000,00,2,1,01,A01
201000028024,0,33,000,00,2,7,01,B01
201000028024,0,07,000,00,2,3,15,A01
201000028025,0,13,000,00,2,6,15,B01
201000028025,0,33,000,00,2,1,13,A01
201000028026,0,32,000,00,2,2,01,A01
201000028026,0,07,000,00,2,3,15,B01
201000028027,0,07,000,00,2,3,02,A01
201000028027,0,37,001,00,2,2,01,B01
201000028028,0,07,000,00,2,8,01,C01
201000028028,0,01,000,00,2,7,15,A01
201000028028,0,07,000,00,2,1,01,B01
201000028029,0,07,000,00,1,1,20,A01
201000028030,0,07,000,00,2,2,01,B01
201000028030,0,30,000,00,2,1,01,A01
201000028031,2,31,000,00,2,7,00,A01
201000028031,0,01,000,00,2,0,00,B01
201000028032,0,33,000,00,2,0,00,A01
201000028032,0,07,000,00,2,0,00,B01
201000028033,0,07,000,04,0,1,00,A01
201000028034,0,30,000,00,2,0,17,B01
201000028034,0,07,000,00,2,3,01,A01
201000028035,0,07,000,00,2,5,15,A01
201000028035,0,31,000,00,2,1,01,B01
201000028036,0,07,000,00,2,4,00,B01
201000028036,0,07,000,00,2,4,00,C01
201000028036,0,10,000,00,2,1,00,A01
201000028037,0,07,000,03,2,2,01,A01
201000028037,0,07,000,00,2,2,01,B01
201000028038,0,07,000,00,2,1,01,A01
201000028038,0,07,000,00,2,4,15,B01
201000028039,0,07,000,00,2,1,00,A01
201000028039,0,37,000,00,2,4,00,B01
201000028040,0,37,000,00,2,3,00,B01
201000028040,0,07,000,00,2,1,00,A01
201000028041,0,07,000,00,2,2,00,B01
201000028041,0,07,000,00,2,3,00,A01
201000028042,0,07,000,00,2,3,01,B01
201000028042,0,07,000,00,2,1,19,A01
201000028043,0,07,000,00,2,1,00,B01
201000028043,0,01,000,00,2,1,00,A01
201000028044,0,07,000,00,1,1,01,A01
201000028045,0,32,000,00,2,1,00,A01
201000028045,0,07,000,00,2,4,15,B01
201000028046,0,07,000,00,2,7,15,A01
201000028046,0,33,000,00,2,1,01,B01
201000028047,0,31,000,00,2,1,01,A01
201000028047,0,07,000,00,2,8,15,B01
201000028048,0,07,000,00,2,0,01,B01
201000028048,0,07,000,00,2,0,01,A01
201000028049,0,07,000,00,1,1,01,A01
201000028050,0,07,000,00,2,2,01,A01
201000028050,0,07,000,00,2,6,23,B01
201000028051,0,30,000,00,2,1,01,A01
201000028051,0,07,000,00,2,7,14,B01
201000028052,0,07,000,00,2,6,02,C01
201000028052,0,33,000,00,2,7,17,A01
201000028052,0,07,000,00,2,1,13,B01
201000028053,0,07,000,00,2,3,14,A01
201000028053,0,33,000,00,2,1,01,B01
201000028054,0,07,000,00,2,2,01,B01
201000028054,0,02,000,00,2,1,16,A01
201000028055,0,07,000,00,2,3,15,B01
201000028055,0,02,000,00,2,1,08,A01
201000028056,0,07,000,04,0,2,02,A01
201000028057,0,07,000,00,1,1,01,A01
201000028058,0,07,000,06,0,1,01,A01
201000028059,0,33,000,00,0,0,00,A01
201000028060,0,07,000,00,2,5,01,B01
201000028060,0,33,000,00,2,1,03,A01
201000028061,2,07,000,00,2,0,15,A01
201000028061,0,02,000,00,2,1,01,B01
201000028062,0,07,000,00,2,4,01,A01
201000028062,0,07,000,00,2,1,02,B01
201000028063,0,33,000,00,2,3,01,B01
201000028063,0,30,000,00,2,1,01,A01
201000028064,0,07,000,00,2,4,02,B01
201000028064,0,10,000,00,2,1,02,A01
201000028065,0,33,000,00,2,1,01,B01
201000028065,0,07,000,00,2,7,15,A01
201000028066,0,33,000,00,2,5,00,A01
201000028066,0,07,000,00,2,8,01,B01
201000028067,0,07,000,00,2,1,15,A01
201000028067,0,30,000,00,2,1,18,B01
201000028068,0,07,000,00,2,5,15,A01
201000028068,0,33,000,00,2,1,01,B01
201000028069,0,30,000,00,1,1,01,A01
201000028070,0,07,000,00,2,1,01,A01
201000028070,0,07,000,00,2,4,00,B01
201000028071,0,01,000,00,2,0,00,A01
201000028071,1,07,000,00,2,0,00,Z01
201000028072,0,07,000,00,2,1,16,A01
201000028072,0,07,000,00,2,3,01,B01
201000028073,0,07,000,00,1,3,01,A01
201000028074,0,32,000,00,2,1,01,A01
201000028074,0,07,000,00,2,4,00,B01
201000028075,0,07,000,00,2,3,15,A01
201000028075,0,02,000,00,2,1,01,B01
201000028076,0,30,000,00,2,1,17,B01
201000028076,0,07,000,00,2,3,15,A01
201000028077,0,01,000,00,2,0,00,A01
201000028077,0,07,000,00,2,2,00,B01
201000028078,0,10,000,00,0,6,00,A01
201000028078,0,32,000,00,2,1,14,B01
201000028079,0,07,000,00,2,1,15,A01
201000028079,0,33,000,00,2,1,01,B01
201000028080,0,07,000,01,0,8,01,A01
201000028081,0,31,000,00,2,8,17,B01
201000028081,0,07,000,00,2,3,15,A01
201000028082,0,32,000,00,2,3,01,A01
201000028082,1,07,000,00,2,2,12,Z01
201000028083,0,07,000,00,2,4,01,B01
201000028083,0,07,000,00,2,1,01,A01
201000028084,0,07,000,05,0,0,00,A01
201000028085,0,07,000,05,0,8,00,A01
201000028086,1,07,000,00,0,0,00,Z01
201000028086,0,02,000,00,2,1,01,B01
201000028087,0,07,000,00,2,1,00,A01
201000028087,0,07,000,00,2,4,00,B01
201000028088,0,07,000,00,2,5,09,A01
201000028088,0,07,000,00,2,3,01,B01
201000028089,0,07,000,00,2,2,00,A01
201000028089,0,34,000,00,2,2,00,B01
201000028090,0,07,000,00,2,1,00,A01
201000028090,0,01,000,00,2,4,00,B01
201000028091,0,15,000,00,2,2,01,B01
201000028091,0,07,000,00,2,8,11,A01
201000028092,0,10,000,00,2,4,02,B01
201000028092,0,10,000,00,2,1,01,A01
201000028093,0,32,000,01,0,1,01,A01
201000028094,1,07,000,00,2,0,00,Z01
201000028094,0,33,000,00,2,0,01,A01
201000028095,0,07,000,00,2,6,11,A01
201000028095,0,33,000,00,2,1,01,B01
201000028096,0,07,000,00,2,6,15,B01
201000028096,0,33,000,00,2,1,01,A01
201000028097,0,07,000,00,2,1,01,A01
201000028097,0,01,000,00,2,4,01,B01
201000028098,0,07,000,00,2,3,15,A01
201000028098,0,31,000,00,2,2,01,B01
201000028099,0,33,000,00,2,7,15,B01
201000028099,0,07,000,00,2,1,01,A01
201000028100,0,01,000,00,1,1,00,A01
201000028101,0,33,000,00,2,7,00,B01
201000028101,1,30,000,00,2,1,00,Z01
201000028102,0,07,000,00,2,4,01,B01
201000028102,0,07,000,00,2,1,01,A01
201000028103,0,32,000,01,0,1,01,A01
201000028104,0,30,000,00,2,1,01,B01
201000028104,0,07,000,00,2,2,15,A01
201000028105,0,33,000,00,2,3,01,B01
201000028105,0,07,000,00,2,1,15,A01
201000028106,0,07,000,00,2,3,00,A01
201000028106,0,33,000,00,2,1,00,B01
201000028107,0,07,000,00,1,1,20,A01
201000028108,0,02,000,00,2,2,01,B01
201000028108,0,07,000,00,2,1,09,A01
201000028109,0,01,000,00,0,0,01,B01
201000028109,0,07,000,00,0,0,14,A01
201000028110,0,07,000,00,2,8,23,D01
201000028110,0,07,000,00,0,4,23,E01
201000028110,0,07,000,00,2,0,23,B01
201000028110,0,07,000,00,2,2,01,A01
201000028110,0,07,000,00,2,6,23,C01
201000028111,0,02,000,00,2,1,11,A01
201000028111,0,07,000,00,2,3,11,B01
201000028112,0,07,000,00,2,8,10,B01
201000028112,0,02,000,00,2,7,00,A01
201000028113,0,02,000,00,0,0,01,A01
201000028114,0,07,000,00,1,2,01,A01
201000028115,0,07,000,00,2,3,01,B01
201000028115,0,07,000,00,2,2,12,A01
201000028116,0,07,000,00,2,6,15,A01
201000028116,0,31,000,00,2,1,01,B01
201000028117,0,07,000,00,2,8,15,B01
201000028117,0,07,000,00,2,1,01,A01
201000028118,0,07,000,00,2,4,23,B01
201000028118,0,07,000,00,2,1,02,A01
201000028118,0,07,000,00,2,4,23,C01
201000028118,0,07,000,00,2,4,23,D01
201000028119,0,07,000,00,2,7,15,A01
201000028119,0,33,000,00,2,1,01,B01
201000028120,0,07,000,00,1,0,00,A01
201000028121,0,33,000,00,2,8,13,B01
201000028121,0,07,000,00,2,3,15,A01
201000028122,0,02,000,00,2,1,01,B01
201000028122,0,10,000,00,2,6,10,A01
201000028123,0,30,000,00,2,1,02,A01
201000028123,0,07,000,00,2,6,15,B01
201000028124,0,31,000,00,2,1,01,A01
201000028124,0,10,000,00,2,1,15,B01
201000028125,0,07,000,09,0,4,23,C01
201000028125,1,07,000,00,2,1,01,A01
201000028125,0,07,000,00,2,4,23,B01
201000028125,0,07,000,00,0,8,23,D01
201000028126,0,32,000,00,2,1,05,B01
201000028126,0,07,000,00,2,5,15,A01
201000028127,0,07,000,00,1,1,01,A01
201000028128,0,07,000,00,2,4,02,A01
201000028128,0,07,000,00,2,4,02,B01
201000028128,0,10,000,00,2,1,02,C01
201000028129,0,01,000,00,2,1,01,B01
201000028129,0,10,000,00,2,1,15,A01
201000028130,0,07,000,00,2,7,22,A01
201000028130,0,01,000,00,2,1,01,B01
201000028131,0,07,000,00,2,5,01,A01
201000028131,0,30,000,00,2,3,15,B01
201000028132,0,07,000,00,2,7,12,A01
201000028132,0,33,000,00,2,8,01,B01
201000028133,0,07,000,00,9,3,15,A01
201000028133,0,01,000,00,2,1,01,B01
201000028134,0,07,000,00,2,4,10,A01
201000028134,0,33,000,00,2,1,17,B01
201000028135,0,07,000,00,1,8,01,A01
201000028136,0,07,000,00,1,1,17,A01
201000028137,0,07,000,00,1,5,04,A01
201000028138,0,07,000,00,2,1,00,C01
201000028138,0,07,000,00,2,2,00,D01
201000028138,0,07,000,00,2,3,00,B01
201000028138,0,07,000,00,2,1,00,A01
201000028139,0,01,000,00,2,1,00,A01
201000028140,0,07,000,00,2,1,01,A01
201000028140,0,07,000,00,2,7,15,B01
201000028141,0,02,000,00,0,1,15,A01
201000028141,0,07,000,00,2,2,01,B01
201000028142,0,07,000,00,2,1,01,A01
201000028142,0,07,000,00,2,3,15,B01
201000028143,0,02,000,00,2,3,01,A01
201000028143,1,02,000,00,2,0,00,Z01
201000028144,0,07,000,00,1,1,01,A01
201000028145,0,33,000,00,2,2,17,B01
201000028145,0,07,000,00,2,8,13,A01
201000028146,0,07,000,04,0,2,13,A01
201000028147,0,07,000,00,2,8,05,C01
201000028147,0,07,000,00,0,0,00,E01
201000028147,0,07,000,00,2,0,00,D01
201000028147,0,07,000,00,2,8,13,B01
201000028147,0,02,000,00,2,2,17,A01
201000028148,0,07,000,15,1,9,14,A01
201000028149,0,07,000,00,1,3,01,A01
201000028150,0,07,000,00,2,3,02,C01
201000028150,0,07,000,00,2,4,01,D01
201000028150,0,07,000,00,2,1,05,B01
201000028150,0,07,000,00,2,1,01,A01
201000028151,0,07,000,00,1,2,01,A01
201000028152,0,07,000,00,2,1,01,B01
201000028152,0,10,000,00,2,5,12,A01
201000028153,0,02,000,00,2,7,05,A01
201000028153,0,07,000,00,2,1,15,B01
201000028154,0,07,000,00,2,1,00,A01
201000028154,0,30,000,00,2,7,00,B01
201000028155,0,14,000,00,1,0,04,A01
201000028156,0,07,000,00,1,3,01,A01
201000028157,0,38,003,00,2,1,01,B01
201000028157,0,07,000,00,9,8,01,A01
201000028158,0,33,000,00,2,9,01,B01
201000028158,0,07,000,00,2,3,11,A01
201000028159,0,01,000,00,2,1,00,B01
201000028159,0,10,000,00,2,4,00,A01
201000028160,0,10,000,00,2,6,10,A01
201000028160,0,31,000,00,2,7,01,B01
201000028161,0,07,000,00,2,3,15,B01
201000028161,0,31,000,00,2,3,17,A01
201000028162,0,30,000,00,2,3,00,A01
201000028162,0,07,000,00,2,2,00,B01
201000028163,1,07,000,00,1,0,00,Z01
201000028164,0,07,000,00,2,8,01,C01
201000028164,0,07,000,00,2,2,01,B01
201000028164,0,07,000,00,2,1,00,A01
201000028165,0,07,000,00,2,4,00,A01
201000028165,0,01,000,00,2,1,00,B01
201000028166,0,02,000,00,2,1,00,B01
201000028166,0,07,000,00,2,5,00,C01
201000028166,0,07,000,00,2,0,00,A01
201000028167,0,07,000,00,2,4,02,B01
201000028167,0,07,000,00,2,1,01,A01
201000028168,0,02,000,00,1,1,16,A01
201000028169,0,07,000,00,1,3,15,A01
201000028170,0,10,000,00,2,3,09,A01
201000028170,0,02,000,00,2,1,01,B01
201000028171,0,07,000,00,2,3,00,A01
201000028171,0,02,000,00,2,1,01,B01
201000028172,0,07,000,00,2,1,00,A01
201000028173,0,01,000,00,2,0,01,C01
201000028173,0,14,000,00,2,7,17,A01
201000028173,0,01,000,00,2,0,01,B01
201000028174,0,33,000,05,0,8,00,A01
201000028175,0,33,000,00,2,3,01,B01
201000028175,1,07,000,00,2,0,00,Z01
201000028176,1,07,000,00,0,0,01,Z01
201000028176,0,02,000,00,2,1,01,B01
201000028177,0,07,000,00,1,1,00,A01
201000028178,0,07,000,00,2,2,15,A01
201000028178,0,33,000,00,2,1,08,B01
201000028179,0,07,000,00,2,3,22,B01
201000028179,0,01,000,01,0,1,01,A01
201000028180,0,07,000,00,2,4,01,C01
201000028180,0,07,000,00,2,1,02,B01
201000028180,0,15,000,00,2,1,02,A01
201000028181,0,07,000,00,2,0,00,B01
201000028181,0,01,000,00,0,0,00,C01
201000028181,0,33,000,00,2,0,00,A01
201000028182,0,07,000,00,2,1,00,A01
201000028182,0,07,000,00,2,7,00,B01
201000028183,0,07,000,00,2,8,01,A01
201000028183,0,33,000,00,2,7,17,B01
201000028184,0,07,000,00,2,2,09,A01
201000028184,0,33,000,00,2,6,23,B01
201000028185,1,07,000,00,1,1,01,Z01
201000028186,0,07,000,00,2,8,01,B01
201000028186,0,01,000,00,2,1,01,A01
201000028187,0,34,000,00,2,1,17,A01
201000028187,0,07,000,00,2,3,15,B01
201000028188,0,07,000,00,2,3,06,A01
201000028188,0,31,000,00,2,1,03,B01
201000028189,0,07,000,00,1,1,01,A01
201000028190,0,07,000,00,2,1,00,C01
201000028190,0,07,000,00,2,3,00,B01
201000028190,0,33,000,00,2,1,17,A01
201000028191,0,31,000,00,0,7,01,A01
201000028192,0,07,000,00,2,3,17,B01
201000028192,0,33,000,00,2,1,15,A01
201000028193,0,07,000,00,2,1,01,B01
201000028193,0,07,000,00,2,1,11,A01
201000028194,0,07,000,00,2,2,01,A01
201000028194,0,07,000,00,2,2,15,B01
201000028195,0,07,000,00,2,3,09,A01
201000028195,0,33,000,00,2,1,01,B01
201000028196,0,07,000,00,2,3,01,B01
201000028196,0,07,000,00,2,1,15,A01
201000028197,0,07,000,00,2,3,01,A01
201000028198,0,07,000,00,2,1,15,A01
201000028198,0,07,000,00,2,3,01,B01
201000028199,0,32,000,00,0,0,00,B01
201000028199,0,07,000,00,2,8,00,A01
201000028200,0,33,000,00,0,0,00,A01
201000028201,0,07,000,00,2,2,09,A01
201000028201,0,07,000,00,2,8,01,B01
201000028202,0,07,000,00,2,4,23,B01
201000028202,0,07,000,00,2,1,02,A01
201000028203,0,01,000,00,2,1,01,B01
201000028203,0,07,000,00,2,1,00,A01
201000028204,0,07,000,00,2,1,01,B01
201000028204,0,34,000,00,2,1,06,A01
201000028205,0,30,000,00,2,1,01,B01
201000028205,0,07,000,00,2,2,15,A01
201000028206,1,07,000,00,1,0,00,Z01
201000028207,0,07,000,09,0,1,00,A01
201000028208,0,07,000,00,1,1,01,A01
201000028209,0,07,000,03,0,9,01,A01
201000028210,0,32,000,00,0,0,01,A01
201000028210,0,07,000,00,0,0,00,B01
201000028211,0,07,000,00,2,3,15,B01
201000028211,0,33,000,00,2,3,01,A01
201000028212,0,07,000,00,9,2,00,B01
201000028212,0,30,000,00,2,0,00,A01
201000028213,1,07,000,00,2,2,00,Z01
201000028213,0,07,000,00,2,8,01,A01
201000028214,0,07,000,00,2,8,01,B01
201000028214,0,07,000,00,2,1,01,A01
201000028215,0,07,000,00,0,0,00,A01
201000028216,0,07,000,00,0,1,00,A01
201000028217,0,07,000,00,2,2,13,A01
201000028217,0,07,000,00,2,1,01,B01
201000028218,0,07,000,00,0,0,00,A01
201000028219,0,07,000,00,2,1,13,A01
201000028219,0,07,000,00,2,1,00,B01
201000028220,0,02,000,15,0,1,00,A01
201000028221,0,07,000,09,0,1,21,A01
201000028222,0,07,000,00,2,2,00,C01
201000028222,0,07,000,00,2,1,00,A01
201000028222,0,07,000,00,2,5,00,B01
201000028223,0,33,000,00,2,1,00,B01
201000028223,0,02,000,00,2,8,01,A01
201000028224,2,34,000,00,2,1,00,Z01
201000028224,0,01,000,00,2,4,01,A01
201000028225,0,30,000,00,2,1,02,A01
201000028225,0,07,000,00,2,4,01,B01
201000028226,0,07,000,01,0,9,00,A01
201000028227,0,33,000,00,2,0,01,B01
201000028227,0,07,000,00,2,1,01,A01
201000028228,0,31,000,00,2,7,17,A01
201000028228,0,07,000,00,2,1,15,B01
201000028229,0,10,000,00,2,5,17,A01
201000028229,0,32,000,00,2,6,01,B01
201000028230,0,02,000,00,2,3,02,A01
201000028230,0,07,000,00,2,4,02,B01
201000028231,0,07,000,00,0,8,22,A01
201000028231,0,02,000,00,2,1,01,B01
201000028232,0,33,000,00,2,0,16,B01
201000028232,0,07,000,00,2,0,00,A01
201000028233,0,07,000,00,1,0,16,A01
201000028234,0,07,000,03,0,9,00,A01
201000028235,0,07,000,05,0,9,01,A01
201000028236,0,07,000,00,2,1,02,A01
201000028236,0,07,000,00,2,4,02,B01
201000028236,0,07,000,00,2,1,02,C01
201000028237,0,33,000,00,2,1,01,A01
201000028237,0,10,000,00,2,4,02,B01
201000028238,0,30,000,00,1,1,01,A01
201000028239,0,30,000,01,2,1,01,A01
201000028239,1,07,000,00,0,0,00,Z01
201000028240,0,01,000,00,0,1,00,B01
201000028240,0,07,000,00,2,2,00,A01
201000028241,0,07,000,00,2,4,00,B01
201000028241,0,30,000,00,2,1,00,A01
201000028242,0,07,000,00,1,1,01,A01
201000028243,0,07,000,00,2,8,09,A01
201000028243,0,32,000,00,2,1,01,B01
201000028244,0,07,000,04,0,1,00,A01
201000028245,0,07,000,00,1,3,01,A01
201000028246,0,07,000,00,1,2,01,A01