Num_Acc,senc,catv,occutc,obs,obsm,choc,manv,num_veh
201000028594,0,07,000,00,2,1,16,A01
201000028595,0,07,000,00,2,3,13,A01
201000028595,0,02,000,00,2,2,01,B01
201000028596,0,07,000,02,0,1,01,A01
201000028597,0,07,000,00,1,2,16,A01
201000028598,0,30,000,00,2,1,01,B01
201000028598,0,07,000,00,2,1,01,A01
201000028599,1,07,000,00,1,1,01,Z01
201000028600,0,07,000,00,2,1,01,A01
201000028600,0,07,000,00,2,4,02,C01
201000028600,0,07,000,00,2,4,02,B01
201000028601,0,07,000,00,2,1,01,A01
201000028601,0,07,000,00,2,4,20,B01
201000028602,0,07,000,02,0,7,01,A01
201000028603,0,14,000,00,2,2,01,B01
201000028603,0,10,000,00,2,8,10,A01
201000028604,0,07,000,00,2,6,01,C01
201000028604,0,07,000,00,2,1,01,B01
201000028604,0,07,000,00,2,1,01,A01
201000028605,0,07,000,00,0,1,01,B01
201000028605,0,07,000,00,2,3,15,A01
201000028606,0,07,000,00,2,8,15,A01
201000028606,0,02,000,00,2,1,17,B01
201000028607,0,07,000,00,2,3,09,A01
201000028607,0,01,000,00,0,2,01,B01
201000028608,0,01,000,00,0,4,01,B01
201000028608,0,07,000,00,2,1,01,A01
201000028609,0,33,000,00,2,1,01,B01
201000028609,0,07,000,00,2,2,15,A01
201000028610,0,07,000,00,2,1,01,A01
201000028610,0,07,000,00,2,4,23,B01
201000028611,0,07,000,00,2,1,01,A01
201000028611,0,99,000,00,2,3,01,B01
201000028611,0,07,000,00,2,4,01,C01
201000028612,0,07,000,00,2,7,10,A01
201000028612,0,07,000,00,2,3,01,B01
201000028613,0,07,000,00,1,2,01,A01
201000028614,0,10,000,00,0,6,15,B01
201000028614,0,02,000,00,2,3,17,A01
201000028615,0,02,000,11,0,1,13,A01
201000028616,0,07,000,00,2,2,19,A01
201000028616,0,07,000,00,0,8,23,C01
201000028616,0,07,000,00,2,1,01,B01
201000028617,0,07,000,00,0,3,01,B01
201000028617,0,33,000,00,2,7,17,A01
201000028618,0,07,000,00,0,6,24,B01
201000028618,0,02,000,01,0,1,14,A01
201000028619,0,01,000,00,2,1,01,A01
201000028619,0,37,001,00,2,0,01,B01
201000028620,0,01,000,00,0,1,01,B01
201000028620,0,07,000,00,2,2,01,A01
201000028621,0,01,000,00,2,1,01,B01
201000028621,0,07,000,00,2,2,01,A01
201000028622,0,10,000,00,0,0,00,C01
201000028622,0,07,000,00,2,2,14,A01
201000028622,0,07,000,00,2,2,01,B01
201000028623,0,07,000,00,2,1,01,A01
201000028623,0,07,000,00,2,3,15,B01
201000028624,0,30,000,00,2,0,01,B01
201000028624,0,07,000,00,2,0,04,A01
201000028625,1,07,000,00,2,0,01,A01
201000028625,0,33,000,00,2,0,01,B01
201000028626,0,01,000,00,2,6,16,B01
201000028626,0,07,000,00,2,7,01,A01
201000028627,0,10,000,00,2,9,01,A01
201000028627,0,07,000,00,2,1,01,B01
201000028628,0,02,000,02,0,1,01,A01
201000028629,0,07,000,00,2,1,01,A01
201000028629,0,10,000,00,2,4,23,B01
201000028630,0,01,000,00,2,2,01,A01
201000028630,0,07,000,00,2,3,01,B01
201000028631,0,07,000,00,2,2,15,A01
201000028631,0,33,000,00,2,1,01,B01
201000028632,0,33,000,00,2,7,17,B01
201000028632,1,99,000,00,0,0,00,Z01
201000028633,0,07,000,00,1,1,01,A01
201000028634,0,33,000,00,2,1,01,B01
201000028634,0,30,000,00,2,8,10,A01
201000028635,0,02,000,00,2,7,17,A01
201000028635,0,07,000,00,2,3,01,B01
201000028636,0,07,000,00,2,3,10,A01
201000028636,0,33,000,00,0,7,01,B01
201000028637,0,07,000,00,2,8,01,B01
201000028637,0,33,000,00,2,2,17,A01
201000028638,0,07,000,00,2,0,01,A01
201000028638,0,02,000,00,2,8,01,B01
201000028639,0,07,000,00,1,4,04,A01
201000028640,0,07,000,00,2,1,01,A01
201000028640,0,01,000,00,2,7,15,B01
201000028641,0,07,000,00,2,5,23,B01
201000028641,0,07,000,00,2,4,04,A01
201000028642,0,07,000,00,2,1,02,A01
201000028642,0,07,000,00,2,4,01,B01
201000028643,0,10,000,00,2,1,01,B01
201000028643,0,31,000,00,2,2,15,A01
201000028644,0,07,000,15,0,1,00,A01
201000028645,0,33,000,00,2,1,01,A01
201000028645,0,07,000,00,2,7,01,B01
201000028646,0,10,000,00,2,4,15,B01
201000028646,0,07,000,00,2,1,01,A01
201000028647,0,31,000,00,2,2,17,A01
201000028647,0,07,000,00,0,3,15,B01
201000028648,0,07,000,00,0,1,09,A01
201000028648,0,01,000,00,2,1,01,B01
201000028649,0,10,000,00,0,3,01,B01
201000028649,0,07,000,00,2,3,13,A01
201000028650,0,01,000,00,2,1,01,B01
201000028650,0,07,000,00,2,6,16,A01
201000028651,0,01,000,00,2,8,01,B01
201000028651,0,07,000,00,2,2,14,A01
201000028652,0,33,000,00,2,1,01,A01
201000028652,0,07,000,00,2,4,01,B01
201000028653,0,07,000,00,2,4,01,B01
201000028653,0,02,000,00,2,1,01,A01
201000028654,0,07,000,00,2,8,13,A01
201000028654,0,07,000,00,2,9,01,B01
201000028655,0,07,000,00,2,1,01,C01
201000028655,0,07,000,00,2,4,01,B01
201000028655,0,07,000,00,2,1,01,A01
201000028656,0,07,000,00,2,7,01,A01
201000028656,0,02,000,00,2,1,01,B01
201000028657,0,07,000,00,2,4,01,B01
201000028657,0,02,000,00,2,1,01,A01
201000028658,0,01,000,00,2,5,01,B01
201000028658,0,07,000,00,2,1,01,A01
201000028659,0,07,000,00,2,3,09,A01
201000028659,0,02,000,00,0,2,01,B01
201000028660,0,07,000,00,2,3,01,B01
201000028660,0,07,000,00,2,1,01,C01
201000028660,0,33,000,00,2,1,01,A01
201000028661,0,30,000,00,2,1,01,A01
201000028661,0,07,000,00,0,5,04,B01
201000028662,0,01,000,00,2,6,01,B01
201000028662,0,07,000,00,2,1,01,A01
201000028663,0,07,000,00,2,3,01,B01
201000028663,0,10,000,00,2,1,13,A01
201000028664,0,02,000,00,2,1,01,B01
201000028664,0,07,000,00,2,1,15,A01
201000028665,0,07,000,00,2,3,00,A01
201000028665,0,01,000,00,2,2,01,B01
201000028666,0,02,000,00,1,1,01,A01
201000028667,0,07,000,01,0,1,14,A01
201000028668,0,07,000,01,0,2,14,A01
201000028669,0,07,000,00,2,2,13,A01
201000028669,0,07,000,00,2,1,01,B01
201000028670,0,03,000,03,2,1,01,C01
201000028670,0,07,000,00,2,1,01,B01
201000028670,0,07,000,00,2,2,01,A01
201000028671,0,07,000,06,0,9,01,A01
201000028672,0,07,000,00,1,8,01,A01
201000028673,0,07,000,00,2,7,01,B01
201000028673,0,30,000,00,2,1,03,A01
201000028674,0,07,000,00,2,8,15,A01
201000028674,0,31,000,00,2,1,17,B01
201000028675,0,07,000,00,1,2,01,A01
201000028676,0,02,000,00,2,1,01,B01
201000028676,0,10,000,00,2,3,01,A01
201000028677,0,07,000,00,1,1,15,A01
201000028678,0,10,000,00,2,8,15,A01
201000028678,0,33,000,00,2,1,17,B01
201000028679,0,07,000,00,2,3,01,A01
201000028679,0,02,000,00,2,2,01,B01
201000028680,0,07,000,00,1,1,01,A01
201000028681,0,07,000,00,2,2,01,A01
201000028681,0,01,000,00,0,4,01,B01
201000028682,0,07,000,00,1,2,04,A01
201000028683,0,07,000,00,0,9,01,A01
201000028684,0,07,000,00,2,5,01,A01
201000028684,0,02,000,00,2,1,16,B01
201000028685,0,07,000,00,2,2,24,B01
201000028685,0,07,000,00,2,2,01,A01
201000028686,0,07,000,00,2,3,15,A01
201000028686,0,02,000,00,2,3,23,B01
201000028687,0,10,000,00,2,3,09,A01
201000028687,0,02,000,00,2,2,01,B01
201000028688,0,02,000,00,2,1,02,A01
201000028689,0,07,000,00,2,4,02,B01
201000028689,0,07,000,00,2,1,02,A01
201000028690,0,07,000,00,1,1,02,A01
201000028691,0,02,000,00,2,1,02,A01
201000028691,0,07,000,00,2,3,15,B01
201000028692,1,30,000,00,0,8,01,A01
201000028692,1,07,000,00,0,0,00,Z01
201000028693,0,02,000,00,1,1,01,A01
201000028694,0,07,000,00,2,2,16,A01
201000028694,0,30,000,00,2,1,01,B01
201000028695,0,07,000,00,2,8,15,A01
201000028695,0,30,000,00,2,1,01,B01
201000028696,0,07,000,00,2,0,15,A01
201000028696,0,33,000,00,0,8,01,B01
201000028697,0,07,000,01,0,2,14,A01
201000028698,0,07,000,00,2,0,01,B01
201000028698,0,31,000,00,2,7,17,A01
201000028699,0,02,000,00,2,1,01,B01
201000028699,0,07,000,00,2,1,15,A01
201000028700,0,07,000,00,0,4,02,B01
201000028700,0,07,000,00,2,1,02,A01
201000028701,0,07,000,00,1,1,01,A01
201000028702,0,31,000,00,2,1,15,A01
201000028702,0,07,000,00,0,8,15,B01
201000028703,0,07,000,00,2,1,02,A01
201000028704,0,07,000,00,2,1,02,A01
201000028704,0,07,000,00,0,4,02,C01
201000028704,0,07,000,00,2,4,02,B01
201000028705,0,07,000,00,2,0,02,A01
201000028706,0,07,000,00,1,0,16,A01
201000028707,0,34,000,00,2,1,01,B01
201000028707,0,07,000,00,2,8,01,A01
201000028708,0,07,000,00,2,8,15,B01
201000028708,0,02,000,00,2,1,01,A01
201000028709,0,10,000,00,2,1,15,A01
201000028709,0,10,000,00,2,8,01,B01
201000028709,0,07,000,00,2,8,02,C01
201000028710,0,07,000,00,1,1,02,A01
201000028711,0,07,000,06,0,7,01,A01
201000028712,0,02,000,00,0,1,01,B01
201000028712,0,07,000,00,9,1,15,A01
201000028713,0,07,000,00,0,7,16,A01
201000028713,0,02,000,00,2,1,02,B01
201000028714,0,07,000,00,1,3,01,A01
201000028715,0,07,000,00,2,1,09,A01
201000028715,0,07,000,01,2,1,01,B01
201000028716,0,10,000,00,9,3,02,A01
201000028716,0,33,000,00,0,4,23,B01
201000028717,0,07,000,00,2,4,02,B01
201000028717,0,07,000,00,2,1,02,A01
201000028718,0,07,000,00,2,7,17,A01
201000028718,0,30,000,00,2,8,01,B01
201000028719,0,07,000,08,0,5,02,A01
201000028720,0,07,000,00,1,1,02,A01
201000028721,0,07,000,00,1,1,01,A01
201000028722,0,02,000,00,2,1,02,A01
201000028722,0,01,000,00,2,1,02,B01
201000028723,0,10,000,00,2,4,02,C01
201000028723,0,07,000,00,2,1,01,A01
201000028723,0,07,000,00,2,4,02,B01
201000028723,0,07,000,00,2,4,02,D01
201000028724,0,07,000,00,1,1,02,A01
201000028725,0,07,000,00,1,7,01,A01
201000028726,0,07,000,00,2,1,15,A01
201000028726,0,01,000,00,2,1,02,B01
201000028727,0,01,000,00,2,1,02,B01
201000028727,0,07,000,00,2,1,02,A01
201000028728,0,07,000,00,1,3,15,A01
201000028729,0,10,000,00,2,1,02,B01
201000028729,0,07,000,00,2,1,02,A01
201000028730,0,07,000,00,2,4,02,B01
201000028730,0,14,000,00,2,1,14,A01
201000028731,0,02,000,00,2,1,02,B01
201000028731,0,07,000,00,2,7,02,A01
201000028732,0,07,000,00,2,1,02,B01
201000028732,0,01,000,00,2,1,02,A01
201000028733,0,07,000,01,2,1,02,A01
201000028733,0,07,000,00,2,1,02,B01
201000028734,0,07,000,00,2,3,02,A01
201000028734,0,02,000,00,2,3,02,B01
201000028735,0,01,000,00,0,4,02,B01
201000028735,0,07,000,00,2,1,02,A01
201000028736,0,37,041,00,0,5,01,B01
201000028736,0,07,000,00,0,8,24,A01
201000028737,0,33,000,00,2,1,01,B01
201000028737,0,07,000,00,0,5,10,A01
201000028738,1,07,000,00,0,5,02,Z01
201000028738,0,07,000,00,0,3,02,A01
201000028739,0,20,000,00,1,2,16,A01
201000028740,0,07,000,00,1,7,01,A01
201000028741,0,07,000,00,0,0,15,A01
201000028741,0,31,000,00,0,8,01,B01
201000028742,0,10,000,00,2,1,01,A01
201000028742,0,07,000,00,2,4,02,B01
201000028742,0,07,000,00,2,4,02,C01
201000028743,0,40,000,00,2,1,02,B01
201000028743,0,07,000,00,2,8,02,A01
201000028744,0,02,000,00,0,7,01,B01
201000028744,0,07,000,00,9,3,15,A01
201000028745,0,07,000,00,2,1,02,A01
201000028745,0,31,000,00,2,9,02,B01
201000028746,0,07,000,00,1,1,15,A01
201000028747,0,10,000,00,1,5,04,A01
201000028748,0,07,000,00,2,1,02,A01
201000028748,0,07,000,00,2,0,02,D01
201000028748,0,07,000,00,2,1,02,C01
201000028748,0,07,000,00,2,1,02,B01
201000028749,0,33,000,01,1,9,02,A01
201000028750,0,07,000,00,2,1,02,A01
201000028750,0,07,000,00,2,4,02,B01
201000028751,0,07,000,00,2,1,15,A01
201000028751,0,02,000,00,2,1,15,B01
201000028752,0,02,000,00,2,1,02,A01
201000028752,0,07,000,00,2,1,02,B01
201000028753,0,07,000,00,2,1,15,A01
201000028753,0,07,000,00,2,1,02,B01
201000028754,0,07,000,01,0,7,02,A01
201000028755,0,33,000,00,2,7,02,A01
201000028755,0,07,000,00,2,1,02,B01
201000028756,0,33,000,00,0,8,01,B01
201000028756,0,07,000,00,9,3,15,A01
201000028757,0,07,000,00,2,1,02,A01
201000028757,0,07,000,00,2,1,02,B01
201000028758,0,07,000,00,0,8,10,A01
201000028758,0,40,000,00,2,1,01,B01
201000028759,0,07,000,00,2,1,02,A01
201000028759,0,07,000,00,2,4,02,B01
201000028760,0,07,000,00,0,4,02,B01
201000028760,0,07,000,00,2,1,02,A01
201000028761,0,07,000,00,2,3,02,C01
201000028761,0,31,000,00,2,1,02,A01
201000028761,0,07,000,00,2,3,15,B01
201000028762,0,07,000,00,0,1,15,B01
201000028762,0,02,000,00,2,9,02,A01
201000028763,0,31,000,00,6,8,01,A01
201000028764,0,07,000,00,1,0,02,A01
201000028765,0,07,000,00,1,1,02,A01
201000028766,0,07,000,00,2,1,15,A01
201000028766,0,33,000,00,2,1,02,B01
201000028767,0,07,000,00,1,1,02,A01
201000028768,0,07,000,00,2,1,00,A01
201000028768,0,07,000,00,2,3,02,B01
201000028769,0,02,000,00,2,8,02,A01
201000028769,0,07,000,00,2,3,15,B01
201000028770,0,07,000,00,2,3,10,A01
201000028770,0,33,000,00,2,1,01,B01
201000028771,0,02,000,00,1,1,02,A01
201000028772,0,07,000,00,1,0,02,A01
201000028773,0,10,000,00,2,7,16,A01
201000028773,0,30,000,00,2,3,01,B01
201000028774,0,07,000,00,0,8,15,A01
201000028774,0,32,000,00,2,1,01,B01
201000028775,0,07,000,00,2,1,02,B01
201000028775,0,07,000,00,2,1,15,A01
201000028776,0,02,000,00,2,1,01,A01
201000028776,0,07,000,00,2,5,00,B01
201000028777,0,07,000,00,2,1,02,A01
201000028777,0,02,000,00,2,9,02,B01
201000028778,0,07,000,00,2,2,15,A01
201000028778,0,31,000,00,2,1,01,B01
201000028779,0,31,000,00,2,1,01,A01
201000028779,0,07,000,00,2,8,15,B01
201000028780,0,07,000,00,2,2,15,A01
201000028780,0,02,000,00,2,2,01,B01
201000028781,0,07,000,00,2,1,02,A01
201000028781,0,33,000,00,2,4,02,B01
201000028782,0,33,000,00,2,7,02,A01
201000028782,0,03,000,00,2,1,02,B01
201000028783,0,07,000,00,2,8,09,A01
201000028783,0,33,000,00,2,1,02,B01
201000028784,0,07,000,00,1,4,04,A01
201000028785,0,31,000,00,1,7,02,A01
201000028786,0,31,000,00,2,4,01,B01
201000028786,0,07,000,00,0,3,01,A01
201000028787,0,07,000,00,2,2,02,A01
201000028787,0,31,000,00,2,1,02,B01
201000028788,0,10,000,00,0,5,15,A01
201000028788,0,02,000,00,2,1,01,B01
201000028789,0,32,000,00,1,1,01,A01
201000028790,0,32,000,00,2,1,01,A01
201000028790,0,07,000,00,0,3,01,B01
201000028791,0,07,000,00,2,6,15,A01
201000028791,0,33,000,00,2,9,02,B01
201000028792,0,02,000,00,2,7,02,A01
201000028792,0,07,000,00,2,1,02,B01
201000028793,0,10,000,00,1,1,01,A01
201000028794,0,02,000,00,2,7,01,A01
201000028794,0,07,000,00,2,1,15,B01
201000028795,0,07,000,00,2,2,01,A01
201000028795,0,02,000,00,2,1,01,B01
201000028796,0,02,000,00,2,1,01,A01
201000028796,0,10,000,00,2,7,15,B01
201000028797,0,30,000,00,1,0,00,Z01
201000028798,0,01,000,00,2,8,15,A01
201000028798,0,07,000,00,2,1,15,B01
201000028799,0,02,000,00,2,1,02,A01
201000028799,0,07,000,00,2,4,02,B01
201000028800,0,07,000,00,1,1,00,A01
201000028801,0,07,000,00,1,1,02,A01
201000028802,0,07,000,00,1,1,16,A01
201000028803,0,07,000,00,2,1,02,A01
201000028803,0,07,000,00,2,4,02,B01
201000028804,0,02,000,00,2,8,02,B01
201000028804,0,07,000,00,0,3,15,A01
201000028805,0,07,000,00,2,4,15,A01
201000028805,0,02,000,00,2,1,02,B01
201000028806,0,07,000,00,2,1,02,B01
201000028806,0,07,000,00,2,1,02,A01
201000028806,0,07,000,00,2,1,02,C01
201000028806,0,07,000,00,2,4,02,D01
201000028807,0,07,000,00,2,8,13,A01
201000028807,0,07,000,00,2,1,02,B01
201000028808,0,10,000,00,2,4,04,A01
201000028808,0,07,000,00,2,7,01,B01
201000028809,0,07,000,00,2,1,02,A01
201000028809,0,07,000,00,2,1,16,B01
201000028810,0,07,000,00,2,3,15,A01
201000028810,0,02,000,00,2,1,02,B01
201000028811,0,07,000,00,2,3,01,A01
201000028811,0,34,000,00,2,1,01,B01
201000028812,0,10,000,00,2,1,15,A01
201000028812,0,07,000,00,2,8,01,B01
201000028813,0,07,000,00,2,1,02,B01
201000028813,0,07,000,00,2,1,05,A01
201000028814,0,01,000,00,2,1,01,B01
201000028814,1,07,000,00,2,1,16,A01
201000028815,0,07,000,00,2,1,01,A01
201000028815,0,07,000,00,2,5,01,B01
201000028816,0,07,000,00,2,1,15,A01
201000028816,0,02,000,00,2,1,02,B01
201000028817,0,07,000,00,2,4,02,C01
201000028817,0,07,000,00,2,4,02,B01
201000028817,0,07,000,00,2,1,01,A01
201000028818,0,14,000,00,1,0,01,A01
201000028819,0,07,000,00,1,0,04,A01
201000028820,0,07,000,00,1,1,02,A01
201000028821,0,07,000,00,1,1,02,A01
201000028822,0,01,000,00,2,9,01,A01
201000028823,0,07,000,06,0,1,01,A01
201000028824,0,10,000,00,2,8,01,B01
201000028824,0,33,000,00,2,1,13,A01
201000028825,0,07,000,00,2,5,15,A01
201000028825,0,33,000,00,2,9,01,B01
201000028826,0,40,000,00,1,0,01,A01
201000028827,0,07,000,00,2,5,01,C01
201000028827,0,01,000,00,2,1,01,B01
201000028827,0,33,000,00,2,1,01,A01
201000028828,0,07,000,00,2,1,01,B01
201000028828,0,07,000,00,2,5,01,A01
201000028829,0,07,000,00,1,7,01,A01
201000028830,0,07,000,00,2,1,00,A01
201000028830,0,01,000,00,2,1,01,B01
201000028831,0,14,000,00,2,1,16,A01
201000028831,0,10,000,00,2,1,01,B01
201000028832,0,10,000,00,2,1,01,A01
201000028832,0,07,000,00,2,0,01,B01
201000028833,0,07,000,00,2,3,15,B01
201000028833,0,07,000,00,1,1,17,A01
201000028834,0,07,000,00,2,2,01,C01
201000028834,0,02,000,00,2,6,01,A01
201000028834,0,07,000,00,2,5,01,B01
201000028835,0,07,000,00,2,1,01,A01
201000028835,0,01,000,00,2,1,15,B01
201000028836,0,07,000,00,2,1,01,A01
201000028836,0,37,015,00,2,1,01,B01
201000028837,0,07,000,00,2,1,01,A01
201000028837,0,07,000,00,2,4,01,B01
201000028838,0,33,000,00,2,1,05,B01
201000028838,0,10,000,00,2,1,15,A01
201000028839,0,10,000,00,2,1,13,A01
201000028839,0,07,000,00,0,1,01,B01
201000028840,0,07,000,00,2,1,15,A01
201000028840,0,01,000,00,2,2,01,B01
201000028841,0,07,000,00,2,1,01,B01
201000028841,0,07,000,00,2,1,01,C01
201000028841,0,33,000,00,2,1,01,A01
201000028842,0,10,000,00,1,2,01,A01
201000028843,0,07,000,00,2,1,15,A01
201000028843,0,02,000,00,2,1,01,B01
201000028844,0,07,000,00,2,1,15,A01
201000028844,0,34,000,00,2,1,01,B01
201000028845,0,01,000,00,2,0,01,B01
201000028845,0,07,000,00,2,1,01,A01
201000028846,0,07,000,00,1,1,00,A01
201000028847,0,10,000,00,2,1,01,A01
201000028847,0,07,000,00,0,4,01,B01
201000028848,0,37,015,00,1,1,01,A01
201000028849,0,07,000,00,2,1,02,A01
201000028849,0,33,000,00,2,1,01,B01
201000028850,0,07,000,00,1,1,01,A01
201000028851,0,07,000,00,2,1,01,C01
201000028851,0,07,000,00,2,1,01,B01
201000028851,0,07,000,00,2,1,05,A01
201000028852,0,37,001,00,2,1,01,C01
201000028852,0,10,000,08,2,1,05,A01
201000028853,0,07,000,00,2,2,15,A01
201000028853,0,07,000,00,2,2,01,B01
201000028854,0,07,000,00,2,1,01,A01
201000028854,0,07,000,00,2,4,01,B01
201000028855,0,33,000,00,2,8,09,B01
201000028855,0,07,000,00,0,6,01,A01
201000028856,0,07,000,09,0,2,01,A01
201000028857,0,30,000,00,2,1,01,A01
201000028857,0,10,000,00,2,2,20,B01
201000028858,0,07,000,00,2,7,16,A01
201000028858,0,01,000,00,2,1,01,B01
201000028859,0,07,000,00,2,1,02,A01
201000028860,0,07,000,00,2,7,01,A01
201000028860,0,07,000,00,2,8,01,B01
201000028861,0,34,000,01,0,0,14,B01
201000028861,0,07,000,00,0,0,00,A01
201000028862,0,07,000,00,9,8,15,A01
201000028862,0,40,000,00,2,1,01,B01
201000028863,0,07,000,00,2,1,01,A01
201000028863,0,07,000,00,2,4,02,C01
201000028863,0,10,000,00,2,4,02,B01
201000028863,0,07,000,00,2,4,02,D01
201000028864,0,07,000,00,2,1,15,B01
201000028864,0,30,000,00,2,7,01,A01
201000028865,0,30,000,00,2,1,01,A01
201000028865,0,07,000,00,2,4,15,B01
201000028866,0,07,000,01,0,1,00,A01
201000028867,0,07,000,00,0,0,01,A01
201000028868,0,02,000,00,2,1,05,A01
201000028868,0,07,000,00,2,1,01,B01
201000028869,0,07,000,00,2,6,15,A01
201000028869,0,33,000,00,2,1,01,B01
201000028870,0,01,000,00,1,1,01,A01
201000028871,0,10,000,00,2,8,01,A01
201000028871,0,37,001,00,0,2,01,B01
201000028872,0,07,000,00,1,1,15,A01
201000028873,0,07,000,00,1,1,01,A01
201000028874,0,07,000,00,0,4,01,B01
201000028874,0,02,000,00,2,1,01,A01
201000028875,0,33,000,00,2,8,14,B01
201000028875,0,07,000,00,2,7,15,A01
201000028876,0,31,000,00,0,8,01,B01
201000028876,0,07,000,00,2,1,16,A01
201000028877,0,02,000,00,0,1,01,B01
201000028877,0,07,000,00,2,7,16,A01
201000028878,0,07,000,00,0,1,23,B01
201000028878,2,07,000,00,2,0,13,Z01
201000028879,0,33,000,00,2,1,01,B01
201000028879,0,33,000,00,0,6,10,A01
201000028880,0,01,000,00,0,2,01,A01
201000028880,0,07,000,00,2,1,01,B01
201000028881,0,02,000,00,0,8,01,B01
201000028881,0,07,000,00,2,2,16,A01
201000028882,0,07,000,00,2,1,01,A01
201000028882,0,07,000,00,0,4,23,B01
201000028883,0,07,000,00,2,1,15,A01
201000028883,0,07,000,00,2,4,15,B01
201000028884,0,07,000,00,2,1,01,A01
201000028884,0,07,000,08,0,4,16,B01
201000028885,0,07,000,00,1,1,01,A01
201000028886,0,10,000,13,0,9,21,A01
201000028886,0,07,000,00,0,0,23,B01
201000028887,0,07,000,00,0,6,01,B01
201000028887,0,02,000,00,2,1,01,A01
201000028888,0,33,000,00,2,1,17,A01
201000028888,0,10,000,00,0,4,15,B01
201000028889,0,07,000,00,2,1,01,A01
201000028889,0,07,000,00,2,7,15,B01
201000028890,0,07,000,00,2,4,04,A01
201000028890,0,10,000,00,2,1,01,B01
201000028891,0,31,000,00,2,2,17,A01
201000028891,0,10,000,00,0,3,15,B01
201000028892,0,10,000,00,2,1,23,B01
201000028892,0,01,000,00,2,1,02,A01
201000028893,0,07,000,00,0,4,23,B01
201000028893,0,07,000,00,2,1,02,A01
201000028894,0,30,000,00,2,8,02,B01
201000028894,0,07,000,00,2,1,01,A01
201000028895,0,07,000,00,2,4,02,C01
201000028895,0,07,000,00,2,4,02,B01
201000028895,0,07,000,00,0,4,02,D01
201000028895,0,07,000,00,2,1,01,A01
201000028896,0,07,000,00,1,3,15,A01
201000028897,0,30,000,00,2,1,01,A01
201000028897,0,07,000,00,2,1,01,B01
201000028898,0,07,000,00,0,1,01,B01
201000028898,0,07,000,00,2,1,01,A01
201000028899,0,07,000,01,0,0,20,A01
201000028900,0,07,000,00,2,1,16,A01
201000028900,0,07,000,00,0,7,01,B01
201000028901,0,07,000,00,2,7,15,A01
201000028901,0,07,000,00,2,1,01,B01
201000028902,0,07,000,00,0,2,10,A01
201000028902,0,33,000,00,2,1,01,B01
201000028903,0,02,000,00,1,1,01,A01
201000028904,1,07,000,00,1,0,00,Z01
201000028905,0,07,000,00,0,9,01,B01
201000028905,0,07,000,00,2,1,01,C01
201000028905,0,07,000,00,2,3,01,D01
201000028905,0,07,000,00,2,2,17,A01
201000028906,0,07,000,00,2,3,22,A01
201000028906,0,02,000,00,0,1,01,B01
201000028907,0,01,000,00,0,1,01,B01
201000028907,0,01,000,00,2,7,01,A01
201000028908,0,07,000,00,2,2,15,A01
201000028908,0,31,000,00,2,1,01,B01
201000028909,0,02,000,12,0,2,14,A01
201000028910,0,07,000,00,2,7,01,A01
201000028910,0,07,000,00,0,1,01,B01
201000028911,0,07,000,00,1,1,01,A01
201000028912,0,33,000,00,0,1,01,B01
201000028912,0,07,000,00,2,1,01,A01
201000028913,0,01,000,00,0,3,01,A01
201000028913,0,40,000,00,2,1,01,B01
201000028914,0,07,000,00,1,1,01,A01
201000028915,0,07,000,00,0,8,22,A01
201000028915,0,01,000,01,2,1,01,B01
201000028916,0,07,000,00,1,2,01,A01
201000028917,0,07,000,00,0,7,15,A01
201000028917,0,33,000,00,2,1,01,B01
201000028918,0,07,000,00,0,0,15,A01
201000028918,0,33,000,00,2,1,17,B01
201000028919,0,02,000,00,2,8,01,B01
201000028919,0,07,000,00,2,1,17,A01
201000028920,0,33,000,00,2,1,01,B01
201000028920,0,33,000,00,0,7,01,A01
201000028921,0,02,000,00,0,1,18,A01
201000028921,0,07,000,00,2,7,16,B01
201000028922,0,07,000,00,1,2,01,A01
201000028923,0,07,000,00,2,2,15,A01
201000028923,0,33,000,00,0,1,01,B01
201000028924,0,07,000,00,2,1,15,A01
201000028924,0,01,000,00,2,1,01,B01
201000028925,0,07,000,00,1,1,01,A01
201000028926,0,34,000,00,2,2,17,B01
201000028926,0,07,000,00,0,1,15,A01
201000028927,2,07,000,00,2,8,01,A01
201000028927,0,07,000,00,0,1,01,B01
201000028928,0,37,001,00,2,0,01,A01
201000028928,0,07,000,00,0,7,01,B01
201000028929,0,07,000,00,1,1,01,A01
201000028930,0,07,000,00,2,1,20,B01
201000028930,0,02,000,00,2,1,01,A01
201000028931,0,07,000,08,2,1,01,A01
201000028931,0,07,000,00,2,8,01,B01
201000028932,0,07,000,00,0,4,01,E01
201000028932,0,07,000,00,2,4,02,D01
201000028932,0,07,000,00,2,4,02,B01
201000028932,0,07,000,00,2,1,02,A01
201000028932,0,07,000,00,2,4,02,C01
201000028933,0,07,000,00,2,1,01,A01
201000028933,0,10,000,00,0,2,01,B01
201000028934,0,07,000,09,0,1,01,A01
201000028935,0,07,000,00,2,8,15,A01
201000028935,0,33,000,00,2,1,17,B01
201000028936,0,07,000,01,0,1,01,A01
201000028937,0,31,000,00,2,2,01,B01
201000028937,0,07,000,00,0,3,15,A01
201000028938,0,02,000,00,0,8,01,B01
201000028938,0,07,000,00,2,3,01,A01
201000028939,0,07,000,00,2,8,01,A01
201000028939,0,33,000,00,0,9,01,B01