Num_Acc,senc,catv,occutc,obs,obsm,choc,manv,num_veh
201000028940,0,33,000,00,2,1,17,B01
201000028940,0,07,000,00,2,1,15,A01
201000028941,0,07,000,00,2,1,15,A01
201000028941,0,07,000,00,0,4,01,B01
201000028942,0,37,100,01,1,1,01,A01
201000028943,0,32,000,00,2,1,15,A01
201000028943,0,07,000,00,0,0,01,B01
201000028944,0,01,000,00,0,7,01,B01
201000028944,0,07,000,00,2,1,09,A01
201000028945,0,07,000,00,2,3,01,B01
201000028945,1,07,000,00,2,0,10,Z01
201000028946,0,31,000,00,2,8,01,A01
201000028946,0,07,000,00,2,8,15,B01
201000028947,0,10,000,00,1,4,04,A01
201000028947,0,07,000,00,0,1,05,B01
201000028948,0,07,000,12,2,1,05,A01
201000028948,0,07,000,00,0,1,01,B01
201000028949,0,07,000,00,0,4,23,B01
201000028949,0,01,000,00,2,1,01,A01
201000028950,0,07,000,00,2,1,01,A01
201000028950,0,33,000,00,2,1,01,B01
201000028951,0,10,000,00,2,5,15,A01
201000028951,0,31,000,00,0,1,01,B01
201000028952,0,02,000,00,0,1,18,A01
201000028952,0,07,000,00,2,5,16,B01
201000028953,0,07,000,00,0,3,15,A01
201000028953,0,02,000,00,2,1,17,B01
201000028954,1,30,000,00,0,0,05,Z01
201000028954,0,10,000,06,0,3,21,A01
201000028955,0,10,000,00,0,2,16,A01
201000028955,0,30,000,00,2,8,01,B01
201000028956,0,40,000,00,0,2,01,B01
201000028956,0,10,000,00,4,3,10,A01
201000028957,0,10,000,00,2,8,10,A01
201000028957,0,02,000,00,2,1,01,B01
201000028958,0,02,000,00,0,7,01,A01
201000028958,0,34,000,00,2,1,01,B01
201000028959,0,07,000,00,0,4,01,B01
201000028959,0,33,000,00,2,1,01,A01
201000028960,0,07,000,00,2,7,01,A01
201000028960,0,07,000,00,2,1,15,B01
201000028961,0,33,000,00,2,2,17,A01
201000028961,0,14,000,00,0,1,01,C01
201000028961,0,07,000,00,2,3,15,B01
201000028962,0,07,000,06,0,1,15,A01
201000028963,0,07,000,00,2,1,15,A01
201000028963,0,07,000,00,2,1,01,B01
201000028964,0,07,000,00,2,1,01,A01
201000028964,0,07,000,00,0,4,23,B01
201000028965,0,02,000,00,2,1,01,A01
201000028965,0,07,000,00,0,1,01,B01
201000028966,0,07,000,00,2,1,15,A01
201000028966,0,02,000,00,0,9,01,B01
201000028967,0,01,000,00,0,1,01,B01
201000028967,0,10,000,00,2,1,16,A01
201000028968,0,07,000,06,0,1,01,A01
201000028969,0,07,000,00,0,4,23,C01
201000028969,0,07,000,00,2,1,01,A01
201000028969,0,07,000,00,2,1,01,B01
201000028970,0,07,000,00,4,8,01,A01
201000028970,0,40,000,00,2,1,01,B01
201000028971,0,30,000,00,2,1,02,A01
201000028971,0,07,000,00,0,4,23,B01
201000028972,0,07,000,00,2,1,16,B01
201000028972,0,07,000,00,2,2,01,A01
201000028973,0,40,000,00,2,0,01,A01
201000028974,0,07,000,00,1,1,01,A01
201000028975,0,07,000,00,2,1,01,B01
201000028975,0,07,000,00,2,1,01,A01
201000028976,0,07,000,00,2,1,01,A01
201000028976,0,07,000,00,2,4,01,B01
201000028977,0,07,000,00,2,1,01,A01
201000028977,0,07,000,00,0,4,01,B01
201000028978,0,07,000,14,0,2,01,A01
201000028979,0,07,000,00,2,3,01,B01
201000028979,0,30,000,00,2,1,01,A01
201000028980,0,07,000,00,2,7,01,A01
201000028980,0,07,000,00,2,1,01,B01
201000028981,0,07,000,00,2,1,01,A01
201000028981,0,07,000,00,2,4,01,B01
201000028982,0,30,000,00,0,1,01,A01
201000028982,0,07,000,00,2,1,01,B01
201000028983,0,01,000,00,2,1,01,B01
201000028983,0,07,000,00,2,1,22,A01
201000028984,0,01,000,00,2,1,01,B01
201000028984,0,07,000,00,2,3,24,A01
201000028985,0,31,000,00,2,1,17,A01
201000028985,0,07,000,00,2,8,15,B01
201000028986,0,37,000,00,2,4,01,B01
201000028986,0,01,000,00,2,1,01,A01
201000028987,0,37,000,00,1,1,16,A01
201000028988,0,33,000,00,1,1,01,A01
201000028989,0,07,000,00,2,1,01,A01
201000028989,0,10,000,00,2,4,02,B01
201000028989,0,07,000,00,2,4,02,C01
201000028990,0,10,000,00,2,1,01,B01
201000028990,0,31,000,00,2,1,01,A01
201000028991,0,33,000,00,2,0,14,A01
201000028992,0,07,000,00,2,5,15,A01
201000028992,0,33,000,00,2,1,01,B01
201000028993,0,07,000,00,2,1,01,A01
201000028993,0,07,000,00,2,6,01,B01
201000028994,0,02,000,00,2,5,13,B01
201000028994,0,07,000,00,2,1,15,A01
201000028995,0,07,000,00,1,1,01,A01
201000028995,0,07,000,00,2,4,01,C01
201000028995,0,07,000,00,2,1,01,B01
201000028996,0,07,000,00,2,0,01,B01
201000028996,0,01,000,00,2,1,01,A01
201000028997,0,07,000,00,2,4,01,B01
201000028997,0,07,000,00,2,4,01,C01
201000028997,0,07,000,00,2,1,01,A01
201000028998,0,33,000,00,2,7,01,A01
201000028998,0,01,000,00,2,4,23,B01
201000028999,0,02,000,00,2,1,01,B01
201000028999,1,07,000,00,2,0,01,A01
201000029000,0,07,000,01,0,1,01,A01
201000029001,0,01,000,00,2,1,15,A01
201000029001,0,40,000,00,2,1,01,B01
201000029002,0,07,000,00,1,1,15,A01
201000029003,0,07,000,00,2,6,01,A01
201000029003,0,31,000,00,2,1,01,B01
201000029004,0,07,000,00,2,1,15,A01
201000029004,0,01,000,00,2,4,01,B01
201000029005,0,07,000,00,2,1,01,A01
201000029005,0,07,000,00,2,4,01,B01
201000029006,0,07,000,00,2,2,20,A01
201000029006,0,01,000,00,2,4,01,B01
201000029007,0,02,000,00,2,3,01,A01
201000029007,0,07,000,00,2,2,01,B01
201000029008,0,02,000,00,2,7,01,B01
201000029008,0,07,000,00,2,2,15,A01
201000029009,0,30,000,00,2,1,00,A01
201000029009,0,07,000,00,2,3,13,B01
201000029010,0,07,000,00,1,1,15,A01
201000029011,0,07,000,00,1,2,01,A01
201000029012,0,02,000,00,2,1,01,A01
201000029012,0,07,000,00,2,5,02,B01
201000029013,0,40,000,00,1,0,01,A01
201000029014,0,32,000,00,2,4,01,B01
201000029014,0,07,000,00,2,1,01,A01
201000029015,0,01,000,00,2,0,01,A01
201000029015,0,07,000,00,2,0,01,B01
201000029016,0,07,000,00,2,1,01,A01
201000029017,0,33,000,00,2,1,01,B01
201000029017,0,07,000,00,2,1,10,A01
201000029018,0,10,000,00,2,1,01,A01
201000029019,0,07,000,00,2,0,01,A01
201000029019,1,07,000,00,2,0,00,Z01
201000029020,0,33,000,06,0,9,01,A01
201000029021,0,33,000,00,2,7,00,B01
201000029021,0,07,000,00,2,3,00,A01
201000029022,0,07,000,00,2,3,15,A01
201000029022,0,31,000,00,2,7,01,B01
201000029023,0,07,000,00,2,1,01,B01
201000029023,0,33,000,00,2,1,15,A01
201000029024,0,07,000,00,2,4,01,C01
201000029024,0,07,000,00,2,1,01,A01
201000029024,0,07,000,00,2,4,01,B01
201000029025,0,07,000,00,0,4,24,C01
201000029025,0,07,000,00,2,1,15,A01
201000029025,0,33,000,01,2,1,01,B01
201000029026,0,07,000,00,2,1,01,A01
201000029027,0,37,000,00,2,0,15,A01
201000029028,0,02,000,00,2,2,01,A01
201000029028,0,07,000,00,2,4,01,B01
201000029029,0,07,000,00,2,1,14,A01
201000029029,0,33,000,00,2,3,01,B01
201000029030,0,01,000,00,2,0,13,A01
201000029030,0,07,000,00,2,1,01,B01
201000029031,0,07,000,00,2,1,15,A01
201000029031,0,02,000,00,2,1,01,B01
201000029032,0,31,000,00,2,7,01,B01
201000029032,0,07,000,00,2,2,00,A01
201000029033,0,07,000,00,2,3,15,A01
201000029033,0,40,000,00,2,7,01,B01
201000029034,0,30,000,00,2,1,00,A01
201000029034,0,07,000,00,2,4,01,B01
201000029035,0,07,000,00,2,8,00,A01
201000029035,0,37,003,00,2,2,01,B01
201000029036,0,07,000,00,2,8,01,C01
201000029036,0,07,000,14,0,1,00,A01
201000029037,0,07,000,00,1,3,01,A01
201000029038,0,07,000,00,2,1,09,A01
201000029038,0,07,000,00,2,7,01,B01
201000029039,0,07,000,00,2,1,01,B01
201000029039,0,01,000,00,2,1,01,A01
201000029040,0,07,000,00,2,1,17,A01
201000029040,0,07,000,00,2,1,01,B01
201000029041,0,40,000,00,2,1,01,B01
201000029041,0,02,000,00,2,9,13,A01
201000029042,0,07,000,00,1,0,01,A01
201000029043,0,07,000,00,2,1,01,A01
201000029043,0,31,000,00,2,4,01,B01
201000029044,0,07,000,00,2,3,15,A01
201000029044,0,31,000,00,2,1,01,B01
201000029045,0,07,000,00,2,8,15,A01
201000029045,0,30,000,00,2,7,01,B01
201000029046,0,07,000,00,2,1,16,A01
201000029046,0,34,000,00,2,3,01,B01
201000029047,0,07,000,00,2,1,15,A01
201000029047,0,02,000,00,2,1,01,B01
201000029048,0,07,000,00,2,1,15,A01
201000029048,0,33,000,00,2,1,01,B01
201000029049,0,07,000,00,2,1,01,B01
201000029049,0,07,000,00,2,1,01,A01
201000029050,0,02,000,14,0,4,01,A01
201000029051,0,07,000,00,2,1,01,B01
201000029051,0,01,000,00,2,9,15,A01
201000029052,0,07,000,00,0,2,15,A01
201000029052,0,33,000,00,2,1,01,B01
201000029053,0,40,000,00,2,0,01,A01
201000029054,0,07,000,12,0,9,01,A01
201000029055,0,07,000,00,2,1,01,B01
201000029055,0,02,000,00,2,7,01,A01
201000029056,0,07,000,00,1,1,02,A01
201000029057,0,07,000,00,2,0,01,A01
201000029057,0,01,000,00,2,1,01,B01
201000029058,0,07,000,00,2,3,01,B01
201000029058,0,07,000,00,2,3,01,A01
201000029059,0,33,000,00,2,1,01,B01
201000029059,0,07,000,00,2,8,09,A01
201000029060,0,07,000,00,2,1,00,A01
201000029060,0,07,000,00,2,3,01,B01
201000029061,0,01,000,00,2,1,01,A01
201000029061,0,07,000,00,2,1,01,B01
201000029062,0,07,000,00,2,1,01,A01
201000029062,0,14,000,00,2,1,01,B01
201000029063,0,07,000,08,0,1,01,A01
201000029064,0,07,000,00,2,2,01,A01
201000029064,0,02,000,00,2,3,00,B01
201000029065,0,07,000,00,2,1,01,B01
201000029065,1,07,000,00,2,0,01,A01
201000029066,0,02,000,14,2,1,01,A01
201000029067,0,07,000,00,2,1,01,A01
201000029067,0,07,000,00,2,8,01,B01
201000029068,0,07,000,00,2,0,01,C01
201000029068,0,33,000,00,2,0,15,A01
201000029068,0,37,001,00,2,0,01,B01
201000029069,0,10,000,00,1,1,00,A01
201000029070,0,02,000,00,0,7,00,A01
201000029071,0,07,000,00,2,4,00,B01
201000029071,0,07,000,00,2,1,00,A01
201000029072,0,07,000,00,2,5,01,A01
201000029072,0,34,000,00,2,1,01,B01
201000029073,0,30,000,00,2,1,01,A01
201000029073,0,30,000,00,2,1,01,B01
201000029074,0,31,000,00,2,9,01,B01
201000029074,0,07,000,00,2,7,01,A01
201000029075,0,07,000,00,2,1,01,B01
201000029075,0,33,000,00,2,9,01,A01
201000029076,0,07,000,00,2,1,01,A01
201000029076,0,01,000,00,2,1,01,B01
201000029077,0,07,000,00,1,2,02,A01
201000029078,0,07,000,00,1,1,01,A01
201000029079,0,07,000,00,2,1,01,A01
201000029079,0,01,000,00,2,1,01,B01
201000029080,0,07,000,00,2,2,01,A01
201000029080,0,31,000,00,2,3,01,B01
201000029081,0,07,000,00,2,2,01,A01
201000029081,0,33,000,00,2,1,01,B01
201000029082,0,37,000,00,1,1,16,A01
201000029083,0,02,000,00,2,1,01,A01
201000029083,0,07,000,00,2,1,01,B01
201000029084,0,07,000,00,1,1,01,A01
201000029085,0,02,000,00,2,1,01,A01
201000029085,0,07,000,00,2,2,01,B01
201000029086,0,33,000,12,1,9,01,A01
201000029087,0,10,000,00,2,2,00,A01
201000029087,0,07,000,00,2,1,00,B01
201000029088,0,07,000,00,2,1,01,A01
201000029089,0,07,000,00,2,1,01,B01
201000029089,0,07,000,00,2,1,01,A01
201000029090,0,07,000,00,2,1,01,B01
201000029090,0,02,000,00,2,9,01,A01
201000029091,0,02,000,00,2,1,01,A01
201000029091,0,07,000,00,2,3,09,B01
201000029092,0,07,000,00,2,1,15,A01
201000029092,0,07,000,00,2,1,01,B01
201000029093,0,07,000,00,1,1,15,A01
201000029094,0,07,000,00,2,1,01,A01
201000029094,0,07,000,00,1,4,01,B01
201000029095,0,07,000,06,0,7,01,A01
201000029095,0,07,000,00,2,1,01,B01
201000029096,0,33,000,01,2,0,00,A01
201000029097,0,07,000,00,2,1,01,A01
201000029097,0,10,000,00,2,4,01,B01
201000029098,0,33,000,00,2,8,01,B01
201000029098,0,07,000,00,2,0,13,A01
201000029099,0,07,000,00,2,4,01,B01
201000029099,0,02,000,00,2,1,01,A01
201000029100,0,07,000,00,2,4,01,C01
201000029100,0,07,000,00,2,4,01,D01
201000029100,0,10,000,00,1,2,01,A01
201000029100,0,07,000,00,2,4,01,B01
201000029101,0,07,000,00,2,1,01,A01
201000029101,0,33,000,00,2,1,01,B01
201000029102,0,10,000,00,2,1,01,A01
201000029102,0,07,000,00,2,1,00,B01
201000029103,0,07,000,00,2,3,01,A01
201000029103,0,32,000,00,2,1,01,B01
201000029104,0,07,000,00,2,1,15,A01
201000029105,0,02,000,00,0,1,01,A01
201000029106,0,10,000,00,2,3,01,B01
201000029106,0,31,000,00,2,7,16,A01
201000029107,1,07,000,00,2,0,09,Z01
201000029107,0,02,000,00,2,7,01,A01
201000029108,0,07,000,00,2,4,01,B01
201000029108,0,07,000,00,1,1,01,A01
201000029108,0,07,000,00,2,4,01,C01
201000029109,0,30,000,00,2,1,01,A01
201000029110,0,07,000,00,2,8,00,B01
201000029110,0,31,000,00,2,1,01,A01
201000029111,0,07,000,00,2,4,01,B01
201000029111,0,07,000,00,2,1,01,A01
201000029112,0,01,000,00,2,1,00,A01
201000029112,0,07,000,00,2,1,01,B01
201000029113,0,07,000,00,1,1,01,A01
201000029114,0,01,000,14,0,0,01,A01
201000029115,0,07,000,00,2,7,01,A01
201000029115,0,30,000,00,2,1,01,B01
201000029116,0,07,000,00,2,1,01,B01
201000029116,0,07,000,00,2,1,01,A01
201000029117,0,30,000,00,2,1,01,A01
201000029117,0,07,000,00,2,1,01,B01
201000029118,0,07,000,00,2,4,00,B01
201000029118,0,02,000,00,2,1,01,A01
201000029119,0,07,000,00,2,4,01,B01
201000029119,0,07,000,01,2,1,07,A01
201000029120,0,07,000,00,2,4,01,B01
201000029120,0,07,000,00,2,1,01,A01
201000029121,0,07,000,00,1,3,01,A01
201000029122,0,07,000,00,2,1,01,A01
201000029122,0,07,000,00,2,9,02,C01
201000029122,0,07,000,00,2,9,02,B01
201000029123,0,07,000,00,2,1,01,B01
201000029123,0,07,000,00,2,2,15,A01
201000029124,0,14,000,00,2,0,01,B01
201000029124,0,30,000,00,2,1,01,A01
201000029125,0,30,000,00,2,1,01,B01
201000029125,1,07,000,00,2,0,00,Z01
201000029126,0,07,000,00,1,1,01,A01
201000029127,0,01,000,00,2,1,01,A01
201000029127,0,07,000,00,2,1,01,B01
201000029128,0,07,000,00,2,4,01,C01
201000029128,0,07,000,00,2,1,01,B01
201000029128,0,07,000,00,2,1,01,A01
201000029129,0,07,000,00,2,4,20,A01
201000029129,0,02,000,00,2,1,01,B01
201000029130,0,07,000,00,1,0,00,A01
201000029131,0,10,000,00,2,3,00,A01
201000029131,0,33,000,00,2,1,00,B01
201000029132,0,07,000,00,2,4,00,B01
201000029132,0,01,000,00,2,1,00,A01
201000029133,0,02,000,00,2,1,01,B01
201000029133,0,07,000,00,2,8,09,A01
201000029134,0,01,000,00,2,4,01,B01
201000029134,0,07,000,00,2,1,09,A01
201000029135,0,07,000,00,2,1,01,A01
201000029135,0,02,000,00,2,1,01,B01
201000029136,0,07,000,00,2,1,01,A01
201000029136,0,07,000,00,2,1,01,B01
201000029137,0,33,000,00,2,1,01,A01
201000029137,0,32,000,00,2,0,00,B01
201000029138,0,07,000,00,2,4,01,B01
201000029138,0,07,000,00,2,1,02,A01
201000029139,0,07,000,00,2,2,01,A01
201000029139,0,01,000,00,2,1,01,B01
201000029140,0,07,000,00,2,0,01,B01
201000029140,0,07,000,00,2,8,01,A01
201000029141,0,07,000,00,2,4,01,B01
201000029141,0,33,000,00,2,1,01,A01
201000029142,0,07,000,00,2,1,01,A01
201000029142,0,02,000,00,0,0,00,B01
201000029143,0,02,000,00,2,4,01,C01
201000029143,0,07,000,00,2,1,01,B01
201000029143,0,07,000,00,2,1,01,A01
201000029144,0,07,000,00,1,1,01,A01
201000029145,0,01,000,00,2,0,01,B01
201000029145,0,07,000,00,2,0,24,A01
201000029146,0,01,000,00,2,7,01,A01
201000029146,0,40,000,00,2,8,02,B01
201000029147,0,31,000,00,2,1,01,B01
201000029147,0,07,000,00,2,7,01,A01
201000029148,0,07,000,00,2,1,01,B01
201000029148,0,07,000,00,2,4,01,A01
201000029149,0,01,000,00,0,0,00,A01
201000029150,0,07,000,00,2,4,10,B01
201000029150,0,30,000,00,2,1,01,A01
201000029151,0,07,000,00,2,1,01,B01
201000029151,0,07,000,00,2,1,01,A01
201000029152,0,07,000,00,2,1,01,B01
201000029152,0,01,000,00,2,4,01,A01
201000029153,0,33,000,00,1,1,01,A01
201000029154,0,07,000,00,2,1,01,B01
201000029154,0,07,000,00,2,1,15,A01
201000029155,0,07,000,00,2,1,01,B01
201000029155,0,01,000,00,2,1,00,A01
201000029156,0,07,000,00,2,2,15,B01
201000029156,0,07,000,00,2,1,01,A01
201000029157,0,07,000,00,2,0,17,A01
201000029157,0,01,000,00,0,3,01,B01
201000029158,0,01,000,00,2,4,13,B01
201000029158,0,07,000,00,2,1,01,A01
201000029159,0,31,000,00,2,1,01,A01
201000029159,0,01,000,00,2,3,02,B01
201000029160,0,07,000,00,2,7,01,A01
201000029160,0,07,000,00,2,3,01,B01
201000029161,0,07,000,00,2,4,02,B01
201000029161,0,07,000,00,2,1,01,A01
201000029162,0,02,000,00,2,1,01,A01
201000029162,0,07,000,00,2,8,01,B01
201000029163,0,07,000,00,2,7,16,A01
201000029163,0,30,000,00,2,1,01,B01
201000029164,0,40,000,00,2,0,01,B01
201000029164,0,07,000,00,4,1,01,A01
201000029165,0,07,000,00,2,3,01,A01
201000029165,0,07,000,00,0,8,05,B01
201000029166,0,33,000,00,2,1,01,A01
201000029166,0,10,000,00,2,4,01,B01
201000029167,0,33,000,00,2,1,17,A01
201000029167,0,10,000,00,0,8,15,B01
201000029168,0,07,000,08,0,3,01,A01
201000029168,0,40,000,00,2,1,01,B01
201000029169,0,07,000,00,2,3,01,A01
201000029169,0,10,000,00,2,8,09,B01
201000029170,0,07,000,00,4,3,11,A01
201000029170,0,40,000,00,2,2,01,B01
201000029171,0,07,000,00,2,1,16,A01
201000029171,0,30,000,00,2,1,01,B01
201000029172,0,07,000,00,2,3,01,A01
201000029172,0,07,000,00,2,3,01,B01
201000029172,0,07,000,00,2,4,01,C01
201000029173,0,40,000,00,1,1,01,A01
201000029174,0,07,000,00,2,1,01,A01
201000029174,0,07,000,00,2,7,01,B01
201000029175,0,02,000,00,2,4,01,A01
201000029175,0,07,000,00,2,1,16,B01
201000029176,0,07,000,00,2,4,02,C01
201000029176,0,07,000,00,2,9,02,B01
201000029176,0,07,000,00,2,1,00,A01
201000029177,0,07,000,00,0,2,01,A01
201000029178,0,07,000,00,2,7,01,B01
201000029178,0,01,000,00,2,8,01,A01
201000029179,0,07,000,08,0,7,01,A01
201000029180,0,37,000,00,1,1,01,A01
201000029181,0,10,000,00,2,1,01,A01
201000029181,0,07,000,00,2,1,01,B01
201000029182,0,10,000,00,2,1,02,A01
201000029182,0,07,000,00,0,4,02,B01
201000029183,0,07,000,00,1,0,01,A01
201000029184,0,02,000,00,0,1,01,A01
201000029185,0,10,000,00,0,0,00,C01
201000029185,0,01,000,01,2,6,01,B01
201000029185,0,37,004,00,2,7,17,A01
201000029186,0,10,000,00,2,3,10,A01
201000029186,0,32,000,00,0,5,01,B01
201000029187,0,01,000,00,2,1,19,A01
201000029187,0,07,000,00,0,2,02,B01
201000029188,0,07,000,00,2,1,01,B01
201000029188,0,33,000,00,0,1,01,A01
201000029189,0,07,000,00,0,0,01,B01
201000029189,0,02,000,01,2,1,16,A01
201000029190,0,07,000,00,2,3,01,A01
201000029190,0,07,000,00,0,6,00,B01
201000029191,1,10,000,00,0,0,00,Z01
201000029192,0,07,000,00,2,1,02,B01
201000029192,0,07,000,00,0,4,01,A01
201000029193,0,07,000,00,0,4,01,B01
201000029193,0,07,000,00,1,1,02,A01
201000029194,0,33,000,00,2,9,00,B01
201000029194,0,07,000,00,2,4,01,C01
201000029194,0,07,000,00,2,1,01,A01
201000029195,0,07,000,00,2,3,15,A01
201000029195,0,33,000,00,2,2,01,B01
201000029196,1,07,000,00,2,1,16,Z01
201000029196,0,01,000,00,0,1,01,B01
201000029197,0,07,000,00,2,7,16,B01
201000029197,0,02,000,00,2,1,01,A01
201000029198,0,07,000,00,2,3,15,A01
201000029198,0,01,000,00,0,0,01,B01
201000029199,0,07,000,00,2,1,16,A01
201000029199,0,01,000,00,0,2,01,B01
201000029200,0,07,000,00,2,2,15,A01
201000029201,0,07,000,00,1,6,04,A01
201000029202,0,40,000,00,2,1,01,B01
201000029202,0,01,000,00,0,3,19,A01
201000029203,0,07,000,00,2,1,01,A01
201000029203,0,07,000,00,2,4,01,B01
201000029204,0,33,000,00,2,2,01,B01
201000029204,0,07,000,00,2,8,10,A01
201000029205,0,07,000,00,2,3,09,A01
201000029205,0,31,000,00,0,1,01,B01
201000029206,0,10,000,00,0,1,01,B01
201000029206,0,07,000,00,2,1,13,A01
201000029207,0,07,000,06,0,1,01,A01
201000029208,0,07,000,01,2,1,15,A01
201000029208,0,32,000,00,2,1,01,B01
201000029209,0,07,000,11,0,1,01,A01
201000029210,0,07,000,00,2,4,02,B01
201000029210,0,07,000,00,2,1,02,A01
201000029210,0,07,000,00,0,4,02,C01
201000029211,0,07,000,01,2,1,15,A01
201000029211,0,07,000,01,0,7,01,B01
201000029212,0,01,000,00,2,8,00,B01
201000029212,0,07,000,00,2,8,01,A01
201000029213,0,99,000,01,0,1,01,A01
201000029214,0,02,000,00,2,1,05,A01
201000029214,0,07,000,00,0,2,01,B01
201000029215,0,07,000,00,2,1,02,A01
201000029215,0,07,000,00,0,4,01,B01
201000029216,0,07,000,00,2,8,10,A01
201000029216,0,31,000,00,2,1,01,B01
201000029217,0,07,000,00,1,7,01,A01
201000029218,0,02,000,00,0,0,00,A01
201000029219,0,07,000,00,2,1,01,B01
201000029219,0,02,000,00,2,1,01,A01
201000029220,0,07,000,00,2,4,02,C01
201000029220,0,07,000,00,2,1,01,A01
201000029220,0,07,000,00,2,4,02,B01
201000029220,0,07,000,00,2,4,02,D01
201000029221,0,07,000,00,2,1,15,A01
201000029221,0,02,000,00,2,3,01,B01
201000029222,0,10,000,00,2,5,01,A01
201000029222,0,07,000,00,0,1,01,B01
201000029223,1,02,000,00,2,0,21,Z01
201000029223,0,02,000,00,2,8,00,B01
201000029224,0,07,000,00,2,8,01,B01
201000029224,0,16,000,00,2,1,01,A01
201000029225,0,07,000,00,2,4,01,A01
201000029225,0,30,000,00,0,8,01,B01
201000029226,0,30,000,00,2,1,01,B01
201000029226,0,07,000,00,0,3,15,A01
201000029227,0,07,000,00,2,5,01,A01
201000029227,0,33,000,00,2,3,00,B01
201000029228,0,01,000,00,1,1,01,A01
201000029229,0,33,000,00,2,2,01,B01
201000029229,0,07,000,00,0,3,09,A01
201000029230,0,07,000,00,1,1,01,A01
201000029231,0,32,000,00,2,2,00,A01
201000029231,0,07,000,00,2,8,00,B01
201000029232,0,33,000,00,0,2,01,A01
201000029233,0,02,000,00,2,1,09,A01
201000029233,0,07,000,00,2,4,09,B01
201000029234,0,07,000,00,2,0,15,A01
201000029234,0,02,000,00,0,3,01,B01
201000029235,0,07,000,00,1,1,01,A01
201000029236,0,07,000,00,2,1,01,A01
201000029237,0,30,000,00,0,1,07,B01
201000029237,0,07,000,00,2,2,15,A01
201000029238,0,10,000,00,1,8,01,A01
201000029239,0,30,000,00,2,3,01,B01
201000029239,0,07,000,00,0,6,16,A01
201000029240,0,01,000,00,2,1,01,B01
201000029240,0,10,000,00,2,5,15,A01
201000029241,0,07,000,00,2,8,09,A01
201000029241,0,31,000,00,2,1,01,B01
201000029242,0,07,000,00,2,4,11,A01
201000029242,0,33,000,00,2,8,01,B01
201000029243,1,10,000,00,1,0,01,Z01
201000029244,0,02,000,00,0,5,01,A01
201000029245,0,01,000,00,2,2,13,B01
201000029245,0,07,000,00,0,5,01,A01
201000029246,0,07,000,00,0,6,01,B01
201000029246,0,07,000,00,2,1,01,A01
201000029247,0,07,000,00,1,5,04,A01
201000029248,0,07,000,00,0,4,02,B01
201000029248,0,07,000,00,2,1,02,A01
201000029249,0,07,000,00,2,1,02,A01
201000029249,0,07,000,00,0,4,02,B01
201000029250,0,07,000,00,2,7,01,B01
201000029250,0,01,000,00,2,1,00,A01
201000029251,0,10,000,04,0,3,01,A01
201000029252,0,33,000,00,2,8,17,A01
201000029252,0,07,000,00,2,3,15,B01
201000029253,0,07,000,00,2,1,16,A01
201000029253,0,01,000,00,2,8,01,B01
201000029254,0,07,000,00,2,8,01,A01
201000029254,0,07,000,00,2,1,01,B01
201000029255,0,07,000,00,0,8,01,B01
201000029255,0,10,000,14,2,2,01,A01
201000029256,1,07,000,00,0,0,00,Z01
201000029256,0,31,000,00,2,8,02,A01
201000029257,0,30,000,00,2,1,01,B01
201000029257,0,07,000,00,2,5,16,A01
201000029258,0,07,000,00,1,1,15,A01
201000029259,2,02,000,00,2,0,00,Z01
201000029259,0,02,000,00,2,0,00,A01
201000029260,0,02,000,00,0,7,00,A01
201000029261,0,33,000,00,2,2,01,B01
201000029261,0,07,000,00,2,1,15,A01
201000029262,0,07,000,00,2,5,01,A01
201000029262,0,01,000,00,2,1,15,B01
201000029263,0,07,000,01,0,1,00,A01
201000029264,0,07,000,00,1,1,16,A01
201000029265,0,10,000,00,0,7,01,C01
201000029265,0,07,000,00,2,2,01,A01
201000029265,0,07,000,00,0,5,01,B01
201000029266,0,07,000,08,0,1,01,A01
201000029267,0,07,000,00,2,1,15,A01
201000029268,0,10,000,00,2,1,01,C01
201000029268,0,07,000,00,2,1,01,B01
201000029268,0,07,000,00,2,4,01,A01
201000029269,0,31,000,00,1,0,01,A01
201000029270,0,10,000,00,2,3,15,B01
201000029270,0,07,000,08,2,1,13,A01
201000029271,0,07,000,00,0,3,23,B01
201000029271,0,02,000,00,2,1,01,A01
201000029272,0,07,000,00,2,1,15,A01
201000029272,0,33,000,00,2,8,01,B01
201000029273,0,07,000,00,2,4,01,B01
201000029273,0,07,000,00,2,1,02,A01
201000029274,0,07,000,00,2,1,01,A01
201000029274,0,07,000,00,0,6,01,B01
201000029275,0,07,000,00,2,3,09,A01
201000029275,0,07,000,00,2,1,01,B01
201000029276,0,07,000,00,2,3,09,A01
201000029276,0,33,000,00,2,1,01,B01
201000029277,0,33,000,00,2,1,17,A01
201000029277,0,07,000,00,2,6,15,B01
201000029278,0,10,000,00,2,1,17,A01
201000029278,0,07,000,00,0,4,12,B01
201000029279,0,07,000,00,2,6,01,B01
201000029279,0,02,000,00,2,1,01,A01
201000029280,0,01,000,00,2,1,01,B01
201000029280,0,10,000,00,2,1,15,A01
201000029281,0,07,000,06,0,2,01,B01
201000029281,0,07,000,01,2,1,01,A01
201000029282,0,31,000,00,0,0,01,B01
201000029282,0,07,000,00,2,3,01,A01
201000029283,0,33,000,01,0,7,07,B01
201000029283,0,07,000,00,2,1,15,A01
201000029284,0,07,000,00,2,5,04,B01