Num_Acc,senc,catv,occutc,obs,obsm,choc,manv,num_veh
201000029629,0,07,000,00,2,3,15,A01
201000029629,0,33,000,00,0,8,01,B01
201000029630,0,17,000,00,2,3,15,B01
201000029630,0,07,000,00,0,5,00,A01
201000029631,0,07,000,00,2,1,01,B01
201000029631,0,07,000,08,2,7,15,A01
201000029632,0,30,000,00,2,3,01,B01
201000029632,0,07,000,00,2,2,01,A01
201000029633,0,31,000,00,2,1,01,B01
201000029633,0,07,000,00,2,1,15,A01
201000029634,0,07,000,00,0,8,09,A01
201000029634,0,02,000,00,2,1,01,B01
201000029635,1,07,000,00,2,0,00,Z01
201000029635,0,01,000,00,2,9,01,A01
201000029636,0,07,000,00,2,1,02,A01
201000029636,0,07,000,00,0,4,01,B01
201000029637,0,07,000,00,2,1,02,A01
201000029637,0,07,000,00,0,4,23,B01
201000029638,0,07,000,00,2,1,02,A01
201000029638,0,07,000,00,0,6,10,B01
201000029639,0,07,000,00,1,1,01,A01
201000029640,0,07,000,00,2,1,04,A01
201000029641,0,10,000,00,0,8,01,B01
201000029641,0,30,000,00,2,1,01,A01
201000029642,0,07,000,00,0,8,15,A01
201000029642,0,07,000,00,2,1,01,B01
201000029643,0,07,000,00,1,2,21,A01
201000029644,0,07,000,00,1,1,07,A01
201000029645,0,07,000,00,2,2,23,A01
201000029645,0,01,000,00,2,1,01,B01
201000029646,0,02,000,00,2,1,01,A01
201000029646,0,07,000,00,2,4,15,B01
201000029647,0,33,000,00,2,3,01,B01
201000029647,0,07,000,00,2,4,09,A01
201000029648,0,07,000,00,1,3,01,A01
201000029649,0,40,000,00,1,2,01,A01
201000029650,0,07,000,00,0,2,10,A01
201000029650,0,33,000,00,2,1,01,B01
201000029651,0,07,000,00,2,2,15,A01
201000029651,0,02,000,00,2,1,01,B01
201000029652,0,07,000,00,1,1,01,A01
201000029653,0,07,000,00,0,5,15,A01
201000029653,0,30,000,00,2,1,01,B01
201000029654,0,33,000,12,0,1,01,A01
201000029655,0,40,000,00,1,0,01,A01
201000029656,0,07,000,00,1,1,01,A01
201000029657,0,07,000,00,2,2,01,A01
201000029657,0,30,000,00,2,1,01,B01
201000029658,0,07,000,00,2,1,01,A01
201000029659,0,07,000,00,0,4,23,C01
201000029659,0,07,000,00,2,1,02,A01
201000029659,0,07,000,00,2,4,23,B01
201000029660,0,07,000,00,2,1,01,B01
201000029660,0,07,000,00,2,1,01,A01
201000029661,0,07,000,00,4,3,01,A01
201000029661,0,40,000,00,2,2,01,B01
201000029662,0,07,000,00,2,1,15,A01
201000029662,0,02,000,00,2,1,01,B01
201000029663,0,07,000,00,0,3,01,B01
201000029663,0,07,000,00,2,1,19,A01
201000029664,0,07,000,00,2,1,01,B01
201000029664,0,02,000,00,2,0,01,A01
201000029665,0,07,000,00,2,1,15,A01
201000029665,0,02,000,00,2,1,01,B01
201000029666,0,07,000,00,0,3,15,A01
201000029666,0,33,000,00,2,8,01,B01
201000029667,0,07,000,00,2,7,16,A01
201000029667,0,30,000,00,2,1,07,B01
201000029668,0,07,000,00,2,7,01,B01
201000029668,0,01,000,00,2,8,15,A01
201000029669,0,07,000,00,2,1,15,B01
201000029669,0,01,000,00,2,1,01,A01
201000029670,0,07,000,00,2,1,15,A01
201000029670,0,07,000,00,0,6,01,C01
201000029670,0,10,000,00,2,1,01,B01
201000029671,0,07,000,00,0,4,23,B01
201000029671,0,30,000,00,2,1,02,A01
201000029672,0,33,000,00,1,1,01,A01
201000029673,0,07,000,00,1,1,01,A01
201000029674,0,31,000,00,4,8,11,A01
201000029674,0,40,000,00,9,7,01,B01
201000029675,0,07,000,00,2,1,14,B01
201000029675,0,31,000,00,2,8,01,A01
201000029676,0,07,000,03,0,1,00,A01
201000029677,0,02,000,00,0,7,01,B01
201000029677,1,07,000,00,0,2,10,Z01
201000029678,1,07,000,00,2,0,00,Z01
201000029678,0,07,000,00,2,4,01,B01
201000029679,0,07,000,00,2,2,22,A01
201000029679,0,01,000,00,2,1,01,B01
201000029680,0,14,000,00,2,0,14,A01
201000029680,0,01,000,00,2,0,01,B01
201000029681,0,07,000,00,0,5,01,A01
201000029682,0,02,000,00,2,2,01,B01
201000029682,0,07,000,00,0,3,10,A01
201000029683,0,02,000,00,2,1,21,A01
201000029684,0,33,000,00,2,1,02,A01
201000029684,0,07,000,00,2,5,23,B01
201000029685,0,02,000,00,2,1,01,A01
201000029685,0,07,000,00,0,3,15,B01
201000029686,0,07,000,00,1,1,01,A01
201000029687,0,07,000,00,0,0,01,B01
201000029687,0,07,000,00,0,0,10,A01
201000029688,0,40,000,00,0,7,01,B01
201000029688,0,07,000,00,2,1,15,A01
201000029689,2,02,000,00,2,1,08,B01
201000029689,0,07,000,00,2,1,15,A01
201000029690,0,02,000,00,0,3,01,A01
201000029690,0,07,000,01,0,2,16,B01
201000029691,0,10,000,00,1,1,15,A01
201000029692,0,07,000,00,0,5,19,A01
201000029692,0,02,000,00,2,3,01,B01
201000029693,0,07,000,00,0,3,15,A01
201000029693,0,01,000,00,2,1,17,B01
201000029694,0,33,000,00,2,1,01,A01
201000029695,0,33,000,07,0,8,01,A01
201000029696,0,07,000,00,0,5,15,A01
201000029696,0,30,000,00,2,1,01,B01
201000029697,0,07,000,00,1,1,15,A01
201000029698,0,07,000,03,0,1,01,A01
201000029699,0,01,000,01,0,1,01,A01
201000029700,0,02,000,00,2,3,01,B01
201000029700,0,07,000,00,2,3,09,A01
201000029701,0,07,000,00,2,0,00,B01
201000029701,0,02,000,12,0,5,21,A01
201000029702,0,07,000,15,0,1,01,A01
201000029703,0,01,000,00,2,8,01,A01
201000029703,0,07,000,00,2,7,17,B01
201000029704,0,34,000,00,2,1,01,B01
201000029704,0,07,000,00,0,2,15,A01
201000029705,0,07,000,00,0,4,01,B01
201000029705,0,07,000,00,2,1,02,A01
201000029706,0,07,000,00,2,1,01,B01
201000029706,1,07,000,00,2,1,11,A01
201000029707,0,30,000,00,0,8,00,A01
201000029708,0,07,000,00,2,4,02,B01
201000029708,0,07,000,00,2,1,02,C01
201000029708,0,07,000,00,0,4,01,A01
201000029709,0,07,000,00,2,1,02,A01
201000029709,0,07,000,00,0,4,01,B01
201000029710,0,02,000,00,2,1,01,B01
201000029710,0,07,000,00,0,7,15,A01
201000029711,0,07,000,00,2,1,15,A01
201000029711,0,33,000,00,0,0,17,B01
201000029712,0,07,000,00,0,8,13,A01
201000029713,0,32,000,00,2,1,01,B01
201000029713,0,07,000,00,2,2,15,A01
201000029714,0,07,000,00,2,1,01,B01
201000029714,0,02,000,00,2,1,13,A01
201000029715,0,07,000,00,1,2,15,A01
201000029716,0,07,000,00,2,1,02,A01
201000029716,0,07,000,00,0,4,23,B01
201000029717,0,07,000,00,1,1,01,A01
201000029718,0,31,000,00,2,1,01,B01
201000029718,0,07,000,00,2,3,10,A01
201000029719,0,30,000,00,2,1,02,A01
201000029719,0,10,000,00,0,4,01,B01
201000029720,0,07,000,00,1,1,01,A01
201000029721,0,30,000,00,2,1,01,B01
201000029721,0,07,000,00,0,3,10,A01
201000029722,0,01,000,00,1,1,01,A01
201000029723,0,07,000,15,0,3,12,A01
201000029724,0,07,000,00,2,1,01,A01
201000029724,0,37,001,00,0,8,01,B01
201000029725,0,07,000,00,0,4,02,B01
201000029725,0,33,000,00,2,1,02,A01
201000029726,0,33,000,00,2,1,13,A01
201000029726,0,07,000,00,2,1,01,B01
201000029727,0,02,000,00,2,1,01,A01
201000029727,0,07,000,00,0,3,23,B01
201000029728,1,07,000,00,1,0,02,A01
201000029729,0,07,000,00,2,1,01,A01
201000029729,0,07,000,00,2,3,01,B01
201000029730,0,07,000,00,1,1,15,A01
201000029731,0,07,000,00,2,1,01,A01
201000029731,0,30,000,00,2,9,01,B01
201000029732,0,07,000,00,0,5,01,B01
201000029732,0,07,000,00,2,2,15,A01
201000029733,0,01,000,00,2,9,01,B01
201000029733,1,07,000,00,2,0,00,A01
201000029734,0,07,000,00,2,1,02,A01
201000029734,0,07,000,00,0,4,02,B01
201000029735,0,17,000,08,0,1,14,A01
201000029736,0,07,000,00,0,3,15,B01
201000029736,0,33,000,00,2,1,17,A01
201000029737,0,07,000,00,2,1,15,A01
201000029737,0,01,000,00,2,2,01,B01
201000029738,0,07,000,00,2,3,01,B01
201000029738,0,07,000,00,2,8,13,A01
201000029739,0,07,000,00,2,1,13,A01
201000029739,0,07,000,00,2,1,01,B01
201000029740,0,07,000,00,0,3,01,B01
201000029740,0,07,000,00,2,1,15,A01
201000029741,0,07,000,00,1,0,15,A01
201000029742,0,31,000,00,2,1,03,A01
201000029742,0,07,000,00,2,1,15,B01
201000029743,0,07,000,00,2,7,15,A01
201000029743,0,30,000,00,2,1,01,B01
201000029744,0,07,000,00,2,1,01,A01
201000029744,0,07,000,00,2,4,01,B01
201000029745,0,01,000,00,2,8,19,A01
201000029745,0,07,000,00,2,1,01,B01
201000029746,0,10,000,00,2,1,01,A01
201000029746,0,33,000,00,2,1,01,B01
201000029747,0,07,000,00,2,7,01,A01
201000029747,0,10,000,00,2,9,01,B01
201000029748,0,07,000,00,2,4,01,A01
201000029749,0,32,000,00,2,1,01,A01
201000029749,0,07,000,00,0,3,23,B01
201000029750,0,07,000,00,2,1,01,B01
201000029750,0,07,000,00,2,2,15,A01
201000029751,0,07,000,00,2,1,15,A01
201000029751,0,02,000,00,2,1,01,B01
201000029752,0,07,000,00,1,1,01,A01
201000029753,0,07,000,00,0,4,23,C01
201000029753,0,07,000,08,2,1,01,A01
201000029753,0,07,000,00,2,4,23,B01
201000029754,0,07,000,00,1,2,01,A01
201000029755,0,30,000,00,2,1,01,A01
201000029755,0,07,000,00,2,4,01,B01
201000029756,0,01,000,00,1,0,01,A01
201000029757,0,40,000,00,1,1,01,A01
201000029758,0,07,000,00,2,1,01,A01
201000029758,0,02,000,00,2,2,01,B01
201000029759,0,07,000,00,0,7,15,A01
201000029759,0,07,000,00,2,1,01,B01
201000029760,0,07,000,00,2,4,01,B01
201000029760,0,07,000,00,2,1,01,A01
201000029761,0,30,000,00,2,1,01,A01
201000029761,0,07,000,00,2,5,15,B01
201000029762,0,07,000,00,2,4,01,A01
201000029762,0,30,000,00,2,1,01,B01
201000029763,0,07,000,00,2,1,13,A01
201000029764,0,07,000,00,0,8,10,A01
201000029764,0,33,000,00,2,3,01,B01
201000029765,0,02,000,00,0,6,00,A01
201000029765,0,07,000,00,2,3,01,B01
201000029766,0,07,000,00,2,1,01,B01
201000029766,0,33,000,00,2,8,01,A01
201000029767,0,30,000,00,2,1,15,A01
201000029767,0,07,000,00,2,1,01,B01
201000029768,0,30,000,00,2,0,01,A01
201000029768,0,07,000,00,2,3,01,B01
201000029769,0,07,000,00,2,3,02,A01
201000029769,0,07,000,00,0,4,02,B01
201000029770,0,07,000,00,2,3,01,B01
201000029770,0,07,000,00,2,5,13,A01
201000029771,0,02,000,00,2,1,01,B01
201000029771,0,17,000,00,2,1,15,A01
201000029772,0,07,000,00,2,4,04,A01
201000029772,0,07,000,06,0,6,01,B01
201000029773,0,37,001,00,1,0,01,A01
201000029774,0,07,000,00,2,1,16,A01
201000029774,0,07,000,00,2,1,01,B01
201000029775,0,30,000,00,2,1,01,A01
201000029775,0,07,000,00,2,6,01,B01
201000029776,0,07,000,08,0,1,14,A01
201000029777,0,33,000,00,2,7,01,B01
201000029777,0,07,000,00,1,1,01,A01
201000029778,0,07,000,00,2,1,01,B01
201000029778,0,37,001,00,0,2,01,A01
201000029779,0,02,000,00,2,3,01,B01
201000029779,0,07,000,00,2,1,16,A01
201000029780,0,07,000,00,2,2,16,A01
201000029780,0,30,000,00,2,3,01,B01
201000029781,0,07,000,00,2,1,02,A01
201000029781,0,07,000,00,0,4,02,B01
201000029782,0,07,000,00,0,3,01,B01
201000029782,0,07,000,02,2,1,12,A01
201000029783,0,07,000,00,1,1,15,A01
201000029784,0,02,000,00,2,8,01,B01
201000029784,0,07,000,00,2,2,15,A01
201000029785,0,10,000,00,0,7,01,B01
201000029785,0,30,000,00,2,2,01,A01
201000029786,0,07,000,00,2,2,01,A01
201000029786,0,02,000,00,2,9,01,B01
201000029787,0,07,000,00,1,2,15,A01
201000029788,0,07,000,00,2,8,01,A01
201000029788,0,07,000,00,2,1,01,B01
201000029789,0,01,000,00,2,1,19,B01
201000029789,0,10,000,00,2,2,15,A01
201000029790,0,30,000,00,1,8,01,A01
201000029791,0,10,000,04,0,2,00,A01
201000029792,0,02,000,01,0,1,01,B01
201000029793,0,07,000,00,2,1,02,A01
201000029793,0,07,000,00,0,4,02,B01
201000029794,0,07,000,00,2,1,02,A01
201000029794,0,07,000,00,0,2,02,B01
201000029795,0,07,000,01,2,3,17,A01
201000029795,0,07,000,00,0,3,01,B01
201000029796,0,14,000,00,2,1,01,B01
201000029796,0,07,000,00,2,8,16,A01
201000029797,1,07,000,00,1,0,00,Z01
201000029798,0,07,000,00,2,4,01,B01
201000029798,0,07,000,00,2,1,01,A01
201000029799,0,07,000,00,2,5,01,B01
201000029799,0,07,000,00,2,1,01,A01
201000029800,0,07,000,00,2,1,01,A01
201000029800,0,07,000,00,2,1,01,C01
201000029800,0,07,000,00,2,0,01,B01
201000029801,0,01,000,00,2,1,05,A01
201000029801,0,07,000,00,2,1,16,B01
201000029802,0,33,000,00,2,1,03,A01
201000029802,0,07,000,00,0,3,01,C01
201000029802,0,07,000,00,2,2,01,B01
201000029803,0,07,000,00,2,1,02,A01
201000029803,0,07,000,00,0,4,02,B01
201000029804,0,02,000,00,2,0,01,B01
201000029804,0,07,000,00,2,5,01,A01
201000029805,0,07,000,00,2,1,15,A01
201000029806,0,07,000,00,1,1,01,A01
201000029807,0,14,000,00,1,0,04,A01
201000029808,0,02,000,12,0,0,00,A01
201000029809,0,40,000,00,1,2,01,A01
201000029810,0,07,000,06,0,1,14,A01
201000029811,0,07,000,00,1,3,01,A01
201000029812,0,07,000,00,2,1,01,B01
201000029812,0,30,000,00,2,1,05,A01
201000029813,0,02,000,00,2,1,01,A01
201000029813,0,07,000,00,2,5,01,B01
201000029814,0,07,000,00,2,1,02,A01
201000029814,0,07,000,00,2,4,02,B01
201000029814,0,07,000,00,0,4,02,C01
201000029815,0,40,000,00,1,3,01,A01
201000029816,0,07,000,00,2,1,01,A01
201000029816,0,30,000,00,0,0,01,B01
201000029817,0,07,000,00,2,5,01,B01
201000029817,0,31,000,00,2,1,01,A01
201000029818,0,10,000,00,1,3,16,A01
201000029819,0,31,000,00,2,7,15,A01
201000029819,0,37,000,00,2,8,01,B01
201000029820,0,01,000,00,0,3,01,B01
201000029820,0,07,000,00,2,2,15,A01
201000029821,0,07,000,00,2,1,15,A01
201000029821,0,31,000,00,2,7,01,B01
201000029822,0,07,000,00,2,1,02,A01
201000029822,0,07,000,00,0,4,02,B01
201000029823,0,07,000,00,4,3,01,A01
201000029823,0,40,000,00,2,0,01,B01
201000029824,0,02,000,00,2,1,01,A01
201000029824,0,07,000,00,2,3,15,B01
201000029825,0,10,000,00,0,4,15,B01
201000029825,0,01,000,00,2,1,02,A01
201000029826,0,10,000,00,2,1,01,A01
201000029826,0,07,000,00,2,4,01,B01
201000029827,0,10,000,00,2,1,15,A01
201000029827,0,33,000,00,2,1,01,B01
201000029828,1,07,000,00,1,0,00,Z01
201000029829,0,37,000,00,1,2,16,A01
201000029830,0,40,000,00,1,1,01,A01
201000029831,0,07,000,00,2,4,23,C01
201000029831,0,07,000,00,2,1,02,A01
201000029831,0,32,000,00,2,4,23,B01
201000029832,0,07,000,00,1,1,01,A01
201000029833,0,07,000,00,2,1,13,A01
201000029833,0,33,000,00,2,1,01,B01
201000029834,0,10,000,00,2,3,01,A01
201000029834,0,07,000,00,2,1,01,B01
201000029835,0,07,000,00,1,1,01,A01
201000029836,0,07,000,00,2,1,01,A01
201000029836,0,07,000,01,0,5,01,B01
201000029837,0,40,000,00,1,0,01,A01
201000029838,0,31,000,00,2,1,00,A01
201000029838,0,01,000,00,2,5,00,B01
201000029839,0,07,000,00,2,8,15,B01
201000029839,0,02,000,00,2,1,01,A01
201000029840,0,30,000,00,2,4,01,A01
201000029840,1,07,000,00,2,0,00,Z01
201000029841,0,07,000,00,2,1,15,A01
201000029841,0,02,000,00,2,8,01,B01
201000029842,0,30,000,00,2,3,18,A01
201000029842,0,07,000,00,2,2,16,B01
201000029843,0,07,000,00,0,3,01,B01
201000029843,0,07,000,00,2,1,20,A01
201000029844,0,01,000,00,2,1,00,A01
201000029844,0,07,000,00,0,3,15,B01
201000029845,0,10,000,00,1,0,01,A01
201000029846,0,33,000,00,2,1,01,B01
201000029846,0,07,000,00,2,1,15,A01
201000029847,0,33,000,00,2,7,01,A01
201000029847,0,07,000,00,2,4,14,B01
201000029848,0,07,000,00,2,4,23,B01
201000029848,0,07,000,00,2,4,23,C01
201000029848,0,07,000,00,2,1,01,A01
201000029848,0,07,000,00,0,4,23,D01
201000029849,0,07,000,07,0,0,13,A01
201000029850,0,31,000,00,2,1,01,A01
201000029851,0,01,000,00,2,0,01,B01
201000029851,0,07,000,00,2,5,16,A01
201000029852,0,10,000,00,2,1,23,A01
201000029852,0,07,000,00,0,0,02,B01
201000029853,0,07,000,00,2,3,15,A01
201000029853,0,31,000,00,2,1,01,B01
201000029854,0,07,000,00,2,1,15,A01
201000029854,0,10,000,00,2,0,01,B01
201000029855,0,07,000,00,2,1,02,A01
201000029855,0,07,000,00,0,4,23,B01
201000029856,0,30,000,00,2,1,01,B01
201000029856,0,07,000,00,2,1,15,A01
201000029857,0,07,000,00,2,8,15,A01
201000029857,0,33,000,00,2,1,01,B01
201000029858,0,01,000,00,2,0,15,B01
201000029858,1,07,000,00,2,0,00,A01
201000029859,0,07,000,00,2,4,02,B01
201000029859,0,07,000,00,2,4,23,C01
201000029859,0,07,000,00,2,1,02,A01
201000029860,0,07,000,00,0,6,02,B01
201000029860,0,07,000,01,2,2,02,A01
201000029861,0,07,000,00,1,3,15,A01
201000029862,0,07,000,00,2,3,01,B01
201000029862,0,07,000,00,2,8,09,A01
201000029862,0,07,000,00,2,3,11,C01
201000029863,0,07,000,00,2,1,01,A01
201000029864,0,30,000,00,2,1,17,A01
201000029864,0,07,000,00,0,3,15,B01
201000029865,0,01,000,00,2,1,01,B01
201000029865,0,07,000,00,2,1,15,A01
201000029866,0,01,000,01,0,1,01,B01
201000029866,0,07,000,00,0,8,22,A01
201000029867,0,07,000,00,2,3,15,A01
201000029867,0,33,000,00,2,8,01,B01
201000029868,0,07,000,00,0,1,15,A01
201000029868,0,01,000,00,2,1,01,B01
201000029869,0,07,000,00,1,1,13,A01
201000029869,1,10,000,00,0,0,14,Z01
201000029870,0,07,000,00,2,1,02,A01
201000029870,0,07,000,00,0,4,23,B01
201000029871,0,01,000,00,2,0,01,B01
201000029871,0,07,000,00,2,2,16,A01
201000029872,0,07,000,00,2,1,01,A01
201000029872,0,07,000,01,0,4,15,B01
201000029873,0,07,000,15,0,1,00,A01
201000029874,0,07,000,00,2,5,01,B01
201000029874,0,31,000,00,2,1,15,A01
201000029875,0,07,000,00,2,3,01,B01
201000029875,0,10,000,00,2,1,01,A01
201000029876,0,07,000,00,2,1,16,A01
201000029876,0,07,000,00,2,8,01,B01
201000029877,0,07,000,00,0,3,23,B01
201000029877,0,02,000,00,2,1,02,A01
201000029878,0,07,000,00,2,2,15,A01
201000029878,0,02,000,00,2,1,01,B01
201000029879,0,02,000,00,2,1,01,A01
201000029879,0,30,000,00,2,7,01,B01
201000029880,0,10,000,00,2,1,15,A01
201000029880,0,33,000,00,2,0,01,B01
201000029881,0,07,000,00,1,1,01,A01
201000029882,0,37,000,00,2,5,01,A01
201000029883,0,30,000,00,2,1,01,B01
201000029883,0,07,000,00,2,1,15,A01
201000029884,1,07,000,00,1,0,00,A01
201000029885,0,07,000,00,2,1,01,A01
201000029886,0,07,000,00,0,4,15,B01
201000029886,0,07,000,00,2,1,00,A01
201000029887,0,07,000,00,2,1,15,A01
201000029887,0,14,000,00,2,1,23,D01
201000029887,0,07,000,00,0,6,05,C01
201000029888,0,33,000,00,2,8,00,B01
201000029888,1,99,000,00,9,2,00,Z01
201000029889,0,07,000,00,1,7,02,A01
201000029890,0,33,000,00,2,1,17,A01
201000029890,0,33,000,00,2,1,01,C01
201000029890,0,07,000,00,2,3,11,B01
201000029891,0,30,000,00,2,1,21,A01
201000029891,0,07,000,00,9,3,19,B01
201000029892,0,01,000,00,2,1,19,A01
201000029892,0,07,000,00,0,3,01,B01
201000029893,0,01,000,00,2,1,01,B01
201000029894,0,01,000,00,2,8,02,B01
201000029894,0,07,000,00,2,2,02,A01
201000029895,0,33,000,08,1,2,01,A01
201000029896,0,33,000,15,2,1,00,B01
201000029896,0,07,000,00,2,3,16,A01
201000029897,0,30,000,00,2,8,01,B01
201000029897,0,30,000,00,2,1,17,A01
201000029898,0,30,000,00,2,4,02,B01
201000029898,0,07,000,00,2,1,09,A01
201000029899,0,07,000,00,2,1,02,A01
201000029899,0,07,000,00,2,4,02,C01
201000029899,0,07,000,00,2,4,02,B01
201000029899,0,07,000,00,0,4,02,D01
201000029900,0,07,000,00,2,2,09,A01
201000029900,0,01,000,00,2,1,05,B01
201000029901,0,07,000,00,0,2,01,B01
201000029901,0,01,000,00,2,1,01,A01
201000029902,0,07,000,00,2,8,01,B01
201000029902,0,07,000,00,2,2,17,A01
201000029903,0,07,000,00,1,3,12,A01
201000029904,0,17,000,00,2,2,01,B01
201000029904,0,07,000,00,2,8,01,A01
201000029904,0,07,000,00,2,1,23,C01
201000029905,0,07,000,00,0,4,02,B01
201000029905,0,07,000,00,2,4,02,A01
201000029906,0,07,000,00,2,2,09,A01
201000029906,0,32,000,00,2,1,01,B01
201000029907,0,07,000,08,0,1,01,A01
201000029908,0,02,000,00,2,1,01,B01
201000029908,0,07,000,00,2,3,15,A01
201000029909,0,07,000,00,1,2,15,A01
201000029910,0,33,000,00,2,2,01,B01
201000029910,0,07,000,00,2,2,09,A01
201000029910,0,07,000,00,2,3,02,C01
201000029911,0,07,000,00,1,2,01,A01
201000029912,0,07,000,00,1,2,16,A01
201000029913,0,07,000,00,2,2,01,B01
201000029913,0,30,000,00,2,1,01,A01
201000029914,0,07,000,00,2,6,15,A01
201000029914,0,32,000,00,2,1,17,B01
201000029915,0,01,000,00,2,5,01,B01
201000029915,0,34,000,00,2,3,13,A01
201000029916,0,07,000,00,2,3,15,A01
201000029916,0,30,000,00,2,8,01,B01
201000029917,0,32,000,08,0,2,01,A01
201000029918,0,07,000,00,2,0,00,B01
201000029918,0,01,000,00,2,0,00,A01
201000029919,0,07,000,08,0,7,00,A01
201000029920,0,07,000,00,1,1,01,A01
201000029921,0,01,000,00,2,4,01,B01
201000029921,0,07,000,00,2,2,11,A01
201000029922,0,07,000,00,9,3,01,B01
201000029922,0,10,000,00,2,6,02,C01
201000029922,0,33,000,00,2,1,02,A01
201000029923,0,01,000,00,2,1,02,B01
201000029923,0,10,000,00,2,3,01,A01
201000029924,0,07,000,00,2,3,15,B01
201000029924,0,34,000,08,2,1,17,A01
201000029925,0,07,000,00,2,3,02,A01
201000029925,0,01,000,00,2,5,03,B01
201000029926,0,99,000,00,2,6,00,B01
201000029926,0,07,000,00,2,2,02,A01
201000029927,0,33,000,00,2,4,23,B01
201000029927,0,07,000,00,2,1,02,A01
201000029927,0,07,000,00,2,6,23,C01
201000029928,0,07,000,00,2,3,09,A01
201000029928,0,33,000,00,2,5,01,B01
201000029929,0,07,000,00,1,1,01,A01
201000029930,0,07,000,00,2,1,01,B01
201000029930,0,07,000,00,2,7,13,A01
201000029931,0,07,000,00,2,7,13,A01
201000029931,0,02,000,00,2,1,01,B01
201000029932,0,07,000,02,0,1,00,A01
201000029933,0,33,000,00,2,1,02,A01
201000029933,0,07,000,00,2,4,02,B01
201000029934,0,07,000,00,1,1,01,A01
201000029935,0,30,000,00,2,7,02,B01
201000029935,0,30,000,00,2,7,05,A01
201000029936,0,33,000,00,2,3,01,B01
201000029936,2,07,000,00,2,0,00,A01
201000029937,0,30,000,00,2,1,01,A01
201000029937,0,10,000,00,2,2,01,B01
201000029938,0,07,000,00,2,1,01,A01
201000029938,0,07,000,00,2,4,23,B01
201000029939,0,02,000,00,0,0,00,A01
201000029940,0,07,000,02,0,1,01,A01
201000029941,0,07,000,00,0,0,00,B01
201000029941,0,07,000,00,0,0,01,A01
201000029942,0,30,000,00,2,1,01,A01
201000029942,0,07,000,00,2,2,11,B01
201000029943,0,07,000,11,0,0,02,A01
201000029944,0,07,000,00,2,1,01,C01
201000029944,0,07,000,00,2,1,01,A01
201000029944,0,07,000,00,2,4,01,B01
201000029945,0,02,000,00,2,1,01,A01
201000029945,0,07,000,00,2,8,01,B01
201000029946,0,07,000,00,2,1,01,B01
201000029946,0,07,000,01,2,7,15,A01
201000029947,0,07,000,00,0,1,01,A01
201000029948,0,99,000,00,0,0,01,A01
201000029949,0,07,000,00,1,0,00,A01
201000029950,1,07,000,00,2,0,00,X01
201000029950,0,02,000,00,2,7,01,A01
201000029951,0,07,000,00,1,1,00,A01
201000029952,0,02,000,00,2,1,01,B01
201000029952,0,07,000,00,2,7,01,A01
201000029953,0,02,000,00,2,8,00,A01
201000029953,0,07,000,00,2,3,01,B01
201000029954,0,07,000,00,1,2,01,A01
201000029955,0,07,000,00,2,3,15,B01
201000029955,0,07,000,00,2,3,01,A01
201000029956,0,07,000,00,2,1,01,B01
201000029956,0,07,000,00,2,1,01,A01
201000029957,0,07,000,00,0,1,06,A01
201000029958,0,07,000,00,1,1,01,A01
201000029959,0,07,000,00,2,5,01,A01
201000029959,0,02,000,00,2,1,01,B01
201000029960,0,07,000,00,2,1,01,A01
201000029960,0,07,000,00,2,1,06,B01
201000029961,0,02,000,00,0,0,00,A01
201000029962,0,07,000,00,0,0,00,A01
201000029963,0,07,000,00,2,1,01,A01
201000029963,1,07,000,00,2,1,13,B01
201000029964,0,10,000,00,2,1,01,A01
201000029964,0,07,000,00,2,1,01,B01
201000029965,0,07,000,00,2,5,10,A01
201000029965,0,02,000,00,2,1,01,B01
201000029966,0,07,000,00,2,3,01,B01
201000029966,0,07,000,00,2,3,13,A01
201000029967,0,07,000,00,0,0,00,A01
201000029967,0,02,000,00,0,0,00,B01
201000029968,0,07,000,00,1,1,01,A01
201000029969,0,07,000,00,1,1,01,A01
201000029970,0,07,000,00,9,7,01,B01
201000029970,0,01,000,00,2,1,01,A01
201000029971,0,07,000,00,1,2,16,A01
201000029972,0,07,000,00,2,8,01,B01
201000029972,0,02,000,00,2,1,01,A01
201000029973,0,07,000,00,2,1,01,A01
201000029973,0,02,000,00,2,7,15,B01
201000029974,0,07,000,00,2,1,01,B01
201000029974,0,07,000,00,2,7,15,A01
201000029975,0,07,000,00,1,1,01,A01
201000029976,0,07,000,00,1,1,01,A01
201000029977,0,01,000,00,2,1,01,B01
201000029977,0,07,000,00,9,1,17,A01
201000029978,0,10,000,06,2,8,15,A01
201000029978,1,30,000,00,2,1,17,Z01
201000029979,0,07,000,00,2,4,01,C01
201000029979,0,07,000,00,2,1,01,B01
201000029979,0,07,000,00,2,1,01,A01
201000029980,0,07,000,00,1,2,01,A01
201000029981,0,07,000,00,0,0,15,D01
201000029981,0,10,000,00,2,3,02,A01
201000029981,0,07,000,00,2,6,01,C01
201000029981,0,07,000,00,2,8,01,B01
201000029982,0,33,000,00,2,1,00,A01
201000029982,0,07,000,00,0,0,00,B01
201000029983,0,32,000,00,2,1,01,A01
201000029983,0,10,000,00,2,1,01,B01
201000029984,0,07,000,00,0,0,00,A01
201000029985,0,07,000,00,0,0,01,A01
201000029986,0,10,000,00,2,1,15,A01
201000029986,0,07,000,00,2,3,01,B01
201000029987,0,07,000,00,2,0,01,C01