Num_Acc,senc,catv,occutc,obs,obsm,choc,manv,num_veh
201000030365,0,07,000,00,2,7,16,B01
201000030366,0,07,000,00,2,3,01,B01
201000030366,0,30,000,00,2,2,09,A01
201000030367,0,01,000,00,2,8,19,A01
201000030367,0,07,000,00,2,1,01,B01
201000030368,0,31,000,00,2,7,15,A01
201000030368,0,38,002,00,2,8,15,B01
201000030369,0,07,000,00,9,7,01,A01
201000030369,0,01,000,00,2,8,11,B01
201000030370,0,07,000,00,0,0,15,B01
201000030370,0,33,000,00,2,1,01,A01
201000030371,0,07,000,02,0,2,00,A01
201000030372,0,10,000,00,2,8,01,B01
201000030372,0,01,000,00,2,1,01,A01
201000030373,0,07,000,00,1,2,01,A01
201000030374,0,07,000,00,2,7,13,A01
201000030374,0,07,000,00,2,1,01,B01
201000030375,0,02,000,00,0,0,01,A01
201000030376,0,07,000,13,0,9,17,A01
201000030377,0,32,000,00,2,1,00,B01
201000030377,1,07,000,00,2,2,00,A01
201000030378,0,07,000,08,0,2,00,A01
201000030379,0,07,000,00,2,2,01,A01
201000030379,0,07,000,00,2,2,01,B01
201000030380,0,07,000,00,1,4,23,A01
201000030381,0,32,000,00,0,0,01,A01
201000030382,0,07,000,00,1,0,01,A01
201000030383,0,07,000,00,2,3,15,A01
201000030383,0,33,000,00,2,2,17,B01
201000030384,0,07,000,00,2,3,01,B01
201000030384,0,07,000,00,2,3,16,A01
201000030385,0,07,000,04,0,2,01,A01
201000030386,2,07,000,00,2,3,00,A01
201000030386,0,07,000,00,2,3,00,B01
201000030387,0,07,000,00,2,1,02,A01
201000030387,0,07,000,00,2,4,02,B01
201000030387,0,07,000,00,2,4,02,C01
201000030388,0,32,000,12,0,1,00,A01
201000030389,0,34,000,00,2,1,01,B01
201000030389,0,07,000,00,2,1,15,A01
201000030390,0,33,000,00,2,1,02,A01
201000030390,0,07,000,00,0,6,02,B01
201000030391,0,07,000,00,2,1,09,A01
201000030391,0,02,000,00,2,7,01,B01
201000030392,0,30,000,00,1,1,01,A01
201000030393,0,33,000,00,2,1,01,B01
201000030393,0,07,000,00,2,2,15,A01
201000030394,0,07,000,00,2,1,02,A01
201000030394,0,07,000,00,0,4,02,B01
201000030395,0,07,000,00,2,8,15,B01
201000030395,0,31,000,00,2,1,01,A01
201000030396,0,30,000,12,0,0,01,A01
201000030397,0,07,000,00,2,1,01,B01
201000030397,0,07,000,00,2,2,15,A01
201000030398,0,02,000,00,2,1,01,A01
201000030398,0,07,000,00,2,8,16,B01
201000030399,0,07,000,13,0,0,00,A01
201000030400,0,01,000,00,2,4,01,B01
201000030401,0,07,000,00,2,1,13,A01
201000030401,0,07,000,00,2,1,01,B01
201000030402,0,07,000,00,2,1,12,A01
201000030402,0,01,000,00,2,8,01,B01
201000030403,0,01,000,09,0,1,01,A01
201000030404,0,10,000,00,2,1,02,A01
201000030404,0,07,000,00,2,4,02,B01
201000030405,0,07,000,00,2,1,16,A01
201000030405,0,07,000,00,2,7,01,B01
201000030406,0,07,000,00,2,7,01,B01
201000030406,0,30,000,00,2,7,03,A01
201000030407,0,02,000,00,2,1,01,A01
201000030407,0,10,000,00,2,7,01,B01
201000030408,0,07,000,10,0,1,01,A01
201000030409,0,07,000,00,2,2,01,A01
201000030409,0,31,000,00,2,0,01,B01
201000030410,0,07,000,00,2,3,15,B01
201000030410,0,07,000,00,2,2,01,A01
201000030411,0,34,000,10,0,1,01,A01
201000030412,0,02,000,00,9,2,01,A01
201000030413,0,02,000,00,0,8,01,A01
201000030414,0,30,000,00,2,1,19,A01
201000030414,0,07,000,00,2,3,01,B01
201000030415,0,07,000,02,0,2,01,A01
201000030416,0,30,000,00,0,8,01,A01
201000030417,0,07,000,09,0,1,01,A01
201000030418,0,33,000,00,0,8,01,B01
201000030418,0,07,000,00,2,1,01,A01
201000030419,0,07,000,00,2,1,16,A01
201000030419,0,33,000,00,2,7,01,C01
201000030419,0,33,000,00,2,7,01,B01
201000030420,0,30,000,00,0,1,00,A01
201000030421,0,07,000,00,2,8,10,A01
201000030421,0,33,000,00,2,1,01,B01
201000030422,0,07,000,00,2,3,13,A01
201000030422,0,02,000,00,2,1,01,B01
201000030423,0,30,000,00,0,0,01,A01
201000030424,0,01,000,00,2,1,13,A01
201000030424,0,07,000,00,2,8,01,B01
201000030425,0,33,000,14,2,1,01,B01
201000030425,0,07,000,00,2,6,15,A01
201000030426,0,07,000,13,2,3,01,B01
201000030426,0,07,000,00,2,2,10,A01
201000030427,0,33,000,00,2,3,01,B01
201000030427,0,07,000,00,2,3,13,A01
201000030428,1,07,000,00,0,0,13,Z01
201000030428,0,32,000,00,0,0,16,A01
201000030429,0,33,000,00,2,1,01,B01
201000030429,0,07,000,00,2,8,15,A01
201000030430,0,02,000,00,1,0,00,A01
201000030431,0,14,000,00,2,8,01,B01
201000030431,0,07,000,00,2,7,09,A01
201000030432,0,33,000,00,2,1,01,B01
201000030432,0,07,000,00,2,3,10,A01
201000030433,0,07,000,00,1,2,16,A01
201000030434,0,07,000,00,2,5,15,A01
201000030434,0,33,000,00,2,1,01,B01
201000030435,0,07,000,00,2,3,15,B01
201000030435,2,07,000,00,2,2,06,A01
201000030436,0,30,000,00,2,8,01,B01
201000030436,0,07,000,00,2,1,15,A01
201000030437,0,02,000,00,2,1,01,A01
201000030437,0,07,000,00,2,7,01,B01
201000030438,0,03,000,09,0,1,01,A01
201000030439,0,33,000,00,0,8,01,A01
201000030440,0,33,000,11,2,8,14,A01
201000030440,0,07,000,00,2,7,16,B01
201000030441,0,07,000,00,2,4,02,C01
201000030441,0,07,000,00,2,1,02,B01
201000030441,0,07,000,00,2,1,02,A01
201000030442,0,33,000,00,2,1,17,A01
201000030442,0,07,000,00,2,3,15,B01
201000030443,0,07,000,00,0,0,15,A01
201000030443,0,33,000,00,0,0,01,B01
201000030444,0,30,000,00,1,0,01,A01
201000030445,0,33,000,00,2,7,17,A01
201000030445,0,03,000,00,2,1,15,B01
201000030446,0,31,000,00,2,1,01,B01
201000030446,0,07,000,00,2,3,15,A01
201000030447,0,01,000,00,2,1,01,A01
201000030447,0,07,000,00,2,7,01,B01
201000030448,0,33,000,00,2,1,01,B01
201000030448,0,07,000,00,2,8,15,A01
201000030449,0,07,000,00,2,1,01,A01
201000030449,0,01,000,00,2,7,19,B01
201000030450,0,07,000,00,2,1,15,A01
201000030450,0,32,000,00,0,1,01,B01
201000030451,0,07,000,00,0,4,01,C01
201000030451,0,07,000,00,2,1,01,A01
201000030451,0,07,000,00,2,1,01,B01
201000030452,0,07,000,00,1,1,01,A01
201000030453,0,07,000,00,2,4,02,B01
201000030453,0,02,000,00,2,1,11,A01
201000030454,0,31,000,00,2,1,01,B01
201000030454,0,07,000,00,2,8,10,A01
201000030455,0,07,000,00,9,1,01,A01
201000030455,0,01,000,00,2,2,09,B01
201000030456,0,07,000,00,2,3,23,C01
201000030456,0,07,000,07,2,5,01,B01
201000030456,0,07,000,00,2,6,23,D01
201000030456,0,07,000,00,2,1,19,A01
201000030457,0,07,000,00,0,5,23,B01
201000030457,0,34,000,00,2,1,02,A01
201000030458,0,07,000,00,2,5,00,B01
201000030458,0,31,000,01,0,1,00,A01
201000030459,0,30,000,00,0,6,01,A01
201000030460,0,07,000,00,2,1,02,A01
201000030460,0,07,000,00,2,4,02,C01
201000030460,0,07,000,00,2,4,02,B01
201000030461,0,07,000,00,2,1,15,A01
201000030461,0,33,000,00,2,1,01,B01
201000030462,0,32,000,14,0,1,01,A01
201000030463,0,07,000,00,2,3,01,B01
201000030463,0,07,000,00,2,3,13,A01
201000030464,0,33,000,00,2,8,05,A01
201000030464,0,07,000,00,0,3,01,B01
201000030465,0,07,000,00,2,3,01,B01
201000030465,0,07,000,00,2,8,05,A01
201000030466,0,02,000,01,0,1,01,A01
201000030467,0,01,000,00,1,1,01,A01
201000030468,0,07,000,00,2,3,01,B01
201000030468,0,07,000,00,0,5,16,A01
201000030469,0,30,000,00,1,8,00,A01
201000030470,0,07,000,00,1,2,01,A01
201000030471,0,07,000,00,2,3,01,B01
201000030471,0,30,000,00,2,1,01,A01
201000030472,0,32,000,00,0,0,01,A01
201000030473,0,07,000,00,0,7,23,B01
201000030473,0,32,000,00,2,8,18,A01
201000030474,0,07,000,00,2,1,01,B01
201000030474,0,07,000,00,2,2,15,A01
201000030475,0,07,000,06,0,2,01,A01
201000030476,0,01,000,00,2,3,01,B01
201000030476,0,07,000,00,2,1,01,A01
201000030477,0,33,000,00,2,1,01,B01
201000030477,0,07,000,00,0,4,12,A01
201000030478,0,33,000,00,2,1,01,A01
201000030478,0,07,000,00,2,2,15,B01
201000030479,0,07,000,00,2,4,02,C01
201000030479,0,07,000,00,2,1,02,A01
201000030479,0,07,000,00,0,4,02,D01
201000030479,0,07,000,00,2,4,02,B01
201000030480,0,07,000,00,1,4,04,A01
201000030481,0,07,000,00,2,3,15,A01
201000030481,0,07,000,00,2,1,01,B01
201000030482,0,07,000,00,2,1,15,A01
201000030482,0,32,000,00,2,8,01,B01
201000030483,0,07,000,00,0,6,00,B01
201000030483,0,33,000,00,2,1,02,A01
201000030484,0,07,000,00,1,1,16,A01
201000030485,0,33,000,00,2,1,01,B01
201000030485,0,07,000,00,2,3,09,A01
201000030486,0,31,000,00,2,1,01,B01
201000030486,0,07,000,00,2,7,15,A01
201000030487,0,34,000,00,2,1,01,A01
201000030487,1,07,000,00,2,1,15,Z01
201000030488,0,07,000,00,2,9,01,A01
201000030488,0,07,000,00,2,8,16,B01
201000030489,0,31,000,00,2,3,01,B01
201000030489,0,07,000,00,2,1,19,A01
201000030490,0,31,000,00,0,4,02,B01
201000030490,0,07,000,00,2,1,01,A01
201000030491,0,07,000,00,0,4,15,B01
201000030491,0,32,000,00,2,1,01,A01
201000030492,0,07,000,00,2,1,15,B01
201000030492,0,33,000,00,2,7,01,A01
201000030493,0,07,000,00,2,1,19,A01
201000030493,0,30,000,00,2,6,01,B01
201000030494,0,07,000,00,2,1,01,A01
201000030494,0,07,000,00,2,4,00,B01
201000030495,0,07,000,00,1,1,00,A01
201000030496,0,07,000,00,9,1,01,A01
201000030496,0,01,000,00,2,4,01,C01
201000030496,0,01,000,00,2,4,01,B01
201000030497,0,07,000,00,2,4,01,B01
201000030497,0,07,000,00,0,4,01,C01
201000030497,0,07,000,00,2,1,01,A01
201000030498,0,07,000,00,2,3,01,B01
201000030498,0,07,000,00,2,1,00,A01
201000030499,0,07,000,00,1,2,01,A01
201000030500,0,07,000,00,0,4,09,A01
201000030500,0,33,000,00,0,1,01,B01
201000030501,0,07,000,00,2,1,15,A01
201000030501,0,07,000,00,2,1,01,B01
201000030502,0,07,000,00,2,1,15,A01
201000030502,0,31,000,00,2,1,01,B01
201000030503,1,07,000,00,2,0,01,Z01
201000030503,0,32,000,00,2,1,01,B01
201000030504,0,07,000,00,2,8,15,A01
201000030504,0,33,000,00,2,1,17,B01
201000030505,0,07,000,00,2,1,01,A01
201000030505,0,33,000,00,0,4,23,C01
201000030505,0,32,000,00,2,4,23,B01
201000030506,0,07,000,00,2,2,23,C01
201000030506,0,07,000,00,2,1,01,B01
201000030506,0,07,000,00,2,2,15,A01
201000030507,0,07,000,00,2,6,01,B01
201000030507,0,33,000,00,2,2,12,A01
201000030508,0,07,000,00,2,3,15,B01
201000030508,0,07,000,14,2,1,01,A01
201000030509,0,07,000,00,2,1,15,A01
201000030509,0,32,000,00,2,3,01,B01
201000030510,0,07,000,00,2,1,01,A01
201000030510,0,07,000,00,2,4,01,B01
201000030511,0,07,000,00,2,3,15,A01
201000030511,0,33,000,08,2,2,17,B01
201000030512,0,33,000,14,0,1,13,A01
201000030513,0,33,000,12,0,2,00,A01
201000030514,0,07,000,00,2,3,11,A01
201000030514,0,33,000,00,0,5,23,B01
201000030515,0,07,000,00,1,6,04,A01
201000030516,0,30,000,00,2,3,18,B01
201000030516,0,07,000,00,0,7,16,A01
201000030517,1,99,000,00,1,1,01,Z01
201000030518,0,31,000,11,0,1,01,A01
201000030519,0,07,000,00,0,4,23,B01
201000030519,0,30,000,00,2,1,01,A01
201000030520,0,07,000,12,0,3,00,A01
201000030521,0,10,000,00,1,2,17,A01
201000030522,0,33,000,00,2,1,01,A01
201000030522,0,14,000,00,0,4,16,B01
201000030523,0,07,000,00,2,3,01,B01
201000030523,0,07,000,04,2,1,13,A01
201000030524,0,01,000,12,0,1,01,A01
201000030525,0,33,000,12,0,7,01,A01
201000030526,0,07,000,00,2,1,00,B01
201000030526,0,07,000,00,2,2,00,A01
201000030527,0,31,000,00,0,7,01,B01
201000030527,0,07,000,00,0,0,11,A01
201000030528,1,99,000,00,2,0,00,Z01
201000030528,0,07,000,00,2,4,23,B01
201000030529,0,33,000,00,2,2,01,B01
201000030529,0,07,000,00,2,6,11,A01
201000030530,0,07,000,00,2,2,01,B01
201000030530,0,33,000,00,2,1,15,A01
201000030531,0,07,000,00,2,3,01,B01
201000030531,0,02,000,00,2,2,01,A01
201000030532,0,07,000,00,2,1,02,A01
201000030532,0,07,000,00,0,4,02,B01
201000030533,0,30,000,00,1,1,18,A01
201000030534,0,07,000,08,0,1,01,A01
201000030535,0,07,000,00,2,1,13,A01
201000030535,0,07,000,00,2,1,01,B01
201000030536,0,07,000,00,2,8,10,A01
201000030536,0,33,000,00,2,1,01,B01
201000030537,0,07,000,00,2,7,19,A01
201000030537,0,33,000,00,2,1,01,B01
201000030538,0,07,000,13,0,1,21,A01
201000030539,1,07,000,00,0,0,19,A01
201000030539,0,31,000,00,2,0,21,B01
201000030540,0,07,000,00,2,4,02,C01
201000030540,0,07,000,00,2,4,02,B01
201000030540,0,07,000,00,2,1,02,A01
201000030541,0,10,000,00,2,2,02,A01
201000030541,0,07,000,06,0,4,02,B01
201000030542,0,07,000,00,2,5,01,B01
201000030542,0,32,000,00,2,3,16,A01
201000030543,0,32,000,00,2,7,01,B01
201000030543,0,07,000,00,2,6,15,A01
201000030544,0,07,000,00,2,5,01,B01
201000030544,0,31,000,00,2,3,03,A01
201000030544,0,07,000,00,2,8,01,C01
201000030545,0,32,000,08,2,3,01,B01
201000030545,0,07,000,00,2,4,04,A01
201000030546,0,30,000,00,2,1,05,B01
201000030546,0,07,000,00,2,3,19,A01
201000030547,0,07,000,00,2,1,01,A01
201000030547,0,07,000,00,0,4,02,C01
201000030547,0,07,000,00,0,4,02,B01
201000030548,1,07,000,00,1,0,01,Z01
201000030549,0,07,000,00,2,0,00,A01
201000030549,0,01,000,00,0,1,01,B01
201000030550,0,07,000,00,2,3,01,B01
201000030550,0,07,000,00,2,2,15,A01
201000030551,0,07,000,00,9,1,01,B01
201000030551,0,01,000,00,2,8,19,A01
201000030552,0,01,000,00,2,1,05,A01
201000030552,0,07,000,00,9,2,01,B01
201000030553,0,07,000,00,1,1,01,A01
201000030554,0,01,000,00,2,1,05,A01
201000030554,0,07,000,00,9,3,01,B01
201000030555,0,07,000,00,2,1,01,B01
201000030555,0,10,000,00,2,2,17,A01
201000030556,0,33,000,00,2,1,01,B01
201000030556,0,31,000,00,2,1,15,A01
201000030557,0,02,000,00,0,0,01,A01
201000030558,0,31,000,00,2,1,01,B01
201000030558,1,07,000,00,2,8,15,Z01
201000030559,0,33,000,00,0,1,01,A01
201000030560,0,33,000,00,1,1,01,A01
201000030561,0,07,000,00,2,2,01,B01
201000030561,0,10,000,00,2,1,05,A01
201000030562,0,33,000,00,2,1,21,A01
201000030562,0,07,000,00,2,2,15,B01
201000030563,0,07,000,00,2,8,15,A01
201000030563,2,07,000,00,2,1,01,B01
201000030564,0,07,000,12,0,1,06,A01
201000030565,0,07,000,13,0,1,01,A01
201000030566,0,33,000,00,2,7,01,B01
201000030566,0,07,000,00,2,1,09,A01
201000030567,0,07,000,00,1,1,01,A01
201000030568,0,07,000,08,0,1,00,A01
201000030569,0,07,000,00,1,7,01,A01
201000030570,0,07,000,00,2,3,00,A01
201000030570,0,07,000,00,2,2,00,B01
201000030571,0,07,000,00,2,6,20,A01
201000030571,0,07,000,00,2,2,01,B01
201000030572,0,01,000,00,1,4,01,B01
201000030572,0,07,000,00,9,7,01,A01
201000030573,0,31,000,00,2,1,01,B01
201000030573,0,07,000,00,2,2,15,A01
201000030574,0,07,000,02,0,8,01,A01
201000030575,0,07,000,00,2,1,01,A01
201000030575,0,07,000,00,2,7,01,B01
201000030576,0,07,000,00,2,6,02,B01
201000030576,0,33,000,00,2,7,02,A01
201000030577,0,07,000,01,0,1,01,B01
201000030577,0,21,000,00,2,4,23,A01
201000030578,0,07,000,00,1,1,01,A01
201000030579,0,07,000,00,2,1,05,A01
201000030579,0,02,000,00,2,1,01,B01
201000030579,0,07,000,00,2,3,02,C01
201000030580,0,07,000,00,1,7,00,A01
201000030580,0,07,000,00,1,6,00,B01
201000030581,0,07,000,07,0,3,01,A01
201000030582,0,07,000,00,2,2,02,A01
201000030582,0,07,000,00,2,6,01,B01
201000030583,0,37,002,00,2,1,01,B01
201000030583,0,07,000,00,2,1,13,A01
201000030584,0,07,000,00,2,3,09,A01
201000030584,0,33,000,00,2,7,09,B01
201000030585,0,07,000,00,2,7,15,A01
201000030585,0,10,000,00,2,1,01,B01
201000030586,0,10,000,00,2,1,01,B01
201000030586,0,07,000,00,2,7,01,A01
201000030587,0,07,000,00,0,8,01,C01
201000030587,0,07,000,00,0,6,02,B01
201000030587,0,30,000,00,2,1,02,A01
201000030588,0,10,000,00,2,7,09,A01
201000030588,0,02,000,00,0,0,02,B01
201000030589,0,07,000,00,1,3,01,A01
201000030590,0,01,000,00,2,2,02,A01
201000030590,0,07,000,00,9,3,15,B01
201000030591,0,01,000,00,1,2,01,A01
201000030592,0,07,000,00,2,3,15,A01
201000030592,0,33,000,00,2,1,01,B01
201000030593,0,07,000,00,2,3,15,B01
201000030593,0,32,000,00,2,2,07,A01
201000030594,0,31,000,00,1,1,01,A01
201000030595,0,07,000,00,2,3,13,A01
201000030595,0,32,000,00,2,1,01,B01
201000030596,0,07,000,00,2,8,15,A01
201000030596,0,07,000,00,2,1,01,B01
201000030597,0,07,000,00,2,1,02,A01
201000030597,0,33,000,00,2,4,23,B01
201000030597,0,07,000,00,0,4,23,C01
201000030598,0,07,000,04,0,2,01,A01
201000030599,0,07,000,12,0,2,01,A01
201000030600,0,07,000,02,0,2,00,A01
201000030601,0,35,000,00,2,1,17,B01
201000030601,0,10,000,00,2,8,15,A01
201000030602,0,07,000,00,1,2,01,A01
201000030603,0,07,000,00,2,1,01,B01
201000030603,0,07,000,00,2,1,13,A01
201000030604,0,07,000,00,2,6,23,B01
201000030604,0,07,000,00,2,2,02,A01
201000030605,0,07,000,00,2,5,01,A01
201000030605,0,07,000,00,2,7,01,B01
201000030606,0,07,000,00,2,3,09,A01
201000030606,0,31,000,00,2,8,01,B01
201000030607,0,07,000,00,2,1,19,A01
201000030607,0,33,000,00,2,7,17,B01
201000030608,0,07,000,00,2,4,23,B01
201000030608,0,07,000,00,2,1,02,A01
201000030609,0,07,000,00,1,1,01,A01
201000030610,0,07,000,00,2,4,01,B01
201000030610,0,10,000,00,0,4,01,C01
201000030610,0,07,000,00,2,1,01,A01
201000030611,0,07,000,00,1,1,01,A01
201000030612,2,01,000,00,1,1,00,A01
201000030613,0,07,000,15,0,1,13,A01
201000030614,0,17,000,00,1,8,00,A01
201000030615,0,07,000,02,2,5,00,B01
201000030615,0,07,000,00,2,3,09,A01
201000030616,0,07,000,00,2,1,05,A01
201000030616,0,07,000,00,2,1,05,B01
201000030617,0,32,000,00,2,2,19,A01
201000030617,0,07,000,00,2,8,01,B01
201000030618,0,07,000,00,0,4,12,A01
201000030618,0,33,000,00,2,1,01,B01
201000030619,0,37,001,00,1,2,07,A01
201000030620,0,33,000,00,2,1,01,B01
201000030620,0,07,000,00,2,8,15,A01
201000030621,0,07,000,00,2,1,16,A01
201000030621,0,07,000,00,2,1,01,B01
201000030622,0,07,000,00,2,2,15,A01
201000030622,0,33,000,00,2,2,21,B01
201000030623,0,32,000,00,2,1,01,B01
201000030623,0,07,000,00,2,1,15,A01
201000030624,0,33,000,00,1,8,01,A01
201000030625,0,07,000,00,2,6,15,B01
201000030625,1,07,000,00,2,1,02,A01
201000030626,0,01,000,00,2,7,01,B01
201000030626,0,07,000,00,9,8,09,A01
201000030627,0,07,000,00,2,7,19,B01
201000030627,0,07,000,00,2,5,19,D01
201000030627,0,31,000,00,2,7,19,C01
201000030627,0,07,000,00,2,1,19,A01
201000030628,0,07,000,00,2,3,01,B01
201000030628,0,07,000,00,2,3,00,A01
201000030629,0,07,000,00,2,7,15,A01
201000030629,0,07,000,00,2,2,01,B01
201000030630,0,01,000,00,2,7,17,B01
201000030630,0,07,000,00,9,6,15,A01
201000030631,0,07,000,00,2,3,00,B01
201000030631,0,32,000,00,0,1,01,A01
201000030632,0,07,000,00,9,3,01,B01
201000030632,0,01,000,00,2,1,19,A01
201000030633,0,07,000,00,2,7,15,A01
201000030633,0,32,000,00,2,3,01,B01
201000030634,0,07,000,00,1,1,01,A01
201000030635,0,07,000,00,2,7,17,A01
201000030635,0,30,000,00,2,8,15,B01
201000030636,0,31,000,00,2,1,01,A01
201000030636,0,07,000,00,0,6,01,B01
201000030637,1,07,000,08,2,1,19,Z01
201000030637,0,07,000,00,2,2,15,A01
201000030638,0,07,000,00,2,8,15,B01
201000030638,0,33,000,00,2,7,17,A01
201000030639,0,07,000,00,2,1,02,A01
201000030639,0,07,000,00,0,4,02,B01
201000030640,0,07,000,00,1,2,01,A01
201000030641,0,07,000,15,0,1,19,A01
201000030642,0,07,000,00,0,1,02,A01
201000030642,0,07,000,00,0,4,02,B01
201000030642,0,07,000,00,0,4,02,C01
201000030643,1,07,000,00,2,1,01,Z01
201000030643,0,07,000,00,2,1,01,B01
201000030644,0,30,000,00,9,0,01,A01
201000030645,0,07,000,00,2,2,15,A01
201000030645,0,33,000,00,2,1,01,B01
201000030646,0,07,000,00,2,1,02,A01
201000030646,0,07,000,00,0,4,02,B01
201000030647,0,07,000,00,9,1,01,B01
201000030647,0,01,000,00,2,1,19,A01
201000030648,0,33,000,05,0,1,01,A01
201000030649,0,07,000,00,0,9,14,A01
201000030650,0,07,000,13,0,1,01,A01
201000030651,0,07,000,00,2,1,01,B01
201000030651,0,33,000,00,1,6,01,A01
201000030652,0,07,000,00,2,2,15,A01
201000030652,0,32,000,00,2,1,01,B01
201000030653,0,10,000,00,2,1,01,B01
201000030653,0,07,000,00,2,2,15,A01
201000030654,0,37,012,00,2,2,15,A01
201000030654,0,33,000,00,2,1,02,B01
201000030655,0,02,000,00,2,1,01,B01
201000030655,0,07,000,00,2,1,15,A01
201000030656,0,07,000,08,2,1,00,A01
201000030656,0,07,000,00,2,3,01,B01
201000030657,0,07,000,00,2,2,16,A01
201000030657,0,01,000,00,2,1,01,B01
201000030658,0,07,000,00,1,1,01,A01
201000030659,0,33,000,00,2,1,01,B01
201000030659,0,07,000,00,2,8,15,A01
201000030660,0,07,000,00,1,3,01,A01
201000030661,0,40,000,00,2,1,01,B01
201000030661,0,07,000,00,4,2,01,A01
201000030662,0,07,000,00,2,3,16,C01
201000030662,0,07,000,00,2,4,01,B01
201000030662,1,07,000,00,2,1,01,A01
201000030663,0,07,000,00,2,3,01,A01
201000030663,0,07,000,00,2,2,15,B01
201000030664,0,32,000,00,2,1,01,B01
201000030664,0,07,000,00,2,3,15,A01
201000030665,0,10,000,00,2,4,04,A01
201000030665,0,31,000,00,2,1,02,B01
201000030666,0,07,000,00,2,3,15,A01
201000030666,0,31,000,00,2,1,17,B01
201000030667,0,07,000,04,0,1,01,A01
201000030668,0,07,000,14,0,2,09,A01
201000030669,0,07,000,00,2,2,05,A01
201000030669,0,37,001,00,2,1,02,B01
201000030670,0,07,000,00,2,1,05,A01
201000030670,0,07,000,00,2,1,01,B01
201000030671,0,01,000,00,2,7,01,B01
201000030671,0,07,000,00,9,3,09,A01
201000030672,0,07,000,00,2,3,01,C01
201000030672,0,07,000,00,2,2,17,B01
201000030672,0,07,000,00,2,6,13,A01
201000030673,0,07,000,00,2,3,16,A01
201000030673,0,07,000,00,2,2,01,B01
201000030674,0,07,000,00,1,1,01,A01
201000030675,0,07,000,02,0,2,14,A01
201000030676,0,07,000,00,2,3,16,A01
201000030676,0,33,000,00,2,2,01,B01
201000030677,0,33,000,00,2,1,01,B01
201000030677,0,07,000,00,0,4,10,A01
201000030678,0,07,000,00,2,3,09,A01
201000030678,0,02,000,00,2,7,01,B01
201000030679,0,07,000,00,1,3,01,A01
201000030680,0,01,000,00,2,1,01,B01
201000030680,0,07,000,00,0,5,16,A01
201000030681,0,07,000,15,0,3,01,A01
201000030682,0,07,000,03,0,1,01,A01
201000030683,0,07,000,00,2,1,02,A01
201000030683,0,07,000,00,2,4,23,B01
201000030684,0,07,000,00,2,1,02,A01
201000030684,0,07,000,00,2,4,02,B01
201000030685,0,07,000,00,2,2,01,B01
201000030685,0,33,000,00,2,1,01,A01
201000030686,1,07,000,00,2,3,01,B01
201000030686,0,07,000,00,2,2,01,A01
201000030687,0,33,000,00,2,2,17,B01
201000030687,0,07,000,00,2,3,10,A01
201000030688,0,07,000,00,1,1,15,A01
201000030689,0,07,000,00,2,2,01,C01
201000030689,0,07,000,00,2,7,01,B01
201000030689,0,30,000,00,2,3,03,A01
201000030690,0,07,000,00,2,1,09,B01
201000030690,0,32,000,00,2,1,01,A01
201000030691,1,07,000,00,2,1,15,Z01
201000030691,0,01,000,00,2,8,01,A01
201000030692,0,07,000,00,2,0,15,A01
201000030692,0,31,000,00,2,1,01,B01
201000030693,0,07,000,13,0,6,21,A01
201000030694,0,07,000,00,2,3,01,B01
201000030694,0,02,000,00,2,1,01,A01
201000030695,0,07,000,00,0,5,01,B01
201000030695,0,31,000,00,2,1,02,A01
201000030696,0,07,000,00,1,1,01,A01
201000030697,0,07,000,04,0,1,01,A01
201000030698,0,32,000,00,0,7,01,A01
201000030699,0,07,000,00,2,1,13,A01
201000030699,0,07,000,00,2,1,01,B01
201000030699,0,07,000,00,2,3,01,C01
201000030700,0,31,000,00,2,6,00,B01
201000030700,0,07,000,00,2,1,07,A01
201000030701,0,07,000,00,2,5,14,A01
201000030701,0,01,000,00,2,1,01,B01
201000030702,0,07,000,00,0,0,00,A01
201000030703,0,07,000,00,2,1,10,A01
201000030703,0,07,000,00,2,2,01,B01
201000030704,0,07,000,00,2,7,15,A01
201000030704,0,02,000,00,2,1,01,B01
201000030705,0,07,000,00,2,1,01,A01
201000030705,0,07,000,00,2,7,01,B01
201000030706,0,07,000,00,2,3,01,B01
201000030706,0,07,000,00,2,1,01,A01
201000030707,0,07,000,00,2,3,09,B01
201000030707,0,07,000,00,2,8,09,A01
201000030708,0,07,000,00,2,1,01,A01
201000030708,0,31,000,00,2,8,01,B01
201000030709,0,07,000,00,2,2,01,A01
201000030709,0,32,000,00,2,4,02,B01
201000030710,0,07,000,00,2,2,15,A01
201000030710,0,32,000,00,2,1,01,B01
201000030711,0,07,000,00,2,4,02,B01
201000030711,0,07,000,00,2,1,01,A01
201000030712,0,07,000,00,2,8,04,A01
201000030712,0,02,000,00,2,1,01,B01
201000030713,0,02,000,00,2,1,01,B01
201000030713,0,07,000,00,2,7,20,A01
201000030714,0,07,000,00,2,1,15,A01
201000030714,0,31,000,00,2,1,01,B01
201000030715,0,07,000,00,2,4,02,B01
201000030715,0,07,000,00,2,1,01,A01
201000030716,0,02,000,00,2,1,13,A01
201000030716,0,07,000,00,2,6,01,B01
201000030717,0,07,000,00,1,1,01,A01
201000030718,0,33,000,00,2,1,01,B01
201000030718,0,07,000,00,2,1,15,A01
201000030719,0,33,000,00,1,1,01,A01
201000030720,0,02,000,00,2,1,01,A01
201000030720,0,07,000,00,2,3,15,B01