Num_Acc,senc,catv,occutc,obs,obsm,choc,manv,num_veh
201000031868,0,14,000,00,2,3,09,A01
201000031869,0,07,000,00,2,0,00,A01
201000031869,0,07,000,00,0,0,00,B01
201000031870,0,07,000,00,2,0,00,B01
201000031870,0,33,000,00,2,0,00,A01
201000031871,0,07,000,00,0,0,00,C01
201000031871,0,07,000,00,0,0,00,B01
201000031871,0,07,000,00,2,0,00,A01
201000031872,0,02,000,00,0,0,00,A01
201000031873,0,07,000,00,1,3,01,A01
201000031874,0,07,000,00,2,1,01,A01
201000031874,0,07,000,00,2,4,01,C01
201000031874,0,07,000,00,2,4,01,B01
201000031875,0,07,000,00,2,2,01,B01
201000031875,0,07,000,00,2,3,09,A01
201000031876,0,07,000,00,2,3,15,A01
201000031876,0,07,000,00,2,3,01,B01
201000031877,0,15,000,04,0,2,01,A01
201000031878,0,30,000,00,2,1,01,B01
201000031878,0,07,000,00,2,3,15,A01
201000031879,0,01,000,00,2,6,01,B01
201000031879,0,01,000,00,2,2,09,A01
201000031880,0,07,000,00,0,0,00,B01
201000031880,0,07,000,00,2,1,01,A01
201000031881,0,07,000,00,2,4,01,B01
201000031881,0,07,000,00,2,1,01,A01
201000031882,0,07,000,00,2,4,01,B01
201000031882,0,07,000,00,2,1,01,A01
201000031883,0,10,000,00,2,4,01,B01
201000031883,0,07,000,00,2,1,01,A01
201000031884,0,10,000,00,2,1,01,A01
201000031884,0,07,000,00,2,4,01,B01
201000031885,0,02,000,00,2,4,01,B01
201000031885,0,07,000,01,2,2,20,A01
201000031886,0,02,000,00,2,1,01,B01
201000031886,0,10,000,00,2,5,15,A01
201000031887,0,30,000,00,2,7,01,A01
201000031887,0,07,000,00,2,1,09,B01
201000031888,0,07,000,04,0,1,01,A01
201000031889,0,07,000,00,2,1,01,A01
201000031889,0,07,000,00,2,4,01,B01
201000031890,1,99,000,00,1,0,01,A01
201000031891,0,07,000,04,0,1,01,A01
201000031892,0,07,000,00,2,1,01,A01
201000031892,0,07,000,00,2,1,01,C01
201000031892,0,07,000,00,2,4,01,B01
201000031893,0,07,000,00,1,1,01,A01
201000031894,0,36,000,02,0,1,01,A01
201000031895,0,07,000,00,1,4,04,A01
201000031896,0,07,000,00,1,8,01,A01
201000031897,0,07,000,00,2,2,15,A01
201000031897,0,02,000,00,2,1,01,B01
201000031898,0,02,000,00,2,1,01,A01
201000031898,0,07,000,00,2,4,01,B01
201000031899,0,07,000,00,2,1,01,B01
201000031899,0,10,000,00,2,1,23,A01
201000031900,1,07,000,00,2,2,01,A01
201000031900,0,07,000,00,2,3,01,B01
201000031901,0,07,000,00,2,1,01,A01
201000031901,0,37,001,00,2,4,01,B01
201000031902,0,07,000,00,2,3,15,A01
201000031902,0,01,000,00,2,4,01,B01
201000031903,0,02,000,00,2,1,01,A01
201000031903,0,07,000,00,2,4,01,B01
201000031904,0,02,000,00,0,7,01,A01
201000031905,0,07,000,04,0,8,02,A01
201000031906,0,07,000,00,1,7,01,A01
201000031907,0,07,000,00,2,1,02,A01
201000031907,0,07,000,00,2,4,02,B01
201000031908,0,07,000,00,2,1,01,A01
201000031908,0,07,000,00,2,4,01,B01
201000031909,0,02,000,00,2,1,02,A01
201000031909,0,07,000,00,2,3,09,B01
201000031910,0,07,000,00,2,1,01,A01
201000031910,0,02,000,00,0,0,00,B01
201000031911,0,07,000,00,1,1,01,A01
201000031912,0,07,000,00,2,1,01,A01
201000031912,0,07,000,00,2,4,01,B01
201000031913,0,07,000,00,1,1,01,A01
201000031914,0,07,000,00,1,3,00,A01
201000031915,0,07,000,00,2,1,01,A01
201000031915,0,07,000,00,2,4,00,B01
201000031916,0,07,000,00,2,1,01,A01
201000031916,0,37,002,00,2,7,01,B01
201000031917,0,07,000,00,2,3,15,A01
201000031917,0,30,000,00,2,7,01,B01
201000031918,0,01,000,00,2,7,00,B01
201000031918,1,01,000,00,2,1,01,A01
201000031919,0,02,000,00,0,0,00,A01
201000031920,0,30,000,00,2,1,01,A01
201000031920,0,07,000,00,2,8,01,B01
201000031921,0,07,000,15,0,8,15,A01
201000031922,0,07,000,06,0,8,01,A01
201000031923,0,07,000,00,2,1,01,B01
201000031923,0,07,000,00,2,7,15,A01
201000031924,0,07,000,00,2,1,01,A01
201000031924,0,07,000,00,2,6,04,B01
201000031925,1,02,000,00,1,0,00,A01
201000031926,0,07,000,08,0,8,00,A01
201000031927,0,30,000,00,2,1,17,A01
201000031927,0,10,000,00,2,3,15,B01
201000031928,2,07,000,00,2,7,15,A01
201000031928,0,10,000,00,2,1,01,B01
201000031929,0,07,000,08,0,1,01,A01
201000031930,0,07,000,15,0,1,01,A01
201000031931,0,07,000,00,2,3,01,A01
201000031931,0,07,000,00,2,3,01,B01
201000031932,0,99,000,08,0,8,00,A01
201000031933,0,37,002,00,2,2,01,B01
201000031933,0,07,000,04,2,3,09,A01
201000031934,0,02,000,00,2,1,07,B01
201000031934,0,07,000,00,2,8,15,A01
201000031935,0,07,000,00,1,1,01,A01
201000031936,0,07,000,00,2,3,09,B01
201000031936,0,07,000,00,2,8,01,C01
201000031936,0,15,000,00,2,2,12,A01
201000031937,0,07,000,00,2,1,01,B01
201000031937,0,07,000,00,2,1,15,A01
201000031938,0,07,000,02,0,1,01,A01
201000031939,0,30,000,00,0,0,00,A01
201000031940,0,30,000,01,0,1,01,A01
201000031941,0,07,000,00,2,1,01,A01
201000031941,0,07,000,00,2,4,01,B01
201000031942,0,07,000,13,0,3,01,A01
201000031943,0,07,000,00,2,3,15,A01
201000031943,0,30,000,00,2,1,01,B01
201000031944,0,07,000,06,0,4,01,A01
201000031945,0,07,000,00,2,8,01,B01
201000031945,0,07,000,00,2,1,01,A01
201000031946,0,07,000,00,1,1,00,A01
201000031947,0,07,000,00,2,1,09,A01
201000031947,0,02,000,00,2,7,01,B01
201000031948,0,07,000,00,2,2,15,A01
201000031948,0,33,000,00,2,1,01,B01
201000031949,0,07,000,00,1,2,01,A01
201000031950,0,07,000,00,1,2,01,A01
201000031951,0,30,000,00,2,4,02,B01
201000031951,0,07,000,00,2,1,16,A01
201000031952,0,01,000,00,1,1,01,A01
201000031953,0,07,000,00,1,1,01,A01
201000031954,0,07,000,00,2,3,09,A01
201000031954,0,02,000,00,2,1,01,B01
201000031955,0,32,000,00,2,4,23,B01
201000031955,0,07,000,00,2,1,01,A01
201000031956,0,30,000,00,2,1,01,A01
201000031956,0,07,000,00,2,8,15,B01
201000031957,0,07,000,09,0,9,01,A01
201000031958,0,07,000,00,1,0,00,A01
201000031959,0,07,000,09,0,1,00,A01
201000031960,0,07,000,06,0,4,01,B01
201000031960,0,33,000,00,2,4,01,A01
201000031961,0,33,000,00,2,0,01,B01
201000031961,0,07,000,00,2,5,15,A01
201000031962,0,07,000,00,1,0,01,A01
201000031963,0,30,000,00,0,0,00,B01
201000031963,0,07,000,00,0,0,00,A01
201000031964,0,07,000,04,0,0,00,A01
201000031965,0,07,000,00,0,0,00,A01
201000031965,0,07,000,00,0,0,00,B01
201000031966,0,33,000,00,0,0,01,A01
201000031967,0,07,000,00,2,4,01,A01
201000031967,0,07,000,00,0,0,01,B01
201000031968,0,07,000,00,0,0,15,B01
201000031968,0,33,000,00,0,0,01,A01
201000031969,0,07,000,00,1,0,15,A01
201000031970,0,07,000,00,1,0,01,A01
201000031970,0,01,000,00,2,0,01,B01
201000031971,0,02,000,00,0,0,01,A01
201000031972,0,07,000,00,1,0,00,A01
201000031973,0,07,000,10,0,0,00,A01
201000031974,0,07,000,00,0,0,01,A01
201000031975,0,07,000,00,0,0,01,B01
201000031975,0,07,000,00,2,4,01,A01
201000031976,0,01,000,00,2,0,00,A01
201000031976,0,07,000,00,1,0,00,B01
201000031977,0,07,000,00,1,0,01,A01
201000031978,1,07,000,00,1,0,01,A01
201000031979,0,07,000,00,2,0,00,A01
201000031979,0,01,000,00,2,0,00,B01
201000031980,1,07,000,00,1,0,00,A01
201000031981,0,07,000,00,2,5,15,A01
201000031981,0,07,000,00,2,2,00,B01
201000031982,0,07,000,00,2,1,01,A01
201000031982,0,07,000,00,2,2,01,B01
201000031983,0,07,000,00,1,2,01,A01
201000031984,0,33,000,00,2,0,01,A01
201000031984,0,30,000,00,2,0,00,B01
201000031985,0,02,000,00,0,0,00,A01
201000031986,0,07,000,00,1,0,01,A01
201000031987,0,07,000,13,0,0,01,A01
201000031988,1,07,000,00,2,1,01,A01
201000031988,0,02,000,00,2,1,01,B01
201000031989,0,02,000,00,2,3,01,B01
201000031989,0,07,000,00,2,3,01,A01
201000031990,0,30,000,00,2,1,00,B01
201000031990,0,07,000,00,2,2,01,A01
201000031991,0,07,000,14,0,0,01,A01
201000031992,0,07,000,00,2,3,01,A01
201000031992,0,07,000,00,2,3,01,B01
201000031993,0,02,000,00,2,4,01,A01
201000031993,0,07,000,00,0,4,15,B01
201000031994,0,07,000,00,0,4,01,C01
201000031994,0,07,000,00,0,4,01,B01
201000031994,0,07,000,00,0,4,01,A01
201000031995,0,30,000,00,2,3,11,A01
201000031995,0,07,000,00,0,0,11,B01
201000031996,0,07,000,00,1,2,01,A01
201000031997,0,07,000,00,0,0,01,A01
201000031998,0,01,000,00,0,0,00,B01
201000031998,1,07,000,00,2,0,00,A01
201000031999,0,07,000,00,1,0,01,A01
201000032000,0,02,000,00,0,0,00,A01
201000032001,0,33,000,08,0,1,00,A01
201000032002,0,30,000,14,0,1,01,A01
201000032003,0,02,000,00,2,1,01,A01
201000032003,0,07,000,00,2,5,01,B01
201000032004,0,07,000,00,2,0,01,A01
201000032004,0,32,000,00,2,0,15,B01
201000032005,0,33,000,00,1,0,01,A01
201000032006,0,07,000,00,1,7,01,A01
201000032007,0,01,000,00,2,8,01,B01
201000032007,0,10,000,00,2,7,17,A01
201000032008,0,07,000,02,0,1,01,A01
201000032009,0,07,000,04,2,6,00,B01
201000032009,0,07,000,10,2,2,00,A01
201000032010,0,07,000,00,2,5,17,A01
201000032010,0,30,000,00,2,1,01,B01
201000032011,0,07,000,00,2,1,01,A01
201000032011,0,01,000,00,2,1,01,B01
201000032012,0,07,000,00,1,0,04,A01
201000032013,0,07,000,00,1,4,04,A01
201000032014,0,07,000,00,2,1,01,A01
201000032014,0,31,000,00,2,8,01,B01
201000032015,0,07,000,00,2,3,01,A01
201000032015,0,02,000,00,2,1,01,B01
201000032016,0,07,000,00,0,4,01,A01
201000032016,0,33,000,00,0,0,01,B01
201000032017,0,07,000,00,1,7,01,A01
201000032018,0,07,000,00,2,8,09,A01
201000032018,0,01,000,00,2,0,00,B01
201000032019,0,31,000,00,2,1,01,B01
201000032019,0,07,000,00,2,7,15,A01
201000032020,0,31,000,00,2,1,01,B01
201000032020,0,07,000,00,2,3,15,A01
201000032021,0,33,000,06,0,7,01,A01
201000032022,0,07,000,03,2,2,01,A01
201000032022,0,07,000,00,2,1,01,B01
201000032023,0,07,000,00,2,1,13,A01
201000032023,0,07,000,00,2,1,01,B01
201000032024,0,07,000,00,1,1,15,A01
201000032025,0,07,000,00,2,8,01,B01
201000032025,0,01,000,00,2,1,19,A01
201000032026,0,07,000,00,1,2,01,A01
201000032027,0,07,000,00,2,8,15,B01
201000032027,0,02,000,00,2,3,17,A01
201000032028,0,30,000,00,2,3,19,A01
201000032028,0,07,000,00,2,2,01,B01
201000032029,0,10,000,03,2,8,16,B01
201000032029,0,13,000,03,2,1,06,A01
201000032030,0,31,000,00,2,1,01,B01
201000032030,0,07,000,00,2,2,01,A01
201000032031,1,07,000,00,2,3,01,Z01
201000032031,0,01,000,00,2,2,01,A01
201000032032,0,37,001,00,1,7,01,A01
201000032033,0,07,000,00,2,1,09,B01
201000032033,0,02,000,00,2,1,01,A01
201000032034,0,07,000,00,2,8,10,A01
201000032034,0,02,000,00,2,1,01,B01
201000032035,0,15,000,00,0,0,00,A01
201000032035,0,01,000,00,0,0,00,B01
201000032036,0,07,000,00,2,7,00,B01
201000032036,0,02,000,00,2,0,00,A01
201000032037,1,07,000,00,0,0,15,A01
201000032037,0,32,000,00,0,8,21,B01
201000032038,0,07,000,00,2,1,01,A01
201000032038,0,07,000,00,2,1,01,B01
201000032039,0,07,000,00,1,1,01,A01
201000032040,0,07,000,00,1,1,01,A01
201000032041,0,07,000,00,2,2,01,A01
201000032041,0,07,000,06,2,1,01,B01
201000032042,0,07,000,00,1,3,01,A01
201000032043,0,07,000,00,2,1,02,A01
201000032043,0,07,000,00,2,4,01,B01
201000032044,0,07,000,00,1,5,01,A01
201000032045,0,07,000,00,1,1,01,A01
201000032046,0,07,000,00,2,7,01,A01
201000032046,0,07,000,00,2,1,01,B01
201000032047,0,10,000,00,2,2,01,A01
201000032047,0,01,000,00,2,1,19,B01
201000032048,0,02,000,00,2,1,01,B01
201000032048,0,07,000,00,2,6,04,A01
201000032049,0,07,000,00,2,7,01,A01
201000032049,0,07,000,00,2,1,01,B01
201000032050,0,07,000,00,2,1,15,A01
201000032050,0,30,000,00,2,1,01,B01
201000032051,0,07,000,00,2,4,01,C01
201000032051,0,10,000,00,2,2,01,A01
201000032051,0,07,000,00,2,4,01,B01
201000032052,0,07,000,00,2,4,01,D01
201000032052,0,07,000,00,0,4,02,B01
201000032052,0,07,000,00,2,4,01,C01
201000032052,0,07,000,14,0,1,02,A01
201000032053,0,01,000,00,1,1,01,A01
201000032054,0,07,000,00,2,3,15,B01
201000032054,0,07,000,00,2,2,01,A01
201000032055,0,02,000,00,0,0,00,A01
201000032056,0,02,000,00,0,7,01,A01
201000032057,0,33,000,00,2,1,18,A01
201000032057,0,07,000,00,2,7,16,B01
201000032058,0,07,000,00,1,0,00,A01
201000032059,0,07,000,00,2,4,19,A01
201000032059,0,07,000,00,2,1,01,B01
201000032060,0,07,000,00,1,1,15,A01
201000032061,0,07,000,00,2,8,01,A01
201000032061,0,07,000,00,0,0,01,B01
201000032062,0,10,000,00,2,2,01,B01
201000032062,0,07,000,00,2,2,01,C01
201000032062,0,07,000,00,2,3,01,A01
201000032063,0,07,000,00,1,3,01,A01
201000032064,0,07,000,08,0,8,01,A01
201000032065,0,07,000,00,0,0,00,B01
201000032065,0,07,000,00,0,0,00,A01
201000032066,0,07,000,00,2,8,02,A01
201000032066,0,14,000,00,2,1,02,B01
201000032067,0,07,000,00,2,1,02,A01
201000032067,0,33,000,00,0,6,02,B01
201000032068,0,38,001,00,2,4,02,A01
201000032068,0,07,000,00,2,1,15,B01
201000032069,1,07,000,00,0,0,00,A01
201000032070,0,38,001,14,2,3,01,A01
201000032070,0,10,000,00,0,2,16,B01
201000032071,0,07,000,00,2,4,02,B01
201000032071,0,07,000,00,2,4,02,C01
201000032071,0,07,000,00,2,1,02,A01
201000032072,0,07,000,00,1,3,01,A01
201000032073,0,10,000,00,1,1,00,A01
201000032074,0,07,000,02,2,2,17,A01
201000032074,0,07,000,02,2,6,01,B01
201000032075,0,07,000,00,2,2,10,A01
201000032075,0,33,000,00,2,3,01,B01
201000032076,0,30,000,00,2,1,02,A01
201000032076,0,07,000,00,2,4,02,B01
201000032077,0,07,000,00,1,2,02,A01
201000032078,0,07,000,09,0,1,06,A01
201000032079,0,07,000,00,2,1,01,B01
201000032079,0,07,000,00,2,1,13,A01
201000032080,0,07,000,00,0,8,01,B01
201000032080,0,02,000,00,2,1,19,A01
201000032081,0,30,000,00,2,1,02,B01
201000032081,1,33,000,00,2,4,02,A01
201000032081,0,07,000,00,0,5,02,C01
201000032082,0,07,000,09,0,1,01,A01
201000032083,0,07,000,00,1,1,01,A01
201000032084,0,30,000,01,0,2,00,B01
201000032084,0,07,000,01,0,4,00,A01
201000032085,0,07,000,00,2,5,01,B01
201000032085,0,07,000,00,2,1,00,A01
201000032086,0,07,000,00,2,2,15,A01
201000032086,0,33,000,00,2,1,01,B01
201000032087,0,07,000,00,1,3,01,A01
201000032088,0,07,000,08,0,1,14,A01
201000032089,0,07,000,01,1,3,13,A01
201000032089,0,38,065,00,0,8,24,B01
201000032090,0,07,000,00,2,7,17,A01
201000032090,0,02,000,00,2,8,13,B01
201000032091,0,07,000,00,1,3,15,A01
201000032092,0,07,000,00,1,8,00,A01
201000032093,0,07,000,00,1,2,16,A01
201000032094,0,07,000,00,2,1,02,A01
201000032094,0,07,000,00,2,0,02,B01
201000032094,0,07,000,00,2,1,02,C01
201000032095,0,07,000,00,2,1,01,B01
201000032095,0,10,000,00,2,1,19,A01
201000032096,0,07,000,00,1,1,15,A01
201000032097,0,07,000,00,2,3,15,A01
201000032097,0,33,000,00,2,1,01,B01
201000032098,0,07,000,00,0,9,01,A01
201000032099,0,01,000,00,2,0,19,B01
201000032099,0,15,000,00,2,8,16,A01
201000032100,0,40,000,00,1,7,01,A01
201000032101,0,07,000,00,1,3,01,A01
201000032102,0,07,000,00,1,3,01,A01
201000032103,0,07,000,00,2,1,01,A01
201000032103,0,01,000,00,2,1,01,B01
201000032104,0,07,000,00,2,1,02,C01
201000032104,0,07,000,00,2,4,02,A01
201000032104,0,07,000,00,2,1,02,B01
201000032105,1,07,000,01,0,3,01,Z01
201000032106,0,07,000,00,2,2,02,A01
201000032106,0,30,000,00,2,1,01,B01
201000032107,0,02,000,00,2,1,01,B01
201000032107,0,07,000,00,2,3,09,A01
201000032108,0,07,000,00,2,2,02,A01
201000032108,0,07,000,00,2,4,23,B01
201000032109,0,07,000,00,2,4,02,C01
201000032109,0,07,000,00,2,4,02,B01
201000032109,0,07,000,00,2,1,02,A01
201000032110,0,07,000,00,1,2,01,A01
201000032111,0,07,000,00,0,1,01,C01
201000032111,0,07,000,00,2,1,01,A01
201000032111,0,07,000,00,2,1,01,B01
201000032112,0,07,000,02,0,1,01,A01
201000032113,0,01,000,00,1,1,01,A01
201000032114,0,07,000,00,2,1,13,A01
201000032114,0,02,000,00,2,1,01,B01
201000032115,0,07,000,00,2,1,02,A01
201000032115,0,07,000,00,2,4,02,B01
201000032116,0,30,000,00,2,8,01,B01
201000032116,0,07,000,00,2,2,16,A01
201000032117,0,01,000,00,1,1,01,A01
201000032118,0,37,001,00,1,2,16,A01
201000032119,0,07,000,00,2,7,01,B01
201000032119,0,07,000,00,2,3,01,C01
201000032119,0,07,000,00,2,1,01,A01
201000032120,0,10,000,00,2,1,02,A01
201000032120,0,07,000,00,2,4,02,B01
201000032121,0,33,000,00,2,1,01,C01
201000032121,0,07,000,00,2,1,03,A01
201000032121,0,07,000,00,2,4,01,B01
201000032122,0,20,000,00,1,2,15,A01
201000032123,1,14,000,00,2,2,12,Z01
201000032123,0,07,000,00,2,8,01,A01
201000032124,0,07,000,04,0,9,01,A01
201000032125,0,15,000,00,2,1,02,A01
201000032125,0,07,000,00,2,4,02,B01
201000032125,0,07,000,00,2,4,02,D01
201000032125,0,07,000,00,2,4,02,C01
201000032126,0,07,000,00,2,1,01,A01
201000032126,0,07,000,00,2,8,01,B01
201000032127,0,10,000,00,2,8,01,A01
201000032127,0,07,000,00,2,8,13,B01
201000032128,0,07,000,00,2,3,02,A01
201000032128,0,07,000,00,2,4,02,B01
201000032128,0,07,000,00,2,4,02,C01
201000032129,0,31,000,01,0,8,14,A01
201000032130,0,07,000,00,1,1,15,A01
201000032131,0,30,000,00,2,1,01,B01
201000032131,0,07,000,00,2,7,15,A01
201000032132,0,07,000,00,1,1,01,A01
201000032133,0,33,000,00,1,1,01,A01
201000032134,0,07,000,00,2,5,00,A01
201000032134,0,07,000,00,2,1,01,B01
201000032135,0,07,000,00,2,4,16,B01
201000032135,0,07,000,00,2,2,02,A01
201000032135,0,07,000,00,2,3,23,C01
201000032136,0,07,000,00,2,2,01,A01
201000032136,0,01,000,00,2,1,01,B01
201000032137,0,07,000,00,2,2,00,A01
201000032137,0,32,000,00,2,6,00,B01
201000032138,0,33,000,00,2,8,01,A01
201000032138,0,07,000,00,2,7,01,B01
201000032139,0,07,000,02,2,1,01,A01
201000032139,0,01,000,00,2,6,01,B01
201000032140,0,15,000,00,2,2,01,B01
201000032140,0,07,000,00,2,1,11,A01
201000032141,0,07,000,00,2,1,01,A01
201000032141,0,01,000,00,2,0,01,B01
201000032142,0,07,000,00,2,3,13,A01
201000032142,0,07,000,00,2,3,01,B01
201000032143,0,33,000,00,2,1,01,B01
201000032143,0,07,000,00,2,2,15,A01
201000032144,0,01,000,00,2,1,19,B01
201000032144,1,30,000,00,2,1,01,Z01
201000032145,0,07,000,00,2,5,16,A01
201000032145,0,01,000,00,2,1,01,B01
201000032146,0,07,000,00,2,1,09,B01
201000032146,0,07,000,00,2,7,01,A01
201000032147,0,07,000,00,2,2,19,A01
201000032147,0,33,000,00,2,1,01,B01
201000032148,0,34,000,00,2,1,01,B01
201000032148,0,07,000,00,0,1,15,A01
201000032149,0,07,000,00,1,2,16,A01
201000032150,0,07,000,00,2,1,02,A01
201000032150,0,33,000,00,2,4,02,B01
201000032151,0,07,000,00,2,4,02,A01
201000032151,0,07,000,00,2,1,02,B01
201000032152,0,07,000,00,2,3,01,B01
201000032152,0,07,000,00,2,2,23,A01
201000032153,0,07,000,00,2,3,01,A01
201000032153,0,07,000,00,2,7,01,B01
201000032153,0,14,000,00,0,4,01,C01
201000032154,0,07,000,00,4,1,09,A01
201000032154,0,40,000,00,2,2,01,B01
201000032155,0,07,000,00,1,2,16,A01
201000032156,0,01,000,00,2,5,19,B01
201000032156,0,07,000,00,2,1,01,A01
201000032157,0,07,000,00,2,4,02,C01
201000032157,0,07,000,00,2,4,02,B01
201000032157,0,07,000,00,2,1,02,A01
201000032158,0,07,000,00,2,3,09,A01
201000032158,0,33,000,00,2,2,01,B01
201000032159,0,30,000,00,2,1,01,A01
201000032159,0,33,000,00,2,1,01,B01
201000032160,1,10,000,00,2,0,15,Z01
201000032160,0,33,000,00,2,1,01,A01
201000032161,0,07,000,00,2,1,15,A01
201000032161,0,01,000,00,2,8,01,B01
201000032162,0,30,000,00,2,1,05,B01
201000032162,0,07,000,00,2,1,01,A01
201000032163,0,07,000,00,2,8,13,A01
201000032163,0,33,000,00,2,7,01,B01
201000032164,0,07,000,00,1,3,01,A01
201000032165,0,32,000,03,0,8,13,A01
201000032166,0,01,000,00,2,1,01,B01
201000032166,0,07,000,00,2,1,15,A01
201000032167,0,07,000,00,1,1,15,A01
201000032168,0,07,000,08,0,7,01,A01
201000032169,0,07,000,00,2,1,01,B01
201000032169,0,02,000,00,2,7,01,A01
201000032170,0,37,000,00,1,6,01,A01
201000032171,0,30,000,00,2,1,01,B01
201000032171,0,15,000,00,2,7,15,A01
201000032172,0,14,000,00,2,1,02,A01
201000032172,0,07,000,00,2,4,02,B01
201000032173,0,07,000,00,2,2,00,B01
201000032173,0,07,000,00,2,8,15,A01
201000032174,0,14,000,00,1,1,01,A01
201000032175,0,01,000,00,2,1,01,B01
201000032175,0,32,000,00,2,1,01,A01
201000032176,0,07,000,00,1,1,01,A01
201000032177,0,01,000,00,2,3,15,B01
201000032177,0,07,000,00,2,1,01,A01
201000032178,0,01,000,00,2,7,19,B01
201000032178,0,30,000,00,2,1,01,A01
201000032179,0,07,000,08,0,1,01,A01
201000032180,0,07,000,00,1,3,15,A01
201000032181,0,07,000,00,2,2,15,A01
201000032181,0,33,000,00,2,1,01,B01
201000032182,0,33,000,00,0,0,01,B01
201000032182,0,07,000,03,0,1,01,A01
201000032183,1,07,000,00,1,1,01,A01
201000032184,0,07,000,00,1,2,01,A01
201000032185,0,07,000,00,2,2,15,B01
201000032185,0,07,000,00,2,1,01,A01
201000032186,0,30,000,00,2,1,01,A01
201000032186,0,07,000,00,2,2,01,B01
201000032187,0,07,000,00,1,3,01,A01
201000032188,0,31,000,00,2,1,01,B01
201000032188,0,07,000,00,2,2,15,A01
201000032189,0,10,000,00,1,0,17,A01
201000032190,0,07,000,00,2,5,00,A01
201000032190,0,31,000,00,2,1,01,B01
201000032191,0,07,000,00,2,1,01,A01
201000032191,0,07,000,00,2,4,01,B01
201000032192,0,07,000,00,1,1,01,A01
201000032193,0,33,000,00,2,1,01,B01
201000032193,0,07,000,00,2,1,15,A01
201000032194,0,07,000,00,1,4,04,A01
201000032195,0,33,000,00,1,2,01,A01
201000032196,0,40,000,00,1,2,01,A01
201000032197,0,07,000,00,1,3,01,A01
201000032198,0,10,000,00,1,1,15,A01
201000032199,0,07,000,00,2,7,16,A01
201000032199,0,01,000,00,2,1,01,B01
201000032200,0,07,000,00,1,2,01,A01
201000032201,0,07,000,00,2,1,01,A01
201000032201,0,01,000,00,2,1,19,B01
201000032202,0,07,000,00,2,4,15,A01
201000032202,0,33,000,00,2,1,01,B01
201000032203,0,07,000,00,2,7,15,A01
201000032203,0,33,000,00,2,1,01,B01
201000032204,0,02,000,00,2,1,13,B01
201000032204,0,07,000,00,2,3,01,A01
201000032205,0,07,000,00,2,1,15,A01
201000032205,0,33,000,00,2,1,01,B01
201000032206,0,07,000,00,1,3,20,A01
201000032207,0,40,000,00,1,1,01,A01
201000032208,0,07,000,00,2,7,15,A01
201000032208,0,33,000,00,2,1,01,B01
201000032209,0,07,000,00,1,2,01,A01
201000032210,0,07,000,00,2,1,01,A01
201000032210,0,07,000,00,2,3,15,B01
201000032211,0,07,000,00,2,2,15,A01
201000032211,0,07,000,00,2,3,01,B01
201000032212,0,07,000,00,1,1,01,A01
201000032213,0,07,000,00,1,1,01,A01
201000032214,0,10,000,00,1,1,01,A01
201000032215,0,07,000,00,2,6,23,A01
201000032215,0,31,000,00,2,2,01,B01
201000032216,0,37,000,00,1,2,01,A01
201000032217,0,07,000,00,2,8,02,A01
201000032217,0,07,000,00,2,8,02,B01
201000032218,0,07,000,00,1,2,01,A01
201000032219,0,07,000,00,2,2,16,A01
201000032219,0,01,000,00,2,4,19,B01
201000032220,0,10,000,00,1,4,04,A01
201000032221,0,07,000,00,2,1,01,B01
201000032221,0,07,000,00,2,3,19,A01
201000032222,0,07,000,00,1,1,01,A01
201000032223,0,07,000,00,2,1,01,B01
201000032223,0,07,000,15,2,2,15,A01
201000032224,0,07,000,03,0,1,01,A01
201000032225,0,07,000,00,1,2,16,A01
201000032226,1,07,000,00,2,2,02,Z01
201000032226,0,01,000,00,2,4,01,B01
201000032227,0,07,000,15,2,1,01,A01
201000032227,0,07,000,00,2,4,01,B01
201000032228,0,07,000,00,2,2,01,B01
201000032228,0,07,000,00,2,3,15,A01
201000032229,0,07,000,00,1,3,00,A01
201000032230,0,10,000,00,1,3,02,A01
201000032231,0,07,000,14,1,1,01,A01
201000032231,0,07,000,00,2,2,24,B01
201000032232,0,07,000,00,1,1,01,A01
201000032233,1,07,000,00,1,1,00,A01
201000032234,0,07,000,00,1,2,01,A01
201000032235,0,30,000,00,2,1,09,B01
201000032235,0,17,000,00,2,5,01,A01
201000032236,0,07,000,00,1,3,02,A01
201000032237,0,07,000,00,1,2,01,A01
201000032238,0,30,000,00,2,1,01,B01
201000032238,0,07,000,00,9,3,01,A01
201000032239,2,07,000,00,2,1,00,A01
201000032239,0,07,000,00,2,1,01,B01
201000032240,0,10,000,00,1,2,01,A01
201000032241,0,10,000,00,1,1,01,A01
201000032242,0,07,000,00,2,5,01,A01
201000032242,0,07,000,00,2,3,01,B01
201000032243,0,07,000,00,1,0,00,A01
201000032244,0,07,000,00,2,5,01,A01
201000032244,0,07,000,00,2,1,01,B01
201000032245,0,07,000,00,2,1,01,A01
201000032245,0,07,000,00,2,7,15,B01
201000032246,0,07,000,00,1,1,15,A01
201000032247,0,07,000,00,2,2,00,B01
201000032247,0,33,000,00,2,2,00,A01
201000032248,0,07,000,00,1,1,08,A01
201000032249,0,33,000,00,2,3,02,A01
201000032249,0,07,000,00,9,8,15,B01
201000032250,0,07,000,00,1,2,01,A01
201000032251,0,02,000,00,2,3,01,B01
201000032251,0,07,000,00,2,8,05,A01
201000032252,0,07,000,00,1,2,02,A01