Num_Acc,senc,catv,occutc,obs,obsm,choc,manv,num_veh
201000032253,0,13,000,14,2,1,02,A01
201000032253,0,07,000,00,0,4,02,B01
201000032254,0,07,000,00,2,1,00,A01
201000032254,0,07,000,00,2,1,00,B01
201000032255,0,07,000,00,9,3,15,A01
201000032255,0,33,000,00,2,1,17,B01
201000032256,0,07,000,00,1,1,00,A01
201000032257,0,33,000,00,0,8,17,A01
201000032257,0,07,000,00,0,0,15,B01
201000032258,0,07,000,00,2,3,09,A01
201000032258,0,31,000,00,2,7,02,B01
201000032259,0,07,000,00,2,1,13,A01
201000032259,0,07,000,00,2,8,00,B01
201000032260,0,07,000,00,2,3,19,B01
201000032260,0,30,000,00,2,1,01,A01
201000032261,0,07,000,00,1,1,01,A01
201000032262,0,07,000,00,2,6,13,A01
201000032262,0,07,000,00,2,1,01,B01
201000032263,0,07,000,00,1,1,01,A01
201000032264,0,07,000,00,2,1,00,A01
201000032264,0,07,000,00,2,3,00,B01
201000032265,0,07,000,00,1,3,00,A01
201000032266,0,07,000,00,1,1,16,A01
201000032267,0,07,000,00,0,4,02,B01
201000032267,0,14,000,00,2,1,02,A01
201000032268,0,07,000,06,0,1,00,A01
201000032269,0,37,001,00,1,7,16,A01
201000032270,0,07,000,00,2,3,16,B01
201000032270,0,07,000,00,2,1,02,A01
201000032270,0,07,000,00,2,1,05,C01
201000032271,0,07,000,00,2,3,15,B01
201000032271,0,33,000,00,2,2,17,A01
201000032272,0,10,000,00,1,2,01,A01
201000032273,0,07,000,00,2,3,19,A01
201000032273,0,07,000,00,2,2,01,B01
201000032274,0,10,000,00,0,8,15,B01
201000032274,0,02,000,00,2,1,17,A01
201000032275,0,07,000,02,0,9,01,A01
201000032276,0,33,000,00,2,0,01,B01
201000032276,0,10,000,00,2,8,15,A01
201000032277,0,02,000,00,2,8,15,A01
201000032277,0,07,000,00,2,3,01,B01
201000032278,0,07,000,05,0,3,01,A01
201000032279,1,07,000,00,2,2,00,A01
201000032279,0,31,000,00,2,8,01,B01
201000032280,0,07,000,00,1,2,01,A01
201000032281,0,07,000,00,0,8,01,A01
201000032282,0,34,000,00,0,1,03,A01
201000032282,0,07,000,00,2,3,02,B01
201000032283,0,07,000,00,2,3,02,A01
201000032283,0,02,000,00,2,1,09,B01
201000032284,0,07,000,00,0,1,02,A01
201000032284,0,07,000,00,0,5,02,B01
201000032285,0,01,000,00,0,1,15,B01
201000032285,0,07,000,00,0,2,01,A01
201000032286,0,07,000,02,0,2,00,A01
201000032287,0,01,000,00,1,1,01,A01
201000032288,0,10,000,00,1,2,01,A01
201000032289,0,32,000,00,2,2,17,A01
201000032289,0,07,000,00,2,6,15,B01
201000032290,0,07,000,00,2,3,00,A01
201000032290,0,33,000,00,2,1,01,B01
201000032291,0,07,000,00,1,4,04,A01
201000032292,0,07,000,08,0,1,13,A01
201000032293,0,07,000,00,1,1,01,A01
201000032294,0,07,000,00,1,1,16,A01
201000032295,0,02,000,00,2,1,01,A01
201000032295,0,07,000,00,2,3,15,B01
201000032296,0,07,000,00,0,9,14,A01
201000032297,0,07,000,00,2,1,15,A01
201000032297,0,02,000,00,2,1,01,B01
201000032298,0,07,000,00,2,6,15,A01
201000032298,0,02,000,00,2,1,17,B01
201000032299,0,07,000,00,2,6,15,A01
201000032299,0,02,000,00,2,1,01,B01
201000032300,0,33,000,00,2,1,01,B01
201000032300,0,07,000,00,2,8,10,A01
201000032301,0,07,000,00,2,2,01,B01
201000032301,0,07,000,08,2,5,10,A01
201000032302,0,07,000,00,2,1,01,B01
201000032302,0,07,000,00,2,1,15,A01
201000032303,0,01,000,00,1,1,01,A01
201000032304,0,33,000,00,2,1,01,A01
201000032304,0,07,000,00,0,6,15,B01
201000032305,0,07,000,02,2,2,17,A01
201000032305,0,07,000,00,2,8,17,B01
201000032305,0,07,000,00,0,0,01,C01
201000032306,0,07,000,00,2,1,15,A01
201000032306,0,02,000,00,2,1,01,B01
201000032307,0,07,000,00,2,6,16,B01
201000032307,0,30,000,00,2,1,01,A01
201000032308,0,07,000,06,1,1,14,A01
201000032309,0,07,000,00,1,4,04,A01
201000032310,0,02,000,00,2,1,13,A01
201000032310,0,07,000,00,2,8,01,B01
201000032311,0,07,000,00,1,1,16,A01
201000032312,0,07,000,02,0,1,14,A01
201000032313,0,30,000,00,2,4,16,B01
201000032313,0,14,000,00,2,1,02,A01
201000032314,0,07,000,00,2,3,15,B01
201000032314,0,34,000,00,2,1,17,A01
201000032315,0,07,000,00,2,3,09,A01
201000032315,0,02,000,00,2,4,01,B01
201000032316,0,02,000,00,2,8,01,A01
201000032316,0,07,000,00,2,2,01,B01
201000032317,0,31,000,00,2,1,01,A01
201000032317,0,07,000,00,2,2,15,B01
201000032318,0,07,000,00,2,8,15,B01
201000032318,0,14,000,00,2,1,01,A01
201000032319,1,07,000,00,2,1,02,A01
201000032319,0,07,000,00,2,4,23,B01
201000032320,0,07,000,00,2,2,01,B01
201000032320,0,07,000,00,2,3,10,A01
201000032321,0,32,000,11,0,1,14,A01
201000032322,0,02,000,00,2,1,05,A01
201000032322,0,07,000,00,2,2,15,B01
201000032323,0,02,000,00,1,1,15,A01
201000032324,0,07,000,00,2,1,09,A01
201000032324,0,02,000,00,2,7,17,B01
201000032325,0,07,000,00,2,3,09,A01
201000032325,0,33,000,00,2,7,01,B01
201000032326,0,32,000,00,2,1,01,B01
201000032326,0,07,000,00,2,2,15,A01
201000032327,0,02,000,00,2,1,17,A01
201000032327,0,07,000,00,2,4,23,B02
201000032328,0,01,000,01,2,1,01,B01
201000032328,0,07,000,00,2,4,24,A01
201000032329,0,07,000,00,2,4,23,C01
201000032329,0,07,000,00,2,3,02,A01
201000032329,0,30,000,00,2,4,23,B01
201000032330,0,07,000,00,2,5,15,B01
201000032330,0,33,000,00,2,1,17,A01
201000032331,0,33,000,00,2,1,01,B01
201000032331,0,07,000,00,2,6,09,A01
201000032332,0,07,000,00,1,1,01,A01
201000032333,0,07,000,00,2,4,15,C01
201000032333,0,99,000,00,2,1,23,B01
201000032333,0,99,000,00,2,1,02,A01
201000032334,0,07,000,06,0,1,13,A01
201000032335,0,07,000,00,1,3,15,A01
201000032336,0,07,000,00,0,3,01,A01
201000032336,0,01,000,00,2,8,19,B01
201000032337,0,07,000,00,2,4,01,B01
201000032337,0,07,000,00,2,1,02,A01
201000032338,0,07,000,00,2,6,01,B01
201000032338,0,07,000,00,2,1,02,A01
201000032339,0,33,000,00,2,1,01,B01
201000032339,0,07,000,00,2,8,10,A01
201000032340,0,07,000,00,2,1,01,B01
201000032340,0,07,000,00,2,7,19,A01
201000032341,0,33,000,00,2,1,01,B01
201000032341,0,07,000,00,2,1,15,A01
201000032342,0,07,000,00,2,1,01,B01
201000032342,0,07,000,00,2,1,15,A01
201000032343,0,07,000,00,2,1,15,B01
201000032343,0,31,000,00,2,2,01,A01
201000032344,0,07,000,00,2,5,15,A01
201000032344,0,30,000,00,2,1,01,B01
201000032345,0,07,000,00,2,1,01,B01
201000032345,0,07,000,00,2,3,15,A01
201000032346,0,07,000,00,2,7,01,B01
201000032346,0,07,000,00,2,1,19,A01
201000032347,0,07,000,00,2,1,02,A01
201000032347,0,07,000,00,2,4,23,B01
201000032348,0,07,000,00,2,7,17,A01
201000032348,0,30,000,00,2,8,01,B01
201000032349,0,07,000,00,1,3,20,A01
201000032350,0,07,000,00,2,4,15,C01
201000032350,0,07,000,00,2,1,15,A01
201000032350,0,07,000,00,2,4,15,B01
201000032351,0,07,000,00,1,3,02,A01
201000032352,0,15,000,00,2,2,01,B01
201000032352,0,07,000,00,2,3,09,A01
201000032353,0,07,000,00,1,2,01,A01
201000032354,0,07,000,00,2,2,15,A01
201000032354,0,30,000,00,0,1,01,B01
201000032355,0,02,000,00,2,1,01,B01
201000032355,0,07,000,00,2,3,15,A01
201000032356,0,30,000,00,2,1,01,A01
201000032356,0,07,000,00,2,3,01,B01
201000032357,0,07,000,00,1,1,01,A01
201000032358,0,07,000,00,0,1,01,A01
201000032359,0,02,000,00,2,3,01,B01
201000032359,0,07,000,00,2,5,16,A01
201000032360,0,01,000,00,2,8,01,B01
201000032360,0,07,000,00,2,7,17,A01
201000032361,0,07,000,00,1,3,13,A01
201000032362,0,07,000,00,2,4,02,B01
201000032362,0,07,000,00,2,1,02,A01
201000032363,0,30,000,00,2,7,01,B01
201000032363,0,07,000,15,2,1,09,A01
201000032364,0,07,000,00,2,0,01,B01
201000032364,0,02,000,00,2,0,01,A01
201000032365,0,10,000,07,2,7,17,A01
201000032365,0,07,000,15,2,3,01,B01
201000032366,0,07,000,00,2,3,01,A01
201000032366,0,07,000,00,2,1,01,B01
201000032367,0,07,000,00,0,4,02,B01
201000032367,0,07,000,00,2,1,01,A01
201000032368,0,07,000,00,2,1,02,A01
201000032368,0,32,000,00,0,4,01,B01
201000032369,0,03,000,00,1,1,01,A01
201000032370,0,02,000,00,2,1,01,A01
201000032370,0,07,000,00,2,3,20,B01
201000032371,0,07,000,00,2,3,09,B01
201000032371,0,02,000,00,2,1,01,A01
201000032372,0,37,015,00,1,7,01,A01
201000032373,0,07,000,00,2,1,01,A01
201000032373,0,07,000,00,2,8,01,B01
201000032374,0,07,000,00,1,1,01,A01
201000032375,0,07,000,00,2,3,09,A01
201000032375,0,01,000,00,2,1,05,B01
201000032376,0,01,000,00,2,1,01,B01
201000032376,0,07,000,00,2,3,15,A01
201000032377,0,07,000,00,1,1,01,A01
201000032378,0,07,000,00,0,9,01,A01
201000032379,0,07,000,00,1,1,01,A01
201000032380,0,07,000,00,2,6,01,B01
201000032380,0,07,000,00,2,2,02,A01
201000032381,0,07,000,00,2,1,15,A01
201000032381,0,07,000,00,2,1,16,B01
201000032382,0,10,000,00,1,4,04,A01
201000032383,0,07,000,00,2,3,09,A01
201000032383,0,02,000,00,2,1,01,B01
201000032384,0,07,000,00,2,3,15,B01
201000032384,0,31,000,00,2,1,01,A01
201000032385,0,07,000,00,2,1,02,A01
201000032385,0,07,000,00,1,4,01,B01
201000032386,0,07,000,00,2,1,17,A01
201000032386,0,07,000,00,2,1,01,B01
201000032387,0,02,000,00,2,1,01,A01
201000032387,0,07,000,00,2,1,23,C01
201000032387,0,07,000,00,2,8,01,B01
201000032388,0,31,000,00,2,1,02,A01
201000032388,0,07,000,00,0,4,01,B01
201000032389,0,10,000,00,1,1,01,A01
201000032390,0,33,000,00,1,0,01,A01
201000032391,0,07,000,00,2,1,01,A01
201000032391,0,07,000,00,2,3,15,B01
201000032392,0,10,000,00,2,1,17,B01
201000032392,0,07,000,00,0,6,15,A01
201000032393,0,07,000,00,2,3,01,B01
201000032393,0,01,000,00,2,8,19,A01
201000032394,0,31,000,01,0,1,16,A01
201000032395,0,07,000,00,2,3,09,A01
201000032395,0,14,000,00,2,1,01,B01
201000032396,0,02,000,14,0,2,01,A01
201000032397,0,02,000,00,1,1,01,A01
201000032398,0,07,000,00,1,1,01,A01
201000032399,0,07,000,00,2,1,21,A01
201000032399,0,15,000,00,2,3,01,B01
201000032400,0,07,000,00,2,6,01,B01
201000032400,0,33,000,00,2,2,16,A01
201000032401,0,07,000,00,2,1,02,A01
201000032401,0,07,000,00,2,4,01,B01
201000032402,0,07,000,00,2,1,02,A01
201000032402,0,07,000,00,2,4,23,B01
201000032403,0,02,000,06,0,1,01,A01
201000032404,0,07,000,00,2,1,01,A01
201000032404,0,07,000,00,2,1,01,B01
201000032405,0,10,000,00,2,3,01,B01
201000032405,0,02,000,00,2,1,17,A01
201000032406,0,07,000,00,2,1,02,A01
201000032406,0,07,000,00,2,4,01,B01
201000032407,0,07,000,00,2,1,02,A01
201000032407,0,07,000,00,2,4,02,B01
201000032408,0,02,000,00,2,1,02,A01
201000032408,0,07,000,00,2,4,23,B01
201000032409,0,07,000,00,2,3,01,A01
201000032409,0,02,000,00,2,1,01,B01
201000032410,0,07,000,00,2,1,02,A01
201000032410,0,37,010,00,2,4,23,B01
201000032411,0,07,000,00,2,8,15,B01
201000032411,0,02,000,00,2,1,17,A01
201000032412,0,33,000,00,2,1,01,B01
201000032412,0,07,000,00,0,8,15,A01
201000032413,0,07,000,00,2,3,01,B01
201000032413,0,07,000,00,2,2,01,A01
201000032414,0,07,000,01,0,1,01,A01
201000032415,0,07,000,01,0,2,01,A01
201000032416,0,07,000,00,2,2,01,B01
201000032416,0,07,000,00,2,3,09,A01
201000032417,0,07,000,00,2,8,13,A01
201000032417,0,07,000,00,2,8,01,B01
201000032418,0,07,000,00,2,2,15,A01
201000032418,0,33,000,00,2,1,01,B01
201000032419,0,33,000,01,0,1,21,A01
201000032419,0,07,000,00,0,8,15,C01
201000032420,0,07,000,00,2,3,15,A01
201000032420,0,33,000,00,2,3,01,B01
201000032421,0,07,000,00,2,3,09,A01
201000032421,0,02,000,00,2,2,01,B01
201000032422,0,07,000,00,0,0,17,A01
201000032423,0,37,015,06,1,7,01,A01
201000032424,0,02,000,00,2,2,18,A01
201000032424,0,07,000,00,2,2,16,B01
201000032425,0,07,000,00,2,2,02,C01
201000032425,0,07,000,00,2,1,02,B01
201000032425,0,10,000,00,2,1,02,A01
201000032425,0,07,000,00,2,4,02,D01
201000032426,0,07,000,00,2,1,15,A01
201000032426,0,07,000,00,0,8,01,B01
201000032427,0,13,000,00,0,4,02,B01
201000032427,0,07,000,00,2,1,02,A01
201000032428,0,33,000,00,2,1,02,B01
201000032428,0,33,000,00,2,8,15,A01
201000032429,0,07,000,00,2,1,09,A01
201000032429,0,02,000,00,2,7,01,B01
201000032430,0,07,000,00,1,2,01,A01
201000032431,0,07,000,00,2,1,17,A01
201000032431,0,07,000,00,2,1,01,B01
201000032432,0,33,000,00,2,1,01,B01
201000032432,0,07,000,00,0,7,15,A01
201000032433,0,07,000,00,1,0,01,A01
201000032434,0,07,000,00,0,1,01,A01
201000032435,0,07,000,00,1,2,01,A01
201000032436,0,15,000,00,2,3,23,C01
201000032436,0,07,000,00,2,4,01,B01
201000032436,0,07,000,00,2,1,12,A01
201000032437,0,02,000,00,1,1,01,A01
201000032438,0,07,000,00,9,1,13,A01
201000032439,0,07,000,00,2,1,14,A01
201000032439,0,07,000,00,2,1,15,B01
201000032439,0,07,000,08,0,1,23,C01
201000032440,0,07,000,00,2,2,15,B01
201000032440,0,33,000,00,2,1,01,A01
201000032441,0,07,000,00,0,4,02,D01
201000032441,0,07,000,00,2,4,02,B01
201000032441,0,07,000,00,2,1,01,A01
201000032441,0,07,000,00,2,4,02,C01
201000032442,0,07,000,00,0,9,01,A01
201000032443,0,07,000,00,2,8,15,B01
201000032443,0,33,000,00,2,1,01,A01
201000032444,0,30,000,12,0,1,15,A01
201000032445,0,32,000,00,0,0,01,A01
201000032446,0,01,000,00,2,0,13,B01
201000032446,0,07,000,00,9,2,21,A01
201000032447,0,07,000,00,0,9,01,A01
201000032448,0,07,000,00,0,9,01,A01
201000032449,0,07,000,00,2,4,01,B01
201000032449,0,02,000,00,2,1,02,A01
201000032450,0,07,000,00,2,4,16,B01
201000032450,0,32,000,00,2,1,02,A01
201000032451,0,02,000,00,2,8,13,A01
201000032451,0,07,000,00,2,5,01,B01
201000032452,0,07,000,15,0,1,01,A01
201000032453,0,33,000,00,0,4,23,B01
201000032453,0,07,000,00,2,3,01,A01
201000032454,0,07,000,00,1,3,01,A01
201000032455,0,31,000,00,2,4,02,C01
201000032455,0,07,000,00,2,1,02,A01
201000032455,0,07,000,00,2,4,02,B01
201000032456,0,07,000,00,2,1,01,B01
201000032456,0,07,000,00,2,1,19,A01
201000032457,0,02,000,00,0,0,01,A01
201000032458,0,07,000,00,2,1,01,B01
201000032458,0,07,000,00,2,1,01,A01
201000032459,0,33,000,00,2,1,01,B01
201000032459,0,07,000,00,2,7,15,A01
201000032460,0,07,000,00,2,1,01,A01
201000032460,0,07,000,00,2,4,02,B01
201000032461,0,07,000,00,2,3,01,A01
201000032461,0,07,000,00,2,1,01,B01
201000032462,0,07,000,15,0,1,01,A01
201000032463,1,07,000,00,1,0,01,Z01
201000032464,0,07,000,00,2,1,01,B01
201000032464,0,07,000,00,2,3,15,A01
201000032465,0,07,000,00,2,1,01,A01
201000032465,0,10,000,00,2,8,01,B01
201000032466,0,07,000,00,1,1,01,A01
201000032467,0,07,000,00,2,1,15,B01
201000032467,0,33,000,00,2,1,01,A01
201000032468,0,34,000,00,0,0,01,A01
201000032469,0,07,000,00,1,1,16,A01
201000032470,0,07,000,00,1,2,01,A01
201000032471,0,07,000,00,2,3,01,B01
201000032471,0,07,000,00,2,5,01,A01
201000032472,0,07,000,00,2,3,01,B01
201000032472,0,30,000,00,2,1,17,A01
201000032473,0,33,000,00,2,1,01,B01
201000032473,0,07,000,00,2,2,15,A01
201000032474,0,02,000,00,2,1,01,A01
201000032474,0,07,000,00,2,3,19,B01
201000032475,0,07,000,00,0,4,01,B01
201000032475,0,02,000,00,2,1,02,A01
201000032476,0,02,000,00,2,1,02,B01
201000032476,0,07,000,00,2,4,02,C01
201000032476,0,07,000,00,2,1,02,A01
201000032477,0,02,000,00,2,1,01,A01
201000032477,0,07,000,00,2,3,09,B01
201000032478,0,07,000,00,2,1,01,A01
201000032478,0,30,000,00,2,1,01,B01
201000032479,0,07,000,00,2,4,02,B01
201000032479,0,07,000,00,2,4,02,C01
201000032479,0,07,000,00,2,4,02,D01
201000032479,0,07,000,00,2,1,02,A01
201000032479,0,07,000,00,2,4,02,E01
201000032480,0,07,000,08,0,0,01,A01
201000032481,0,07,000,08,0,7,14,A01
201000032482,0,07,000,00,2,1,02,A01
201000032482,0,07,000,00,2,4,02,B01
201000032482,0,07,000,00,0,4,02,C01
201000032483,0,02,000,00,2,1,02,A01
201000032483,0,07,000,00,0,4,02,B01
201000032484,0,01,000,00,0,1,01,A01
201000032485,0,07,000,00,0,8,10,A01
201000032485,0,07,000,00,2,1,13,B01
201000032486,0,02,000,14,0,1,01,A01
201000032487,0,07,000,00,2,2,15,B01
201000032487,0,02,000,00,2,1,18,A01
201000032488,0,07,000,00,2,4,01,C01
201000032488,0,07,000,00,2,1,02,A01
201000032488,0,07,000,00,2,1,02,B01
201000032489,0,07,000,00,0,0,13,A01
201000032490,0,14,000,00,1,1,16,A01
201000032491,0,07,000,00,2,2,10,A01
201000032491,0,07,000,00,2,1,01,B01
201000032492,0,07,000,00,1,1,01,A01
201000032493,0,07,000,00,1,1,01,A01
201000032494,0,07,000,00,0,0,01,A01
201000032495,0,07,000,00,1,1,01,A01
201000032496,0,02,000,00,2,3,17,A01
201000032496,0,07,000,00,2,3,15,B01
201000032497,0,07,000,00,2,2,15,A01
201000032497,0,30,000,00,2,1,01,B01
201000032498,0,07,000,00,2,4,01,B01
201000032498,0,07,000,00,2,1,02,A01
201000032499,0,07,000,00,2,4,02,C01
201000032499,0,07,000,00,2,1,01,A01
201000032499,0,07,000,00,2,4,02,B01
201000032500,0,07,000,00,2,1,13,A01
201000032500,0,07,000,00,2,1,01,C01
201000032500,0,07,000,00,2,1,01,B01
201000032501,0,07,000,00,2,3,23,B01
201000032501,0,07,000,00,2,3,16,A01
201000032502,0,13,000,09,1,4,04,A01
201000032503,0,07,000,00,2,1,01,B01
201000032503,0,07,000,00,2,3,15,A01
201000032504,0,07,000,00,0,7,01,B01
201000032504,0,07,000,00,2,3,09,A01
201000032505,0,07,000,00,2,3,01,A01
201000032505,0,07,000,00,2,1,15,B01
201000032506,0,07,000,00,2,1,15,A01
201000032506,0,07,000,00,2,1,01,B01
201000032507,0,07,000,00,2,1,01,A01
201000032507,0,07,000,00,2,1,01,B01
201000032508,0,07,000,00,1,1,01,A01
201000032509,0,07,000,00,1,2,09,A01
201000032510,0,07,000,00,2,4,01,B01
201000032510,0,07,000,00,2,1,02,A01
201000032511,0,07,000,00,1,3,15,A01
201000032512,0,07,000,00,2,2,15,A01
201000032512,0,07,000,00,2,8,02,B01
201000032513,0,07,000,00,1,2,01,A01
201000032514,0,07,000,00,2,1,15,A01
201000032514,0,07,000,00,2,8,13,B01
201000032515,0,07,000,00,2,1,01,B01
201000032515,0,07,000,00,2,3,13,A01
201000032516,0,07,000,13,0,1,01,A01
201000032517,0,07,000,00,2,2,01,B01
201000032517,0,30,000,00,2,1,15,A01
201000032518,0,07,000,00,2,1,01,B01
201000032518,0,07,000,00,2,1,15,A01
201000032519,0,07,000,15,0,2,02,A01
201000032520,0,07,000,00,2,1,01,A01
201000032520,0,07,000,00,2,1,01,B01
201000032521,0,07,000,00,2,3,01,A01
201000032521,0,07,000,00,2,7,01,B01
201000032522,0,07,000,00,2,8,15,A01
201000032522,0,07,000,00,2,1,11,B01
201000032523,0,07,000,02,0,1,13,A01
201000032524,0,07,000,00,1,1,01,A01
201000032525,0,03,000,00,2,1,15,A01
201000032525,0,02,000,00,2,0,01,B01
201000032526,0,10,000,00,1,0,01,A01
201000032527,0,02,000,00,0,8,02,A01
201000032528,0,07,000,08,0,1,01,A01
201000032529,0,38,018,00,2,1,01,B01
201000032529,0,07,000,00,2,1,01,A01
201000032530,0,07,000,00,1,3,01,A01
201000032531,0,07,000,00,2,1,01,B01
201000032531,0,07,000,00,2,8,01,A01
201000032532,0,07,000,00,2,1,01,A01
201000032532,0,30,000,00,0,4,23,B01
201000032533,0,07,000,00,2,1,01,A01
201000032533,0,07,000,01,0,4,23,B01
201000032534,0,07,000,00,2,5,15,A01
201000032534,0,02,000,00,2,1,01,B01
201000032535,0,07,000,00,2,3,15,A01
201000032535,0,01,000,00,2,1,19,B01
201000032536,0,07,000,00,2,1,01,B01
201000032536,0,07,000,00,2,2,15,A01
201000032537,0,07,000,00,2,1,13,A01
201000032537,0,07,000,00,2,8,01,B01
201000032538,0,38,020,00,1,0,23,A01
201000032539,0,01,000,00,5,0,01,A01
201000032540,0,02,000,00,2,0,01,A01
201000032540,0,07,000,00,2,3,23,B01
201000032541,0,07,000,00,2,7,01,A01
201000032541,0,02,000,00,2,8,01,B01
201000032542,0,07,000,13,0,9,01,A01
201000032543,0,07,000,00,2,9,01,B01
201000032543,0,07,000,00,2,1,15,A01
201000032544,0,07,000,13,0,9,14,A01
201000032545,0,14,000,05,2,1,01,A01
201000032545,0,14,000,00,0,4,23,B01
201000032545,0,14,000,00,2,4,23,C01
201000032546,0,30,000,00,2,4,01,B01
201000032546,0,30,000,00,2,4,01,C01
201000032546,0,07,000,00,2,1,01,A01
201000032547,0,10,000,00,1,3,15,A01
201000032548,0,07,000,00,0,1,01,A01
201000032549,0,07,000,00,1,2,01,A01
201000032550,0,07,000,08,0,1,01,A01
201000032551,0,31,000,00,2,1,01,B01
201000032551,0,07,000,00,2,2,04,A01
201000032552,0,30,000,01,0,1,01,A01
201000032553,0,07,000,02,0,1,13,A01
201000032554,0,07,000,00,2,1,01,A01
201000032554,0,07,000,00,2,2,01,B01
201000032555,0,07,000,00,2,1,01,B01
201000032555,0,07,000,00,2,2,15,A01
201000032556,0,02,000,00,2,7,01,A01
201000032556,0,07,000,00,2,4,01,B01
201000032557,0,15,000,00,2,1,01,A01
201000032557,0,07,000,09,2,6,01,B01
201000032558,0,07,000,00,2,1,01,A01
201000032558,0,07,000,00,2,7,01,B01
201000032559,0,07,000,14,0,3,13,A01
201000032560,0,07,000,00,1,1,02,A01
201000032561,0,07,000,00,1,4,04,A01
201000032562,0,02,000,00,2,1,01,B01
201000032562,0,07,000,00,2,3,13,A01
201000032563,0,01,000,00,2,1,01,B01
201000032563,0,07,000,00,2,2,01,A01
201000032564,0,07,000,00,2,3,13,A01
201000032564,0,10,000,00,2,3,00,B01
201000032565,0,13,000,00,2,3,00,A01
201000032565,0,07,000,00,2,3,00,B01
201000032566,0,07,000,10,0,0,17,A01
201000032567,0,07,000,00,2,5,15,B01
201000032567,0,33,000,00,2,1,01,A01
201000032568,0,07,000,00,1,1,01,A01
201000032569,0,03,000,12,0,0,00,A01
201000032570,0,07,000,00,2,1,00,B01
201000032570,0,07,000,00,2,3,00,A01
201000032571,0,07,000,00,1,4,04,A01
201000032572,0,37,012,00,2,1,01,B01
201000032572,0,07,000,00,2,7,00,A01
201000032573,0,02,000,00,0,0,00,A01
201000032574,1,99,000,00,1,0,00,A01
201000032575,0,07,000,00,1,2,01,A01
201000032576,0,07,000,00,2,4,00,B01
201000032576,0,31,000,00,2,1,02,A01
201000032577,0,30,000,00,2,1,00,B01
201000032577,0,07,000,00,2,8,09,A01
201000032578,0,07,000,00,2,8,00,B01
201000032578,0,30,000,00,2,1,03,A01
201000032579,1,99,000,00,2,0,00,A01
201000032579,0,07,000,00,2,8,00,B01
201000032580,0,30,000,00,2,7,15,A01
201000032580,0,07,000,00,2,1,00,B01
201000032581,0,30,000,00,2,1,01,A01
201000032581,0,07,000,00,1,6,11,B01
201000032582,0,07,000,00,2,1,13,A01
201000032582,0,07,000,00,2,1,00,B01
201000032583,0,07,000,00,2,1,00,B01
201000032583,0,07,000,00,2,5,15,A01
201000032583,0,07,000,00,2,1,00,C01
201000032583,0,07,000,00,2,1,00,D01
201000032584,0,07,000,00,2,1,02,A01
201000032584,0,07,000,00,2,4,02,B01
201000032585,0,07,000,00,2,8,15,B01
201000032585,0,33,000,00,2,1,00,A01
201000032586,0,01,000,00,2,8,00,B01
201000032586,1,99,000,00,2,0,02,A01
201000032587,0,07,000,00,2,1,02,A01
201000032587,0,33,000,00,2,4,02,B01
201000032588,0,01,000,00,2,1,01,A01
201000032588,0,07,000,00,2,3,15,B01
201000032589,0,33,000,00,0,0,00,A01
201000032590,0,07,000,00,1,1,00,A01
201000032591,0,33,000,00,2,1,00,B01
201000032591,0,99,000,00,2,3,00,A01
201000032592,0,13,000,00,1,4,00,A01
201000032593,2,02,000,06,1,3,13,A01
201000032594,0,02,000,00,2,1,01,B01
201000032594,0,02,000,00,2,1,13,A01
201000032595,0,33,000,12,0,0,00,A01
201000032595,0,07,000,00,0,0,10,B01
201000032596,0,07,000,00,2,4,00,B01
201000032596,0,07,000,00,2,0,00,A01
201000032597,0,15,000,00,1,0,00,A01
201000032598,0,03,000,08,0,1,00,A01
201000032599,0,31,000,00,0,0,00,A01
201000032600,0,07,000,00,2,2,02,A01
201000032600,0,07,000,00,2,4,00,B01
201000032601,0,30,000,00,1,1,01,A01
201000032602,0,07,000,00,1,0,00,A01
201000032603,0,07,000,00,2,1,09,A01
201000032603,0,07,000,00,2,1,00,B01
201000032604,0,33,000,00,2,1,00,B01
201000032604,0,07,000,00,2,7,15,A01
201000032605,1,99,000,00,2,3,00,A01
201000032605,0,07,000,00,2,8,00,B01
201000032606,0,33,000,13,0,1,00,A01
201000032607,0,07,000,00,2,3,00,B01
201000032607,0,07,000,00,2,3,00,A01
201000032608,0,07,000,00,2,1,02,A01
201000032608,0,07,000,00,2,4,02,B01
201000032609,0,07,000,00,2,0,00,B01
201000032609,0,10,000,00,2,6,01,A01
201000032610,0,07,000,00,2,8,00,A01
201000032610,0,30,000,00,2,1,00,B01
201000032611,0,07,000,00,2,1,02,A01
201000032611,0,07,000,00,2,4,02,B01
201000032612,0,10,000,00,2,1,01,B01
201000032612,0,07,000,00,2,3,00,A01
201000032613,0,07,000,00,1,1,00,A01
201000032614,0,33,000,00,0,2,01,A01
201000032614,1,07,000,00,0,0,15,B01
201000032615,0,07,000,02,0,2,16,A01
201000032616,0,07,000,00,1,1,01,A01
201000032617,0,07,000,00,2,0,01,B01
201000032617,0,30,000,00,2,7,00,A01
201000032618,0,07,000,00,2,2,02,A01
201000032618,0,01,000,00,2,4,02,B01
201000032619,1,07,000,00,1,0,00,A01
201000032620,0,07,000,00,0,8,15,B01
201000032620,0,07,000,13,2,2,17,A01
201000032621,0,01,000,00,0,4,00,B01
201000032621,0,07,000,00,2,3,09,A01
201000032622,0,07,000,13,0,2,01,A01