Num_Acc,senc,catv,occutc,obs,obsm,choc,manv,num_veh
201000032623,0,10,000,00,1,1,01,A01
201000032624,0,07,000,00,2,1,09,A01
201000032624,0,34,000,00,0,7,16,B01
201000032625,0,33,000,00,2,1,01,B01
201000032625,0,10,000,00,2,8,10,A01
201000032626,0,32,000,00,2,1,02,B01
201000032626,0,07,000,00,2,2,15,A01
201000032627,0,07,000,09,0,1,13,A01
201000032628,0,14,000,00,2,3,01,B01
201000032628,0,07,000,00,2,8,15,A01
201000032629,0,33,000,00,2,1,13,A01
201000032629,0,07,000,00,2,1,21,B01
201000032630,0,07,000,00,1,2,16,A01
201000032631,0,07,000,00,2,7,19,A01
201000032631,0,10,000,00,2,1,01,B01
201000032632,0,07,000,00,0,8,01,B01
201000032632,0,30,000,00,2,1,19,A01
201000032633,0,07,000,00,2,1,00,B01
201000032633,0,07,000,00,0,8,00,A01
201000032634,0,07,000,02,0,1,00,A01
201000032635,0,07,000,00,1,2,09,A01
201000032636,0,10,000,00,2,1,01,A01
201000032636,0,10,000,01,2,5,20,B01
201000032637,0,02,000,00,0,0,01,A01
201000032638,0,07,000,00,1,1,01,A01
201000032639,0,36,000,00,0,3,01,A01
201000032640,0,07,000,00,2,3,01,B01
201000032640,0,30,000,00,2,3,01,A01
201000032641,0,07,000,00,1,1,01,A01
201000032642,0,07,000,00,1,1,01,A01
201000032643,0,07,000,00,1,1,01,A01
201000032644,0,07,000,00,2,1,01,B01
201000032644,0,01,000,00,2,1,13,A01
201000032645,0,07,000,00,2,3,01,B01
201000032645,0,07,000,00,2,2,11,A01
201000032646,0,07,000,00,1,1,00,A01
201000032647,0,07,000,00,2,8,11,A01
201000032647,2,07,000,00,2,1,01,B01
201000032648,0,03,000,00,2,2,01,B01
201000032648,0,07,000,00,2,3,09,A01
201000032649,0,31,000,00,2,2,01,A01
201000032649,0,99,000,00,2,5,15,B01
201000032650,0,31,000,13,2,1,01,B01
201000032650,0,07,000,15,2,3,17,A01
201000032651,0,02,000,00,1,1,01,A01
201000032652,0,33,000,00,2,1,01,B01
201000032652,0,07,000,00,2,1,11,A01
201000032653,1,07,000,00,9,0,15,X01
201000032653,0,01,000,00,2,8,00,A01
201000032654,0,02,000,00,2,1,17,A01
201000032654,0,07,000,00,2,8,15,B01
201000032655,0,07,000,00,2,1,02,B01
201000032655,0,07,000,00,0,4,01,A01
201000032656,0,01,000,00,2,8,01,B01
201000032656,0,07,000,00,2,2,15,A01
201000032657,0,07,000,00,1,4,04,A01
201000032658,0,07,000,00,2,1,13,A01
201000032658,0,07,000,00,2,1,01,B01
201000032658,0,32,000,00,2,1,01,C01
201000032659,0,07,000,00,2,1,01,A01
201000032659,0,01,000,00,2,6,19,B01
201000032660,0,07,000,00,2,4,01,B01
201000032660,0,07,000,00,2,1,02,A01
201000032661,0,07,000,00,2,4,01,B01
201000032661,0,33,000,00,2,1,02,A01
201000032662,0,02,000,00,2,1,01,B01
201000032662,0,07,000,00,2,1,01,A01
201000032663,1,07,000,00,2,3,01,Z01
201000032663,0,01,000,00,2,5,01,A01
201000032664,0,07,000,00,2,4,15,B01
201000032664,0,07,000,00,2,1,01,A01
201000032665,0,07,000,00,1,1,15,A01
201000032666,0,02,000,00,2,1,01,B01
201000032666,0,10,000,00,2,1,15,A01
201000032667,0,07,000,00,2,8,15,A01
201000032667,0,33,000,00,2,1,01,B01
201000032668,0,33,000,00,2,0,01,B01
201000032668,0,07,000,00,2,3,16,A01
201000032669,0,30,000,00,0,1,01,A01
201000032670,0,33,000,00,2,2,01,B01
201000032670,0,07,000,00,2,3,10,A01
201000032671,0,07,000,09,0,1,13,A01
201000032672,0,07,000,00,2,8,01,A01
201000032672,0,07,000,00,2,2,01,B01
201000032673,1,07,000,00,2,8,01,Z01
201000032673,0,30,000,00,2,7,16,A01
201000032674,0,07,000,00,2,2,15,A01
201000032674,0,07,000,00,2,3,01,B01
201000032675,1,07,000,00,2,1,02,Z01
201000032675,0,07,000,00,2,4,16,A01
201000032676,0,07,000,00,2,3,01,A01
201000032676,0,30,000,00,2,1,01,B01
201000032677,0,07,000,00,2,7,16,A01
201000032677,0,30,000,00,2,8,18,B01
201000032678,0,07,000,00,1,3,01,A01
201000032679,0,07,000,00,2,1,05,A01
201000032679,0,07,000,00,2,1,01,B01
201000032680,0,07,000,00,2,2,01,B01
201000032680,0,07,000,00,2,1,01,A01
201000032681,0,01,000,00,2,8,01,A01
201000032681,1,14,000,00,2,7,16,Z01
201000032682,0,07,000,00,2,8,15,A01
201000032682,0,02,000,00,2,1,01,B01
201000032683,0,07,000,00,2,4,01,B01
201000032683,0,07,000,00,2,1,01,A01
201000032684,0,07,000,00,2,2,01,B01
201000032684,0,02,000,00,2,1,00,A01
201000032685,0,31,000,00,1,1,01,A01
201000032686,0,07,000,00,1,1,15,A01
201000032687,0,07,000,15,0,9,01,A01
201000032688,0,02,000,01,0,1,01,A01
201000032689,0,07,000,00,2,4,23,B01
201000032689,0,07,000,00,2,4,23,C01
201000032689,0,07,000,00,2,1,01,A01
201000032690,0,07,000,00,2,8,15,A01
201000032690,0,30,000,00,2,1,17,B01
201000032691,0,07,000,00,2,8,01,B01
201000032691,0,17,000,00,2,2,01,A01
201000032692,0,33,000,01,0,1,13,A01
201000032693,0,02,000,00,0,0,01,A01
201000032694,0,01,000,00,2,7,01,B01
201000032694,0,07,000,00,2,1,01,A01
201000032695,0,02,000,01,0,1,01,A01
201000032696,0,31,000,00,2,1,01,B01
201000032696,0,07,000,00,2,8,15,A01
201000032697,0,07,000,00,2,1,01,A01
201000032697,0,07,000,00,2,3,01,B01
201000032698,0,07,000,00,2,7,15,A01
201000032698,0,07,000,00,2,1,01,B01
201000032699,0,07,000,00,2,3,16,A01
201000032699,0,02,000,00,2,1,01,B01
201000032700,0,02,000,00,2,8,23,A01
201000032700,1,07,000,00,2,2,17,Z01
201000032701,0,02,000,01,0,2,01,A01
201000032702,0,01,000,00,2,7,01,B01
201000032702,0,07,000,00,2,3,01,A01
201000032703,0,33,000,00,2,1,01,B01
201000032703,0,07,000,00,2,1,01,C01
201000032703,0,07,000,00,2,7,15,A01
201000032704,0,02,000,00,0,0,01,A01
201000032705,0,02,000,00,0,0,01,A01
201000032706,0,07,000,00,2,2,15,A01
201000032706,0,07,000,00,2,1,19,B01
201000032707,0,07,000,00,0,4,15,B01
201000032707,0,07,000,00,2,1,01,A01
201000032708,0,01,000,00,2,4,15,A01
201000032708,0,07,000,00,2,1,01,B01
201000032709,0,07,000,15,0,1,01,A01
201000032710,0,30,000,00,1,1,17,A01
201000032711,0,07,000,00,1,1,01,A01
201000032712,0,07,000,00,2,3,01,B01
201000032712,0,07,000,00,2,5,15,A01
201000032713,0,07,000,16,0,1,01,A01
201000032714,0,07,000,00,2,1,01,C01
201000032714,0,07,000,06,2,2,01,A01
201000032714,0,07,000,00,2,3,01,B01
201000032715,0,07,000,00,2,3,15,B01
201000032715,0,07,000,00,2,2,01,A01
201000032716,0,07,000,00,2,8,01,A01
201000032716,0,30,000,00,2,1,01,B01
201000032717,0,07,000,00,1,2,01,A01
201000032718,0,07,000,00,2,2,16,A01
201000032718,0,07,000,00,2,1,16,B01
201000032719,0,07,000,00,2,2,01,B01
201000032719,0,07,000,00,2,1,00,A01
201000032720,0,07,000,00,2,4,23,C01
201000032720,0,07,000,00,2,1,02,A01
201000032720,0,07,000,00,2,4,23,B01
201000032721,0,07,000,00,1,3,01,A01
201000032722,0,07,000,00,1,0,01,A01
201000032723,0,07,000,00,2,9,24,B01
201000032723,0,07,000,01,0,1,01,A01
201000032724,0,07,000,00,2,1,01,A01
201000032724,0,07,000,00,0,2,01,B01
201000032725,0,01,000,00,2,7,15,A01
201000032725,0,07,000,00,2,1,01,B01
201000032726,0,07,000,00,2,2,01,B01
201000032726,0,07,000,00,2,2,10,A01
201000032727,0,01,000,00,2,1,01,A01
201000032727,0,07,000,00,2,7,01,B01
201000032728,0,07,000,00,2,8,01,A01
201000032728,0,33,000,00,2,1,01,B01
201000032729,0,07,000,00,2,1,15,A01
201000032729,0,07,000,00,2,7,01,B01
201000032730,0,07,000,00,2,7,01,A01
201000032730,1,07,000,00,2,0,00,Z01
201000032731,0,07,000,00,1,5,04,A01
201000032732,0,02,000,00,2,1,01,B01
201000032732,0,07,000,00,2,3,01,A01
201000032733,0,02,000,00,0,0,01,A01
201000032734,0,07,000,00,2,1,01,A01
201000032734,0,07,000,00,2,3,01,B01
201000032735,0,07,000,00,2,1,02,B01
201000032735,0,07,000,00,0,4,01,A01
201000032736,0,07,000,00,1,2,01,A01
201000032737,0,07,000,00,2,3,01,B01
201000032737,0,07,000,00,2,7,15,A01
201000032738,0,10,000,00,2,2,01,A01
201000032738,0,07,000,00,2,8,01,B01
201000032739,0,07,000,14,0,1,02,A01
201000032739,0,07,000,00,2,4,23,B01
201000032740,0,07,000,00,2,2,15,A01
201000032740,0,30,000,00,2,1,01,B01
201000032741,0,30,000,12,0,1,01,A01
201000032742,0,07,000,00,2,1,01,A01
201000032742,0,34,000,00,2,1,05,B01
201000032743,0,07,000,03,0,3,01,A01
201000032744,0,07,000,00,2,7,15,A01
201000032744,0,07,000,00,2,3,01,B01
201000032745,0,33,000,00,2,1,01,A01
201000032745,0,07,000,00,2,4,01,B01
201000032746,0,01,000,00,2,8,01,B01
201000032746,0,07,000,00,2,5,16,A01
201000032747,1,07,000,00,1,1,15,Z01
201000032748,0,07,000,00,2,7,17,B01
201000032748,0,01,000,00,2,1,15,A01
201000032749,0,07,000,00,2,8,01,B01
201000032749,0,30,000,00,0,1,01,A01
201000032750,0,01,000,00,2,1,01,A01
201000032750,0,07,000,00,2,3,01,B01
201000032751,0,10,000,00,2,3,15,A01
201000032751,0,02,000,00,2,8,01,B01
201000032752,0,07,000,00,1,2,01,A01
201000032753,0,02,000,00,2,1,01,A01
201000032753,1,07,000,00,2,3,09,Z01
201000032754,0,30,000,00,2,1,19,A01
201000032754,0,31,000,00,2,2,01,B01
201000032755,0,07,000,00,2,8,01,B01
201000032755,0,07,000,00,2,2,15,A01
201000032756,0,07,000,00,2,8,01,B01
201000032756,0,07,000,00,2,2,01,A01
201000032757,0,07,000,00,2,1,02,A01
201000032757,0,07,000,00,2,4,02,B01
201000032758,0,07,000,00,2,4,23,B01
201000032758,0,07,000,00,2,1,02,A01
201000032759,0,07,000,00,1,1,15,A01
201000032760,0,07,000,00,1,1,01,A01
201000032761,0,07,000,00,2,1,15,A01
201000032761,0,33,000,00,2,1,01,B01
201000032762,0,07,000,00,2,8,15,A01
201000032762,0,07,000,00,2,2,17,B01
201000032763,1,07,000,00,1,1,01,Z01
201000032764,0,07,000,00,2,1,01,A01
201000032764,0,14,000,05,2,8,01,B01
201000032765,0,33,000,00,2,1,01,B01
201000032765,0,07,000,00,2,2,01,A01
201000032766,0,01,000,00,2,5,01,B01
201000032766,0,07,000,00,2,3,09,A01
201000032767,0,07,000,00,2,2,15,A01
201000032767,0,07,000,00,2,1,01,B01
201000032767,0,07,000,00,2,3,23,C01
201000032768,0,07,000,00,2,3,15,A01
201000032768,0,30,000,00,2,7,17,B01
201000032769,0,07,000,00,1,7,01,A01
201000032770,0,07,000,00,2,3,01,A01
201000032770,0,02,000,00,2,1,01,B01
201000032771,0,02,000,00,2,1,01,A01
201000032771,0,07,000,00,2,4,23,B01
201000032772,0,07,000,00,2,1,01,A01
201000032772,0,07,000,00,2,7,01,B01
201000032773,0,07,000,00,1,4,04,A01
201000032774,0,30,000,00,2,2,01,B01
201000032774,0,07,000,00,2,1,15,A01
201000032775,0,07,000,01,0,2,01,A01
201000032776,0,01,000,00,2,4,01,A01
201000032776,0,07,000,00,2,1,01,B01
201000032777,1,07,000,00,2,0,16,Z01
201000032777,0,01,000,00,2,1,16,B01
201000032778,1,07,000,00,2,2,17,Z01
201000032778,0,01,000,00,2,0,01,B01
201000032779,0,10,000,00,1,3,01,A01
201000032780,0,07,000,00,1,2,01,A01
201000032781,0,07,000,00,1,1,16,A01
201000032782,0,07,000,00,2,3,15,A01
201000032782,0,33,000,00,2,8,15,B01
201000032783,0,07,000,00,1,1,01,A01
201000032784,0,07,000,00,2,3,01,A01
201000032784,0,17,000,00,2,2,01,B01
201000032785,0,07,000,00,1,7,01,A01
201000032786,0,07,000,00,2,4,23,B01
201000032786,0,07,000,00,2,1,01,A01
201000032787,0,07,000,00,1,1,01,A01
201000032788,0,07,000,00,2,1,17,A01
201000032788,0,07,000,00,2,4,01,B01
201000032789,0,30,000,00,2,7,01,B01
201000032789,0,07,000,00,2,2,15,A01
201000032790,0,33,000,00,2,1,01,B01
201000032790,0,07,000,00,2,7,15,A01
201000032791,0,07,000,00,2,3,15,A01
201000032791,0,07,000,00,2,1,01,B01
201000032792,0,07,000,00,1,5,16,A01
201000032793,0,10,000,00,1,1,01,A01
201000032794,0,07,000,00,2,1,01,A01
201000032794,0,07,000,00,2,7,01,B01
201000032795,0,02,000,01,0,1,01,A01
201000032796,0,01,000,00,2,1,01,B01
201000032796,0,07,000,00,2,7,04,A01
201000032797,0,30,000,01,0,1,01,A01
201000032798,0,07,000,00,2,1,15,A01
201000032798,0,01,000,00,2,8,01,B01
201000032799,0,07,000,00,2,2,15,A01
201000032799,0,02,000,00,2,1,01,B01
201000032800,1,07,000,00,2,1,01,Z01
201000032800,0,07,000,00,2,4,23,A01
201000032801,0,07,000,00,1,1,01,A01
201000032802,0,30,000,00,2,1,02,A01
201000032802,0,07,000,00,2,4,02,B01
201000032803,1,07,000,00,1,1,01,Z01
201000032804,0,07,000,00,2,7,01,B01
201000032804,0,07,000,00,2,1,01,A01
201000032805,0,07,000,00,2,7,01,A01
201000032805,0,07,000,00,2,1,01,B01
201000032806,0,30,000,00,0,0,01,A01
201000032807,0,07,000,00,2,1,01,B01
201000032807,0,07,000,00,2,7,09,A01
201000032808,0,02,000,15,2,1,17,B01
201000032808,0,07,000,00,2,8,15,A01
201000032809,0,07,000,00,2,2,01,A01
201000032809,0,07,000,00,2,8,01,B01
201000032810,0,07,000,00,2,5,01,B01
201000032810,0,02,000,00,2,1,02,A01
201000032811,0,10,000,00,1,2,01,A01
201000032812,0,02,000,00,2,1,01,B01
201000032812,0,07,000,00,2,1,15,A01
201000032813,0,07,000,00,2,8,01,B01
201000032813,0,30,000,00,2,1,01,A01
201000032814,0,07,000,00,2,1,01,B01
201000032814,0,30,000,00,2,1,01,A01
201000032815,0,07,000,00,2,1,15,A01
201000032815,0,07,000,00,2,1,01,B01
201000032816,0,37,010,00,1,1,01,A01
201000032817,0,07,000,00,2,1,15,A01
201000032817,0,07,000,00,2,8,01,B01
201000032818,0,02,000,00,2,1,01,B01
201000032818,0,07,000,00,2,1,15,A01
201000032819,0,07,000,13,0,9,01,A01
201000032820,0,07,000,00,2,1,01,B01
201000032820,0,07,000,00,2,2,01,A01
201000032821,0,07,000,00,2,1,01,B01
201000032821,0,07,000,00,2,1,15,A01
201000032822,0,07,000,00,2,4,01,B01
201000032822,0,02,000,00,2,1,02,A01
201000032823,0,01,000,00,2,1,01,A01
201000032823,1,07,000,00,2,3,15,Z01
201000032824,0,07,000,08,0,7,00,A01
201000032825,0,07,000,08,0,2,13,A01
201000032825,0,07,000,00,2,3,01,B01
201000032826,0,07,000,00,1,1,01,A01
201000032827,0,07,000,00,2,7,01,B01
201000032827,0,07,000,00,2,1,09,A01
201000032828,0,02,000,12,0,1,14,A01
201000032829,0,30,000,00,2,1,15,A01
201000032829,0,33,000,00,2,1,01,B01
201000032830,0,07,000,00,0,6,15,B01
201000032830,2,07,000,00,2,3,14,A01
201000032831,0,07,000,00,1,2,01,A01
201000032832,0,07,000,00,1,1,01,A01
201000032833,1,07,000,00,1,1,01,A01
201000032834,0,07,000,00,2,3,01,B01
201000032834,0,07,000,00,2,2,01,A01
201000032835,0,07,000,06,0,1,00,A01
201000032836,0,07,000,00,1,5,01,A01
201000032837,0,07,000,00,0,8,10,A01
201000032837,0,33,000,00,2,1,17,B01
201000032838,0,07,000,00,9,1,00,A01
201000032839,0,07,000,00,1,1,01,A01
201000032840,0,07,000,00,2,9,01,A01
201000032840,0,07,000,00,2,1,01,B01
201000032841,0,07,000,15,2,1,01,B01
201000032841,0,10,000,00,2,1,13,A01
201000032842,0,07,000,00,2,1,02,A01
201000032842,0,07,000,00,2,4,02,B01
201000032843,0,07,000,13,0,1,21,B01
201000032844,0,07,000,00,2,1,01,B01
201000032844,0,07,000,00,0,7,01,A01
201000032845,0,07,000,06,0,1,01,A01
201000032846,0,07,000,00,2,1,02,A01
201000032846,0,07,000,00,0,4,02,B01
201000032847,0,38,001,00,2,1,01,B01
201000032847,0,07,000,00,2,2,15,A01
201000032848,0,40,046,00,1,2,01,A01
201000032849,0,07,000,00,2,2,15,A01
201000032849,0,07,000,00,2,3,01,B01
201000032850,0,07,000,00,0,8,15,A01
201000032850,0,30,000,00,2,1,01,B01
201000032851,0,07,000,00,0,8,01,B01
201000032851,0,07,000,00,2,1,01,A01
201000032852,0,07,000,00,1,3,01,A01
201000032853,0,07,000,00,2,0,19,A01
201000032853,0,31,000,00,0,3,01,B01
201000032854,0,07,000,00,1,2,00,A01
201000032855,0,07,000,00,2,2,01,B01
201000032855,0,01,000,00,2,7,05,A01
201000032856,0,07,000,00,2,1,13,A01
201000032856,0,07,000,00,0,1,01,B01
201000032857,0,07,000,00,2,8,15,A01
201000032857,0,33,000,00,2,7,01,B01
201000032858,0,07,000,00,1,1,16,A01
201000032859,0,07,000,00,1,1,01,A01
201000032860,0,07,000,00,2,1,02,A01
201000032860,0,07,000,00,0,4,02,B01
201000032861,0,07,000,00,0,7,01,A01
201000032861,0,10,000,00,2,1,01,B01
201000032862,0,07,000,00,1,2,01,A01
201000032862,0,07,000,00,1,1,01,B01
201000032863,0,07,000,08,0,4,02,B01
201000032863,0,10,000,00,2,1,02,A01
201000032864,0,07,000,00,1,3,01,A01
201000032865,0,07,000,00,1,2,01,A01
201000032866,0,07,000,00,1,1,02,A01
201000032867,0,07,000,00,2,1,01,B01
201000032867,0,07,000,00,2,1,13,A01
201000032868,0,07,000,00,2,3,15,A01
201000032868,0,07,000,00,2,2,01,B01
201000032869,0,07,000,00,2,8,01,B01
201000032869,0,07,000,00,2,1,01,A01
201000032870,0,07,000,00,1,2,01,A01
201000032871,0,07,000,00,2,3,01,B01
201000032871,0,10,000,00,2,5,01,A01
201000032872,0,07,000,00,1,1,01,A01
201000032873,0,07,000,00,0,8,01,B01
201000032873,0,07,000,00,2,1,01,A01
201000032874,0,07,000,00,2,3,16,A01
201000032874,0,38,001,00,2,3,01,B01
201000032875,0,07,000,03,0,3,01,B01
201000032875,0,07,000,14,0,1,02,A01
201000032876,0,07,000,00,2,1,01,A01
201000032876,0,07,000,00,2,8,01,B01
201000032877,0,07,000,00,2,8,15,A01
201000032877,0,03,000,00,2,1,01,B01
201000032878,0,07,000,00,2,1,01,A01
201000032878,0,30,000,00,0,7,01,B01
201000032879,0,07,000,00,0,4,02,C01
201000032879,0,07,000,00,2,1,02,A01
201000032879,0,07,000,00,0,4,02,B01
201000032880,0,07,000,00,2,1,01,A01
201000032880,0,07,000,00,2,8,01,B01
201000032880,0,07,000,00,2,2,15,C01
201000032881,0,07,000,00,2,4,02,B01
201000032881,0,07,000,00,2,1,02,A01
201000032882,0,07,000,00,1,3,01,A01
201000032883,0,07,000,00,1,7,00,A01
201000032884,0,01,000,00,2,3,18,A01
201000032884,0,17,000,00,9,2,16,B01
201000032885,0,07,000,00,1,4,04,A01
201000032886,0,07,000,00,2,3,01,B01
201000032886,0,17,000,00,2,1,15,A01
201000032887,0,07,000,00,0,6,13,B01
201000032887,0,07,000,00,2,1,01,A01
201000032888,0,01,000,00,0,8,01,A01
201000032888,0,07,000,00,9,1,09,B01
201000032889,0,33,000,13,0,7,21,A01
201000032890,0,07,000,00,2,4,01,B01
201000032890,0,07,000,00,2,3,01,A01
201000032891,0,07,000,00,2,4,02,B01
201000032891,1,07,000,00,2,1,02,Z01
201000032892,0,07,000,00,2,8,15,B01
201000032892,0,07,000,00,2,1,01,A01
201000032893,0,07,000,00,1,1,01,A01
201000032894,0,07,000,00,2,1,01,A01
201000032894,0,07,000,01,2,8,01,B01
201000032894,0,07,000,00,2,1,01,C01
201000032895,0,07,000,00,2,1,02,A01
201000032895,0,07,000,00,0,4,23,B01
201000032896,0,07,000,00,2,2,01,B01
201000032896,0,07,000,00,2,3,01,A01
201000032897,0,07,000,16,0,9,01,A01
201000032898,0,07,000,00,1,7,01,A01
201000032899,0,07,000,00,1,3,01,A01
201000032900,0,07,000,00,2,1,13,A01
201000032900,0,07,000,00,2,3,01,B01
201000032901,0,07,000,00,1,1,16,A01
201000032902,0,07,000,01,2,1,15,A01
201000032902,0,07,000,00,0,2,01,B01
201000032903,0,07,000,00,9,0,22,A01
201000032903,0,01,000,00,2,0,01,B01
201000032904,0,33,000,00,0,1,16,A01
201000032905,0,01,000,00,1,7,05,A01
201000032906,0,07,000,00,2,3,18,A01
201000032906,0,07,000,00,0,5,01,B01
201000032907,0,07,000,00,1,2,01,A01
201000032908,0,07,000,00,2,1,16,A01
201000032908,0,07,000,00,2,1,01,B01
201000032909,0,07,000,00,2,4,01,C01
201000032909,1,07,000,00,2,1,01,A01
201000032909,0,07,000,00,2,4,01,B01
201000032910,0,07,000,01,0,1,01,A01
201000032911,0,07,000,00,2,2,01,A01
201000032911,0,07,000,00,0,1,01,B01
201000032912,0,07,000,00,1,2,01,A01
201000032913,0,07,000,00,1,3,01,A01
201000032914,0,31,000,00,1,2,01,A01
201000032915,0,10,000,00,1,2,01,A01
201000032916,0,07,000,00,2,2,15,A01
201000032916,0,07,000,00,2,1,01,B01
201000032917,0,07,000,00,1,1,17,A01
201000032918,0,07,000,00,0,4,02,B01
201000032918,0,07,000,00,2,1,02,A01
201000032919,0,07,000,00,2,2,15,A01
201000032919,0,07,000,00,0,1,01,B01
201000032920,0,07,000,00,2,2,01,B01
201000032920,0,02,000,00,2,1,01,A01
201000032921,0,07,000,00,2,2,01,A01
201000032921,0,07,000,00,0,6,01,B01
201000032922,0,07,000,00,1,1,01,A01
201000032923,0,07,000,00,1,3,15,A01
201000032924,0,10,000,00,1,4,04,A01
201000032925,0,07,000,00,2,7,16,A01
201000032925,0,07,000,00,2,3,01,B01
201000032926,0,07,000,00,2,1,02,B01
201000032926,0,07,000,00,2,1,02,C01
201000032926,0,07,000,00,0,4,02,D01
201000032927,0,01,000,00,2,8,01,B01
201000032927,0,07,000,00,2,7,15,A01
201000032928,0,07,000,00,0,8,15,B01
201000032928,0,31,000,00,2,2,02,A01
201000032929,0,33,000,01,2,1,01,B01
201000032929,0,07,000,00,2,3,15,A01
201000032930,0,02,000,00,2,1,01,A01
201000032930,0,07,000,00,9,4,01,B01
201000032931,0,07,000,00,0,6,09,A01
201000032931,0,33,000,00,2,1,01,B01
201000032932,0,07,000,00,1,2,01,A01
201000032933,0,07,000,00,1,1,15,A01
201000032934,0,07,000,00,2,2,15,B01
201000032934,0,33,000,00,2,1,17,A01
201000032935,0,07,000,00,2,3,13,A01
201000032935,0,07,000,00,2,3,00,B01
201000032936,0,07,000,00,2,4,23,B01
201000032936,0,01,000,00,2,1,01,A01
201000032937,0,07,000,00,2,1,15,B01
201000032937,0,07,000,00,2,1,01,A01
201000032938,0,07,000,00,2,2,15,A01
201000032938,0,07,000,00,2,1,01,B01
201000032939,0,07,000,00,2,3,15,A01
201000032939,0,07,000,00,2,8,01,B01
201000032940,0,07,000,00,1,2,09,A01
201000032941,0,07,000,00,2,8,15,B01
201000032941,0,07,000,00,2,3,01,A01
201000032942,0,07,000,00,1,3,01,A01
201000032943,0,07,000,00,1,3,01,A01
201000032944,0,07,000,00,2,1,01,A01
201000032944,0,07,000,00,2,8,15,B01
201000032945,0,07,000,00,2,1,15,A01
201000032945,0,03,000,00,2,4,23,B01
201000032945,0,07,000,00,2,4,23,C01
201000032946,0,07,000,00,2,1,01,B01
201000032946,0,07,000,00,2,1,13,A01
201000032947,0,07,000,00,1,4,04,A01
201000032948,0,07,000,00,1,2,01,A01
201000032949,0,30,000,01,0,1,01,A01
201000032950,0,02,000,00,0,7,01,A01
201000032951,0,07,000,00,2,1,15,A01
201000032951,0,07,000,00,2,2,01,B01
201000032952,0,07,000,00,2,2,01,A01
201000032952,0,07,000,00,2,3,01,B01
201000032953,0,01,000,00,2,1,01,B01
201000032953,0,07,000,00,2,7,16,A01
201000032954,0,02,000,00,2,1,01,B01
201000032954,0,07,000,00,0,8,09,A01
201000032955,0,07,000,00,1,1,15,A01
201000032956,0,07,000,00,1,1,01,A01
201000032957,0,07,000,00,1,1,01,A01
201000032958,0,07,000,00,2,2,02,A01
201000032958,0,07,000,00,0,3,01,B01
201000032959,0,07,000,00,1,1,01,A01
201000032960,0,14,000,00,2,1,01,B01
201000032960,0,07,000,00,2,4,09,A01
201000032961,0,07,000,00,1,8,04,A01
201000032962,0,07,000,00,2,5,15,B01
201000032962,0,33,000,00,2,1,14,A01
201000032963,0,01,000,00,2,1,05,B01
201000032963,0,07,000,00,2,3,09,A01
201000032964,0,07,000,00,1,1,01,A01
201000032965,0,07,000,00,2,3,15,A01
201000032965,0,01,000,00,0,1,01,B01
201000032966,0,07,000,00,1,1,01,A01
201000032967,0,07,000,00,2,2,01,A01
201000032967,0,07,000,00,0,3,00,B01
201000032968,0,07,000,00,2,1,02,A01
201000032968,0,32,000,00,0,4,02,B01
201000032969,0,07,000,00,2,2,01,B01
201000032969,0,07,000,00,2,3,01,A01
201000032970,0,07,000,00,1,0,01,A01
201000032971,0,30,000,00,1,1,01,A01
201000032972,0,33,000,00,2,1,01,A01
201000032972,0,07,000,00,2,3,01,B01
201000032973,0,07,000,00,2,1,15,A01
201000032973,0,01,000,00,0,7,01,B01
201000032974,0,07,000,01,0,3,01,A01
201000032975,0,07,000,00,2,4,01,B01
201000032975,0,07,000,00,2,1,01,A01
201000032976,1,07,000,00,1,0,01,Z01
201000032977,0,33,000,00,2,7,15,A01
201000032977,0,07,000,00,2,3,15,B01
201000032978,1,07,000,00,0,0,00,Z01
201000032979,0,07,000,00,1,3,01,A01
201000032980,0,34,000,00,0,1,01,B01
201000032980,0,07,000,00,2,6,15,A01
201000032981,0,07,000,00,2,8,01,A01
201000032981,0,07,000,00,2,1,01,B01
201000032982,0,07,000,00,2,0,16,A01
201000032982,0,01,000,00,2,0,01,B01
201000032983,0,07,000,00,1,2,01,A01
201000032984,0,13,000,00,1,2,01,A01
201000032985,0,33,000,00,2,1,01,B01
201000032985,0,07,000,00,2,3,16,A01
201000032986,0,02,000,00,9,2,01,B01
201000032986,0,07,000,00,0,0,01,A01
201000032987,0,07,000,00,0,5,01,B01
201000032987,0,07,000,00,2,1,01,A01
201000032988,0,07,000,00,1,4,04,A01
201000032989,0,38,006,00,1,2,15,A01
201000032990,0,07,000,00,1,2,16,A01
201000032991,0,01,000,00,0,8,02,B01
201000032991,0,07,000,00,9,7,02,A01
201000032992,0,07,000,00,2,3,01,B01
201000032992,0,07,000,00,2,1,01,A01
201000032993,0,07,000,00,2,1,09,A01
201000032993,0,07,000,00,2,2,01,B01
201000032994,0,07,000,00,2,3,15,A01
201000032994,0,33,000,00,2,1,00,B01
201000032995,0,07,000,00,0,8,09,A01
201000032995,0,02,000,00,2,1,01,B01
201000032996,0,32,000,00,0,7,02,B01
201000032996,1,99,000,00,0,0,00,Z01
201000032997,0,07,000,00,2,2,09,A01
201000032997,0,13,000,00,0,5,01,B01
201000032998,0,07,000,00,2,7,19,A01
201000032998,0,07,000,00,2,3,01,B01
201000032999,0,07,000,08,0,1,01,A01
201000033000,0,07,000,00,2,7,01,B01
201000033000,0,07,000,00,2,1,01,A01