Num_Acc,senc,catv,occutc,obs,obsm,choc,manv,num_veh
201000033382,0,07,000,00,2,6,15,A01
201000033382,0,31,000,00,2,1,17,B01
201000033383,0,07,000,04,0,3,13,A01
201000033384,0,02,000,00,2,1,01,A01
201000033384,0,07,000,00,2,3,16,B01
201000033385,0,38,001,14,1,0,00,A01
201000033386,0,07,000,00,1,2,00,A01
201000033387,0,40,000,00,1,1,01,A01
201000033388,0,30,000,00,2,1,01,B01
201000033388,0,07,000,00,2,3,15,A01
201000033389,0,07,000,00,4,8,01,A01
201000033389,0,40,000,00,2,1,01,B01
201000033390,0,07,000,00,2,1,02,A01
201000033390,0,07,000,00,2,4,01,B01
201000033391,0,07,000,00,2,1,02,A01
201000033391,0,07,000,00,2,9,01,B01
201000033392,0,01,000,00,2,1,01,B01
201000033392,0,07,000,00,2,3,09,A01
201000033393,0,33,000,00,2,1,12,A01
201000033393,0,07,000,00,2,5,23,B01
201000033394,0,33,000,00,2,3,18,A01
201000033394,0,07,000,00,2,2,16,B01
201000033395,2,07,000,09,2,1,01,A01
201000033395,0,07,000,00,2,8,01,B01
201000033396,0,07,000,00,2,8,01,B01
201000033396,0,37,001,00,2,3,13,A01
201000033397,0,07,000,00,1,2,01,A01
201000033398,0,07,000,00,2,4,02,B01
201000033398,0,33,000,00,2,1,02,A01
201000033399,0,02,000,00,2,0,18,A01
201000033399,0,13,000,00,2,0,16,B01
201000033400,0,07,000,06,0,1,21,A01
201000033401,0,33,000,00,2,1,01,A01
201000033401,0,07,000,00,2,6,01,B01
201000033402,0,33,000,00,0,4,23,B01
201000033402,0,07,000,00,2,1,01,A01
201000033403,0,07,000,00,1,8,00,A01
201000033404,0,07,000,00,2,1,15,A01
201000033404,0,02,000,00,2,7,01,B01
201000033405,0,02,000,00,1,1,01,A01
201000033406,0,07,000,00,2,3,00,B01
201000033406,1,07,000,00,2,0,00,Z01
201000033407,0,02,000,00,2,8,18,A01
201000033407,0,01,000,00,2,7,02,B01
201000033408,0,07,000,03,2,4,01,B01
201000033408,0,33,000,00,2,1,01,C01
201000033408,0,07,000,00,2,1,09,A01
201000033409,2,07,000,03,0,1,00,A01
201000033410,0,07,000,07,0,1,00,A01
201000033411,0,07,000,00,1,1,01,A01
201000033412,0,07,000,00,1,2,01,A01
201000033413,0,07,000,00,1,1,00,A01
201000033414,2,07,000,00,1,3,01,A01
201000033415,0,07,000,00,2,4,15,B01
201000033415,0,14,000,00,2,1,01,A01
201000033416,0,30,000,00,2,0,11,B01
201000033416,0,07,000,00,2,7,00,A01
201000033417,0,07,000,00,2,4,01,B01
201000033417,0,07,000,00,2,1,01,A01
201000033418,0,01,000,00,2,5,01,B01
201000033418,2,07,000,08,2,1,01,A01
201000033419,0,07,000,13,0,1,00,A01
201000033420,0,33,000,00,2,1,02,A01
201000033420,0,07,000,00,2,6,02,B01
201000033421,1,07,000,00,2,1,01,Z01
201000033421,0,31,000,00,2,4,02,B01
201000033422,0,07,000,00,1,1,01,A01
201000033423,1,31,000,00,2,1,01,A01
201000033423,0,07,000,00,2,1,15,B01
201000033424,0,33,000,00,1,7,01,A01
201000033425,1,07,000,00,2,0,00,B01
201000033425,0,07,000,06,2,0,00,A01
201000033426,0,37,000,00,2,8,00,A01
201000033426,0,07,000,00,2,8,00,B01
201000033427,0,07,000,00,1,3,01,A01
201000033428,0,32,000,00,0,0,00,B01
201000033428,1,07,000,00,0,0,09,Z01
201000033429,0,07,000,00,2,1,01,B01
201000033429,0,07,000,00,2,2,01,A01
201000033430,0,01,000,00,2,7,01,B01
201000033430,0,10,000,00,2,3,09,A01
201000033431,0,07,000,00,1,1,01,A01
201000033432,0,07,000,00,1,0,01,A01
201000033433,0,07,000,10,0,1,00,A01
201000033434,0,31,000,00,2,1,01,B01
201000033434,0,17,000,00,2,6,13,A01
201000033435,0,01,000,00,2,1,01,A01
201000033435,0,10,000,00,2,1,09,B01
201000033436,0,02,000,00,2,7,11,B01
201000033436,1,07,000,00,2,8,15,A01
201000033437,0,30,000,00,0,0,00,A01
201000033438,0,33,000,12,0,8,01,A01
201000033439,0,07,000,00,0,4,23,B01
201000033439,0,07,000,00,2,1,01,A01
201000033440,0,07,000,00,2,4,01,B01
201000033440,1,07,000,00,2,1,01,Z01
201000033441,0,07,000,00,2,4,02,B01
201000033441,0,07,000,00,2,1,02,A01
201000033442,0,01,000,00,2,1,01,B01
201000033442,0,07,000,00,2,2,15,A01
201000033443,0,34,000,01,0,0,00,A01
201000033444,1,07,000,00,2,1,01,B01
201000033444,0,07,000,00,2,4,01,A01
201000033445,0,01,000,00,2,3,15,B01
201000033445,0,30,000,00,2,1,17,A01
201000033446,0,07,000,00,1,0,01,A01
201000033447,0,07,000,00,2,3,15,A01
201000033447,0,33,000,00,2,1,21,B01
201000033448,0,07,000,00,2,4,15,C01
201000033448,0,07,000,00,2,1,01,B01
201000033448,1,07,000,00,2,1,01,A01
201000033449,0,07,000,00,2,1,01,A01
201000033449,0,07,000,00,2,4,01,C01
201000033449,0,07,000,00,2,4,01,B01
201000033450,0,07,000,00,1,3,01,A01
201000033451,0,07,000,00,2,2,12,A01
201000033451,0,07,000,00,2,5,01,B01
201000033452,0,33,000,00,2,1,01,B01
201000033452,1,07,000,00,0,0,00,A01
201000033453,0,34,000,00,0,0,01,A01
201000033454,0,07,000,00,2,1,15,A01
201000033454,0,01,000,00,2,4,01,B01
201000033455,0,30,000,00,2,4,02,A01
201000033455,0,07,000,00,2,4,02,B01
201000033456,0,07,000,00,4,0,15,A01
201000033456,0,40,000,00,2,1,01,B01
201000033457,0,07,000,00,2,4,04,A01
201000033457,0,01,000,00,2,8,01,B01
201000033458,0,07,000,00,2,8,15,B01
201000033458,0,32,000,00,2,7,17,A01
201000033459,0,01,000,00,9,1,00,A01
201000033459,0,40,000,00,9,1,01,B01
201000033460,0,07,000,00,2,5,15,A01
201000033460,0,07,000,00,2,2,01,B01
201000033461,0,30,000,00,2,7,01,A01
201000033462,0,07,000,00,0,8,01,B01
201000033462,0,30,000,00,2,1,01,A01
201000033463,0,07,000,00,2,3,01,B01
201000033463,0,30,000,00,2,1,00,A01
201000033464,0,07,000,00,1,1,01,A01
201000033465,0,30,000,01,0,2,00,A01
201000033466,0,33,000,01,2,3,01,A01
201000033466,0,07,000,00,2,7,20,B01
201000033467,0,07,000,00,2,1,02,A01
201000033467,0,07,000,00,2,4,02,B01
201000033468,0,01,000,00,2,0,00,B01
201000033468,1,07,000,00,0,0,00,A01
201000033469,0,07,000,00,2,1,01,B01
201000033469,0,07,000,00,2,7,16,A01
201000033470,0,07,000,00,2,3,15,A01
201000033470,0,07,000,00,2,3,01,B01
201000033471,0,07,000,00,2,7,14,A01
201000033471,0,07,000,00,2,8,01,B01
201000033472,0,07,000,00,2,3,01,B01
201000033472,0,31,000,00,2,1,13,A01
201000033473,0,31,000,00,2,1,02,A01
201000033473,0,07,000,00,2,5,15,B01
201000033474,0,07,000,00,2,0,16,A01
201000033474,0,33,000,00,2,1,01,B01
201000033475,0,07,000,00,1,1,17,A01
201000033476,0,07,000,00,2,1,00,B01
201000033476,0,07,000,00,2,2,15,A01
201000033477,0,14,000,00,2,4,02,B01
201000033477,0,07,000,00,2,1,02,A01
201000033478,0,07,000,00,2,1,15,B01
201000033478,0,07,000,00,2,1,01,A01
201000033479,0,07,000,00,1,3,01,A01
201000033480,0,07,000,00,2,1,01,A01
201000033480,0,14,000,00,0,0,00,B01
201000033481,0,07,000,00,1,1,01,A01
201000033482,1,07,000,00,0,0,15,B01
201000033482,0,37,000,00,0,0,01,A01
201000033483,0,30,000,00,1,1,00,A01
201000033484,0,07,000,00,2,3,01,A01
201000033484,0,31,000,00,2,2,01,B01
201000033485,0,30,000,00,2,1,01,A01
201000033485,0,10,000,00,2,4,01,B01
201000033486,0,07,000,00,1,3,18,A01
201000033487,0,07,000,00,2,3,01,B01
201000033487,0,01,000,00,2,1,01,A01
201000033488,0,07,000,00,1,2,01,A01
201000033489,0,33,000,00,1,3,01,A01
201000033490,0,03,000,00,2,1,00,A01
201000033490,0,07,000,00,2,0,00,B01
201000033491,0,07,000,00,2,3,01,A01
201000033491,0,32,000,00,2,1,01,B01
201000033492,1,07,000,00,1,1,01,A01
201000033493,0,07,000,00,2,8,16,Z01
201000033493,0,07,000,00,2,2,01,A01
201000033494,0,07,000,06,0,1,01,A01
201000033495,0,30,000,00,2,0,02,A01
201000033496,0,02,000,00,2,1,13,B01
201000033496,0,07,000,00,2,3,01,A01
201000033497,0,30,000,00,2,2,01,B01
201000033497,0,07,000,00,2,3,10,A01
201000033498,0,07,000,00,2,1,15,A01
201000033498,0,07,000,00,2,7,01,B01
201000033499,0,07,000,00,2,1,02,A01
201000033499,0,07,000,00,2,4,01,B01
201000033500,0,07,000,00,2,2,02,A01
201000033500,0,07,000,00,2,6,01,B01
201000033501,0,07,000,00,2,1,02,A01
201000033501,0,07,000,00,2,5,02,B01
201000033502,0,31,000,00,0,0,01,A01
201000033503,0,07,000,00,2,1,00,A01
201000033503,0,33,000,00,2,1,01,B01
201000033504,0,02,000,00,2,1,13,B01
201000033504,0,07,000,00,2,2,16,A01
201000033505,1,07,000,00,0,0,00,A01
201000033505,0,33,000,00,0,0,00,B01
201000033506,0,07,000,00,2,1,15,A01
201000033506,0,33,000,00,2,1,01,B01
201000033507,0,07,000,00,1,1,01,A01
201000033508,0,07,000,00,2,3,09,B01
201000033508,0,01,000,00,2,1,01,A01
201000033509,0,07,000,00,2,3,09,A01
201000033509,0,01,000,00,2,4,01,B01
201000033510,0,07,000,00,2,3,15,A01
201000033510,0,30,000,00,2,4,01,B01
201000033511,0,07,000,00,0,4,02,B01
201000033511,0,07,000,14,0,1,02,A01
201000033512,0,30,000,00,2,8,00,B01
201000033512,0,07,000,00,2,2,20,A01
201000033513,0,07,000,00,2,3,09,A01
201000033513,0,01,000,00,2,1,01,B01
201000033514,0,07,000,00,2,1,09,A01
201000033514,0,07,000,00,2,7,01,B01
201000033515,0,07,000,00,2,5,02,B01
201000033515,0,07,000,00,2,1,01,A01
201000033516,0,07,000,00,2,0,16,A01
201000033516,0,30,000,00,2,1,01,B01
201000033517,2,07,000,00,2,1,01,A01
201000033517,0,07,000,00,2,7,01,B01
201000033518,0,07,000,00,2,1,15,A01
201000033518,0,01,000,00,2,1,01,B01
201000033519,0,07,000,06,0,1,14,A01
201000033520,0,07,000,00,2,8,01,B01
201000033520,0,02,000,00,2,1,01,A01
201000033521,0,07,000,00,2,1,01,B01
201000033521,0,07,000,00,2,1,05,A01
201000033522,0,30,000,00,2,1,01,B01
201000033522,0,07,000,00,2,5,15,A01
201000033523,0,07,000,00,2,8,15,B01
201000033523,0,33,000,00,2,1,17,A01
201000033524,0,07,000,00,2,4,09,A01
201000033524,0,01,000,00,2,1,01,B01
201000033525,0,10,000,00,2,1,01,A01
201000033525,0,10,000,01,0,1,01,B01
201000033526,0,07,000,00,2,4,02,B01
201000033526,0,07,000,00,2,1,02,A01
201000033526,0,07,000,00,2,4,03,C01
201000033526,0,07,000,00,2,4,02,D01
201000033527,2,31,000,00,1,8,00,A01
201000033528,0,40,000,00,1,2,01,A01
201000033529,0,01,000,01,2,1,18,A01
201000033529,0,07,000,00,2,2,16,B01
201000033530,0,30,000,00,0,0,01,A01
201000033531,0,07,000,02,0,1,01,A01
201000033532,1,07,000,00,2,0,00,Z01
201000033532,0,07,000,00,2,1,00,B01
201000033533,0,30,000,00,1,1,02,A01
201000033534,0,01,000,00,2,7,01,B01
201000033534,0,07,000,00,2,6,09,A01
201000033535,1,10,000,00,1,2,01,A01
201000033536,0,07,000,01,0,1,14,A01
201000033537,0,07,000,00,0,0,04,A01
201000033538,0,31,000,00,2,2,09,B01
201000033538,0,07,000,00,0,7,09,A01
201000033539,0,07,000,00,2,1,01,A01
201000033539,0,07,000,00,2,4,01,B01
201000033539,0,10,000,00,2,8,01,C01
201000033540,0,17,000,00,2,2,12,A01
201000033540,0,07,000,00,2,6,01,B01
201000033541,0,07,000,00,2,2,16,A01
201000033541,0,30,000,00,2,1,01,B01
201000033542,0,31,000,00,2,1,18,A01
201000033542,0,07,000,00,2,2,16,B01
201000033543,1,07,000,00,1,1,01,A01
201000033544,0,07,000,00,1,1,01,A01
201000033545,0,07,000,00,2,6,01,B01
201000033545,1,10,000,00,2,0,17,Z01
201000033546,0,33,000,00,2,1,01,B01
201000033546,0,07,000,00,2,7,17,A01
201000033547,0,07,000,00,9,1,00,A01
201000033547,0,01,000,00,2,1,00,B01
201000033548,0,01,000,00,2,1,15,B01
201000033548,0,07,000,00,2,3,01,A01
201000033549,0,30,000,00,2,1,01,A01
201000033549,0,10,000,00,0,5,23,B01
201000033550,0,33,000,00,1,1,00,A01
201000033551,0,07,000,00,2,3,19,B01
201000033551,0,31,000,00,2,2,17,A01
201000033552,0,30,000,00,0,7,01,A01
201000033553,0,32,000,01,0,1,01,A01
201000033554,0,07,000,00,2,1,09,A01
201000033554,0,32,000,00,2,1,01,B01
201000033555,0,07,000,00,1,0,16,A01
201000033556,0,32,000,00,2,1,00,B01
201000033556,0,07,000,00,2,3,00,A01
201000033557,0,02,000,15,2,1,17,A01
201000033557,0,07,000,00,2,3,15,B01
201000033558,0,07,000,00,2,3,00,A01
201000033558,0,07,000,00,2,3,01,B01
201000033559,0,07,000,00,2,5,00,B01
201000033559,0,32,000,00,2,3,09,A01
201000033560,0,07,000,00,1,1,13,A01
201000033561,0,01,000,00,2,3,02,A01
201000033561,0,07,000,00,9,5,17,B01
201000033562,0,32,000,00,2,1,00,A01
201000033562,0,07,000,00,2,2,00,B01
201000033563,1,07,000,00,1,2,01,A01
201000033564,0,02,000,00,2,3,00,B01
201000033564,1,07,000,00,2,0,00,A01
201000033565,0,07,000,00,1,1,01,A01
201000033566,0,07,000,00,2,1,05,A01
201000033566,0,07,000,00,2,1,01,B01
201000033567,0,07,000,00,1,2,16,A01
201000033568,0,31,000,00,0,0,00,A01
201000033569,0,07,000,00,2,8,01,B01
201000033569,0,30,000,00,2,1,01,A01
201000033570,0,33,000,16,0,0,01,A01
201000033571,0,07,000,00,2,4,02,B01
201000033571,0,07,000,00,2,1,02,A01
201000033572,0,07,000,00,0,0,22,B01
201000033572,0,01,000,00,0,0,00,A01
201000033573,0,01,000,00,0,0,01,B01
201000033573,0,07,000,00,0,0,24,A01
201000033574,0,33,000,00,2,1,01,C01
201000033574,0,07,000,00,0,4,01,B01
201000033574,1,99,000,00,0,0,12,A01
201000033575,0,07,000,00,2,1,02,A01
201000033575,0,07,000,00,2,4,02,B01
201000033576,0,01,000,00,2,7,19,A01
201000033576,0,07,000,00,2,1,01,B01
201000033577,0,07,000,00,2,6,15,B01
201000033577,0,30,000,00,2,1,15,A01
201000033578,0,07,000,00,2,8,15,A01
201000033578,0,33,000,00,2,7,17,B01
201000033579,0,10,000,00,4,1,15,A01
201000033579,0,40,000,00,2,2,01,B01
201000033580,0,07,000,00,2,1,01,B01
201000033580,0,07,000,00,2,1,13,A01
201000033581,0,33,000,00,2,8,02,C01
201000033581,0,30,000,00,2,1,02,A01
201000033581,0,07,000,00,2,4,16,B01
201000033582,0,07,000,00,0,3,00,A01
201000033582,0,40,000,00,2,5,00,B01
201000033583,0,07,000,00,1,8,01,A01
201000033584,0,10,000,00,2,2,01,A01
201000033584,0,07,000,14,0,8,01,B01
201000033585,0,01,000,00,2,8,01,B01
201000033585,1,07,000,00,2,2,15,A01
201000033586,0,31,000,00,2,1,12,B01
201000033586,0,07,000,00,2,5,12,A01
201000033587,0,07,000,00,2,1,02,A01
201000033587,0,07,000,00,2,4,02,B01
201000033588,0,33,000,03,0,1,00,A01
201000033589,0,33,000,00,2,1,03,A01
201000033589,0,07,000,00,2,5,01,B01
201000033590,0,02,000,11,0,1,15,A01
201000033591,0,01,000,00,2,3,02,B01
201000033591,1,07,000,00,2,0,17,Z01
201000033592,0,07,000,00,0,2,20,A01
201000033592,0,30,000,00,2,3,01,B01
201000033593,0,07,000,07,4,3,19,A01
201000033593,0,40,000,00,2,2,01,B01
201000033594,0,07,000,00,2,1,01,B01
201000033594,2,07,000,00,2,1,00,A01
201000033595,0,07,000,00,9,8,22,A01
201000033595,0,01,000,00,9,7,01,B01
201000033596,0,07,000,00,1,2,04,A01
201000033597,0,07,000,00,2,1,01,B01
201000033597,0,03,000,00,2,1,05,A01
201000033598,0,07,000,00,1,3,01,A01
201000033599,0,07,000,00,2,2,17,A01
201000033599,0,07,000,00,2,6,01,B01
201000033600,0,07,000,00,1,2,02,A01
201000033601,0,07,000,00,2,2,01,B01
201000033601,0,07,000,00,2,2,15,A01
201000033602,0,40,000,00,1,2,00,A01
201000033603,0,16,000,00,0,0,00,A01
201000033603,0,31,000,00,9,0,00,B01
201000033604,0,07,000,00,0,0,23,B01
201000033604,0,07,000,00,1,7,13,A01
201000033605,0,07,000,00,1,1,01,A01
201000033606,0,30,000,00,2,1,01,B01
201000033606,0,07,000,00,2,2,15,A01
201000033607,0,07,000,00,1,3,01,A01
201000033608,0,01,000,01,2,1,18,B01
201000033608,0,07,000,00,2,7,01,A01
201000033609,0,30,000,00,2,1,01,A01
201000033609,0,07,000,00,2,5,16,B01
201000033610,0,07,000,09,0,1,01,A01
201000033611,0,07,000,00,1,1,01,A01
201000033612,0,07,000,00,1,3,01,A01
201000033613,1,07,000,00,1,1,01,A01
201000033614,0,02,000,00,0,1,17,A01
201000033614,0,07,000,00,2,3,15,B01
201000033615,0,33,000,00,1,1,01,A01
201000033616,0,07,000,14,0,1,01,A01
201000033616,0,07,000,00,2,4,01,B01
201000033617,1,07,000,00,1,7,01,Z01
201000033618,0,07,000,00,2,8,10,A01
201000033618,0,07,000,00,2,1,01,B01
201000033619,0,07,000,00,1,7,01,A01
201000033620,0,07,000,00,2,1,02,A01
201000033620,0,07,000,00,2,9,02,B01
201000033620,0,07,000,00,0,4,02,C01
201000033621,0,07,000,00,2,5,15,A01
201000033621,0,31,000,00,2,1,01,B01
201000033622,0,07,000,00,2,1,01,B01
201000033622,0,07,000,00,2,7,01,A01
201000033623,0,07,000,00,1,2,01,A01
201000033624,0,07,000,00,1,1,01,A01
201000033625,0,10,000,00,0,3,01,A01
201000033625,0,31,000,00,2,1,01,B01
201000033626,0,01,000,00,2,7,01,B01
201000033626,0,10,000,00,2,1,01,A01
201000033627,0,07,000,08,0,1,01,A01
201000033628,0,07,000,00,2,3,09,A01
201000033628,0,01,000,00,2,7,01,B01
201000033629,0,07,000,09,0,1,01,A01
201000033630,0,07,000,12,0,1,00,A01
201000033631,1,07,000,00,1,1,01,A01
201000033632,0,07,000,00,1,2,01,A01
201000033633,0,07,000,00,1,3,01,A01
201000033634,0,30,000,00,1,1,02,A01
201000033635,0,07,000,00,1,1,01,A01
201000033636,0,07,000,00,1,1,01,A01
201000033637,0,07,000,00,1,3,01,A01
201000033638,0,30,000,00,0,0,21,B01
201000033638,0,07,000,00,0,0,15,A01
201000033639,0,33,000,00,9,8,01,A01
201000033639,0,01,000,00,2,4,00,B01
201000033640,1,07,000,00,2,1,05,A01
201000033640,0,07,000,00,2,7,01,B01
201000033641,0,07,000,00,1,1,00,A01
201000033642,0,99,000,00,2,2,03,B01
201000033642,0,07,000,00,2,8,15,A01
201000033643,0,07,000,00,0,6,24,C01
201000033643,0,07,000,01,2,8,16,B01
201000033643,0,07,000,00,2,2,01,A01
201000033644,0,07,000,00,2,5,01,B01
201000033644,0,07,000,00,2,3,09,A01
201000033645,1,07,000,00,2,0,10,Z01
201000033645,0,02,000,00,2,4,01,B01
201000033646,0,07,000,11,0,1,06,A01
201000033647,0,07,000,00,1,1,01,A01
201000033648,0,30,000,00,1,1,01,A01
201000033649,0,07,000,00,2,8,17,A01
201000033649,0,07,000,00,2,3,01,B01
201000033650,0,30,000,00,2,0,01,B01
201000033650,0,07,000,00,2,0,09,A01
201000033651,0,13,000,06,0,3,00,A01
201000033652,0,07,000,00,1,1,01,A01
201000033653,0,07,000,00,2,1,01,A01
201000033653,0,07,000,00,2,4,01,B01
201000033654,0,07,000,00,2,3,15,A01
201000033654,0,30,000,00,2,1,01,B01
201000033655,0,13,000,00,1,0,17,A01
201000033656,0,07,000,00,2,8,15,B01
201000033656,0,30,000,00,2,7,01,A01
201000033657,0,07,000,00,2,2,15,A01
201000033657,0,07,000,00,2,1,01,B01
201000033658,0,07,000,00,2,4,01,B01
201000033658,0,07,000,00,2,1,01,A01
201000033659,0,38,001,00,1,1,01,A01
201000033660,0,07,000,00,2,1,01,A01
201000033660,0,07,000,00,2,4,01,B01
201000033661,0,10,000,00,2,1,01,B01
201000033661,0,07,000,00,2,2,15,A01
201000033662,0,07,000,00,2,9,02,C01
201000033662,0,37,001,00,2,4,02,D01
201000033662,0,07,000,00,2,9,02,B01
201000033662,0,07,000,00,2,1,01,A01
201000033663,1,99,000,00,0,0,00,Z01
201000033664,0,07,000,00,2,6,01,B01
201000033664,0,07,000,00,2,1,01,A01
201000033665,0,07,000,00,1,2,01,A01
201000033666,0,10,000,00,2,1,15,A01
201000033666,0,07,000,00,2,1,01,B01
201000033667,0,07,000,00,2,4,01,B01
201000033667,0,02,000,00,2,1,01,A01
201000033668,0,07,000,00,2,3,19,B01
201000033668,0,02,000,00,2,1,01,A01
201000033669,0,07,000,00,1,4,20,A01
201000033670,0,01,000,00,2,1,09,A01
201000033670,0,07,000,00,2,0,15,B01
201000033671,0,07,000,00,2,1,15,A01
201000033671,0,07,000,00,2,1,01,B01
201000033672,0,32,000,00,2,1,17,A01
201000033672,0,07,000,00,2,3,15,B01
201000033673,0,07,000,00,2,2,09,A01
201000033673,0,30,000,00,2,1,01,B01
201000033674,0,01,000,00,2,1,09,B01
201000033674,0,07,000,00,9,2,01,A01
201000033675,0,07,000,00,2,1,15,B01
201000033675,0,07,000,00,2,2,17,A01
201000033676,0,07,000,00,1,1,15,A01
201000033677,0,33,000,00,1,1,01,A01
201000033678,0,30,000,00,2,1,01,B01
201000033678,0,07,000,00,1,6,15,A01
201000033679,0,07,000,00,2,3,01,B01
201000033679,0,07,000,00,2,1,01,A01
201000033680,0,30,000,00,2,1,00,A01
201000033680,0,07,000,00,2,1,02,C01
201000033680,0,07,000,00,2,4,01,B01
201000033681,0,07,000,00,2,1,01,A01
201000033681,0,07,000,00,2,3,01,B01
201000033682,0,07,000,12,0,3,13,A01
201000033683,0,37,001,00,2,2,24,C01
201000033683,0,07,000,00,2,3,15,A01
201000033683,0,33,000,00,2,1,01,B01
201000033684,0,07,000,00,9,1,01,B01
201000033684,0,01,000,00,2,0,00,A01
201000033685,0,07,000,03,0,9,17,A01
201000033686,0,07,000,00,2,3,15,A01
201000033686,0,33,000,00,2,1,13,B01
201000033687,0,14,000,00,2,2,12,A01
201000033687,0,07,000,03,2,3,01,B01
201000033688,0,01,000,00,1,0,01,A01
201000033689,0,10,000,00,1,1,01,A01
201000033690,0,07,000,12,0,1,15,A01
201000033691,0,07,000,10,0,1,15,A01
201000033692,0,07,000,00,1,1,01,A01
201000033693,0,07,000,08,0,1,00,A01
201000033694,0,07,000,13,0,2,01,A01
201000033695,0,10,000,00,1,1,15,A01
201000033696,0,33,000,00,2,1,01,B01
201000033696,0,07,000,00,2,1,09,A01
201000033697,0,07,000,00,2,3,09,A01
201000033697,0,33,000,00,2,8,01,B01
201000033698,0,07,000,00,2,3,19,A01
201000033698,0,32,000,00,2,1,01,B01
201000033699,0,07,000,00,2,1,00,B01
201000033699,0,07,000,00,2,8,00,A01
201000033700,0,07,000,00,2,2,09,A01
201000033700,0,30,000,00,2,1,01,B01
201000033701,0,07,000,00,2,2,01,A01
201000033701,0,01,000,00,2,1,01,B01
201000033702,0,02,000,00,1,1,01,A01
201000033703,0,07,000,00,2,2,01,A01
201000033703,0,07,000,00,0,8,24,C01
201000033703,0,07,000,01,2,8,01,B01
201000033704,0,07,000,00,2,1,01,B01
201000033704,0,02,000,00,2,7,01,A01
201000033705,0,07,000,00,2,1,01,A01
201000033705,0,07,000,00,2,4,01,B01
201000033706,0,07,000,02,0,1,14,A01
201000033707,0,10,000,00,9,1,01,A01
201000033707,0,01,000,00,2,8,19,B01
201000033708,0,07,000,00,9,1,01,A01
201000033708,0,01,000,00,2,4,01,B01
201000033709,0,01,000,00,2,1,19,A01
201000033709,0,31,000,00,9,8,01,B01
201000033710,0,07,000,00,2,4,01,C01
201000033710,0,07,000,00,2,4,01,D01
201000033710,0,07,000,00,2,3,01,B01
201000033710,0,07,000,00,2,1,01,A01
201000033711,0,07,000,00,1,1,01,A01
201000033712,0,30,000,00,2,4,01,B01
201000033712,0,07,000,00,2,1,01,A01
201000033713,0,10,000,00,2,1,01,A01
201000033713,0,07,000,00,2,4,01,B01
201000033714,0,30,000,00,2,9,01,B01
201000033714,0,07,000,00,2,1,09,A01
201000033715,0,07,000,00,2,2,01,A01
201000033715,0,02,000,00,2,0,01,B01
201000033716,0,07,000,00,2,6,09,A01
201000033716,0,30,000,00,2,8,01,B01
201000033717,0,10,000,00,2,0,01,A01
201000033717,0,01,000,00,9,0,01,B01
201000033717,0,01,000,00,9,0,01,C01
201000033718,0,07,000,00,2,0,01,B01
201000033718,0,31,000,00,2,0,15,A01
201000033719,0,07,000,00,1,3,01,A01
201000033720,0,07,000,00,2,4,15,A01
201000033720,0,02,000,00,2,1,01,B01
201000033721,0,07,000,00,2,5,15,A01
201000033721,0,30,000,00,2,8,01,B01
201000033722,0,33,000,00,2,1,01,B01
201000033722,0,07,000,00,2,4,01,A01
201000033723,0,07,000,00,9,7,16,A01
201000033723,0,01,000,00,2,1,01,B01
201000033724,0,07,000,07,0,1,01,A01
201000033725,0,07,000,00,9,0,01,A01
201000033725,0,01,000,00,2,0,00,B01
201000033726,0,07,000,00,2,1,01,A01
201000033726,0,37,001,00,2,4,01,B01
201000033727,0,07,000,00,2,0,01,A01
201000033727,0,33,000,00,2,1,01,B01
201000033728,0,01,000,00,2,1,18,A01
201000033728,0,07,000,00,9,2,16,B01
201000033729,0,07,000,00,2,3,00,B01
201000033729,0,33,000,00,2,1,17,A01
201000033730,0,33,000,00,2,1,01,A01
201000033730,0,13,000,00,2,6,01,B01
201000033731,1,01,000,00,1,0,01,A01
201000033732,0,07,000,00,1,1,01,C01
201000033732,0,07,000,00,1,1,01,A01
201000033732,0,07,000,00,1,3,01,B01
201000033733,0,07,000,00,2,3,09,A01
201000033733,0,30,000,00,2,1,01,B01
201000033734,0,07,000,00,1,2,01,A01
201000033735,0,07,000,06,0,7,00,A01
201000033736,0,07,000,00,1,3,01,A01
201000033737,0,07,000,00,1,1,01,A01
201000033738,0,30,000,00,2,1,00,A01
201000033738,0,07,000,00,2,1,01,B01
201000033739,0,07,000,00,9,2,01,A01
201000033739,0,01,000,00,2,1,11,B01
201000033740,0,07,000,00,2,3,09,A01
201000033740,0,30,000,00,2,1,01,B01
201000033741,0,15,000,00,2,1,23,A01
201000033741,0,07,000,00,2,1,01,B01
201000033742,0,07,000,00,1,1,01,A01
201000033742,0,01,000,00,2,8,19,B01
201000033743,0,10,000,00,2,2,01,B01
201000033743,0,30,000,00,2,1,09,A01
201000033744,0,07,000,00,1,0,01,A01
201000033745,0,30,000,00,2,1,01,A01
201000033745,0,07,000,00,2,1,01,B01
201000033746,0,07,000,00,2,6,01,B01
201000033746,0,07,000,00,2,2,01,A01
201000033747,0,31,000,00,2,8,01,B01
201000033747,0,07,000,00,2,1,15,A01
201000033748,1,07,000,00,2,1,00,Z01
201000033748,0,02,000,00,2,8,01,B01
201000033749,0,07,000,00,1,1,15,A01
201000033750,0,02,000,00,2,8,01,B01
201000033750,0,07,000,00,2,2,01,A01
201000033751,0,07,000,00,2,1,15,A01
201000033751,0,01,000,00,2,1,01,B01