Num_Acc,senc,catv,occutc,obs,obsm,choc,manv,num_veh
201000034117,0,33,000,00,2,1,01,B01
201000034118,0,07,000,01,2,1,01,B01
201000034118,1,07,000,00,2,1,15,A01
201000034119,0,07,000,00,2,1,01,B01
201000034119,0,01,000,00,2,1,01,A01
201000034120,0,07,000,05,2,2,15,A01
201000034120,0,07,000,00,2,1,01,B01
201000034121,0,33,000,00,2,3,01,B01
201000034121,0,07,000,00,2,1,01,A01
201000034122,0,07,000,00,1,0,15,A01
201000034123,0,07,000,00,2,1,01,B01
201000034123,0,07,000,00,2,3,15,A01
201000034124,0,07,000,00,1,1,01,A01
201000034125,0,07,000,13,2,9,05,A01
201000034125,0,07,000,00,2,1,21,B01
201000034125,0,07,000,00,2,1,21,C01
201000034126,0,07,000,00,0,3,15,A01
201000034126,0,33,000,00,2,2,17,B01
201000034127,0,07,000,00,2,2,01,A01
201000034127,0,10,000,00,2,1,01,B01
201000034128,0,07,000,00,2,1,01,B01
201000034128,0,07,000,00,2,4,17,A01
201000034129,0,33,000,00,2,0,21,B01
201000034129,0,07,000,00,2,8,00,A01
201000034130,0,07,000,02,0,9,01,A01
201000034131,0,07,000,02,0,7,01,A01
201000034132,0,10,000,00,2,8,10,B01
201000034132,0,10,000,00,2,1,01,A01
201000034133,0,07,000,00,2,3,01,B01
201000034133,0,31,000,00,2,7,15,A01
201000034134,0,07,000,00,2,1,01,A01
201000034134,0,07,000,00,2,8,01,B01
201000034135,0,07,000,13,0,9,00,A01
201000034136,0,33,000,11,2,1,01,B01
201000034136,0,07,000,00,2,8,13,A01
201000034137,0,01,000,00,0,3,11,B01
201000034137,0,07,000,00,0,2,02,A01
201000034138,0,07,000,00,1,2,02,A01
201000034139,0,07,000,00,1,3,01,A01
201000034140,0,10,000,00,1,1,00,A01
201000034141,0,33,000,00,0,0,14,A01
201000034142,0,07,000,00,2,3,05,B01
201000034142,0,99,000,00,2,3,02,C01
201000034142,0,07,000,00,2,3,06,A01
201000034143,0,30,000,00,2,1,01,B01
201000034143,0,10,000,00,9,5,11,A01
201000034144,0,07,000,00,5,6,02,B01
201000034144,0,10,000,00,0,1,02,A01
201000034144,0,07,000,00,2,5,02,C01
201000034145,0,07,000,02,0,8,00,A01
201000034146,0,07,000,00,2,4,02,B01
201000034146,0,33,000,00,2,1,02,A01
201000034147,0,07,000,00,1,3,01,A01
201000034148,0,02,000,00,2,8,02,B01
201000034148,0,07,000,00,2,2,00,A01
201000034149,0,07,000,00,1,1,01,A01
201000034150,0,02,000,00,2,1,02,B01
201000034150,0,07,000,00,0,0,23,C01
201000034150,0,07,000,00,2,1,19,A01
201000034151,0,02,000,00,0,0,01,A01
201000034152,0,02,000,00,2,8,01,A01
201000034152,0,07,000,00,2,8,16,B01
201000034153,0,07,000,00,2,9,02,B01
201000034153,0,07,000,00,2,1,02,A01
201000034153,0,07,000,00,0,4,15,C01
201000034154,0,01,000,00,0,0,01,B01
201000034154,0,07,000,00,0,0,01,A01
201000034155,0,02,000,00,2,1,00,A01
201000034155,0,07,000,00,2,3,02,B01
201000034156,0,07,000,00,1,3,02,A01
201000034157,0,10,000,00,1,1,01,A01
201000034158,0,07,000,00,1,0,01,A01
201000034159,0,07,000,00,2,8,15,A01
201000034159,0,30,000,00,2,7,15,B01
201000034160,0,33,000,00,2,1,02,A01
201000034160,0,07,000,00,0,4,02,B01
201000034161,0,07,000,00,0,1,01,A01
201000034161,0,01,000,00,0,0,01,B01
201000034162,0,07,000,13,0,0,01,A01
201000034163,0,07,000,01,2,7,01,A01
201000034163,0,07,000,00,2,1,01,B01
201000034164,0,01,000,00,2,1,01,B01
201000034164,0,07,000,00,2,1,15,A01
201000034165,0,02,000,00,0,3,16,A01
201000034166,0,07,000,00,2,3,01,B01
201000034166,0,07,000,00,2,4,04,A01
201000034167,0,07,000,00,1,0,00,A01
201000034168,0,01,000,01,0,0,00,A01
201000034169,0,07,000,01,0,3,01,A01
201000034170,0,07,000,00,2,4,02,C01
201000034170,0,07,000,00,2,1,02,A01
201000034170,0,07,000,00,2,1,02,B01
201000034171,0,07,000,00,2,2,02,A01
201000034171,0,07,000,00,2,4,02,B01
201000034172,0,07,000,00,2,0,00,A01
201000034173,0,07,000,00,1,1,15,A01
201000034174,0,07,000,00,1,1,15,A01
201000034175,0,37,000,06,0,1,01,A01
201000034176,0,02,000,00,0,0,15,A01
201000034177,0,07,000,00,1,1,01,A01
201000034178,0,01,000,00,2,1,16,B01
201000034178,0,07,000,00,2,1,01,A01
201000034179,0,07,000,00,2,1,01,B01
201000034179,0,07,000,00,2,1,15,A01
201000034180,0,02,000,00,0,0,01,A01
201000034181,0,07,000,00,2,3,01,A01
201000034181,0,07,000,00,2,2,01,B01
201000034182,0,30,000,00,2,8,16,B01
201000034182,1,01,000,00,2,0,00,A01
201000034183,0,01,000,00,2,4,01,B01
201000034183,0,07,000,00,2,3,09,A01
201000034184,0,07,000,00,1,6,01,A01
201000034185,0,07,000,13,0,9,01,A01
201000034186,0,07,000,00,2,6,11,A01
201000034186,0,07,000,00,2,2,01,B01
201000034187,0,07,000,00,2,4,01,B01
201000034187,0,07,000,01,2,1,01,A01
201000034188,1,99,000,00,0,0,00,A01
201000034188,0,02,000,00,2,1,01,B01
201000034189,0,07,000,00,1,1,01,A01
201000034190,0,07,000,00,2,1,01,A01
201000034190,0,07,000,00,1,4,01,B01
201000034191,0,07,000,00,0,0,00,A01
201000034192,0,07,000,03,0,1,01,A01
201000034193,0,01,000,00,0,0,01,A01
201000034194,0,07,000,00,1,2,01,A01
201000034195,0,07,000,00,0,0,00,C01
201000034195,0,07,000,00,0,0,00,B01
201000034195,0,07,000,00,0,0,00,A01
201000034196,0,07,000,03,0,1,01,A01
201000034197,0,37,001,00,1,2,01,A01
201000034198,0,07,000,00,2,4,01,B01
201000034198,0,07,000,00,2,1,01,A01
201000034199,0,01,000,14,0,1,01,A01
201000034200,0,37,000,00,1,1,01,A01
201000034201,0,07,000,00,2,1,15,A01
201000034201,0,02,000,00,2,7,01,B01
201000034202,0,07,000,00,2,8,09,A01
201000034202,0,02,000,00,2,1,01,B01
201000034203,0,07,000,00,1,1,01,A01
201000034204,0,07,000,03,0,1,17,A01
201000034205,0,07,000,00,2,1,01,A01
201000034205,0,07,000,00,2,7,01,B01
201000034206,0,37,000,00,1,3,01,A01
201000034207,0,10,000,01,2,1,01,B01
201000034207,0,30,000,00,2,7,01,A01
201000034208,0,07,000,00,2,7,15,A01
201000034208,0,33,000,00,2,1,01,B01
201000034209,0,07,000,00,2,7,01,A01
201000034209,0,07,000,01,2,1,01,B01
201000034210,0,07,000,00,2,1,01,C01
201000034210,0,07,000,00,2,1,01,B01
201000034210,0,07,000,00,2,1,13,A01
201000034211,0,07,000,00,0,9,01,A01
201000034211,0,07,000,00,2,9,01,B01
201000034212,0,07,000,00,2,1,01,A01
201000034212,0,30,000,00,2,4,01,B01
201000034213,0,07,000,13,0,1,01,A01
201000034214,0,07,000,00,2,2,15,A01
201000034214,0,07,000,00,2,3,01,B01
201000034215,0,07,000,01,0,3,00,A01
201000034216,0,07,000,04,0,1,01,A01
201000034217,0,30,000,00,2,1,01,B01
201000034217,0,10,000,00,2,3,09,A01
201000034218,0,30,000,00,2,1,01,A01
201000034218,0,07,000,00,2,7,01,B01
201000034219,0,33,000,00,0,7,01,A01
201000034220,0,07,000,00,2,5,15,A01
201000034220,0,33,000,00,2,1,17,B01
201000034221,0,02,000,00,2,2,08,A01
201000034221,0,37,001,00,2,2,01,B01
201000034222,0,07,000,00,2,7,01,B01
201000034222,0,07,000,00,2,3,09,A01
201000034223,0,07,000,00,2,1,01,B01
201000034223,0,33,000,00,2,1,01,A01
201000034224,0,07,000,01,2,9,17,A01
201000034224,0,07,000,00,2,6,01,B01
201000034225,0,07,000,00,2,5,15,A01
201000034225,0,30,000,00,2,1,01,B01
201000034226,0,07,000,00,2,1,02,A01
201000034226,0,33,000,00,2,4,02,B01
201000034227,0,31,000,00,2,1,17,A01
201000034227,0,01,000,01,2,4,15,B01
201000034228,1,07,000,00,2,1,01,B01
201000034228,0,01,000,01,2,0,01,A01
201000034229,0,07,000,00,2,7,01,B01
201000034229,0,10,000,00,2,2,01,A01
201000034230,0,01,000,00,0,0,01,A01
201000034231,0,07,000,00,2,8,09,A01
201000034231,0,31,000,00,2,7,01,B01
201000034232,0,07,000,00,2,2,15,A01
201000034232,0,07,000,00,2,1,01,B01
201000034233,0,16,000,00,2,1,01,A01
201000034233,0,07,000,00,2,4,00,D01
201000034233,0,07,000,00,2,4,00,C01
201000034233,0,07,000,00,2,4,01,B01
201000034234,0,01,000,00,0,0,01,A01
201000034235,0,07,000,03,0,1,00,A01
201000034236,0,30,000,05,0,5,16,A01
201000034237,0,02,000,14,0,3,00,A01
201000034238,0,30,000,00,2,1,01,B01
201000034238,0,07,000,00,2,2,15,A01
201000034239,0,33,000,00,2,2,00,A01
201000034239,0,07,000,00,2,6,01,B01
201000034240,0,07,000,00,2,2,15,A01
201000034240,0,30,000,00,2,3,01,B01
201000034241,0,30,000,00,2,1,01,B01
201000034241,0,07,000,00,2,2,15,A01
201000034242,0,33,000,00,2,1,17,A01
201000034242,0,07,000,00,2,8,10,B01
201000034243,0,10,000,00,2,1,01,B01
201000034243,0,07,000,00,2,1,15,A01
201000034244,0,33,000,00,2,1,02,A01
201000034244,0,07,000,00,2,4,02,B01
201000034245,0,07,000,00,1,1,01,A01
201000034246,0,01,000,00,1,1,01,A01
201000034247,0,07,000,08,0,9,01,A01
201000034248,0,07,000,00,2,1,02,A01
201000034248,0,07,000,00,2,1,02,B01
201000034248,0,07,000,00,2,4,02,C01
201000034249,0,03,000,01,0,2,01,A01
201000034250,0,07,000,00,2,9,02,B01
201000034250,0,07,000,00,2,1,02,A01
201000034250,0,07,000,01,2,4,02,C01
201000034250,0,07,000,00,2,7,01,D01
201000034251,0,07,000,00,2,9,02,B01
201000034251,0,07,000,00,2,1,02,A01
201000034251,0,07,000,00,2,1,02,C01
201000034251,0,07,000,00,2,4,02,D01
201000034252,0,01,000,01,2,1,02,A01
201000034252,0,07,000,00,2,4,02,B01
201000034253,0,07,000,00,2,4,01,B01
201000034253,0,07,000,00,2,1,15,A01
201000034253,0,07,000,00,2,3,01,C01
201000034254,1,07,000,00,2,0,00,A01
201000034254,0,07,000,00,2,3,00,B01
201000034255,0,07,000,00,2,8,00,A01
201000034255,0,07,000,00,2,2,00,B01
201000034256,0,32,000,00,2,1,01,B01
201000034256,0,07,000,00,2,3,00,A01
201000034257,0,07,000,07,0,1,01,A01
201000034258,0,10,000,00,2,1,02,A01
201000034258,0,07,000,00,2,4,02,B01
201000034259,0,30,000,00,2,1,02,A01
201000034259,0,07,000,00,2,4,02,B01
201000034260,0,07,000,01,2,4,02,B01
201000034260,0,07,000,01,2,2,02,A01
201000034261,0,07,000,00,2,1,12,A01
201000034261,0,07,000,00,2,4,01,B01
201000034262,0,07,000,00,2,7,09,A01
201000034262,0,02,000,00,2,1,01,B01
201000034263,0,02,000,00,2,1,01,A01
201000034263,0,07,000,00,2,3,11,B01
201000034264,0,07,000,00,2,1,02,A01
201000034264,0,07,000,00,1,1,02,B01
201000034265,1,07,000,00,1,4,04,Z01
201000034266,0,07,000,00,1,6,01,A01
201000034267,0,07,000,00,2,3,15,B01
201000034267,0,30,000,00,2,1,17,A01
201000034268,0,07,000,03,2,3,01,A01
201000034268,0,07,000,00,2,3,01,B01
201000034269,0,02,000,12,0,2,01,A01
201000034270,0,07,000,00,2,1,15,B01
201000034270,0,33,000,00,2,7,17,A01
201000034271,0,07,000,00,2,1,15,A01
201000034271,0,33,000,00,2,1,01,B01
201000034272,0,30,000,00,2,7,17,B01
201000034272,0,07,000,01,2,7,15,A01
201000034273,0,07,000,00,2,7,01,B01
201000034273,0,15,000,00,2,2,17,A01
201000034274,0,03,000,01,2,1,02,A01
201000034274,0,07,000,00,0,4,02,B01
201000034275,0,01,000,00,0,0,01,A01
201000034276,0,02,000,00,2,3,01,B01
201000034276,0,07,000,00,2,3,15,A01
201000034277,0,01,000,00,0,0,01,A01
201000034278,0,07,000,00,2,4,15,B01
201000034278,0,02,000,00,2,1,01,A01
201000034279,0,07,000,00,2,2,01,A01
201000034279,0,02,000,01,2,1,01,B01
201000034280,0,07,000,00,2,8,01,A01
201000034280,0,07,000,00,2,1,01,B01
201000034281,0,07,000,00,2,1,02,A01
201000034281,0,07,000,00,2,4,02,B01
201000034282,0,07,000,00,2,0,20,A01
201000034282,0,01,000,00,2,0,01,B01
201000034283,0,07,000,00,2,3,15,A01
201000034283,0,01,000,00,2,1,16,B01
201000034284,0,30,000,00,0,7,01,A01
201000034285,0,07,000,00,2,9,02,B01
201000034285,0,07,000,00,2,6,02,C01
201000034285,0,07,000,00,2,1,02,A01
201000034286,0,07,000,00,2,1,17,A01
201000034286,0,02,000,00,2,4,01,B01
201000034287,0,01,000,00,2,0,09,A01
201000034287,0,01,000,00,2,1,01,B01
201000034288,0,07,000,00,2,1,01,B01
201000034288,0,33,000,00,2,0,01,A01
201000034289,0,07,000,00,2,8,15,A01
201000034289,0,02,000,00,2,1,17,B01
201000034290,0,07,000,00,2,8,15,A01
201000034290,0,31,000,00,2,1,01,B01
201000034291,0,30,000,00,2,7,02,A01
201000034291,0,30,000,00,2,8,01,B01
201000034292,0,07,000,00,1,8,01,A01
201000034293,0,30,000,00,0,7,01,A01
201000034294,0,02,000,00,2,4,02,B01
201000034294,0,07,000,00,2,4,02,A01
201000034294,0,07,000,00,2,1,02,C01
201000034295,0,07,000,00,2,5,15,A01
201000034295,0,33,000,00,2,1,01,B01
201000034296,0,30,000,00,0,1,01,A01
201000034297,0,07,000,00,1,1,01,A01
201000034298,0,07,000,00,2,7,16,A01
201000034298,0,01,000,00,2,1,00,B01
201000034299,0,02,000,00,0,0,01,A01
201000034300,0,07,000,00,2,2,00,A01
201000034300,0,07,000,00,2,8,00,B01
201000034301,0,07,000,06,0,1,00,A01
201000034302,1,07,000,01,2,0,00,A01
201000034302,0,02,000,00,2,0,09,B01
201000034303,0,37,003,00,1,2,01,A01
201000034304,0,30,000,00,2,1,01,A01
201000034304,0,07,000,00,2,8,15,B01
201000034305,0,01,000,00,0,0,01,A01
201000034306,0,07,000,02,0,1,01,A01
201000034307,0,07,000,00,0,1,01,A01
201000034308,0,07,000,00,2,3,01,B01
201000034308,0,02,000,00,2,1,16,A01
201000034309,0,07,000,00,2,2,02,A01
201000034309,0,07,000,00,2,8,11,B01
201000034310,0,01,000,00,1,0,01,A01
201000034311,0,07,000,00,2,1,01,A01
201000034311,0,07,000,00,2,8,01,B01
201000034312,0,01,000,00,0,0,01,A01
201000034313,0,02,000,00,0,0,01,A01
201000034314,0,07,000,00,2,0,20,B01
201000034314,0,01,000,00,2,1,02,A01
201000034315,0,01,000,00,0,1,01,A01
201000034316,0,07,000,08,0,1,01,A01
201000034317,0,07,000,00,1,4,04,A01
201000034318,0,02,000,00,2,4,02,A01
201000034318,0,07,000,00,2,1,02,B01
201000034319,0,07,000,00,2,1,16,A01
201000034319,0,07,000,00,0,0,00,B01
201000034320,0,07,000,00,0,1,01,A01
201000034321,0,07,000,00,0,0,01,A01
201000034322,0,07,000,00,1,1,01,A01
201000034323,0,07,000,00,0,1,01,A01
201000034324,0,07,000,00,2,8,16,B01
201000034324,0,30,000,00,2,1,01,A01
201000034325,0,32,000,00,0,8,01,A01
201000034326,0,07,000,00,2,7,17,A01
201000034326,0,32,000,00,2,7,01,B01
201000034327,0,32,000,00,0,7,01,A01
201000034328,0,30,000,01,0,0,01,A01
201000034329,0,33,000,00,2,2,01,A01
201000034329,0,07,000,00,2,4,15,B01
201000034330,0,17,000,00,0,0,01,A01
201000034331,0,07,000,00,2,1,01,A01
201000034331,0,07,000,00,2,6,01,B01
201000034332,0,01,000,00,2,1,01,B01
201000034332,0,07,000,00,2,1,01,A01
201000034333,0,07,000,00,2,1,01,B01
201000034333,0,02,000,00,2,7,01,A01
201000034334,0,02,000,00,0,7,01,A01
201000034335,0,07,000,00,2,0,15,B01
201000034335,0,02,000,00,2,1,17,A01
201000034336,0,07,000,00,2,1,01,B01
201000034336,0,07,000,00,2,1,15,A01
201000034337,0,01,000,00,2,7,01,B01
201000034337,0,07,000,00,2,1,15,A01
201000034338,0,30,000,00,0,2,01,A01
201000034339,0,07,000,00,2,3,16,A01
201000034339,0,01,000,00,2,1,01,B01
201000034340,0,01,000,12,0,0,01,A01
201000034341,0,02,000,01,0,7,01,A01
201000034342,0,02,000,00,2,1,01,B01
201000034342,0,07,000,00,2,1,16,A01
201000034343,0,07,000,00,2,1,15,A01
201000034343,0,30,000,00,2,2,01,B01
201000034344,0,07,000,00,2,1,01,A01
201000034344,0,07,000,00,2,3,01,B01
201000034345,0,07,000,00,2,2,01,B01
201000034345,0,02,000,00,2,1,01,A01
201000034346,0,33,000,08,0,1,01,A01
201000034347,0,10,000,00,1,1,15,A01
201000034348,0,33,000,00,1,2,17,A01
201000034349,0,01,000,09,0,2,01,A01
201000034350,0,30,000,00,2,1,01,B01
201000034350,0,07,000,00,2,6,15,A01
201000034351,0,07,000,00,2,1,01,B01
201000034351,0,07,000,00,2,1,01,A01
201000034352,0,01,000,00,2,2,01,B01
201000034352,0,07,000,00,2,8,09,A01
201000034353,0,02,000,00,0,0,01,A01
201000034354,0,07,000,00,2,4,23,B01
201000034354,0,30,000,00,2,1,01,A01
201000034355,0,07,000,00,2,8,16,A01
201000034355,0,07,000,00,2,7,01,B01
201000034356,0,07,000,00,2,0,00,A01
201000034356,0,01,000,00,2,0,00,B01
201000034357,0,01,000,01,0,8,01,A01
201000034358,0,07,000,00,2,3,15,A01
201000034358,0,02,000,00,2,2,17,B01
201000034359,0,01,000,00,2,3,09,A01
201000034359,0,37,000,00,2,2,01,B01
201000034360,0,07,000,00,2,1,13,A01
201000034360,0,33,000,00,2,4,23,B01
201000034361,0,07,000,00,1,4,04,A01
201000034362,0,07,000,00,2,4,02,B01
201000034362,0,30,000,00,2,1,02,A01
201000034363,0,30,000,00,2,1,02,A01
201000034363,0,07,000,00,2,4,01,B01
201000034364,0,07,000,00,2,4,23,B01
201000034364,0,07,000,00,2,1,02,A01
201000034365,0,02,000,12,0,7,00,A01
201000034366,0,07,000,01,0,1,01,A01
201000034367,0,07,000,01,0,1,01,A01
201000034367,0,33,000,00,2,7,23,B01
201000034368,0,01,000,00,0,1,01,A01
201000034369,0,07,000,00,1,1,01,A01
201000034370,0,02,000,00,0,0,16,A01
201000034371,0,07,000,00,2,3,15,A01
201000034371,0,31,000,00,2,8,01,B01
201000034372,0,07,000,00,2,8,13,A01
201000034372,0,30,000,00,2,7,17,B01
201000034373,0,07,000,00,2,1,01,A01
201000034373,0,07,000,00,2,4,01,B01
201000034374,0,07,000,00,2,3,15,A01
201000034374,0,31,000,00,2,3,01,B01
201000034375,0,38,000,00,2,8,15,A01
201000034375,0,33,000,00,2,2,17,B01
201000034376,0,07,000,00,2,2,01,A01
201000034376,0,07,000,00,2,1,01,B01
201000034377,0,07,000,00,2,1,01,B01
201000034377,0,07,000,00,2,7,10,A01
201000034378,0,07,000,05,0,2,13,A01
201000034379,0,07,000,02,0,1,00,A01
201000034380,0,07,000,12,0,1,01,A01
201000034381,0,07,000,00,2,2,01,B01
201000034381,0,07,000,00,2,6,15,A01
201000034382,0,07,000,00,2,1,02,A01
201000034382,0,07,000,00,2,4,02,B01
201000034383,0,02,000,00,0,7,01,A01
201000034384,0,01,000,00,0,0,01,A01
201000034385,0,07,000,00,2,1,15,B01
201000034385,0,07,000,00,2,1,01,A01
201000034386,0,07,000,00,2,7,14,A01
201000034386,0,37,000,00,2,8,01,B01
201000034387,0,07,000,02,0,1,01,A01
201000034388,0,30,000,00,5,1,01,A01
201000034389,0,07,000,00,2,5,16,A01
201000034389,0,33,000,00,2,1,01,B01
201000034390,0,07,000,08,0,1,01,A01
201000034391,0,07,000,16,0,7,01,A01
201000034392,0,07,000,00,1,1,01,A01
201000034393,0,01,000,00,2,1,01,B01
201000034393,0,07,000,00,2,8,15,A01
201000034394,0,07,000,03,0,1,01,A01
201000034395,0,07,000,00,2,1,01,B01
201000034395,0,01,000,00,2,1,01,A01
201000034396,0,07,000,00,2,1,15,A01
201000034396,0,33,000,00,2,1,01,B01
201000034397,0,30,000,01,0,8,15,A01
201000034398,0,30,000,00,2,1,01,B01
201000034398,0,07,000,00,0,8,15,A01
201000034399,0,02,000,00,0,0,00,A01
201000034400,0,02,000,00,0,1,00,A01
201000034401,0,07,000,00,2,8,00,A01
201000034401,0,01,000,00,2,3,00,B01
201000034402,0,07,000,00,2,1,01,A01
201000034402,0,01,000,00,2,0,00,B01
201000034403,0,07,000,00,2,3,16,A01
201000034403,0,33,000,00,2,1,01,B01
201000034404,0,01,000,01,0,0,01,A01
201000034405,0,07,000,14,0,0,06,A01
201000034406,0,02,000,00,2,1,01,A01
201000034407,0,07,000,00,2,1,15,B01
201000034407,0,01,000,00,2,4,09,A01
201000034408,0,07,000,08,0,1,00,A01
201000034409,0,07,000,01,0,8,00,A01
201000034410,0,02,000,00,0,0,00,A01
201000034411,0,07,000,00,9,3,00,A01
201000034411,0,01,000,01,0,1,00,B01
201000034412,0,07,000,00,2,4,04,A01
201000034412,0,07,000,00,2,1,23,B01
201000034413,0,07,000,00,2,3,15,A01
201000034413,0,32,000,00,2,7,01,B01
201000034414,0,07,000,00,1,1,01,A01
201000034415,0,07,000,00,2,1,01,B01
201000034415,0,01,000,02,2,1,01,A01
201000034416,0,07,000,00,2,2,12,A01
201000034416,0,02,000,00,2,1,01,B01
201000034417,0,30,000,14,0,7,01,A01
201000034418,0,07,000,00,1,1,01,A01
201000034419,0,07,000,00,1,1,01,A01
201000034420,0,07,000,00,2,1,15,A01
201000034420,0,01,000,00,2,2,01,B01
201000034421,0,07,000,00,2,1,15,A01
201000034421,0,01,000,00,2,1,01,B01
201000034422,0,07,000,00,1,7,01,A01
201000034423,0,31,000,00,0,1,01,A01
201000034424,0,01,000,00,0,1,01,A01
201000034425,0,07,000,07,0,1,01,A01
201000034426,0,30,000,16,0,3,01,A01
201000034427,0,31,000,16,0,2,01,A01
201000034428,0,33,000,00,2,2,01,B01
201000034428,0,01,000,00,2,8,09,A01
201000034429,0,07,000,04,0,1,01,A01
201000034430,0,30,000,16,0,2,16,A01
201000034431,0,30,000,00,2,1,01,A01
201000034431,0,07,000,00,2,4,02,B01
201000034432,0,99,000,00,2,0,19,B01
201000034432,0,01,000,00,2,1,05,A01
201000034433,0,02,000,00,0,0,00,A01
201000034434,0,30,000,00,2,9,15,A01
201000034434,0,07,000,00,2,1,01,B01
201000034435,0,07,000,16,0,9,01,A01
201000034436,0,32,000,16,0,1,01,A01
201000034437,0,07,000,00,2,7,01,A01
201000034437,0,07,000,00,2,5,01,B01
201000034438,0,07,000,01,2,1,16,A01
201000034438,0,01,000,00,2,1,01,B01
201000034439,0,03,000,00,2,7,16,A01
201000034439,0,30,000,00,2,8,14,B01
201000034440,0,07,000,00,2,3,16,A01
201000034440,0,07,000,00,2,8,01,B01
201000034441,0,07,000,00,2,1,15,A01
201000034441,0,01,000,00,2,1,01,B01
201000034442,0,07,000,00,1,1,01,A01
201000034443,0,37,000,01,0,5,21,A01
201000034444,0,02,000,00,2,1,15,A01
201000034444,0,07,000,00,2,3,01,B01
201000034445,0,02,000,16,0,8,01,A01
201000034446,0,30,000,16,0,8,01,A01
201000034447,0,30,000,16,0,3,01,A01
201000034448,0,10,000,00,2,2,15,A01
201000034448,0,07,000,00,2,2,01,B01
201000034449,0,02,000,12,0,2,00,A01
201000034450,0,01,000,00,2,1,01,B01
201000034450,0,07,000,00,2,5,01,A01
201000034451,0,07,000,00,2,1,16,A01
201000034451,0,33,000,00,2,1,01,B01
201000034452,0,01,000,00,2,1,01,B01
201000034452,0,07,000,00,2,5,16,A01
201000034453,0,02,000,16,0,1,01,A01
201000034454,0,07,000,00,0,6,24,C01
201000034454,0,07,000,00,2,4,02,B01
201000034454,0,07,000,00,2,1,01,A01
201000034455,0,01,000,00,0,1,01,A01
201000034456,0,37,000,00,2,8,01,B01
201000034456,0,07,000,00,2,3,15,A01
201000034457,0,07,000,15,0,9,01,A01
201000034458,0,07,000,00,1,1,01,A01
201000034459,0,07,000,06,0,1,01,A01
201000034460,0,07,000,00,2,4,02,B01
201000034460,0,07,000,00,2,1,01,A01
201000034461,0,33,000,01,0,7,01,A01
201000034462,0,01,000,00,0,1,13,B01
201000034462,0,07,000,00,2,1,01,A01
201000034463,0,07,000,16,0,3,01,A01
201000034464,0,30,000,16,0,1,01,A01
201000034465,0,02,000,00,1,6,17,A01
201000034466,0,30,000,00,2,8,01,B01
201000034467,0,01,000,00,0,0,01,A01
201000034468,0,02,000,00,2,1,09,A01
201000034468,0,07,000,00,2,7,01,B01
201000034469,0,03,000,00,2,0,00,A01
201000034469,0,01,000,00,2,0,00,B01
201000034470,0,37,000,00,2,7,01,B01
201000034470,0,07,000,00,2,1,20,A01
201000034471,0,07,000,03,0,1,01,A01
201000034472,0,30,000,00,2,1,01,A01
201000034472,0,07,000,00,2,5,02,B01
201000034473,0,07,000,00,2,1,16,B01
201000034473,0,30,000,00,2,3,01,A01
201000034474,0,07,000,00,2,1,01,C01
201000034474,0,01,000,00,2,1,01,A01
201000034474,0,01,000,00,2,1,01,B01
201000034475,0,07,000,00,1,1,15,A01
201000034476,0,07,000,00,1,4,04,A01
201000034477,0,01,000,15,0,1,01,A01
201000034478,0,10,000,00,2,1,01,A01
201000034478,0,07,000,00,2,4,23,B01
201000034479,0,31,000,00,2,1,01,A01
201000034479,0,07,000,00,2,6,23,B01
201000034480,0,10,000,00,2,1,01,A01
201000034480,0,10,000,00,2,2,01,B01
201000034481,0,30,000,00,0,8,00,A01
201000034482,0,07,000,00,2,0,15,A01
201000034482,0,33,000,01,2,7,10,B01
201000034483,0,07,000,00,2,1,09,A01
201000034483,0,01,000,00,2,7,01,B01
201000034484,0,30,000,16,0,3,01,A01
201000034485,0,07,000,00,2,1,01,A01
201000034485,0,07,000,00,2,2,01,B01
201000034486,0,07,000,00,2,1,15,A01
201000034486,0,07,000,00,2,1,01,B01
201000034487,0,01,000,00,0,1,01,A01
201000034488,0,07,000,12,0,5,01,A01
201000034489,0,07,000,00,2,5,15,A01
201000034489,0,02,000,00,2,1,01,B01
201000034490,0,07,000,00,2,7,01,B01
201000034490,0,07,000,00,2,1,01,C01
201000034490,0,07,000,01,2,2,15,A01
201000034491,0,03,000,16,0,1,01,A01
201000034492,0,07,000,00,2,4,04,A01
201000034492,0,07,000,00,2,3,01,B01
201000034493,0,01,000,12,0,1,01,A01
201000034494,0,01,000,00,0,7,01,A01
201000034495,0,02,000,00,0,7,01,A01
201000034496,0,07,000,00,2,1,15,A01
201000034496,0,02,000,00,2,1,01,B01
201000034497,0,07,000,10,0,1,01,A01
201000034498,0,30,000,00,0,5,01,A01
201000034499,0,01,000,00,2,1,09,A01
201000034499,0,07,000,00,2,1,01,B01
201000034500,0,07,000,00,1,1,01,A01
201000034501,0,30,000,16,0,7,05,A01
201000034502,0,07,000,16,0,1,01,A01
201000034503,0,33,000,16,0,8,21,A01
201000034504,0,07,000,09,0,3,01,A01
201000034505,0,07,000,00,2,1,15,B01
201000034505,0,02,000,00,2,1,01,A01
201000034506,0,02,000,00,2,4,01,A01
201000034506,0,07,000,00,2,1,15,B01
201000034507,0,07,000,00,1,1,01,A01
201000034508,0,07,000,00,1,1,01,A01
201000034509,0,07,000,00,2,3,23,C01
201000034509,0,07,000,00,2,1,15,A01
201000034509,0,31,000,00,2,8,01,B01
201000034510,0,30,000,00,2,1,02,A01