Num_Acc,senc,catv,occutc,obs,obsm,choc,manv,num_veh
201000035294,0,07,000,13,2,3,01,B01
201000035295,0,07,000,00,1,4,04,A01
201000035296,0,02,000,00,1,1,01,A01
201000035297,0,33,000,00,2,1,00,A01
201000035297,0,07,000,00,2,5,15,B01
201000035298,0,33,000,00,2,1,01,A01
201000035298,0,07,000,00,2,6,15,B01
201000035299,0,07,000,00,1,3,00,A01
201000035300,0,01,000,00,2,1,18,B01
201000035300,0,07,000,00,2,2,14,A01
201000035301,0,07,000,00,1,1,00,A01
201000035302,0,07,000,00,1,2,01,A01
201000035303,0,07,000,08,0,1,01,A01
201000035304,0,07,000,00,1,2,01,A01
201000035305,0,37,003,00,0,7,21,B01
201000035305,0,36,000,00,2,1,15,A01
201000035306,0,30,000,00,2,1,01,B01
201000035306,0,07,000,14,2,1,01,A01
201000035307,0,07,000,00,1,4,04,A01
201000035308,0,07,000,00,2,2,20,A01
201000035308,0,33,000,00,2,1,01,B02
201000035309,0,07,000,00,2,7,00,A01
201000035309,0,10,000,00,2,1,01,B02
201000035310,0,07,000,00,2,8,01,B02
201000035310,0,07,000,00,2,1,15,A01
201000035311,0,02,000,00,0,0,00,A01
201000035312,0,07,000,00,2,6,01,A01
201000035312,0,30,000,01,2,1,01,B01
201000035313,0,02,000,00,0,7,16,A01
201000035314,0,30,000,00,2,1,17,A01
201000035314,0,07,000,00,2,2,01,B01
201000035315,0,30,000,00,2,1,17,A01
201000035315,0,07,000,00,2,6,15,B01
201000035316,0,03,000,00,2,3,15,A01
201000035316,0,07,000,00,2,1,00,B01
201000035317,0,07,000,00,2,7,05,A01
201000035317,0,16,000,00,2,1,14,B01
201000035318,0,07,000,00,2,1,13,A01
201000035318,0,07,000,00,2,1,01,B01
201000035319,0,10,000,00,1,2,01,A01
201000035320,0,02,000,00,2,8,15,B01
201000035320,0,07,000,00,0,8,15,A01
201000035321,0,07,000,00,1,2,20,A01
201000035322,0,07,000,00,2,0,01,B01
201000035322,0,07,000,00,2,1,02,C01
201000035322,0,07,000,00,2,8,15,A01
201000035323,0,38,001,00,2,3,01,B01
201000035323,0,02,000,00,2,1,01,A01
201000035324,1,01,000,00,2,1,09,A01
201000035324,1,07,000,00,9,2,01,B01
201000035325,0,30,000,00,2,7,17,A01
201000035325,0,07,000,00,9,3,15,B01
201000035326,0,07,000,10,0,1,01,A01
201000035327,0,07,000,00,2,8,01,B01
201000035327,0,07,000,00,2,2,15,A01
201000035327,0,07,000,00,2,1,00,C01
201000035328,0,07,000,00,1,1,01,A01
201000035329,0,36,000,00,2,1,05,A01
201000035329,0,07,000,00,2,1,01,B01
201000035330,1,07,000,00,2,1,02,A01
201000035330,0,33,000,00,2,4,01,B01
201000035331,0,07,000,01,1,1,14,A01
201000035332,0,07,000,00,1,1,01,A01
201000035333,0,07,000,14,2,1,09,A01
201000035333,0,07,000,00,2,8,01,B01
201000035334,0,01,000,00,2,1,01,B01
201000035334,1,07,000,00,9,5,15,Z01
201000035335,0,15,000,01,2,2,01,B01
201000035335,0,07,000,00,2,1,06,A01
201000035336,0,07,000,00,1,3,01,A01
201000035337,0,07,000,00,1,8,01,A01
201000035338,0,07,000,01,0,2,02,A01
201000035339,0,07,000,00,1,3,01,A01
201000035340,1,07,000,15,1,3,01,A01
201000035341,0,07,000,00,1,2,01,A01
201000035342,0,01,000,00,2,1,01,B01
201000035342,0,10,000,00,2,5,15,A01
201000035343,0,07,000,00,2,2,15,A01
201000035343,0,31,000,00,2,1,00,B01
201000035344,0,02,000,00,2,1,17,A01
201000035344,0,07,000,00,0,8,15,B01
201000035345,0,02,000,00,2,1,09,A01
201000035345,0,07,000,00,0,6,01,B01
201000035346,0,07,000,00,2,1,01,A01
201000035346,2,07,000,00,2,1,13,B01
201000035347,0,07,000,01,0,6,16,A01
201000035347,0,07,000,00,0,3,24,B01
201000035348,0,30,000,00,0,1,01,B01
201000035348,0,07,000,00,2,1,09,A01
201000035349,0,07,000,00,1,1,01,A01
201000035350,0,07,000,00,1,1,01,A01
201000035351,0,10,000,00,2,1,02,B01
201000035351,0,07,000,00,2,7,15,A01
201000035352,0,07,000,08,0,1,00,A01
201000035353,0,07,000,00,2,7,10,A01
201000035353,0,07,000,00,2,1,01,B01
201000035354,0,07,000,00,1,1,02,A01
201000035355,0,07,000,00,2,1,01,A01
201000035355,0,10,000,00,0,4,23,B01
201000035356,0,37,012,00,2,3,01,B01
201000035356,0,30,000,00,2,1,17,A01
201000035357,0,30,000,00,2,7,01,B01
201000035357,0,07,000,00,2,5,00,A01
201000035358,0,01,000,00,2,1,01,B01
201000035358,0,07,000,00,2,2,09,A01
201000035359,0,07,000,00,2,8,09,A01
201000035359,0,10,000,00,2,1,02,B01
201000035360,0,07,000,00,1,1,09,A01
201000035361,0,07,000,00,2,8,01,B01
201000035361,0,07,000,00,2,1,02,A01
201000035362,0,07,000,00,2,1,02,A01
201000035362,0,37,004,00,2,4,23,B01
201000035363,0,10,000,01,0,1,02,A01
201000035363,0,07,000,00,0,4,23,B01
201000035364,1,07,000,00,1,0,00,Z01
201000035365,0,07,000,00,1,2,01,A01
201000035366,0,07,000,00,2,5,09,A01
201000035366,0,03,000,00,2,2,09,B01
201000035367,0,07,000,00,1,1,15,A01
201000035368,0,07,000,00,2,7,15,A01
201000035368,0,07,000,00,2,1,01,B01
201000035369,0,07,000,00,2,1,02,A01
201000035369,0,99,000,00,2,4,02,B01
201000035370,0,07,000,00,2,1,01,B01
201000035370,0,07,000,00,2,2,15,A01
201000035371,0,37,015,00,1,1,01,A01
201000035372,0,07,000,00,1,2,09,A01
201000035373,0,07,000,00,1,2,02,A01
201000035374,0,10,000,00,2,8,01,B01
201000035374,0,15,000,00,2,2,01,A01
201000035375,1,10,000,00,1,3,01,Z01
201000035376,0,10,000,00,2,7,02,A01
201000035376,0,10,000,00,2,1,02,B01
201000035377,0,07,000,00,1,0,01,A01
201000035378,0,07,000,00,2,1,02,A01
201000035378,0,07,000,00,2,4,01,B01
201000035378,0,07,000,00,2,4,01,C01
201000035379,0,07,000,00,9,2,02,B01
201000035379,0,01,000,00,2,8,01,A01
201000035380,0,07,000,00,1,2,15,A01
201000035381,0,07,000,03,0,8,17,A01
201000035382,0,07,000,00,2,1,02,B01
201000035382,0,07,000,00,2,2,15,A01
201000035383,0,07,000,00,1,4,23,B01
201000035383,0,07,000,00,2,1,01,A01
201000035384,0,07,000,09,0,7,02,A01
201000035385,0,07,000,00,1,1,01,A01
201000035386,1,07,000,00,2,2,17,A01
201000035386,0,07,000,00,2,6,01,B01
201000035387,0,10,000,00,2,1,15,A01
201000035387,0,33,000,00,2,1,02,B01
201000035388,0,07,000,00,2,2,01,B01
201000035388,0,07,000,00,2,8,15,A01
201000035389,1,31,000,00,1,1,01,Z01
201000035390,0,07,000,00,2,1,01,A01
201000035390,0,07,000,00,2,4,15,B01
201000035391,0,07,000,00,2,3,15,A01
201000035391,0,07,000,00,2,3,01,B01
201000035392,2,07,000,15,0,7,13,A01
201000035393,0,07,000,00,1,2,02,A01
201000035394,0,02,000,00,2,1,02,A01
201000035394,0,07,000,00,2,4,01,B01
201000035395,0,02,000,00,2,0,02,A01
201000035395,0,07,000,00,2,5,02,B01
201000035396,0,07,000,00,2,1,13,A01
201000035396,0,07,000,00,2,1,02,B01
201000035397,0,07,000,00,2,4,02,F02
201000035397,0,07,000,00,2,0,02,D01
201000035397,0,07,000,00,2,1,01,A01
201000035397,0,10,000,04,2,0,02,B01
201000035397,0,07,000,00,2,0,02,C01
201000035397,0,07,000,00,2,0,02,E01
201000035398,0,07,000,01,2,3,01,B01
201000035398,0,07,000,00,2,1,01,A01
201000035399,0,07,000,00,1,1,02,A01
201000035400,0,07,000,00,2,3,09,A01
201000035400,0,07,000,00,2,2,01,B01
201000035401,0,07,000,00,2,3,00,B01
201000035401,0,14,000,00,0,0,23,C01
201000035401,0,07,000,00,2,3,01,A01
201000035402,0,07,000,00,2,8,15,A01
201000035402,0,07,000,00,2,2,01,B01
201000035403,0,10,000,00,2,2,01,A01
201000035403,0,07,000,00,2,3,01,B01
201000035404,0,07,000,00,1,2,16,A01
201000035405,0,07,000,00,1,1,01,A01
201000035406,0,10,000,00,1,1,01,B01
201000035406,0,07,000,00,2,1,13,A01
201000035407,0,07,000,00,2,1,02,A01
201000035407,0,07,000,00,2,4,02,B01
201000035408,0,10,000,00,2,6,10,A01
201000035408,0,07,000,00,2,1,01,B01
201000035409,0,37,002,00,1,1,01,A01
201000035410,0,07,000,00,2,3,09,B01
201000035410,1,07,000,00,2,1,01,A01
201000035411,0,02,000,00,2,7,01,B01
201000035411,0,07,000,00,2,3,09,A01
201000035412,0,07,000,00,2,1,15,A01
201000035413,0,07,000,00,2,6,10,A01
201000035413,0,07,000,00,2,2,01,B01
201000035414,0,38,002,14,0,3,02,A01
201000035415,0,07,000,00,2,4,23,B01
201000035415,0,31,000,00,2,7,02,A01
201000035416,0,07,000,00,2,8,01,A01
201000035416,0,07,000,00,2,0,01,B01
201000035417,0,32,000,00,2,1,02,A01
201000035417,0,07,000,00,2,4,23,B01
201000035418,1,07,000,00,1,1,01,Z01
201000035419,0,07,000,00,2,1,15,A01
201000035419,0,31,000,00,2,1,02,B01
201000035420,0,07,000,00,2,1,01,B01
201000035420,0,07,000,00,2,3,01,A01
201000035421,0,07,000,00,2,7,02,A01
201000035421,0,07,000,00,2,1,01,B01
201000035422,0,07,000,00,1,4,00,A01
201000035423,0,07,000,00,2,2,15,A01
201000035423,0,07,000,00,2,1,01,B01
201000035424,0,07,000,15,2,3,01,B01
201000035424,0,07,000,00,2,1,01,A01
201000035425,0,07,000,00,2,1,21,A01
201000035425,0,07,000,00,2,4,23,B01
201000035426,0,07,000,00,2,8,11,B01
201000035426,0,31,000,00,2,2,17,A01
201000035427,0,07,000,00,2,2,16,A01
201000035427,0,37,015,00,2,3,14,B01
201000035428,0,40,000,00,0,0,00,A01
201000035429,1,07,000,00,1,2,01,Z01
201000035430,0,07,000,00,2,4,02,B01
201000035430,0,07,000,00,2,1,01,A01
201000035431,0,07,000,00,1,1,02,A01
201000035432,0,07,000,00,2,1,02,A01
201000035432,0,07,000,00,2,4,23,C01
201000035432,0,07,000,00,2,4,23,B01
201000035433,0,07,000,00,2,1,15,A01
201000035433,0,07,000,00,2,1,01,B01
201000035434,0,07,000,06,2,7,01,A01
201000035434,0,07,000,00,2,1,01,B01
201000035435,0,07,000,00,2,4,02,B01
201000035435,0,07,000,00,2,1,02,A01
201000035436,0,33,000,11,0,1,06,A01
201000035437,0,07,000,00,2,4,23,B01
201000035437,0,07,000,00,2,4,12,A01
201000035438,0,07,000,00,2,7,15,A01
201000035438,0,07,000,00,2,2,01,B01
201000035439,0,07,000,00,2,1,02,A01
201000035439,0,07,000,00,2,4,02,B01
201000035440,0,07,000,00,1,4,04,A01
201000035441,0,07,000,00,1,7,02,A01
201000035442,0,07,000,00,2,2,01,A01
201000035442,0,07,000,00,2,3,00,C01
201000035442,0,07,000,00,2,1,01,D01
201000035442,0,07,000,00,2,1,15,B01
201000035443,0,30,000,00,2,1,01,A01
201000035443,0,07,000,00,2,8,15,B01
201000035444,0,07,000,00,2,1,02,A01
201000035444,0,07,000,00,2,4,23,B01
201000035445,0,07,000,00,1,8,15,A01
201000035446,0,07,000,08,0,8,01,A01
201000035447,0,07,000,01,2,1,01,A01
201000035447,0,07,000,00,2,6,01,B01
201000035448,0,07,000,00,2,7,16,B01
201000035448,0,02,000,00,2,8,18,A01
201000035449,0,07,000,00,1,1,15,A01
201000035450,0,32,000,00,2,1,02,A01
201000035450,0,07,000,00,2,4,02,B01
201000035451,0,07,000,00,2,4,01,C01
201000035451,0,07,000,00,2,1,01,A01
201000035451,0,07,000,00,2,4,01,B01
201000035452,0,10,000,00,2,7,15,A01
201000035452,0,07,000,00,2,1,01,B01
201000035453,0,07,000,00,2,4,00,A01
201000035453,0,07,000,00,0,8,24,B01
201000035454,0,31,000,00,2,7,01,B01
201000035454,0,07,000,00,2,3,11,A01
201000035455,0,02,000,00,2,1,13,A01
201000035455,0,07,000,00,2,1,01,B01
201000035456,0,07,000,00,2,6,01,A01
201000035456,0,37,005,00,2,1,01,B01
201000035457,0,02,000,00,2,1,18,A01
201000035457,0,07,000,00,2,7,16,B01
201000035458,0,07,000,00,2,4,23,B01
201000035458,0,07,000,00,2,1,02,A01
201000035459,0,07,000,00,2,2,01,A01
201000035459,0,07,000,00,2,1,09,B01
201000035460,0,07,000,00,1,2,01,A01
201000035461,0,07,000,00,1,2,01,A01
201000035462,0,07,000,00,2,2,15,A01
201000035462,0,33,000,00,2,1,01,B01
201000035463,0,07,000,00,2,2,02,A01
201000035463,0,33,000,00,2,6,23,B01
201000035464,0,07,000,00,2,1,01,B01
201000035464,0,07,000,00,2,3,09,A01
201000035465,0,99,000,00,1,3,01,A01
201000035466,0,02,000,00,2,8,01,B01
201000035466,0,07,000,00,2,1,15,A01
201000035467,0,07,000,00,2,1,02,A01
201000035467,0,07,000,00,2,4,02,B01
201000035468,0,30,000,00,1,1,01,A01
201000035469,0,07,000,00,2,1,01,A01
201000035469,0,07,000,00,2,6,01,B01
201000035470,0,01,000,00,1,1,00,A01
201000035471,0,10,000,00,2,8,01,B01
201000035471,0,02,000,00,2,1,01,A01
201000035472,0,07,000,00,2,2,01,B01
201000035472,0,07,000,00,2,1,09,A01
201000035473,0,07,000,00,2,5,15,A01
201000035473,0,07,000,00,2,2,01,B01
201000035474,0,07,000,00,1,1,15,A01
201000035475,0,07,000,00,1,1,15,A01
201000035476,1,07,000,00,1,1,01,Z01
201000035477,0,30,000,00,2,1,16,A01
201000035477,0,10,000,00,2,3,15,B01
201000035478,0,07,000,00,1,2,15,A01
201000035479,0,07,000,00,2,1,15,A01
201000035479,0,07,000,00,2,3,01,B01
201000035480,0,07,000,00,2,2,01,A01
201000035480,0,34,000,00,2,4,23,B01
201000035481,0,37,002,00,2,1,02,A01
201000035481,0,07,000,00,2,4,02,B01
201000035482,0,10,000,00,2,7,16,A01
201000035482,0,01,000,00,2,1,01,B01
201000035483,0,07,000,00,2,2,15,A01
201000035483,0,07,000,00,2,1,00,B01
201000035484,0,02,000,00,2,1,01,A01
201000035484,0,07,000,00,2,6,01,B01
201000035485,0,01,000,00,0,0,00,A01
201000035485,0,07,000,00,9,1,01,B01
201000035486,0,07,000,00,2,5,02,B01
201000035486,0,30,000,00,2,1,16,A01
201000035487,0,07,000,00,2,1,01,B01
201000035487,0,07,000,00,2,5,01,A01
201000035488,0,07,000,00,2,4,02,C01
201000035488,0,07,000,00,2,4,02,B01
201000035488,0,10,000,00,2,1,02,A01
201000035489,1,30,000,00,1,0,01,Z01
201000035490,0,02,000,00,2,2,02,B01
201000035490,0,07,000,00,2,8,09,A01
201000035491,0,07,000,00,2,1,02,A01
201000035491,0,07,000,00,2,6,02,C01
201000035491,0,07,000,00,2,4,02,B01
201000035492,1,07,000,00,2,8,01,A01
201000035492,0,01,000,00,2,8,01,B01
201000035493,0,01,000,00,2,3,15,A01
201000035493,0,07,000,00,2,2,17,B01
201000035494,0,01,000,00,2,0,00,B01
201000035494,1,14,000,00,2,0,00,Z01
201000035495,1,07,000,00,1,0,00,Z01
201000035496,0,07,000,00,2,1,02,A01
201000035496,0,07,000,00,2,4,23,B01
201000035497,0,07,000,00,1,7,09,A01
201000035498,0,07,000,00,1,1,09,A01
201000035499,0,07,000,00,2,4,02,C01
201000035499,0,07,000,00,2,4,02,B01
201000035499,0,07,000,00,2,1,02,A01
201000035500,0,02,000,00,2,1,01,A01
201000035500,0,07,000,00,2,6,23,B01
201000035501,0,07,000,00,2,4,23,B01
201000035501,0,07,000,00,2,4,23,C01
201000035501,0,07,000,00,2,1,02,A01
201000035502,0,30,000,00,2,2,01,B01
201000035502,0,07,000,00,2,3,20,A01
201000035503,0,07,000,00,2,3,01,B01
201000035503,0,07,000,00,2,3,13,A01
201000035504,0,07,000,00,1,3,15,A01
201000035505,0,07,000,00,2,4,01,B01
201000035505,0,07,000,00,2,1,02,A01
201000035506,0,07,000,00,2,3,15,B01
201000035506,0,07,000,00,2,8,15,A01
201000035507,0,07,000,00,2,1,02,A01
201000035507,0,07,000,00,2,4,02,B01
201000035508,0,07,000,00,2,3,02,A01
201000035508,0,07,000,00,2,5,23,B01
201000035509,0,07,000,00,2,4,23,E01
201000035509,0,10,000,00,2,4,23,B01
201000035509,0,07,000,00,2,4,23,C01
201000035509,0,07,000,00,2,4,23,D01
201000035509,0,37,001,00,2,1,02,A01
201000035510,0,07,000,00,1,1,15,A01
201000035511,0,07,000,00,2,4,02,B01
201000035511,0,07,000,00,2,1,02,A01
201000035512,0,07,000,02,0,1,01,A01
201000035513,1,31,000,00,1,1,00,Z01
201000035514,0,07,000,00,2,2,01,B01
201000035514,0,10,000,00,2,2,01,A01
201000035515,0,07,000,00,2,1,01,A01
201000035515,0,01,000,00,2,8,01,B01
201000035516,0,01,000,00,2,1,01,A01
201000035516,0,07,000,00,9,2,16,B01
201000035517,0,07,000,00,2,1,01,A01
201000035517,0,07,000,00,2,4,01,B01
201000035518,0,10,000,00,2,4,20,A01
201000035518,0,07,000,00,2,1,20,B01
201000035519,0,33,000,00,2,8,15,A01
201000035519,0,07,000,00,2,6,15,B01
201000035520,0,07,000,00,1,1,01,A01
201000035521,0,07,000,00,2,3,09,A01
201000035521,0,33,000,00,2,2,01,B01
201000035522,0,07,000,01,0,2,01,A01
201000035523,0,07,000,00,2,1,15,A01
201000035523,0,07,000,00,2,1,01,B01
201000035524,0,07,000,00,2,2,16,A01
201000035524,0,34,000,00,2,1,01,B01
201000035525,0,02,000,00,2,1,00,A01
201000035525,0,07,000,00,2,7,01,B01
201000035526,0,07,000,00,2,8,01,B01
201000035526,0,07,000,00,2,3,23,C01
201000035526,0,07,000,00,2,1,09,A01
201000035527,0,01,000,00,2,1,01,B01
201000035527,0,07,000,00,2,4,04,A01
201000035528,0,07,000,00,1,1,01,A01
201000035529,0,07,000,00,2,8,01,B01
201000035529,0,07,000,00,2,1,01,A01
201000035530,0,07,000,00,2,8,15,B01
201000035530,0,32,000,00,2,1,17,A01
201000035531,0,01,000,00,2,1,01,A01
201000035531,0,07,000,00,2,3,00,B01
201000035532,0,07,000,00,2,4,02,B01
201000035532,0,07,000,00,2,4,02,C01
201000035532,0,37,020,00,2,1,02,A01
201000035533,0,34,000,00,1,1,00,A01
201000035534,0,07,000,00,1,1,15,A01
201000035535,0,07,000,00,9,6,01,B01
201000035535,0,01,000,00,2,1,01,A01
201000035536,0,07,000,00,2,4,02,C01
201000035536,0,07,000,00,2,4,02,B01
201000035536,0,10,000,00,2,1,02,A01
201000035537,0,07,000,00,1,1,01,A01
201000035538,0,07,000,00,2,7,17,A01
201000035538,0,30,000,00,2,8,01,B01
201000035539,0,10,000,00,1,2,13,A01
201000035540,0,07,000,00,2,1,00,D01
201000035540,0,07,000,00,2,6,01,B01
201000035540,0,07,000,00,2,0,01,C01
201000035540,0,07,000,00,2,9,05,A01
201000035541,0,07,000,00,2,2,02,B01
201000035541,0,07,000,00,2,3,05,A01
201000035542,0,07,000,00,2,4,04,A01
201000035542,0,01,000,00,2,1,01,B01
201000035543,0,33,000,00,2,4,01,B01
201000035543,1,10,000,00,2,0,01,Z01
201000035544,0,07,000,00,1,3,00,A01
201000035545,0,07,000,00,2,7,01,B01
201000035545,0,02,000,00,2,1,01,A01
201000035546,0,07,000,00,2,6,11,A01
201000035546,0,33,000,00,2,2,01,B01
201000035547,0,07,000,00,1,2,01,A01
201000035548,0,07,000,00,2,1,01,A01
201000035548,0,07,000,00,2,4,15,C01
201000035548,0,07,000,00,2,4,01,B01
201000035549,0,33,000,00,2,3,18,A01
201000035549,0,07,000,00,2,2,16,B01
201000035550,0,07,000,00,0,0,11,A01
201000035550,0,07,000,11,0,1,17,B01
201000035551,0,07,000,00,2,1,02,A01
201000035551,0,07,000,00,2,4,23,B01
201000035552,1,07,000,08,1,0,00,Z01
201000035553,0,07,000,00,2,1,02,A01
201000035553,0,07,000,00,2,4,23,B01
201000035554,0,07,000,00,2,1,02,A01
201000035554,0,10,000,00,2,4,23,B01
201000035555,0,07,000,00,2,4,02,B01
201000035555,0,07,000,00,2,1,02,A01
201000035556,0,07,000,00,2,7,01,B01
201000035556,0,33,000,00,2,1,01,A01
201000035557,0,01,000,00,2,3,15,A01
201000035557,0,07,000,00,9,7,01,B01
201000035558,0,02,000,06,0,1,01,A01
201000035559,0,07,000,00,2,2,09,A01
201000035559,0,02,000,00,2,6,23,B01
201000035560,0,07,000,00,1,1,01,A01
201000035561,0,10,000,00,2,1,15,A01
201000035561,0,07,000,00,2,3,01,B01
201000035562,0,07,000,00,1,2,01,A01
201000035563,0,10,000,00,1,2,01,A01
201000035564,0,01,000,00,2,1,01,A01
201000035564,0,07,000,00,2,7,15,B01
201000035565,0,40,000,00,1,1,01,A01
201000035566,0,07,000,00,2,4,02,B01
201000035566,0,02,000,00,2,4,01,C01
201000035566,0,07,000,00,2,1,02,A01
201000035567,0,07,000,00,1,3,01,A01
201000035568,0,07,000,00,2,4,23,B01
201000035568,0,10,000,00,2,1,02,A01
201000035569,0,02,000,00,2,1,01,C01
201000035569,0,07,000,00,2,3,01,B01
201000035569,0,07,000,00,2,3,15,A01
201000035570,0,07,000,00,2,1,11,A01
201000035570,0,07,000,00,2,2,01,B01
201000035571,0,33,000,12,0,1,01,A01
201000035572,0,07,000,00,2,5,15,A01
201000035572,0,31,000,00,2,1,01,B01
201000035573,0,07,000,00,1,8,01,A01
201000035574,0,07,000,08,2,5,12,A01
201000035574,0,07,000,00,2,3,01,B01
201000035575,0,07,000,00,2,8,01,A01
201000035575,0,10,000,00,2,1,01,B01
201000035576,1,07,000,00,2,1,02,Z01
201000035576,0,07,000,00,2,4,23,B01
201000035577,0,10,000,00,2,2,09,A01
201000035577,0,07,000,00,2,8,01,B01
201000035577,0,10,000,00,2,6,23,C01
201000035578,0,02,000,06,0,1,01,A01
201000035579,0,07,000,05,0,1,00,A01
201000035580,0,07,000,00,2,1,01,B01
201000035580,0,07,000,00,2,8,01,A01
201000035581,0,07,000,00,2,5,12,A01
201000035581,0,32,000,00,2,1,01,B01
201000035582,0,01,000,00,2,7,05,A01
201000035582,0,07,000,00,2,2,01,B01
201000035583,0,07,000,00,1,1,09,A01
201000035584,0,07,000,00,2,4,23,B01
201000035584,0,07,000,00,2,1,02,A01
201000035585,0,07,000,00,2,1,02,A01
201000035585,0,07,000,00,2,4,02,B01
201000035586,0,33,000,00,2,0,02,B01
201000035586,0,07,000,00,2,0,11,A01
201000035587,0,07,000,00,2,3,01,B01
201000035587,0,07,000,00,2,2,15,A01
201000035588,0,02,000,12,0,1,01,A01
201000035589,0,02,000,00,2,1,13,A01
201000035589,0,10,000,00,2,3,01,B01
201000035590,0,07,000,00,9,6,11,B01
201000035590,0,33,000,00,2,8,11,A01
201000035591,0,07,000,08,0,8,01,A01
201000035592,0,07,000,00,2,1,01,B01
201000035592,0,10,000,00,2,1,13,A01
201000035593,0,07,000,00,1,8,01,A01
201000035594,0,01,000,00,1,1,01,A01
201000035595,0,34,000,00,2,8,01,B01
201000035595,0,07,000,00,2,1,01,A01
201000035596,0,10,000,00,1,4,04,A01
201000035597,0,37,001,00,2,4,23,C01
201000035597,0,07,000,00,2,1,01,A01
201000035597,0,07,000,00,2,4,23,B01
201000035598,0,07,000,00,2,1,02,A01
201000035598,0,07,000,00,2,4,02,B01
201000035599,0,10,000,00,2,1,01,A01
201000035599,0,10,000,00,2,4,23,B01
201000035600,0,32,000,00,2,1,01,A01
201000035600,0,07,000,00,2,8,15,B01
201000035601,0,07,000,00,2,8,22,A01
201000035601,0,01,000,00,2,7,01,B01
201000035602,0,02,000,00,2,0,21,B01
201000035602,0,07,000,00,2,0,12,A01
201000035603,0,02,000,00,2,1,18,A01
201000035603,0,07,000,00,2,7,16,B01
201000035604,0,10,000,00,2,4,02,C01
201000035604,0,07,000,00,2,1,02,A01
201000035604,0,07,000,00,2,4,02,B01
201000035605,1,07,000,00,1,1,01,Z01
201000035606,0,10,000,00,2,1,01,A01
201000035606,0,10,000,00,2,4,23,D01
201000035606,0,07,000,00,2,4,23,C01
201000035606,0,07,000,00,2,4,23,B01
201000035607,0,07,000,00,2,4,01,B01
201000035607,0,07,000,00,2,1,02,A01
201000035608,0,02,000,00,2,1,01,A01
201000035608,0,01,000,00,2,7,01,B01
201000035609,0,07,000,00,2,1,01,B01
201000035609,0,07,000,00,2,7,01,A01
201000035610,0,33,000,00,2,1,01,B01
201000035610,0,15,000,00,2,2,15,A01
201000035611,0,33,000,00,1,8,01,A01
201000035612,0,07,000,00,2,4,23,B01
201000035612,0,07,000,00,2,1,01,A01
201000035613,0,10,000,06,2,3,01,A01
201000035613,0,07,000,00,2,1,01,B01
201000035614,0,30,000,00,2,0,00,A01
201000035614,0,07,000,00,2,8,01,B01
201000035615,1,07,000,00,1,2,01,A01
201000035616,0,32,000,00,2,8,01,B01
201000035616,0,07,000,00,2,8,12,A01
201000035617,0,07,000,15,2,1,01,B01
201000035617,0,07,000,15,2,2,00,A01
201000035618,1,07,000,00,1,1,01,Z01
201000035619,0,07,000,00,9,8,01,A01
201000035619,0,33,000,00,2,1,01,B01
201000035620,0,07,000,00,2,2,02,B01
201000035620,0,07,000,07,2,2,05,A01
201000035621,0,07,000,00,2,4,02,A01
201000035621,1,07,000,00,2,1,02,Z01
201000035622,0,07,000,00,2,5,01,A01
201000035622,0,07,000,00,2,2,01,B01
201000035623,1,10,000,00,1,1,00,Z01
201000035624,0,07,000,00,2,4,02,B01
201000035624,0,31,000,00,2,1,02,A01
201000035625,0,07,000,00,9,3,01,A01
201000035625,0,30,000,00,2,1,01,B01
201000035626,0,07,000,00,2,5,15,A01
201000035626,0,30,000,00,2,1,01,B01
201000035627,1,07,000,00,1,2,15,Z01
201000035628,0,07,000,00,2,1,05,A01
201000035628,0,07,000,00,2,1,01,B01
201000035629,0,07,000,07,0,1,01,A01
201000035630,0,10,000,00,1,1,01,A01
201000035631,0,07,000,00,2,8,23,C01
201000035631,0,07,000,00,2,3,15,B01
201000035631,0,33,000,00,2,1,17,A01
201000035632,0,07,000,00,2,1,02,A01
201000035632,0,07,000,00,2,4,02,B01
201000035633,0,07,000,00,2,1,01,B01
201000035633,0,07,000,00,2,7,15,A01
201000035634,0,07,000,00,2,1,02,A01
201000035634,0,07,000,00,2,4,02,B01
201000035634,0,07,000,00,2,4,02,C01
201000035635,0,07,000,00,2,3,01,B01
201000035635,0,07,000,00,2,1,10,A01
201000035636,0,07,000,00,2,4,02,B01
201000035636,0,07,000,00,2,1,02,A01
201000035637,0,07,000,00,1,1,01,A01
201000035638,0,07,000,01,0,9,01,A01
201000035639,0,10,000,00,2,1,02,A01
201000035639,0,07,000,00,2,4,23,B01
201000035640,0,07,000,00,0,0,15,A01
201000035640,0,07,000,06,0,1,21,B01
201000035641,0,07,000,00,1,1,15,A01
201000035642,0,01,000,00,2,7,19,A01
201000035642,0,07,000,00,2,1,16,B01
201000035643,0,02,000,00,2,8,21,B01
201000035643,0,07,000,00,0,0,04,A01
201000035644,0,07,000,00,1,3,15,A01
201000035645,0,07,000,00,2,7,15,A01
201000035645,0,30,000,00,2,1,01,B01
201000035646,0,31,000,00,2,1,01,B01
201000035646,0,07,000,00,9,2,15,A01
201000035647,0,07,000,00,2,4,23,C01
201000035647,0,07,000,00,2,4,23,B01
201000035647,0,07,000,00,2,1,02,A01
201000035648,0,07,000,00,2,4,02,B01
201000035648,0,33,000,00,2,1,02,A01
201000035649,0,07,000,00,2,1,01,A01
201000035649,0,07,000,00,2,4,23,B01
201000035650,0,07,000,00,2,1,02,A01