Num_Acc,senc,catv,occutc,obs,obsm,choc,manv,num_veh
201000036038,0,07,000,00,2,3,01,B01
201000036038,0,07,000,00,2,1,01,A01
201000036039,0,07,000,00,0,0,01,A01
201000036040,0,07,000,00,2,4,01,B01
201000036040,0,07,000,00,2,1,01,A01
201000036041,0,07,000,07,0,1,01,A01
201000036042,0,07,000,00,0,4,23,A01
201000036042,0,07,000,00,2,1,01,B01
201000036043,0,01,000,00,2,5,12,A01
201000036043,0,07,000,00,0,1,01,B01
201000036044,0,02,000,00,2,1,01,A01
201000036044,0,07,000,00,2,4,01,B01
201000036045,0,07,000,00,2,1,13,A01
201000036045,0,14,000,00,2,3,01,B01
201000036046,0,07,000,00,2,3,01,B01
201000036046,0,07,000,00,2,1,01,A01
201000036047,0,01,000,00,9,0,01,A01
201000036048,0,02,000,00,2,2,18,A01
201000036048,0,07,000,00,2,2,16,B01
201000036049,0,33,000,00,2,1,01,B01
201000036049,0,01,000,00,2,7,15,A01
201000036050,0,07,000,00,2,4,23,B01
201000036050,0,33,000,00,2,1,01,A01
201000036051,0,07,000,00,1,3,01,A01
201000036052,0,07,000,01,0,1,14,A01
201000036053,0,33,000,11,0,1,01,A01
201000036054,0,07,000,00,9,0,22,A01
201000036054,0,01,000,00,2,1,01,B01
201000036055,0,07,000,00,1,1,01,A01
201000036056,0,07,000,00,2,6,01,B01
201000036056,0,07,000,00,2,3,13,A01
201000036057,0,07,000,01,0,4,04,A01
201000036058,0,07,000,00,2,2,01,B01
201000036058,0,07,000,00,2,1,23,C01
201000036058,0,07,000,00,2,3,09,A01
201000036059,0,07,000,00,2,2,15,A01
201000036059,0,02,000,00,2,1,07,B01
201000036060,0,07,000,00,2,4,23,B01
201000036060,0,07,000,00,2,1,01,A01
201000036061,0,07,000,00,2,4,23,B01
201000036061,0,07,000,00,2,1,01,A01
201000036062,0,07,000,06,0,1,14,A01
201000036063,0,07,000,00,2,1,01,B01
201000036063,0,02,000,00,2,8,09,A01
201000036064,0,07,000,00,2,1,01,A01
201000036064,0,01,000,00,2,0,01,B01
201000036065,0,07,000,00,2,4,23,B01
201000036065,0,30,000,00,2,1,02,A01
201000036066,0,07,000,00,2,7,17,A01
201000036066,0,30,000,00,0,8,01,B01
201000036067,0,33,000,00,0,0,09,A01
201000036068,0,33,000,00,0,8,01,A01
201000036069,0,33,000,00,2,0,17,B01
201000036069,0,33,000,00,2,0,18,A01
201000036070,0,33,000,00,2,0,00,A01
201000036071,0,07,000,00,1,1,01,A01
201000036072,0,02,000,00,0,0,01,A01
201000036073,0,30,000,00,2,8,01,A01
201000036073,0,07,000,00,2,1,01,B01
201000036074,0,07,000,00,2,1,01,A01
201000036074,0,07,000,00,2,1,01,B01
201000036075,0,07,000,00,1,0,01,A01
201000036076,0,07,000,00,2,1,01,A01
201000036076,0,07,000,00,2,4,23,B01
201000036076,0,07,000,00,2,4,23,F02
201000036076,0,07,000,00,2,4,23,G02
201000036076,0,07,000,00,2,4,23,C01
201000036076,0,07,000,00,2,4,23,E01
201000036076,0,07,000,00,2,4,23,D01
201000036077,0,37,008,00,2,2,01,B01
201000036077,0,07,000,00,2,3,09,A01
201000036078,0,07,000,00,1,2,01,A01
201000036079,0,07,000,11,0,1,01,A01
201000036080,0,30,000,00,1,1,01,A01
201000036081,0,07,000,00,1,3,01,A01
201000036082,0,07,000,03,0,9,13,A01
201000036083,0,07,000,00,1,2,01,A01
201000036084,0,33,000,00,2,0,00,A01
201000036085,0,07,000,00,2,3,01,B01
201000036085,0,07,000,00,2,1,15,A01
201000036086,0,07,000,00,1,7,01,A01
201000036087,0,07,000,00,2,1,01,A01
201000036087,0,07,000,00,2,1,01,B01
201000036088,0,07,000,00,2,3,01,B01
201000036088,0,30,000,00,2,7,01,A01
201000036089,0,02,000,15,0,1,01,A01
201000036090,0,07,000,00,2,1,15,A01
201000036090,0,31,000,00,2,1,17,B01
201000036091,0,10,000,00,2,1,01,A01
201000036091,0,07,000,00,2,4,15,B01
201000036092,0,07,000,00,2,8,09,A01
201000036092,0,37,015,00,2,1,01,B01
201000036093,0,07,000,00,2,2,01,A01
201000036093,0,07,000,00,2,8,01,B01
201000036094,0,07,000,00,2,6,24,A01
201000036094,0,01,000,01,0,1,01,B01
201000036095,0,33,000,06,0,1,01,A01
201000036096,0,30,000,11,0,2,01,A01
201000036097,0,07,000,00,2,1,23,B01
201000036097,0,07,000,00,2,1,01,A01
201000036097,0,07,000,00,0,4,23,C01
201000036098,0,01,000,07,0,1,01,A01
201000036099,0,07,000,00,2,3,01,B01
201000036099,0,01,000,00,2,1,01,A01
201000036100,0,07,000,01,0,1,01,A01
201000036101,0,07,000,00,2,1,01,A01
201000036101,0,07,000,00,0,4,01,B01
201000036102,0,32,000,00,0,8,01,A01
201000036103,0,07,000,00,1,1,00,A01
201000036104,0,07,000,00,2,3,01,A01
201000036104,0,33,000,00,2,1,01,B01
201000036105,0,33,000,00,0,0,01,A01
201000036106,0,30,000,00,2,1,23,B01
201000036106,0,07,000,00,2,4,04,A01
201000036107,0,33,000,01,0,1,01,A01
201000036108,0,07,000,00,1,4,04,A01
201000036109,0,30,000,09,0,1,01,A01
201000036110,0,07,000,01,0,1,01,A01
201000036111,0,33,000,00,2,8,01,B01
201000036111,0,07,000,00,2,3,01,A01
201000036112,0,07,000,00,2,0,01,A01
201000036112,0,07,000,00,2,3,23,B01
201000036112,0,07,000,00,2,3,23,C01
201000036113,0,07,000,00,2,3,01,B01
201000036113,0,30,000,00,0,1,01,A01
201000036114,0,30,000,15,0,0,01,A01
201000036115,0,07,000,07,2,1,01,A01
201000036115,0,07,000,00,2,3,01,B01
201000036115,0,07,000,00,2,8,01,C01
201000036116,0,33,000,00,0,0,01,A01
201000036117,0,07,000,08,0,2,01,A01
201000036118,0,07,000,01,0,9,01,A01
201000036119,0,07,000,00,1,1,01,A01
201000036120,0,07,000,13,0,1,01,A01
201000036121,0,07,000,00,2,3,01,A01
201000036121,0,02,000,00,2,1,01,B01
201000036122,0,07,000,00,2,1,01,B01
201000036122,0,07,000,00,2,4,01,C01
201000036122,0,07,000,00,2,1,01,A01
201000036123,0,07,000,00,1,1,01,A01
201000036124,0,33,000,00,0,8,01,A01
201000036125,0,31,000,00,2,1,01,A01
201000036125,0,07,000,00,2,4,23,B01
201000036126,0,07,000,00,2,1,01,B01
201000036126,0,07,000,00,2,1,01,C01
201000036126,0,07,000,00,2,4,01,D01
201000036126,0,07,000,00,2,1,01,A01
201000036127,0,07,000,00,2,7,15,A01
201000036127,0,33,000,00,2,1,01,B01
201000036128,0,30,000,00,2,1,01,A01
201000036128,0,37,021,00,2,1,01,B01
201000036129,0,02,000,15,0,1,01,A01
201000036130,0,07,000,00,2,1,01,A01
201000036130,0,07,000,00,2,4,23,B01
201000036131,0,07,000,00,2,4,23,B01
201000036131,0,33,000,00,2,1,01,A01
201000036132,0,30,000,00,2,3,01,B01
201000036132,0,07,000,00,2,5,15,A01
201000036133,0,01,000,00,2,1,19,A01
201000036133,0,07,000,00,2,2,01,B01
201000036134,0,01,000,00,2,1,01,B01
201000036134,0,07,000,00,2,3,15,A01
201000036135,0,07,000,00,2,4,23,B01
201000036135,0,07,000,08,2,3,01,A01
201000036136,0,33,000,00,0,7,01,A01
201000036137,0,07,000,00,2,4,23,B01
201000036137,0,10,000,03,2,1,01,A01
201000036137,0,07,000,00,2,4,23,C01
201000036138,0,07,000,00,1,1,01,A01
201000036139,0,07,000,00,1,4,23,B01
201000036139,0,07,000,00,2,1,01,A01
201000036140,0,07,000,00,2,4,23,B01
201000036140,0,02,000,00,2,1,01,A01
201000036141,0,33,000,00,1,1,01,A01
201000036142,0,02,000,00,2,1,01,A01
201000036142,0,07,000,00,2,4,23,B01
201000036143,0,07,000,00,2,2,01,B01
201000036143,0,30,000,00,2,6,01,A01
201000036144,0,07,000,00,2,1,01,B01
201000036144,0,33,000,00,2,1,01,A01
201000036145,0,07,000,13,0,1,01,A01
201000036146,0,07,000,00,1,1,01,A01
201000036147,0,07,000,00,1,1,01,A01
201000036148,0,01,000,00,1,0,01,B01
201000036148,0,07,000,00,2,1,01,A01
201000036149,0,30,000,00,0,7,01,A01
201000036150,0,07,000,11,0,1,01,A01
201000036151,0,07,000,03,0,1,01,A01
201000036152,0,07,000,00,0,4,23,B01
201000036152,0,07,000,00,2,1,01,A01
201000036153,0,30,000,00,0,0,01,A01
201000036154,0,07,000,00,0,9,01,A01
201000036155,0,01,000,00,2,0,00,B01
201000036155,0,07,000,00,2,0,01,A01
201000036156,0,07,000,00,2,1,01,A01
201000036156,0,07,000,00,2,4,15,B01
201000036157,0,01,000,00,0,1,01,B01
201000036157,0,07,000,00,2,0,22,A01
201000036158,0,07,000,00,0,1,01,A01
201000036159,0,07,000,00,1,4,01,B01
201000036159,0,30,000,00,2,1,01,A01
201000036160,0,30,000,11,0,1,01,A01
201000036161,0,07,000,00,1,1,01,A01
201000036162,0,07,000,00,9,1,01,B01
201000036162,0,10,000,00,0,0,01,A01
201000036163,0,07,000,00,2,8,11,B01
201000036163,0,32,000,00,2,7,17,A01
201000036164,0,07,000,00,2,1,01,A01
201000036164,0,07,000,00,0,4,01,B01
201000036165,0,02,000,00,0,7,01,A01
201000036166,0,30,000,00,2,1,01,B01
201000036166,0,07,000,00,2,8,10,A01
201000036167,0,07,000,00,2,3,01,B01
201000036167,0,07,000,00,2,1,01,A01
201000036168,0,07,000,00,2,4,01,B01
201000036168,0,07,000,00,2,1,01,A01
201000036169,0,01,000,00,2,1,05,A01
201000036169,0,07,000,00,2,3,09,B01
201000036170,0,07,000,00,2,2,17,A01
201000036170,0,07,000,00,2,6,15,B01
201000036171,0,07,000,00,2,3,01,B01
201000036171,0,33,000,00,2,1,15,A01
201000036172,0,07,000,00,2,4,15,B01
201000036172,0,33,000,00,2,1,01,A01
201000036173,0,02,000,00,0,8,01,A01
201000036174,0,07,000,00,2,4,23,B01
201000036174,0,07,000,00,2,1,01,A01
201000036175,0,07,000,00,1,6,04,A01
201000036176,0,07,000,00,1,2,01,A01
201000036177,0,07,000,00,2,3,09,A01
201000036177,0,02,000,00,2,1,01,B01
201000036178,0,07,000,02,0,1,13,A01
201000036179,0,33,000,00,2,1,01,A01
201000036179,0,07,000,00,2,3,09,B01
201000036180,1,07,000,00,1,7,01,Z01
201000036181,0,07,000,00,2,1,01,B01
201000036181,1,10,000,00,0,0,00,Z01
201000036182,0,07,000,00,2,4,23,B01
201000036182,0,07,000,00,2,1,01,A01
201000036183,0,07,000,00,2,4,02,B01
201000036183,0,14,000,00,2,1,02,A01
201000036183,0,07,000,00,1,4,02,C01
201000036183,0,07,000,00,2,4,15,D01
201000036184,0,07,000,00,2,1,02,A01
201000036184,0,07,000,00,2,6,02,B01
201000036185,0,33,000,12,0,1,01,A01
201000036186,0,07,000,00,1,1,01,A01
201000036187,0,07,000,00,2,2,15,A01
201000036187,0,07,000,00,2,3,01,B01
201000036188,0,07,000,00,2,1,09,A01
201000036188,0,33,000,00,2,7,01,B01
201000036189,0,31,000,00,0,0,21,B01
201000036189,0,07,000,00,0,0,09,A01
201000036190,0,07,000,00,0,9,13,A01
201000036191,0,07,000,00,1,1,01,A01
201000036192,0,07,000,00,2,5,23,B01
201000036192,0,33,000,14,0,1,01,A01
201000036193,0,01,000,14,0,1,01,B01
201000036193,0,07,000,00,2,6,23,A01
201000036194,0,30,000,00,1,1,01,A01
201000036195,1,07,000,14,0,1,02,Z01
201000036195,0,07,000,00,2,4,01,B01
201000036195,0,07,000,00,2,4,02,A01
201000036196,0,07,000,00,1,0,00,A01
201000036197,0,01,000,00,2,8,01,A01
201000036198,0,02,000,02,0,1,00,A01
201000036199,0,07,000,00,2,4,01,B01
201000036199,0,01,000,00,2,1,02,A01
201000036200,0,30,000,00,2,1,01,B01
201000036200,0,07,000,00,2,1,15,A01
201000036201,0,07,000,00,2,6,01,A01
201000036201,0,33,000,00,2,1,01,B01
201000036202,0,07,000,00,2,1,01,A01
201000036202,0,37,001,00,2,2,01,B01
201000036203,0,07,000,00,2,1,01,A01
201000036203,0,01,000,00,2,8,01,B01
201000036204,0,07,000,14,0,1,01,A01
201000036204,0,07,000,00,2,4,23,B01
201000036205,0,07,000,00,2,8,01,B01
201000036205,0,07,000,00,2,1,05,A01
201000036206,0,01,000,00,2,8,19,A01
201000036206,0,07,000,00,2,1,01,B01
201000036207,0,07,000,00,0,4,02,E01
201000036207,0,07,000,00,2,4,02,C01
201000036207,0,07,000,00,2,4,02,D01
201000036207,0,07,000,00,2,1,01,A01
201000036207,0,07,000,00,2,4,02,B01
201000036208,0,07,000,06,0,1,01,A01
201000036209,0,07,000,00,1,4,04,A01
201000036210,0,33,000,00,2,1,21,B01
201000036210,0,07,000,00,2,3,15,A01
201000036211,0,07,000,00,2,1,15,B01
201000036211,0,31,000,00,2,1,01,A01
201000036212,0,30,000,00,2,0,01,A01
201000036212,1,07,000,00,2,0,01,Z01
201000036213,0,33,000,00,2,3,00,B01
201000036213,0,07,000,00,9,2,00,A01
201000036214,0,07,000,00,1,1,01,A01
201000036215,0,31,000,00,2,1,01,B01
201000036215,0,07,000,00,2,2,15,A01
201000036216,0,07,000,00,1,0,15,A01
201000036217,0,07,000,14,2,1,02,A01
201000036217,0,07,000,00,2,4,02,B01
201000036217,0,07,000,00,2,4,02,C01
201000036218,0,07,000,00,2,1,01,B01
201000036218,0,07,000,00,2,8,15,A01
201000036219,0,33,000,00,2,1,01,B01
201000036219,0,07,000,00,9,5,01,A01
201000036220,0,30,000,00,2,5,00,A01
201000036220,0,07,000,00,9,2,00,B01
201000036221,0,07,000,00,2,1,01,A01
201000036221,0,10,000,00,2,1,01,B01
201000036222,0,02,000,00,2,1,01,B01
201000036222,0,07,000,00,9,7,15,A01
201000036223,0,33,000,00,2,2,01,B01
201000036223,0,07,000,00,2,3,13,A01
201000036224,0,07,000,00,2,4,02,B01
201000036224,0,10,000,00,2,1,02,A01
201000036225,0,07,000,00,2,1,00,B01
201000036225,0,13,000,00,2,1,00,A01
201000036226,0,07,000,00,2,2,15,A01
201000036226,0,32,000,00,2,1,01,B01
201000036227,1,07,000,00,1,1,00,Z01
201000036228,0,07,000,00,2,7,00,B01
201000036228,0,07,000,00,2,1,01,A01
201000036229,0,07,000,06,0,3,14,A01
201000036230,0,14,000,00,2,2,14,A01
201000036230,0,07,000,00,2,8,01,B01
201000036231,0,07,000,00,1,1,01,A01
201000036232,0,07,000,00,2,4,01,B01
201000036232,0,07,000,00,2,1,02,A01
201000036233,0,07,000,00,2,1,01,B01
201000036233,0,07,000,00,2,7,01,A01
201000036234,0,07,000,00,1,1,15,A01
201000036235,0,02,000,00,2,1,00,B01
201000036235,0,07,000,00,2,1,15,A01
201000036236,0,33,000,00,2,7,01,B01
201000036236,0,07,000,00,2,1,09,A01
201000036237,0,07,000,00,1,1,21,A01
201000036237,0,07,000,00,2,6,01,B01
201000036238,0,07,000,00,1,1,01,A01
201000036239,0,07,000,00,2,1,05,A01
201000036239,0,99,000,00,2,1,01,B01
201000036240,0,07,000,00,1,1,16,A01
201000036241,0,02,000,00,1,1,01,A01
201000036241,0,07,000,00,2,7,23,B01
201000036242,0,07,000,00,1,1,01,A01
201000036243,0,07,000,00,1,1,01,A01
201000036244,0,01,000,00,2,1,01,B01
201000036244,0,07,000,00,2,2,16,A01
201000036245,0,07,000,06,0,1,09,A01
201000036246,0,01,000,00,2,1,01,B01
201000036246,0,07,000,00,2,7,16,A01
201000036247,0,07,000,00,0,1,01,A01
201000036247,0,07,000,00,2,4,23,B01
201000036247,0,07,000,00,2,4,23,C01
201000036248,0,30,000,15,0,1,01,A01
201000036249,0,07,000,00,1,1,01,A01
201000036250,0,07,000,14,0,1,01,A01
201000036250,0,07,000,00,2,4,23,B01
201000036251,0,07,000,00,2,1,01,B01
201000036251,0,07,000,00,2,8,01,A01
201000036252,0,07,000,00,2,7,01,B01
201000036252,0,02,000,00,2,1,09,A01
201000036253,0,07,000,12,2,9,00,A01
201000036253,0,07,000,00,2,4,01,B01
201000036254,0,01,000,00,2,8,00,A01
201000036254,0,07,000,00,9,1,01,B01
201000036255,0,02,000,00,2,9,01,B01
201000036255,0,10,000,00,2,8,09,A01
201000036256,0,07,000,00,2,1,02,A01
201000036256,0,07,000,00,2,4,02,B01
201000036256,0,07,000,00,2,1,02,C01
201000036257,0,01,000,00,2,0,00,A01
201000036257,0,07,000,00,9,2,00,B01
201000036258,0,10,000,00,2,4,23,B01
201000036258,0,30,000,00,2,1,02,A01
201000036259,0,07,000,00,1,2,00,A01
201000036260,0,01,000,00,9,1,00,A01
201000036260,0,02,000,00,9,1,00,B01
201000036261,0,02,000,00,2,0,02,B01
201000036261,0,07,000,00,9,0,02,A01
201000036262,0,07,000,00,2,4,02,D01
201000036262,0,07,000,00,2,4,02,B01
201000036262,0,07,000,00,2,1,02,A01
201000036262,0,07,000,00,2,4,02,C01
201000036263,0,07,000,00,2,1,09,A01
201000036263,0,30,000,00,2,2,01,B01
201000036264,0,30,000,00,2,1,01,B01
201000036264,0,07,000,00,2,3,15,A01
201000036265,0,07,000,00,9,3,01,A01
201000036265,0,02,000,00,2,0,01,B01
201000036265,0,07,000,00,9,8,00,C01
201000036266,0,07,000,00,1,1,01,A01
201000036267,0,07,000,09,0,1,14,A01
201000036268,0,10,000,00,2,0,13,A01
201000036268,0,07,000,00,2,1,15,B01
201000036269,0,07,000,00,2,2,02,B01
201000036269,0,07,000,00,2,0,15,A01
201000036269,0,07,000,00,2,3,23,C01
201000036269,0,07,000,00,2,3,23,D01
201000036270,0,07,000,00,2,7,12,A01
201000036270,0,07,000,00,2,2,00,B01
201000036271,0,07,000,00,1,1,12,A01
201000036272,0,07,000,00,1,7,00,A01
201000036273,0,07,000,00,2,2,09,A01
201000036273,0,33,000,00,2,1,01,B01
201000036274,0,07,000,08,2,3,01,A01
201000036274,0,07,000,08,2,2,02,B01
201000036275,0,07,000,00,1,1,02,A01
201000036276,0,07,000,00,1,0,01,A01
201000036277,0,07,000,00,1,0,01,A01
201000036278,0,07,000,00,1,3,15,A01
201000036279,0,07,000,00,2,1,17,A01
201000036279,0,07,000,00,2,1,16,C01
201000036279,0,07,000,00,0,8,01,B01
201000036280,0,07,000,00,2,3,17,A01
201000036280,0,07,000,00,2,3,15,B01
201000036281,0,07,000,00,2,2,09,A01
201000036281,0,33,000,00,2,1,01,B01
201000036282,0,07,000,00,2,1,01,B01
201000036282,0,07,000,00,2,1,13,A01
201000036283,0,07,000,00,2,1,13,A01
201000036283,0,07,000,00,2,1,01,B01
201000036284,0,07,000,00,1,3,01,A01
201000036285,0,07,000,00,1,2,01,A01
201000036286,0,07,000,00,2,1,01,A01
201000036286,0,07,000,00,2,2,01,B01
201000036287,0,07,000,00,2,2,15,A01
201000036287,0,30,000,00,2,1,01,B01
201000036288,0,07,000,00,2,6,23,B01
201000036288,0,07,000,00,2,1,02,A01
201000036289,0,32,000,00,0,1,21,B01
201000036289,0,07,000,00,0,0,20,A01
201000036290,0,07,000,00,2,7,01,B01
201000036290,0,02,000,00,2,1,01,A01
201000036291,0,30,000,00,2,1,02,B01
201000036291,0,07,000,00,2,3,02,A01
201000036292,0,07,000,00,2,5,01,B01
201000036292,0,01,000,00,2,1,01,A01
201000036293,0,30,000,01,0,1,01,A01
201000036294,0,07,000,00,1,1,01,A01
201000036295,0,07,000,00,2,8,13,A01
201000036295,0,07,000,00,2,3,01,B01
201000036296,0,07,000,03,0,2,01,A01
201000036297,0,02,000,00,2,1,02,A01
201000036297,0,07,000,00,2,4,02,B01
201000036298,0,07,000,00,2,7,17,B01
201000036298,0,02,000,00,2,8,13,A01
201000036299,0,16,000,00,2,6,02,B01
201000036299,0,07,000,00,2,2,13,A01
201000036300,0,07,000,00,2,8,01,B01
201000036300,0,07,000,00,2,1,00,A01
201000036301,0,07,000,13,0,1,13,A01
201000036302,0,07,000,01,2,2,01,B01
201000036302,0,07,000,00,2,3,20,A01
201000036303,0,10,000,00,1,3,15,A01
201000036304,1,31,000,00,2,0,01,B01
201000036304,0,07,000,00,9,2,15,A01
201000036305,0,07,000,00,2,3,01,B01
201000036305,2,07,000,00,2,1,01,A01
201000036306,0,07,000,00,2,1,01,A01
201000036306,0,07,000,00,2,1,01,B01
201000036307,0,07,000,06,0,1,01,A01
201000036308,0,07,000,01,0,1,02,B01
201000036308,0,07,000,03,0,1,02,A01
201000036308,0,07,000,01,0,1,02,C01
201000036309,0,07,000,00,1,1,01,A01
201000036310,1,07,000,00,2,1,17,A01
201000036310,0,07,000,00,2,1,01,B01
201000036311,0,07,000,03,2,1,05,A01
201000036311,0,07,000,00,2,1,01,B01
201000036312,0,02,000,00,1,1,01,A01
201000036313,0,07,000,00,2,2,12,A01
201000036313,0,32,000,00,2,7,01,B01
201000036314,0,07,000,00,1,2,15,A01
201000036315,0,07,000,00,2,6,23,B01
201000036315,0,07,000,12,2,3,01,A01
201000036316,0,07,000,00,1,1,16,A01
201000036317,0,10,000,00,1,1,01,A01
201000036318,0,07,000,00,2,1,16,A01
201000036318,0,07,000,00,2,4,23,B01
201000036319,0,07,000,00,2,3,13,A01
201000036319,0,02,000,00,2,1,01,B01
201000036320,0,07,000,00,2,2,17,A01
201000036321,0,07,000,00,2,1,01,B01
201000036321,0,07,000,07,2,1,01,A01
201000036322,0,02,000,08,0,1,13,A01
201000036323,0,07,000,00,1,1,01,A01
201000036324,0,17,000,00,1,1,01,A01
201000036325,0,07,000,00,1,5,01,A01
201000036326,0,07,000,00,2,1,01,B01
201000036326,0,10,000,00,2,2,01,A01
201000036327,0,07,000,00,2,2,01,B01
201000036327,0,07,000,00,2,2,01,A01
201000036328,0,07,000,00,1,2,01,A01
201000036329,0,07,000,00,2,1,01,A01
201000036329,0,30,000,00,2,1,01,B01
201000036330,0,07,000,00,2,4,02,B01
201000036330,0,07,000,00,2,1,02,A01
201000036331,0,07,000,00,2,2,01,B01
201000036331,0,30,000,00,2,3,09,A01
201000036332,0,33,000,00,2,1,01,B01
201000036332,0,07,000,00,2,1,15,A01
201000036333,0,01,000,00,2,3,13,A01
201000036333,0,03,000,00,9,7,17,B01
201000036334,0,07,000,00,1,0,17,A01
201000036335,0,07,000,00,2,6,09,A01
201000036335,0,33,000,00,2,7,01,B01
201000036336,0,37,100,00,1,7,00,A01
201000036337,0,07,000,00,2,1,15,A01
201000036337,0,31,000,00,2,1,01,B01
201000036338,0,07,000,00,2,1,01,A01
201000036338,0,07,000,00,2,6,10,B01
201000036339,0,07,000,00,2,1,02,A01
201000036339,0,02,000,00,2,7,02,B01
201000036340,0,07,000,00,2,1,01,B01
201000036340,0,30,000,00,2,1,01,A01
201000036341,0,07,000,00,1,1,15,A01
201000036342,0,07,000,00,1,3,01,A01
201000036343,0,07,000,00,1,2,01,A01
201000036344,0,01,000,00,9,4,00,A01
201000036344,0,33,000,00,9,2,01,B01
201000036345,0,20,000,00,9,5,15,A01
201000036346,0,07,000,00,9,2,09,A01
201000036346,0,01,000,00,2,1,01,B01
201000036347,0,07,000,00,2,3,01,B01
201000036347,0,07,000,00,2,1,01,C01
201000036347,0,07,000,00,2,1,13,A01
201000036348,0,01,000,00,2,1,00,B01
201000036348,2,02,000,00,0,0,00,Z01
201000036349,0,02,000,00,2,1,01,B01
201000036349,0,07,000,00,2,6,09,A01
201000036350,0,33,000,00,2,1,01,B01
201000036350,0,07,000,00,2,8,10,A01
201000036351,0,01,000,00,2,1,19,A01
201000036351,0,07,000,00,2,3,01,B01
201000036352,0,07,000,00,1,3,01,A01
201000036353,0,07,000,15,0,1,13,A01
201000036354,0,07,000,00,1,1,01,A01
201000036355,0,07,000,00,2,1,02,A01
201000036355,0,07,000,00,2,4,01,B01
201000036356,0,30,000,00,2,3,01,B01
201000036356,0,07,000,00,2,5,15,A01
201000036357,0,07,000,00,2,5,01,B01
201000036357,0,02,000,00,2,3,00,A01
201000036358,0,07,000,00,2,3,01,B01
201000036358,0,02,000,00,2,8,09,A01
201000036359,0,31,000,00,2,1,01,B01
201000036359,0,07,000,00,2,8,09,A01
201000036360,0,01,000,00,2,8,01,B01
201000036360,0,07,000,00,2,5,01,A01
201000036361,0,02,000,01,0,2,01,A01
201000036362,0,07,000,00,1,2,01,A01
201000036363,0,02,000,00,2,1,01,A01
201000036363,0,07,000,00,2,2,15,B01
201000036364,0,07,000,02,0,1,16,A01
201000036365,0,31,000,00,0,6,01,B01
201000036365,1,07,000,00,0,0,11,Z01
201000036366,0,02,000,00,2,7,01,B01
201000036366,0,07,000,00,2,3,09,A01
201000036367,0,07,000,00,1,0,17,A01
201000036368,0,02,000,00,2,1,01,B01
201000036368,0,07,000,00,2,8,09,A01
201000036369,0,31,000,00,2,1,01,B01
201000036369,0,07,000,00,2,2,01,A01
201000036370,0,07,000,00,2,2,01,A01
201000036370,0,01,000,00,9,1,15,B01
201000036371,0,07,000,00,2,3,10,A01
201000036371,0,02,000,01,2,1,01,B01
201000036372,0,07,000,00,2,3,01,B01
201000036372,0,02,000,00,2,1,09,A01
201000036373,0,02,000,00,2,7,01,A01
201000036373,0,07,000,00,2,2,15,B01
201000036374,0,07,000,00,2,2,20,B01
201000036374,0,02,000,00,2,1,01,A01
201000036375,0,07,000,00,2,3,01,B01
201000036375,0,02,000,00,2,3,01,A01
201000036376,0,07,000,00,1,2,01,A01
201000036377,0,07,000,00,2,1,05,A01
201000036377,0,07,000,00,2,1,01,B01
201000036378,0,07,000,01,0,1,13,A01
201000036379,0,33,000,00,2,1,01,B01
201000036379,0,07,000,00,2,7,15,A01
201000036380,0,07,000,00,1,1,01,B01
201000036380,0,07,000,07,2,0,01,A01
201000036381,0,07,000,00,1,2,15,A01
201000036382,0,07,000,00,2,3,15,A01
201000036382,0,33,000,00,2,7,01,B01
201000036383,0,07,000,00,2,6,13,A01
201000036383,0,07,000,00,2,3,01,B01
201000036384,0,07,000,14,0,1,01,A01
201000036385,0,07,000,00,2,2,09,A01
201000036385,0,30,000,01,2,9,01,B01
201000036386,0,07,000,00,2,8,24,A01
201000036386,0,01,000,00,2,1,01,B01
201000036387,0,07,000,00,2,4,01,B01
201000036387,0,07,000,00,2,1,01,A01
201000036388,0,07,000,00,2,1,13,A01
201000036388,0,07,000,00,2,1,01,B01
201000036389,0,30,000,00,2,1,17,B01
201000036389,0,07,000,00,2,3,13,A01
201000036390,0,07,000,00,2,2,01,B01
201000036390,0,30,000,01,2,1,13,A01
201000036391,0,07,000,00,1,0,01,A01
201000036392,0,01,000,00,2,1,01,B01
201000036392,0,07,000,00,9,3,09,A01
201000036393,0,07,000,00,1,6,04,A01
201000036394,0,33,000,00,2,3,18,A01
201000036394,0,10,000,00,2,2,01,B01
201000036395,0,07,000,00,2,8,09,A01
201000036395,0,07,000,00,2,1,01,B01
201000036396,0,14,000,00,2,2,15,A01
201000036396,0,07,000,00,2,8,01,B01
201000036397,0,02,000,00,2,0,17,A01
201000036397,0,10,000,00,2,8,02,B01
201000036398,0,07,000,00,1,2,01,A01
201000036399,0,02,000,00,2,3,02,A01
201000036399,0,07,000,00,2,2,16,B01
201000036400,0,37,010,00,1,0,01,A01
201000036401,0,10,000,00,1,1,16,A01
201000036402,0,10,000,00,1,1,01,A01
201000036403,0,01,000,00,2,8,19,B01
201000036403,0,07,000,00,2,1,01,A01
201000036404,0,10,000,00,1,2,01,A01
201000036405,0,07,000,00,2,8,09,A01
201000036405,0,07,000,00,2,1,01,B01
201000036406,0,07,000,01,0,2,01,A01
201000036407,0,07,000,06,0,1,00,A01
201000036408,0,07,000,00,2,2,09,A01
201000036408,0,33,000,00,1,1,01,B01
201000036409,0,07,000,00,1,2,01,A01
201000036410,0,10,000,00,1,1,15,A01