Num_Acc,senc,catv,occutc,obs,obsm,choc,manv,num_veh
201000040526,0,07,000,00,2,3,15,A01
201000040527,2,10,000,12,0,1,13,A01
201000040528,0,07,000,00,2,1,01,B01
201000040528,0,07,000,00,2,1,01,A01
201000040529,0,07,000,00,2,1,01,B01
201000040529,0,01,000,00,2,5,15,A01
201000040530,0,07,000,00,1,2,01,A01
201000040531,0,40,000,00,2,8,01,A01
201000040531,0,07,000,00,4,1,01,B01
201000040532,0,07,000,00,2,4,23,B01
201000040532,0,07,000,00,2,1,02,A01
201000040532,0,07,000,00,2,4,23,C01
201000040533,0,07,000,00,2,3,01,B01
201000040533,0,01,000,00,2,1,01,A01
201000040534,0,07,000,00,1,2,01,A01
201000040535,0,07,000,00,2,1,01,B01
201000040535,0,07,000,00,2,3,15,A01
201000040536,0,07,000,00,1,2,01,A01
201000040537,0,01,000,00,2,1,19,A01
201000040537,0,01,000,00,2,1,01,B01
201000040538,0,07,000,00,2,7,01,B01
201000040538,0,07,000,00,2,5,04,A01
201000040539,0,10,000,00,1,1,17,A01
201000040540,0,07,000,00,2,1,01,A01
201000040540,0,07,000,00,2,7,15,B01
201000040541,0,07,000,00,9,1,00,A01
201000040542,0,07,000,08,0,1,01,A01
201000040543,0,01,000,00,2,3,19,B01
201000040543,0,07,000,00,2,1,01,A01
201000040544,0,07,000,00,2,1,00,A01
201000040544,0,02,000,00,2,7,01,B01
201000040545,0,07,000,00,2,1,01,A01
201000040545,0,01,000,00,2,7,19,B01
201000040546,0,07,000,00,2,2,15,A01
201000040546,0,02,000,00,2,1,01,B01
201000040547,0,33,000,00,2,1,01,B01
201000040547,0,07,000,00,2,1,01,A01
201000040548,0,01,000,01,0,3,01,B01
201000040548,0,07,000,00,2,2,24,A01
201000040549,0,07,000,00,2,3,16,A01
201000040549,0,02,000,00,2,1,01,B01
201000040550,0,02,000,00,2,1,01,A01
201000040550,0,07,000,00,2,4,01,B01
201000040551,0,07,000,00,2,1,02,A01
201000040551,0,07,000,00,2,9,02,B01
201000040551,0,14,000,00,2,4,02,C01
201000040552,0,07,000,00,1,1,01,A01
201000040553,0,07,000,00,2,3,24,A01
201000040553,0,01,000,01,0,1,01,B01
201000040554,0,07,000,00,1,1,01,A01
201000040555,0,07,000,00,2,2,15,A01
201000040555,0,07,000,00,2,1,01,B01
201000040556,0,07,000,00,1,3,01,A01
201000040557,0,40,001,00,2,1,01,B01
201000040557,0,07,000,00,4,7,00,A01
201000040558,0,07,000,00,2,3,01,B01
201000040558,0,07,000,00,2,3,15,A01
201000040559,0,07,000,00,2,4,01,B01
201000040559,0,07,000,00,2,1,01,A01
201000040560,0,07,000,00,2,3,01,B01
201000040560,0,07,000,00,2,1,01,A01
201000040561,0,07,000,00,1,1,01,A01
201000040562,0,02,000,00,2,1,00,B01
201000040562,0,07,000,00,2,1,00,A01
201000040563,0,02,000,09,0,1,13,A01
201000040564,0,07,000,00,2,5,15,A01
201000040564,0,02,000,00,2,1,01,B01
201000040565,0,07,000,01,2,8,15,A01
201000040565,0,07,000,00,2,3,01,B01
201000040566,0,37,001,00,1,1,01,A01
201000040567,0,07,000,00,0,0,10,B01
201000040567,0,33,000,00,0,0,01,A01
201000040568,0,07,000,00,2,8,01,A01
201000040568,0,07,000,00,2,1,01,B01
201000040569,0,10,000,00,9,1,01,B01
201000040569,0,01,000,00,2,8,19,A01
201000040570,0,01,000,00,1,0,01,A01
201000040571,0,37,015,00,1,2,01,A01
201000040572,0,33,000,00,2,8,01,B01
201000040572,0,07,000,00,2,0,15,A01
201000040573,0,07,000,00,2,1,01,A01
201000040573,0,01,000,00,2,4,19,B01
201000040574,0,07,000,00,2,1,01,A01
201000040574,0,07,000,00,2,4,01,C01
201000040574,0,07,000,00,2,4,01,B01
201000040575,0,07,000,00,2,8,01,B01
201000040575,0,07,000,00,2,7,01,A01
201000040576,0,01,000,00,1,1,01,A01
201000040577,0,07,000,00,2,8,01,A01
201000040577,0,02,000,00,2,1,01,B01
201000040578,0,07,000,00,2,3,01,B01
201000040578,0,01,000,00,2,1,15,A01
201000040579,0,07,000,00,2,4,01,C01
201000040579,0,07,000,00,2,4,01,B01
201000040579,0,07,000,00,2,1,01,A01
201000040580,0,07,000,00,2,3,01,A01
201000040580,0,07,000,00,2,8,24,C01
201000040580,0,07,000,00,2,3,17,B01
201000040581,0,07,000,15,0,1,15,A01
201000040582,0,07,000,00,1,3,01,A01
201000040583,0,40,001,00,2,1,01,B01
201000040583,0,07,000,00,4,1,01,A01
201000040584,0,07,000,00,2,1,01,A01
201000040584,0,07,000,00,2,7,00,B01
201000040585,0,07,000,00,2,5,15,A01
201000040585,0,30,000,00,2,1,18,B01
201000040586,0,07,000,00,1,2,01,A01
201000040587,0,07,000,00,2,5,01,A01
201000040587,0,07,000,00,2,1,01,B01
201000040588,0,07,000,00,2,7,01,B01
201000040588,0,07,000,00,2,2,14,A01
201000040589,0,01,000,00,2,3,01,B01
201000040589,0,07,000,00,2,2,11,A01
201000040590,0,30,000,00,2,1,01,B01
201000040590,0,07,000,00,2,1,01,A01
201000040591,0,07,000,00,2,2,01,A01
201000040591,0,07,000,00,2,8,01,B01
201000040592,0,07,000,00,2,1,01,B01
201000040592,0,07,000,00,2,3,15,A01
201000040593,0,07,000,00,2,1,16,A01
201000040593,0,01,000,00,2,7,19,B01
201000040594,0,07,000,00,2,1,01,B01
201000040594,0,07,000,00,2,7,15,A01
201000040595,0,32,000,14,0,1,01,A01
201000040596,0,07,000,00,2,1,01,A01
201000040596,0,07,000,00,2,4,01,B01
201000040597,0,07,000,00,9,8,22,A01
201000040597,0,01,000,01,0,1,01,B01
201000040598,0,02,000,00,0,1,01,A01
201000040599,0,07,000,00,2,3,01,B01
201000040599,0,02,000,00,2,1,01,A01
201000040600,0,07,000,00,1,1,16,A01
201000040601,0,17,000,00,2,2,01,B01
201000040601,0,07,000,00,2,6,18,A01
201000040602,0,07,000,00,2,1,09,A01
201000040602,0,32,000,00,2,7,01,B01
201000040603,0,07,000,00,1,1,01,A01
201000040604,0,10,000,00,2,1,02,A01
201000040604,0,07,000,00,2,4,23,B01
201000040605,0,07,000,00,1,3,01,A01
201000040606,0,07,000,00,2,7,01,A01
201000040606,0,01,000,00,2,7,19,B01
201000040607,0,10,000,00,2,3,02,A01
201000040607,0,07,000,00,2,4,02,B01
201000040608,0,33,000,00,2,1,01,B01
201000040608,0,07,000,00,2,3,15,A01
201000040609,0,07,000,00,2,4,02,C01
201000040609,0,07,000,00,2,1,01,A01
201000040609,0,07,000,00,2,4,02,B01
201000040610,0,30,000,00,1,1,01,A01
201000040611,0,07,000,00,2,8,20,B01
201000040611,0,32,000,00,2,7,01,A01
201000040612,0,40,000,00,1,2,01,A01
201000040613,0,07,000,00,2,8,22,A01
201000040613,0,01,000,01,0,1,01,B01
201000040614,1,07,000,00,2,0,00,A01
201000040614,0,07,000,00,2,7,01,B01
201000040615,0,07,000,00,1,7,01,A01
201000040616,0,37,001,00,2,2,16,B01
201000040616,0,01,000,00,2,1,07,A01
201000040617,0,07,000,00,1,1,01,A01
201000040618,0,07,000,00,2,1,01,B01
201000040618,0,07,000,00,2,1,01,A01
201000040619,0,07,000,00,2,3,15,A01
201000040619,0,32,000,00,2,1,01,B01
201000040620,0,07,000,02,0,5,01,A01
201000040621,0,07,000,07,0,1,13,A01
201000040622,0,07,000,04,0,3,01,A01
201000040623,0,07,000,00,2,1,01,B01
201000040623,0,07,000,00,2,4,04,A01
201000040624,0,07,000,00,1,1,01,A01
201000040625,0,07,000,00,2,1,01,B01
201000040625,0,01,000,00,2,7,19,A01
201000040626,0,01,000,00,2,7,01,B01
201000040626,0,01,000,00,2,7,01,A01
201000040627,0,07,000,00,2,4,04,A01
201000040627,0,01,000,00,2,8,15,B01
201000040628,0,01,000,00,2,1,01,B01
201000040628,0,10,000,00,2,4,10,A01
201000040629,0,40,000,00,1,1,01,A01
201000040630,0,07,000,00,2,2,16,A01
201000040630,0,01,000,00,2,1,01,B01
201000040631,0,07,000,01,2,4,01,B01
201000040631,0,07,000,00,2,1,01,A01
201000040632,0,34,000,00,2,8,01,B01
201000040632,0,07,000,00,2,3,15,A01
201000040633,0,07,000,00,2,9,01,C01
201000040633,0,07,000,00,2,1,01,A01
201000040633,0,07,000,00,2,4,01,D01
201000040633,0,07,000,00,2,9,01,B01
201000040634,0,02,000,00,1,1,01,A01
201000040635,0,07,000,00,1,2,01,A01
201000040636,1,07,000,00,2,3,01,A01
201000040636,1,07,000,00,2,3,01,B01
201000040637,0,07,000,00,2,2,16,A01
201000040637,0,01,000,00,2,4,00,B01
201000040638,0,07,000,00,1,3,01,A01
201000040639,0,07,000,00,1,1,01,A01
201000040640,0,07,000,00,2,1,01,B01
201000040640,0,01,000,00,2,3,01,A01
201000040641,0,02,000,03,0,1,01,A01
201000040642,0,07,000,00,2,4,01,B01
201000040642,0,07,000,00,2,1,01,A01
201000040643,0,07,000,00,2,1,01,A01
201000040643,0,07,000,00,2,8,15,B01
201000040644,0,30,000,00,2,4,01,B01
201000040644,0,07,000,00,2,1,01,A01
201000040645,0,07,000,00,2,3,01,B01
201000040645,0,07,000,00,2,2,17,A01
201000040646,0,07,000,00,2,2,15,A01
201000040646,0,02,000,00,2,1,01,B01
201000040647,0,07,000,01,0,1,01,A01
201000040647,0,07,000,01,2,4,24,B01
201000040648,0,01,000,00,2,1,05,B01
201000040648,0,03,000,00,2,1,01,A01
201000040649,0,10,000,00,1,1,01,A01
201000040650,0,07,000,00,2,7,01,B01
201000040650,0,07,000,00,2,1,01,A01
201000040651,0,07,000,00,2,1,16,A01
201000040651,0,01,000,00,2,8,19,B01
201000040652,0,07,000,00,2,4,01,B01
201000040652,0,07,000,00,2,1,01,A01
201000040653,0,02,000,00,2,1,01,B01
201000040653,0,07,000,00,2,1,01,A01
201000040654,0,10,000,00,2,4,15,B01
201000040654,0,30,000,00,2,1,15,A01
201000040655,0,01,000,01,0,1,21,B01
201000040655,0,07,000,00,2,8,22,A01
201000040655,0,37,015,00,2,2,17,C01
201000040656,0,07,000,00,2,1,01,B01
201000040656,0,10,000,00,2,2,01,A01
201000040657,0,01,000,00,2,1,15,A01
201000040657,0,07,000,00,2,1,01,B01
201000040658,0,07,000,00,2,4,01,A01
201000040658,0,07,000,00,2,1,01,B01
201000040659,0,02,000,00,2,4,02,B01
201000040659,0,02,000,00,2,1,02,A01
201000040660,1,02,000,00,1,1,01,Z01
201000040661,0,07,000,00,2,1,02,A01
201000040661,0,07,000,00,2,4,02,C01
201000040661,0,07,000,00,2,4,02,B01
201000040662,0,07,000,00,1,1,15,A01
201000040663,1,07,000,00,2,1,01,A01
201000040663,0,32,000,00,2,4,01,B01
201000040664,0,01,000,00,2,1,01,A01
201000040664,0,01,000,00,2,1,01,B01
201000040665,1,07,000,00,2,1,01,A01
201000040666,0,07,000,00,2,3,01,B01
201000040666,0,30,000,01,2,8,01,A01
201000040667,0,07,000,00,2,4,23,C01
201000040667,0,07,000,00,2,4,23,B01
201000040667,0,07,000,00,2,1,01,A01
201000040668,0,07,000,00,0,0,15,B01
201000040668,0,02,000,00,0,0,01,A01
201000040669,0,07,000,00,2,3,01,B01
201000040669,0,30,000,00,2,1,01,A01
201000040670,0,07,000,00,2,5,15,B01
201000040670,0,02,000,00,2,1,01,A01
201000040671,0,07,000,00,2,4,02,B01
201000040671,0,07,000,00,2,1,02,A01
201000040671,0,07,000,00,2,4,02,C01
201000040672,0,10,000,00,2,2,01,B01
201000040672,0,07,000,00,2,8,15,A01
201000040673,0,01,000,00,1,1,01,A01
201000040674,0,07,000,00,1,1,01,A01
201000040675,0,07,000,00,2,3,15,B01
201000040675,0,30,000,00,2,2,17,A01
201000040676,0,30,000,12,0,1,01,A01
201000040677,0,07,000,00,1,1,15,A01
201000040678,0,07,000,00,1,1,01,A01
201000040679,1,30,000,00,1,0,00,Z01
201000040680,0,07,000,00,2,1,01,A01
201000040680,0,07,000,00,2,4,01,B01
201000040681,0,40,000,00,1,7,01,A01
201000040682,0,07,000,01,0,2,01,A01
201000040682,0,07,000,00,2,2,24,B01
201000040683,0,07,000,00,1,2,01,A01
201000040684,0,01,000,00,1,1,01,A01
201000040685,0,32,000,00,2,1,17,A01
201000040685,0,07,000,00,2,6,15,B01
201000040686,0,07,000,00,2,4,02,B01
201000040686,0,07,000,00,2,1,02,A01
201000040687,0,07,000,00,2,3,15,A01
201000040687,0,15,000,00,2,3,01,B01
201000040688,0,07,000,00,2,4,24,B01
201000040688,0,07,000,01,0,1,01,A01
201000040689,0,07,000,00,2,1,01,A01
201000040689,0,37,001,00,2,7,01,B01
201000040690,0,01,000,00,2,7,15,A01
201000040690,0,07,000,00,2,1,01,B01
201000040691,0,34,000,00,1,1,01,A01
201000040692,0,07,000,00,2,8,01,B01
201000040692,0,10,000,00,2,8,13,A01
201000040693,0,07,000,00,2,8,10,A01
201000040693,0,32,000,00,2,7,17,B01
201000040694,0,07,000,00,2,6,15,B01
201000040694,0,32,000,00,2,1,17,A01
201000040695,0,34,000,00,2,1,01,B01
201000040695,0,07,000,00,2,2,15,A01
201000040696,0,01,000,00,2,1,01,B01
201000040696,0,10,000,00,0,7,00,A01
201000040697,0,07,000,00,2,4,01,B01
201000040697,0,07,000,00,2,1,02,A01
201000040698,0,07,000,00,2,1,00,A01
201000040698,0,01,000,00,2,1,05,B01
201000040699,0,01,000,00,2,8,01,B01
201000040699,1,30,000,00,2,1,16,A01
201000040700,1,07,000,00,1,0,01,Z01
201000040701,0,01,000,00,2,1,01,A01
201000040701,0,01,000,00,2,1,00,B01
201000040702,0,07,000,00,9,0,24,A01
201000040702,0,01,000,00,0,4,00,B01
201000040703,0,07,000,00,2,1,01,B01
201000040703,0,07,000,00,2,1,13,A01
201000040704,0,07,000,00,2,1,01,B01
201000040704,0,07,000,00,2,7,01,A01
201000040705,0,07,000,00,2,1,10,A01
201000040705,0,30,000,00,2,8,01,B01
201000040706,0,30,000,00,2,1,02,A01
201000040706,0,01,000,00,2,4,02,B01
201000040707,0,10,000,00,2,1,23,A01
201000040707,0,10,000,00,2,4,23,B01
201000040708,0,07,000,00,2,1,16,B01
201000040708,0,01,000,00,2,0,01,A01
201000040709,0,07,000,01,0,1,13,A01
201000040710,0,37,001,00,2,8,01,B01
201000040710,0,07,000,01,2,1,14,A01
201000040711,0,01,000,00,2,8,01,A01
201000040711,0,07,000,00,2,1,01,B01
201000040712,0,01,000,00,2,7,19,B01
201000040712,0,07,000,00,2,3,01,A01
201000040713,0,14,000,00,2,2,16,B01
201000040713,0,30,000,00,2,8,18,A01
201000040714,0,07,000,00,2,4,23,C01
201000040714,0,07,000,00,2,4,23,B01
201000040714,0,07,000,00,2,1,02,A01
201000040715,0,02,000,00,2,1,01,B01
201000040715,0,07,000,00,2,7,15,A01
201000040716,0,07,000,00,2,1,02,B01
201000040716,0,07,000,00,2,4,23,A01
201000040716,0,07,000,00,2,1,02,C01
201000040717,0,01,000,00,2,1,13,B01
201000040717,0,07,000,00,2,7,20,A01
201000040718,0,07,000,00,2,1,01,B01
201000040718,0,07,000,00,2,7,15,A01
201000040719,0,07,000,00,2,1,01,B01
201000040719,0,01,000,00,2,1,01,A01
201000040720,0,37,002,00,2,1,02,A01
201000040720,0,07,000,00,2,4,23,B01
201000040721,0,07,000,00,1,1,01,A01
201000040722,0,07,000,00,2,7,15,B01
201000040722,0,07,000,00,2,1,01,A01
201000040723,0,07,000,00,1,3,19,A01
201000040724,0,07,000,00,1,5,17,A01
201000040725,0,33,000,00,1,7,01,A01
201000040726,0,07,000,00,2,4,23,B01
201000040726,0,02,000,00,2,6,01,A01
201000040727,0,01,000,00,0,1,19,A01
201000040727,0,07,000,00,2,1,01,B01
201000040728,0,40,000,00,1,1,01,A01
201000040729,0,07,000,00,0,0,11,A01
201000040729,0,30,000,00,2,0,01,B01
201000040730,0,37,001,00,1,0,24,B01
201000040730,0,07,000,00,1,1,01,A01
201000040731,0,01,000,00,4,3,19,A01
201000040731,0,40,000,00,2,2,01,B01
201000040732,0,07,000,00,2,1,15,A01
201000040732,0,30,000,00,2,2,01,B01
201000040733,0,07,000,01,1,3,21,A01
201000040734,0,07,000,00,2,3,01,B01
201000040734,0,07,000,00,2,1,19,A01
201000040735,1,30,000,00,2,1,19,A01
201000040735,0,07,000,00,2,2,01,B01
201000040736,0,01,000,00,2,0,01,B01
201000040736,0,07,000,00,2,1,01,A01
201000040737,0,07,000,00,2,7,01,B01
201000040737,0,17,000,00,2,5,04,A01
201000040738,1,07,000,00,2,1,01,A01
201000040738,0,01,000,00,2,4,15,B01
201000040739,0,01,000,00,2,7,15,B01
201000040739,0,07,000,00,2,1,15,A01
201000040740,0,01,000,00,2,0,00,B01
201000040740,1,07,000,00,2,1,00,A01
201000040741,0,14,000,00,2,2,01,B01
201000040741,0,01,000,00,2,1,01,A01
201000040742,0,40,000,00,1,1,01,A01
201000040743,0,07,000,00,2,1,01,B01
201000040743,0,01,000,00,2,1,15,A01
201000040744,0,07,000,00,2,1,01,B01
201000040744,0,07,000,00,2,3,01,A01
201000040745,0,07,000,00,2,1,01,B01
201000040745,0,07,000,06,2,7,10,A01
201000040746,1,01,000,00,2,0,01,A01
201000040746,0,33,000,00,0,0,01,B01
201000040747,0,03,000,00,1,1,01,A01
201000040748,0,01,000,01,0,1,01,B01
201000040748,0,07,000,00,2,8,22,A01
201000040749,0,02,000,00,2,8,01,B01
201000040749,0,07,000,00,2,1,15,A01
201000040750,0,34,000,12,0,1,16,A01
201000040751,0,10,000,00,4,8,15,A01
201000040751,0,40,000,00,2,1,01,B01
201000040752,0,01,000,00,0,0,00,A01
201000040753,0,30,000,02,0,1,01,A01
201000040754,0,07,000,00,2,1,01,A01
201000040754,0,07,000,00,2,4,01,B01
201000040755,0,07,000,00,1,2,01,A01
201000040756,0,01,000,00,2,1,01,B01
201000040756,1,07,000,00,2,8,01,A01
201000040757,0,02,000,00,2,1,01,A01
201000040757,0,07,000,00,2,8,16,B01
201000040758,0,33,000,00,1,1,01,A01
201000040759,0,30,000,09,0,1,01,A01
201000040760,0,10,000,00,2,1,01,B01
201000040760,0,01,000,00,2,8,01,A01
201000040761,0,07,000,00,2,5,16,B01
201000040761,0,30,000,00,2,1,18,A01
201000040762,0,30,000,00,2,1,01,B01
201000040762,0,07,000,00,2,3,04,A01
201000040763,0,07,000,00,1,1,01,A01
201000040764,0,30,000,00,1,1,01,A01
201000040765,0,07,000,00,1,4,20,A01
201000040766,0,07,000,00,2,7,01,A01
201000040766,0,07,000,00,2,1,01,B01
201000040767,1,01,000,00,1,0,00,Z01
201000040768,0,01,000,00,2,1,01,B01
201000040768,0,07,000,00,2,3,15,A01
201000040769,0,01,000,00,2,8,18,B01
201000040769,0,15,000,00,2,1,16,A01
201000040770,0,01,000,00,2,5,01,A01
201000040770,0,07,000,00,2,1,01,B01
201000040771,0,07,000,07,2,1,01,A01
201000040771,0,07,000,01,2,3,01,B01
201000040772,0,01,000,00,2,8,15,B01
201000040772,0,07,000,00,2,1,01,A01
201000040773,0,07,000,00,2,2,01,A01
201000040773,0,07,000,00,2,4,01,B01
201000040774,0,10,000,00,2,8,00,B01
201000040774,0,31,000,00,2,1,17,A01
201000040775,0,07,000,00,2,1,02,A01
201000040775,0,10,000,00,2,4,01,B01
201000040776,0,07,000,00,2,2,15,A01
201000040776,0,07,000,00,0,1,01,B01
201000040777,0,07,000,00,2,8,15,B01
201000040777,0,30,000,00,2,1,01,A01
201000040778,0,10,000,00,2,1,16,A01
201000040778,0,01,000,00,2,1,01,B01
201000040779,0,01,000,00,2,1,01,A01
201000040779,0,07,000,00,2,2,16,B01
201000040780,0,07,000,00,2,5,01,A01
201000040780,0,07,000,00,2,1,01,B01
201000040781,0,37,020,00,2,4,23,B01
201000040781,0,07,000,00,2,1,01,A01
201000040782,0,10,000,00,0,0,09,A01
201000040782,0,33,000,00,0,0,01,B01
201000040783,0,07,000,00,2,3,01,B01
201000040783,0,07,000,00,2,1,01,A01
201000040784,0,07,000,00,2,3,01,A01
201000040784,0,07,000,00,2,8,15,B01
201000040785,0,07,000,12,0,1,01,A01
201000040786,0,07,000,00,2,2,01,B01
201000040786,0,07,000,00,2,3,15,A01
201000040787,0,07,000,00,0,0,01,A01
201000040788,0,01,000,00,2,1,01,A01
201000040788,0,07,000,00,2,1,01,B01
201000040789,0,02,000,00,0,1,01,A01
201000040790,0,07,000,00,2,4,02,B01
201000040790,0,07,000,00,2,1,02,A01
201000040791,0,01,000,00,2,1,01,A01
201000040791,0,07,000,00,2,1,16,B01
201000040792,0,07,000,00,2,6,15,B01
201000040792,0,30,000,00,2,1,15,A01
201000040793,0,33,000,00,0,8,15,A01
201000040794,0,02,000,00,2,1,01,B01
201000040794,0,07,000,00,2,2,15,A01
201000040795,0,07,000,00,2,3,10,B01
201000040795,0,32,000,00,2,7,01,A01
201000040796,0,01,000,00,2,1,01,B01
201000040796,0,07,000,00,2,2,15,A01
201000040797,0,30,000,00,0,0,01,A01
201000040798,0,07,000,00,2,1,01,A01
201000040798,0,07,000,00,2,6,01,B01
201000040799,0,30,000,00,2,1,15,B01
201000040799,0,07,000,00,2,8,15,A01
201000040800,0,07,000,14,0,1,16,A01
201000040801,0,31,000,00,1,1,01,A01
201000040802,0,07,000,00,2,4,02,B01
201000040802,0,10,000,00,2,1,02,A01
201000040803,0,02,000,00,2,1,17,B01
201000040803,0,07,000,00,2,8,15,A01
201000040804,0,07,000,00,2,1,15,B01
201000040804,0,01,000,00,2,4,01,A01
201000040805,0,07,000,00,2,4,01,B01
201000040805,0,02,000,00,2,1,01,A01
201000040806,0,07,000,00,2,1,01,A01
201000040807,0,10,000,00,2,7,01,A01
201000040807,0,01,000,00,2,0,01,B01
201000040808,0,07,000,00,2,1,01,A01
201000040808,0,07,000,00,2,4,01,B01
201000040809,0,01,000,00,2,1,01,A01
201000040809,0,07,000,00,2,8,01,B01
201000040810,0,07,000,00,1,1,01,A01
201000040811,0,07,000,16,0,0,01,A01
201000040812,0,01,000,00,2,1,01,B01
201000040812,1,07,000,00,2,2,14,Z01
201000040813,0,01,000,00,2,7,19,A01
201000040813,0,40,000,00,2,1,01,B01
201000040814,0,07,000,00,2,4,01,B01
201000040814,0,07,000,00,2,1,01,A01
201000040815,0,07,000,00,2,3,01,A01
201000040815,0,01,000,00,2,1,15,B01
201000040816,0,07,000,00,2,3,15,A01
201000040816,0,07,000,00,2,6,01,B01
201000040817,0,01,000,00,2,1,01,B01
201000040817,0,07,000,00,2,3,01,A01
201000040818,0,07,000,02,0,8,01,A01
201000040819,0,07,000,00,2,1,01,A01
201000040819,0,07,000,00,2,8,01,B01
201000040820,0,03,000,07,2,9,01,A01
201000040820,0,17,000,00,2,3,15,B01
201000040821,0,07,000,14,0,2,01,A01
201000040822,0,07,000,09,0,2,15,A01
201000040823,0,32,000,00,2,1,01,B01
201000040823,0,07,000,00,2,3,15,A01
201000040824,0,07,000,00,1,1,01,A01
201000040825,0,07,000,00,2,7,12,A01
201000040825,0,07,000,00,2,8,01,B01
201000040826,0,07,000,00,9,1,16,A01
201000040826,0,01,000,00,2,8,01,B01
201000040827,0,07,000,01,0,2,01,A01
201000040828,0,07,000,01,2,1,01,B01
201000040828,0,01,000,00,2,2,01,A01
201000040829,0,07,000,00,2,1,23,B01
201000040829,0,30,000,00,2,1,05,A01
201000040830,0,07,000,00,2,4,02,B01
201000040830,0,07,000,00,2,1,02,A01
201000040831,0,10,000,08,0,1,01,A01
201000040832,0,07,000,00,1,1,01,A01
201000040833,0,07,000,00,1,2,01,A01
201000040834,0,07,000,00,1,3,01,A01
201000040835,2,02,000,08,0,1,14,A01
201000040836,0,07,000,00,2,7,01,A01
201000040836,0,07,000,00,2,1,01,B01
201000040837,0,32,000,00,2,1,01,A01
201000040837,0,07,000,00,2,5,15,B01
201000040838,0,13,000,08,0,1,10,A01
201000040839,0,32,000,00,2,1,01,B01
201000040839,0,07,000,00,2,8,10,A01
201000040840,0,07,000,00,2,7,15,A01
201000040840,0,07,000,00,2,1,19,B01
201000040841,0,07,000,00,2,2,23,A01
201000040841,0,01,000,00,2,1,05,B01
201000040842,0,07,000,01,0,1,13,A01
201000040843,0,07,000,00,2,1,01,B01
201000040843,0,32,000,00,2,1,01,A01
201000040844,0,07,000,00,1,3,01,A01
201000040845,0,10,000,00,2,7,19,A01
201000040845,0,33,000,00,2,3,16,B01
201000040846,0,33,000,00,2,1,01,B01
201000040846,0,07,000,00,2,8,15,A01
201000040847,0,07,000,00,1,1,01,A01
201000040848,0,07,000,00,2,6,23,B01
201000040848,0,33,000,00,2,3,01,A01
201000040848,0,07,000,00,2,3,23,C01
201000040849,0,01,000,00,2,8,01,B01
201000040849,0,07,000,00,2,2,17,A01
201000040850,0,07,000,11,0,3,13,A01
201000040851,0,07,000,00,2,8,01,B01
201000040851,0,30,000,00,2,8,16,A01
201000040852,0,40,000,00,1,1,01,A01
201000040853,0,10,000,00,2,3,15,B01
201000040853,0,33,000,00,2,1,01,A01
201000040854,0,10,000,00,2,1,10,A01
201000040854,0,31,000,00,2,1,01,B01
201000040855,0,07,000,00,2,1,01,B01
201000040855,0,07,000,00,2,5,01,A01
201000040856,0,10,000,00,2,7,01,A01
201000040856,0,33,000,00,2,1,01,B01
201000040857,0,07,000,00,2,2,16,A01
201000040857,0,07,000,00,2,8,01,B01
201000040857,0,33,000,00,2,1,01,C01
201000040858,0,30,000,00,2,1,01,B01
201000040858,0,07,000,00,2,8,10,A01
201000040859,0,07,000,00,2,7,01,B01
201000040859,0,01,000,00,2,6,09,A01
201000040860,0,30,000,00,2,0,01,A01
201000040860,0,07,000,00,2,3,09,B01
201000040861,0,07,000,00,2,4,02,B01
201000040861,0,07,000,00,2,1,02,A01
201000040862,0,33,000,00,1,1,01,A01
201000040863,0,07,000,01,0,8,01,A01
201000040864,0,15,000,00,2,6,01,B01
201000040864,0,15,000,11,2,1,01,A01
201000040865,0,07,000,00,2,2,13,A01
201000040865,0,37,046,00,2,1,01,B01
201000040866,0,07,000,00,2,3,01,B01
201000040866,0,07,000,00,2,2,19,A01
201000040867,0,02,000,00,2,1,01,A01
201000040867,0,07,000,00,2,3,24,B01
201000040868,0,02,000,00,2,1,17,B01
201000040868,0,07,000,00,2,3,21,A01
201000040869,0,07,000,00,2,4,23,C01
201000040869,0,07,000,00,2,1,01,A01
201000040869,0,07,000,00,2,4,23,B01
201000040870,0,07,000,00,2,6,01,B01
201000040870,0,02,000,00,2,1,01,A01
201000040871,0,02,000,00,2,8,15,A01
201000040871,0,33,000,00,2,1,01,B01
201000040872,0,07,000,00,2,5,22,A01
201000040872,0,01,000,00,2,1,01,B01
201000040873,0,07,000,00,2,6,01,B01
201000040873,0,02,000,00,2,1,01,A01
201000040874,0,07,000,00,2,3,15,A01
201000040874,0,01,000,00,2,8,19,B01
201000040875,0,07,000,00,2,7,15,A01
201000040875,0,02,000,00,2,1,01,B01
201000040876,0,02,000,00,1,1,01,A01
201000040877,0,07,000,00,1,8,01,A01
201000040878,0,01,000,00,2,1,01,A01
201000040878,0,07,000,00,2,3,01,B01
201000040879,0,07,000,00,2,1,02,A01
201000040879,0,07,000,00,2,6,02,B01
201000040880,0,07,000,00,1,4,04,A01
201000040881,0,07,000,00,2,3,15,B01
201000040881,0,30,000,00,2,7,17,A01
201000040882,0,07,000,00,2,6,11,A01
201000040882,0,07,000,00,2,2,01,B01
201000040883,0,07,000,00,2,3,01,B01
201000040883,0,07,000,00,2,3,15,A01
201000040884,0,07,000,09,0,1,16,A01
201000040885,0,07,000,01,2,2,01,B01
201000040885,0,07,000,11,2,7,01,A01
201000040886,0,07,000,00,2,8,15,B01