Num_Acc,senc,catv,occutc,obs,obsm,choc,manv,num_veh
201000040886,0,02,000,00,2,2,17,A01
201000040887,0,07,000,00,2,1,01,A01
201000040888,0,30,000,00,2,8,02,B01
201000040888,0,07,000,00,2,7,02,A01
201000040889,1,07,000,00,2,1,02,Z01
201000040889,0,20,000,00,2,4,02,A01
201000040890,0,01,000,00,2,1,09,A01
201000040890,0,01,000,00,2,7,01,B01
201000040891,0,07,000,01,0,1,01,A01
201000040891,0,17,000,00,2,4,24,B01
201000040892,0,07,000,00,2,8,11,A01
201000040892,0,33,000,00,2,7,01,B01
201000040893,0,07,000,00,2,3,01,B01
201000040893,0,07,000,00,2,6,09,A01
201000040894,0,07,000,00,2,4,02,B01
201000040894,0,10,000,00,2,1,02,A01
201000040895,0,07,000,00,2,3,01,B01
201000040895,0,02,000,00,2,7,17,A01
201000040896,0,07,000,00,1,1,01,A01
201000040897,0,07,000,00,2,8,01,B01
201000040897,0,07,000,00,2,1,01,A01
201000040898,1,07,000,00,0,0,01,Z01
201000040898,0,07,000,00,2,1,01,A01
201000040898,0,07,000,00,2,4,01,B01
201000040899,0,07,000,00,2,4,01,B01
201000040899,0,07,000,00,2,1,01,A01
201000040900,2,02,000,00,1,1,01,Z01
201000040901,0,07,000,00,2,8,15,A01
201000040901,0,32,000,00,2,3,01,B01
201000040902,0,33,000,00,2,5,12,B01
201000040902,0,07,000,00,2,3,01,A01
201000040903,0,30,000,00,2,1,01,B01
201000040903,0,07,000,00,2,1,13,A01
201000040904,0,07,000,00,2,1,15,A01
201000040904,0,01,000,00,2,8,01,B01
201000040905,0,07,000,00,2,3,01,B01
201000040905,0,07,000,00,2,1,01,A01
201000040906,0,02,000,00,2,1,01,B01
201000040906,0,07,000,00,2,2,01,A01
201000040907,0,02,000,00,2,8,01,B01
201000040907,0,07,000,00,2,3,15,A01
201000040908,0,07,000,00,2,8,22,A01
201000040908,0,01,000,00,2,1,01,B01
201000040909,0,02,000,02,0,1,12,A01
201000040910,1,07,000,00,2,1,01,Z01
201000040910,0,07,000,00,2,4,02,A01
201000040911,0,01,000,00,2,8,19,B01
201000040911,1,07,000,00,2,1,16,A01
201000040912,0,07,000,00,2,1,01,A01
201000040912,0,31,000,00,2,4,23,B01
201000040913,0,07,000,00,2,5,15,A01
201000040913,0,30,000,00,2,1,01,B01
201000040914,0,07,000,00,2,4,23,B01
201000040914,0,07,000,00,2,1,01,A01
201000040914,0,07,000,00,2,4,23,C01
201000040915,0,07,000,04,0,1,01,A01
201000040916,0,07,000,00,2,2,01,A01
201000040916,0,01,000,00,2,4,01,B01
201000040917,0,07,000,00,1,1,01,A01
201000040918,0,07,000,00,2,8,01,A01
201000040918,0,02,000,00,2,1,01,B01
201000040919,0,33,000,00,1,1,17,A01
201000040919,0,01,000,00,2,8,19,B01
201000040920,0,37,001,00,1,5,01,A01
201000040921,0,01,000,00,2,7,01,B01
201000040921,0,07,000,00,2,1,09,A01
201000040922,0,07,000,00,2,7,16,B01
201000040922,0,30,000,00,2,1,01,A01
201000040923,0,07,000,00,2,1,16,A01
201000040923,0,01,000,00,2,8,01,B01
201000040924,0,07,000,00,2,1,01,A01
201000040924,0,07,000,00,2,4,01,B01
201000040925,0,07,000,00,1,8,01,A01
201000040926,0,40,000,00,1,2,01,A01
201000040927,0,07,000,00,2,1,15,A01
201000040927,0,32,000,00,2,1,01,B01
201000040928,0,01,000,00,2,3,01,B01
201000040928,0,07,000,00,2,1,01,A01
201000040929,0,07,000,00,2,1,01,B01
201000040929,0,07,000,00,2,1,15,A01
201000040930,0,32,000,00,1,1,01,A01
201000040931,0,07,000,00,2,4,01,B01
201000040931,0,07,000,00,2,1,02,A01
201000040932,0,07,000,00,1,3,01,A01
201000040933,0,07,000,00,1,1,15,A01
201000040934,0,01,000,00,2,1,09,A01
201000040934,0,31,000,00,2,5,01,B01
201000040935,0,30,000,00,2,8,01,A01
201000040935,0,07,000,00,2,7,16,B01
201000040936,0,07,000,00,9,7,15,A01
201000040936,0,01,000,00,2,3,01,B01
201000040937,0,07,000,00,1,3,01,A01
201000040938,0,07,000,00,2,3,16,A01
201000040938,0,30,000,00,2,1,01,B01
201000040939,0,01,000,00,2,0,01,B01
201000040939,0,07,000,00,2,1,15,A01
201000040940,0,10,000,00,1,4,04,A01
201000040941,0,07,000,00,2,7,01,B01
201000040941,0,07,000,00,2,1,13,A01
201000040942,0,07,000,00,2,8,15,B01
201000040942,0,07,000,00,2,1,01,A01
201000040943,0,33,000,01,0,1,00,A01
201000040944,0,07,000,00,0,1,01,A01
201000040945,0,07,000,00,1,7,01,A01
201000040946,0,01,000,00,2,8,01,A01
201000040946,0,07,000,00,2,7,01,B01
201000040947,0,07,000,00,2,7,15,A01
201000040947,0,30,000,00,2,1,01,B01
201000040948,0,07,000,00,1,1,16,A01
201000040949,0,07,000,00,2,3,09,A01
201000040949,0,02,000,00,2,1,01,B01
201000040950,0,07,000,00,2,1,01,A01
201000040950,0,07,000,00,2,4,13,B01
201000040951,0,07,000,00,2,1,01,A01
201000040951,0,07,000,00,2,4,01,B01
201000040952,0,07,000,00,2,8,24,A01
201000040952,0,01,000,00,2,1,01,B01
201000040953,0,30,000,00,2,1,15,A01
201000040953,0,01,000,00,2,1,01,B01
201000040954,0,01,000,00,2,5,19,B01
201000040954,0,07,000,00,2,1,01,A01
201000040955,0,07,000,00,2,1,15,B01
201000040955,0,30,000,00,2,1,01,A01
201000040956,0,07,000,00,2,3,15,A01
201000040956,0,07,000,00,2,3,01,B01
201000040957,0,07,000,00,2,4,01,B01
201000040957,0,07,000,00,2,1,01,A01
201000040958,0,07,000,00,2,8,10,A01
201000040958,0,31,000,00,2,1,01,B01
201000040959,0,07,000,00,2,2,09,A01
201000040959,0,01,000,00,2,1,01,B01
201000040960,1,07,000,00,2,1,09,Z01
201000040960,0,01,000,00,2,5,01,B01
201000040961,0,07,000,01,1,6,23,C01
201000040961,0,07,000,00,0,3,01,A01
201000040961,0,07,000,01,2,4,23,B01
201000040962,0,07,000,00,0,4,23,B01
201000040962,0,33,000,00,2,1,02,A01
201000040963,1,32,000,00,1,1,01,Z01
201000040964,0,07,000,08,0,1,01,A01
201000040965,0,01,000,00,1,1,01,A01
201000040966,0,01,000,00,2,3,01,B01
201000040966,0,07,000,00,2,7,15,A01
201000040967,0,33,000,00,2,1,01,B01
201000040967,0,07,000,00,2,5,15,A01
201000040968,0,07,000,00,2,4,01,B01
201000040968,0,07,000,00,2,1,01,A01
201000040969,0,07,000,00,1,1,00,A01
201000040970,0,01,000,00,1,1,01,A01
201000040971,0,01,000,00,1,1,01,A01
201000040972,0,07,000,00,2,1,01,A01
201000040972,0,07,000,00,2,6,01,B01
201000040973,0,30,000,00,2,1,01,B01
201000040973,0,07,000,00,2,2,13,A01
201000040974,0,07,000,00,2,2,01,A01
201000040974,0,07,000,00,2,3,01,B01
201000040975,0,07,000,00,1,1,00,A01
201000040976,0,07,000,00,2,1,16,A01
201000040976,0,01,000,00,2,6,01,B01
201000040977,0,07,000,00,1,1,01,A01
201000040978,0,07,000,00,1,1,00,A01
201000040979,0,07,000,00,2,2,01,A01
201000040979,0,07,000,00,2,8,01,B01
201000040980,0,07,000,00,2,5,04,A01
201000040980,0,37,001,00,2,2,01,B01
201000040981,0,07,000,00,2,1,01,A01
201000040981,0,01,000,00,2,1,01,B01
201000040982,0,07,000,00,2,1,01,A01
201000040982,0,01,000,00,2,8,15,B01
201000040983,0,38,002,00,2,1,01,C01
201000040983,0,31,000,00,2,7,21,B01
201000040983,0,07,000,00,0,0,09,A01
201000040984,0,01,000,00,1,1,01,A01
201000040985,0,40,000,00,1,2,01,A01
201000040986,0,07,000,00,1,1,15,A01
201000040987,0,07,000,00,2,7,15,A01
201000040987,0,02,000,00,2,1,01,B01
201000040988,0,07,000,00,2,1,16,A01
201000040988,0,01,000,00,2,6,01,B01
201000040989,0,07,000,00,2,8,20,B01
201000040989,0,02,000,00,2,1,17,A01
201000040990,0,07,000,00,1,3,15,A01
201000040991,0,07,000,00,1,1,01,A01
201000040992,1,07,000,00,1,1,01,Z01
201000040993,0,01,000,00,9,1,13,A01
201000040993,0,01,000,00,2,1,01,B01
201000040994,0,07,000,00,2,1,01,B01
201000040994,0,07,000,00,2,1,15,A01
201000040995,0,07,000,00,2,2,16,B01
201000040995,0,30,000,00,2,1,01,A01
201000040996,0,07,000,00,2,8,09,B01
201000040996,0,01,000,00,2,1,17,A01
201000040997,0,07,000,00,2,3,01,B01
201000040997,0,01,000,00,2,0,00,A01
201000040998,0,07,000,00,1,1,01,A01
201000040999,1,37,000,00,1,7,01,A01
201000041000,0,07,000,00,2,4,01,B01
201000041000,1,07,000,00,2,1,01,Z01
201000041001,0,07,000,00,2,8,01,B01
201000041001,0,01,000,00,2,1,01,A01
201000041002,0,33,000,00,2,8,01,B01
201000041002,0,07,000,00,2,2,15,A01
201000041003,0,07,000,00,0,0,17,A01
201000041003,0,30,000,00,0,7,01,B01
201000041004,0,07,000,00,2,4,01,A01
201000041004,0,07,000,00,2,1,01,B01
201000041005,0,07,000,00,2,3,16,A01
201000041005,0,07,000,00,2,3,01,B01
201000041006,0,07,000,00,2,2,01,A01
201000041006,0,30,000,00,2,7,01,B01
201000041007,0,07,000,00,2,3,15,A01
201000041007,0,30,000,00,2,3,01,B01
201000041008,0,07,000,00,2,1,02,A01
201000041008,0,07,000,00,2,4,23,B01
201000041009,0,07,000,00,2,8,11,A01
201000041009,0,30,000,00,2,7,01,B01
201000041010,0,07,000,00,2,1,01,A01
201000041010,0,07,000,00,2,3,01,B01
201000041011,0,07,000,00,2,4,01,B01
201000041011,0,07,000,00,2,2,16,A01
201000041012,0,01,000,00,2,0,18,B01
201000041012,0,07,000,00,2,0,01,A01
201000041013,0,07,000,00,1,1,01,A01
201000041014,0,10,000,00,2,1,01,A01
201000041014,0,07,000,00,2,4,01,B01
201000041015,0,32,000,00,2,8,01,B01
201000041015,1,07,000,00,2,0,15,Z01
201000041016,0,01,000,00,2,8,01,B01
201000041016,0,07,000,00,2,3,24,A01
201000041017,0,01,000,00,2,7,01,B01
201000041017,0,07,000,00,2,1,15,A01
201000041018,0,07,000,00,4,7,16,A01
201000041018,0,40,000,00,2,1,01,B01
201000041019,0,15,000,00,4,7,10,A01
201000041019,0,40,000,00,2,1,01,B01
201000041020,0,01,000,00,4,7,19,A01
201000041020,0,40,000,00,2,1,01,B01
201000041021,0,07,000,00,1,2,01,A01
201000041022,0,07,000,00,1,3,01,A01
201000041023,0,07,000,00,2,1,01,A01
201000041023,0,07,000,00,2,4,02,B01
201000041024,0,07,000,00,1,1,01,A01
201000041025,0,07,000,00,1,1,01,A01
201000041026,0,07,000,00,2,7,15,A01
201000041026,0,30,000,00,2,6,01,B01
201000041026,0,07,000,00,2,1,01,C01
201000041027,0,07,000,00,2,4,02,B01
201000041027,0,07,000,00,2,1,02,A01
201000041027,0,07,000,00,2,4,02,C01
201000041028,0,07,000,00,2,3,01,B01
201000041028,0,07,000,00,2,1,15,A01
201000041029,0,14,000,00,1,1,16,A01
201000041030,0,40,000,00,1,1,01,A01
201000041031,0,07,000,00,2,1,15,A01
201000041031,0,01,000,00,2,8,01,B01
201000041032,0,07,000,00,1,1,01,A01
201000041033,0,07,000,00,2,1,01,B01
201000041033,0,07,000,00,2,5,15,A01
201000041034,0,10,000,00,1,1,16,A01
201000041035,0,01,000,00,2,1,01,B01
201000041035,0,01,000,00,2,1,01,A01
201000041036,0,07,000,00,2,3,01,B01
201000041036,0,07,000,00,2,2,01,A01
201000041037,0,30,000,00,2,1,01,B01
201000041037,0,07,000,00,2,8,15,A01
201000041038,0,10,000,00,2,1,01,A01
201000041038,0,07,000,01,0,4,24,D01
201000041038,0,07,000,00,2,1,01,B01
201000041039,0,07,000,00,2,4,01,B01
201000041039,0,07,000,00,2,1,01,A01
201000041040,0,07,000,00,2,1,01,C01
201000041040,0,15,000,00,2,4,01,B01
201000041040,0,07,000,00,2,1,17,A01
201000041041,0,07,000,00,2,8,23,B01
201000041041,0,07,000,00,2,1,16,A01
201000041042,0,07,000,00,2,2,01,B01
201000041042,0,10,000,00,2,1,01,A01
201000041043,1,07,000,00,2,1,01,Z01
201000041043,0,01,000,00,2,4,01,A01
201000041044,0,07,000,00,2,2,15,A01
201000041044,0,30,000,01,2,3,01,B01
201000041045,0,07,000,00,2,1,21,A01
201000041045,0,01,000,00,2,5,01,B01
201000041046,0,01,000,00,1,1,01,A01
201000041047,0,07,000,13,0,1,13,A01
201000041048,2,07,000,00,2,2,01,A01
201000041048,0,07,000,00,2,1,01,B01
201000041049,0,07,000,00,2,2,01,B01
201000041049,0,07,000,00,2,1,01,A01
201000041050,0,07,000,00,2,2,01,B01
201000041050,0,10,000,00,2,3,16,A01
201000041051,0,07,000,00,1,3,16,A01
201000041052,0,10,000,00,2,6,04,A01
201000041052,0,07,000,00,2,2,01,B01
201000041053,0,07,000,00,1,1,15,A01
201000041054,0,07,000,00,2,1,15,A01
201000041054,0,33,000,00,2,8,01,B01
201000041055,0,30,000,00,2,1,05,A01
201000041055,0,15,000,00,2,1,23,B01
201000041056,0,07,000,00,1,3,01,A01
201000041057,1,07,000,00,2,1,02,Z01
201000041057,0,01,000,00,2,4,01,B01
201000041058,0,07,000,00,2,7,17,A01
201000041058,0,02,000,00,2,8,13,B01
201000041059,0,07,000,00,2,1,02,A01
201000041059,0,07,000,00,2,4,23,B01
201000041060,0,07,000,00,2,3,15,A01
201000041060,0,07,000,00,2,1,01,B01
201000041061,0,07,000,00,2,6,23,B01
201000041061,0,31,000,00,2,6,02,A01
201000041062,0,07,000,00,2,2,15,A01
201000041062,0,30,000,00,2,3,01,B01
201000041063,0,07,000,00,2,1,01,A01
201000041063,0,07,000,00,2,4,01,B01
201000041064,1,07,000,00,2,1,01,A01
201000041064,0,30,000,00,2,2,01,B01
201000041065,0,07,000,00,1,1,01,A01
201000041066,0,33,000,00,0,0,01,A01
201000041067,0,07,000,03,0,1,13,A01
201000041068,0,07,000,00,2,2,15,A01
201000041068,0,01,000,00,2,1,01,B01
201000041069,0,01,000,00,2,4,01,B01
201000041069,0,07,000,00,2,2,16,A01
201000041070,0,07,000,00,2,2,16,B01
201000041070,0,02,000,06,2,1,18,A01
201000041071,0,07,000,00,2,1,01,B01
201000041071,0,07,000,00,2,7,01,A01
201000041072,0,07,000,00,2,3,15,B01
201000041072,0,02,000,00,2,1,01,A01
201000041073,0,30,000,00,2,1,01,B01
201000041073,0,10,000,00,2,2,01,A01
201000041074,0,07,000,00,2,1,13,A01
201000041074,0,07,000,00,2,1,01,B01
201000041075,0,07,000,00,2,1,01,A01
201000041075,0,01,000,00,2,2,19,B01
201000041076,0,07,000,00,2,4,23,B01
201000041076,0,07,000,00,2,1,02,A01
201000041077,0,01,000,00,2,1,05,A01
201000041077,0,01,000,00,2,1,01,B01
201000041078,0,01,000,00,2,1,01,B01
201000041078,0,07,000,00,2,3,01,A01
201000041079,0,07,000,00,1,1,01,A01
201000041080,0,02,000,00,2,4,01,B01
201000041080,1,07,000,00,2,1,14,Z01
201000041081,0,07,000,00,2,8,01,B01
201000041081,0,01,000,00,2,1,01,A01
201000041082,0,07,000,00,1,1,01,A01
201000041083,0,01,000,00,1,0,01,A01
201000041084,0,02,000,00,2,1,01,B01
201000041084,0,07,000,00,2,3,01,A01
201000041085,0,01,000,00,2,8,01,B01
201000041085,0,14,000,00,2,5,01,A01
201000041086,0,07,000,01,0,8,01,A01
201000041087,0,07,000,08,0,1,01,A01
201000041088,0,07,000,00,2,9,01,A01
201000041088,0,07,000,00,2,3,01,B01
201000041089,0,07,000,00,1,2,01,A01
201000041090,0,01,000,01,2,2,19,B01
201000041090,0,07,000,00,2,3,01,A01
201000041091,0,30,000,00,2,7,01,A01
201000041091,0,03,000,00,2,8,01,B01
201000041092,0,01,000,00,2,1,05,A01
201000041092,0,07,000,00,9,1,09,B01
201000041093,0,37,001,00,1,2,01,A01
201000041094,0,07,000,01,0,1,01,A01
201000041095,0,07,000,09,2,3,01,B01
201000041095,0,07,000,00,2,2,01,A01
201000041096,0,07,000,00,2,1,01,A01
201000041096,0,02,000,00,2,4,23,B01
201000041097,0,07,000,00,2,2,16,A01
201000041097,0,01,000,00,2,1,01,B01
201000041098,0,07,000,00,2,3,11,B01
201000041098,0,30,000,00,2,1,01,A01
201000041099,0,07,000,00,1,2,01,A01
201000041100,0,07,000,00,2,8,07,A01
201000041100,0,37,010,00,2,7,01,B01
201000041101,0,07,000,00,2,4,23,B01
201000041101,0,32,000,00,2,1,01,A01
201000041102,0,30,000,00,1,1,17,A01
201000041103,0,07,000,09,0,1,16,A01
201000041104,0,07,000,00,1,1,15,A01
201000041105,0,07,000,00,2,3,01,B01
201000041105,0,07,000,00,2,2,01,A01
201000041106,0,07,000,00,2,2,15,A01
201000041106,0,02,000,00,0,1,01,B01
201000041107,0,07,000,00,2,6,01,B01
201000041107,0,07,000,00,2,2,15,A01
201000041108,0,01,000,00,2,1,01,B01
201000041108,0,07,000,00,2,8,22,A01
201000041109,0,30,000,00,1,1,01,A01
201000041110,0,07,000,00,1,1,01,A01
201000041111,0,07,000,00,2,1,01,A01
201000041111,0,07,000,00,2,3,01,B01
201000041112,0,07,000,00,2,1,01,A01
201000041112,0,07,000,00,2,1,01,B01
201000041113,0,01,000,00,2,5,19,B01
201000041113,0,07,000,00,2,2,01,A01
201000041114,0,07,000,00,1,2,01,A01
201000041115,0,07,000,00,2,1,02,A01
201000041115,0,07,000,00,0,4,02,B01
201000041116,0,01,000,00,2,7,05,B01
201000041116,0,07,000,00,9,3,01,A01
201000041117,2,07,000,00,2,0,01,A01
201000041117,0,01,000,00,2,8,01,B01
201000041118,0,07,000,00,0,3,01,B01
201000041118,0,07,000,00,0,2,01,A01
201000041119,0,07,000,00,1,1,16,A01
201000041120,0,01,000,00,2,5,02,B01
201000041120,0,07,000,00,2,8,11,A01
201000041121,0,07,000,00,2,8,01,B01
201000041121,0,07,000,00,2,1,15,A01
201000041122,0,30,000,08,0,3,01,A01
201000041123,0,07,000,00,1,1,01,A01
201000041124,0,01,000,00,2,7,01,B01
201000041124,0,07,000,00,2,1,15,A01
201000041125,0,30,000,00,2,1,01,B01
201000041125,0,07,000,00,2,5,15,A01
201000041126,0,07,000,00,1,1,01,A01
201000041127,0,07,000,00,1,1,01,A01
201000041128,0,07,000,00,1,3,01,A01
201000041129,0,01,000,00,1,1,00,A01
201000041130,0,07,000,01,2,1,17,B01
201000041130,0,01,000,01,2,8,15,A01
201000041131,0,30,000,00,0,0,00,A01
201000041132,0,07,000,00,2,1,01,B01
201000041132,0,07,000,00,2,2,15,A01
201000041133,0,10,000,00,1,2,01,A01
201000041134,0,07,000,09,2,6,01,A01
201000041134,0,07,000,00,2,1,00,B01
201000041135,0,07,000,08,0,1,14,A01
201000041136,0,07,000,00,1,2,01,A01
201000041137,0,07,000,00,2,1,01,D01
201000041137,0,07,000,03,2,7,17,B01
201000041137,0,07,000,00,2,3,01,C01
201000041137,0,07,000,00,2,1,01,F02
201000041137,0,17,000,00,2,8,00,A01
201000041137,0,07,000,00,2,3,01,E01
201000041138,0,07,000,00,2,1,02,A01
201000041138,0,07,000,00,0,4,00,B01
201000041139,0,07,000,00,1,4,04,A01
201000041140,0,07,000,00,2,4,01,B01
201000041140,0,07,000,00,2,1,01,A01
201000041141,0,02,000,00,2,1,01,B01
201000041141,0,07,000,00,2,2,15,A01
201000041142,0,07,000,00,1,1,01,A01
201000041143,0,07,000,00,1,5,01,A01
201000041144,0,07,000,00,1,3,01,A01
201000041145,0,07,000,00,1,5,04,A01
201000041146,2,07,000,02,0,2,02,A01
201000041147,0,31,000,00,2,1,01,B01
201000041147,0,07,000,00,2,2,16,A01
201000041148,0,07,000,00,2,4,02,A01
201000041148,0,07,000,00,0,1,01,B01
201000041149,0,33,000,02,0,1,01,A01
201000041150,0,07,000,00,2,3,15,A01
201000041150,0,33,000,00,2,1,01,B01
201000041151,0,07,000,00,9,7,01,B01
201000041151,0,30,000,00,2,3,18,A01
201000041152,0,07,000,00,2,2,15,A01
201000041152,0,01,000,00,2,8,01,B01
201000041153,0,37,005,00,0,8,01,B01
201000041153,0,01,000,00,2,2,12,A01
201000041154,0,07,000,00,2,6,11,B01
201000041154,0,07,000,00,2,1,01,A01
201000041155,0,07,000,00,1,4,04,A01
201000041156,0,02,000,00,2,1,01,B01
201000041156,0,07,000,00,2,7,15,A01
201000041157,0,30,000,01,0,1,14,A01
201000041158,0,07,000,00,1,2,01,A01
201000041159,0,07,000,00,1,7,01,A01
201000041160,0,07,000,00,2,4,23,C01
201000041160,0,07,000,00,2,1,02,A01
201000041160,0,07,000,00,2,4,23,D01
201000041160,0,07,000,00,2,4,23,B01
201000041161,0,07,000,00,2,3,01,B01
201000041161,0,07,000,00,2,1,00,A01
201000041162,0,07,000,00,2,1,09,A01
201000041162,0,07,000,00,2,4,02,B01
201000041163,0,07,000,00,2,2,02,A01
201000041163,0,07,000,00,2,4,02,B01
201000041164,1,07,000,00,1,1,01,Z01
201000041165,0,07,000,03,0,1,01,A01
201000041166,0,02,000,01,2,3,01,A01
201000041166,2,07,000,01,0,4,00,B01
201000041167,0,07,000,00,1,7,02,A01
201000041168,0,07,000,00,0,0,01,A01
201000041168,0,07,000,00,9,4,01,B01
201000041168,0,07,000,00,2,1,01,C01
201000041169,0,07,000,00,1,1,01,A01
201000041170,0,07,000,00,1,2,09,A01
201000041171,0,07,000,00,1,3,02,A01
201000041172,0,07,000,00,0,0,22,B01
201000041172,0,02,000,01,0,1,01,A01
201000041173,0,07,000,00,0,2,01,A01
201000041174,0,07,000,00,1,1,01,A01
201000041175,0,01,000,00,2,7,01,B01
201000041175,1,07,000,00,2,3,01,Z01
201000041176,0,07,000,00,1,8,01,A01
201000041177,0,07,000,00,1,2,01,A01
201000041178,0,01,000,00,2,7,21,B01
201000041178,0,07,000,00,0,1,16,A01
201000041179,0,10,000,05,0,1,01,A01
201000041180,0,10,000,00,2,8,01,B01
201000041180,0,10,000,00,2,1,01,A01
201000041181,0,07,000,00,0,0,16,B01
201000041181,0,32,000,00,0,0,01,A01
201000041182,0,07,000,00,1,2,01,A01
201000041183,0,30,000,00,9,8,00,A01
201000041184,0,07,000,00,2,6,01,A01
201000041184,0,32,000,00,0,0,00,B01
201000041185,0,07,000,00,0,2,09,A01
201000041185,0,02,000,00,0,0,09,B01
201000041186,0,07,000,00,1,1,01,A01
201000041187,0,07,000,00,1,8,01,A01
201000041188,0,07,000,00,1,1,01,A01
201000041189,0,07,000,00,2,1,02,A01
201000041189,0,07,000,00,0,4,02,B01
201000041190,0,07,000,00,2,8,02,A01
201000041190,0,33,000,00,2,3,00,B01
201000041191,0,07,000,00,0,3,01,B01
201000041191,0,07,000,00,2,3,01,A01
201000041192,0,01,000,00,0,0,21,B01
201000041192,0,07,000,00,0,0,24,A01
201000041193,0,07,000,00,1,3,01,A01
201000041194,0,33,000,00,2,1,01,B01
201000041194,0,32,000,00,2,1,01,A01
201000041195,0,02,000,00,2,1,00,A01
201000041195,0,07,000,00,2,2,01,B01
201000041196,0,07,000,00,2,1,01,B01
201000041196,0,02,000,00,2,1,15,A01
201000041197,0,02,000,00,2,1,01,B01
201000041197,0,07,000,00,2,1,15,A01
201000041198,0,07,000,00,2,1,01,A01
201000041198,0,02,000,00,2,7,19,B01
201000041199,0,07,000,00,1,3,01,A01
201000041200,0,07,000,00,1,1,01,A01
201000041201,0,07,000,00,2,1,01,A01
201000041201,0,07,000,00,0,4,23,B01
201000041202,0,07,000,00,1,4,04,A01
201000041203,0,07,000,00,2,2,15,A01
201000041203,0,01,000,00,2,1,01,B01
201000041204,0,07,000,00,1,2,03,A01
201000041205,0,02,000,00,0,2,17,B01
201000041205,0,07,000,00,0,3,15,A01
201000041206,0,07,000,00,2,3,15,B01
201000041206,0,33,000,00,2,1,01,A01
201000041207,1,07,000,00,2,1,02,Z01
201000041207,0,01,000,00,2,8,01,B01
201000041208,0,07,000,00,1,6,20,A01
201000041209,0,07,000,00,2,7,21,A01
201000041209,0,07,000,00,0,1,01,B01
201000041210,0,10,000,00,1,4,04,A01
201000041211,0,07,000,00,1,2,01,A01
201000041212,0,15,000,04,0,2,01,A01
201000041213,0,07,000,00,2,1,01,B01
201000041213,0,07,000,00,2,1,15,A01
201000041214,0,07,000,02,0,3,13,A01
201000041215,0,30,000,00,2,1,01,B01
201000041215,0,10,000,00,2,4,04,A01
201000041216,0,07,000,00,2,3,02,A01
201000041216,0,07,000,00,2,1,15,B01
201000041217,0,01,000,00,1,1,01,A01
201000041218,0,07,000,06,2,1,02,B01
201000041218,0,07,000,00,2,2,01,A01
201000041219,0,07,000,00,1,3,01,A01
201000041220,0,13,000,00,1,2,02,A01
201000041221,0,01,000,00,2,0,19,A01
201000041221,0,07,000,00,0,1,01,B01
201000041222,0,07,000,00,2,4,23,C01
201000041222,0,07,000,00,2,4,23,D01
201000041222,0,07,000,00,2,4,23,E01
201000041222,0,07,000,00,2,4,23,B01
201000041222,0,37,001,00,2,1,01,A01
201000041223,0,07,000,00,2,2,01,A01
201000041223,0,07,000,06,2,4,01,B01
201000041224,0,14,000,00,1,1,16,A01
201000041225,0,07,000,00,2,2,01,B01
201000041225,0,07,000,00,2,1,01,A01
201000041226,0,07,000,00,1,3,01,A01
201000041227,0,40,002,00,1,2,01,A01
201000041228,0,07,000,00,2,5,23,C01
201000041228,0,07,000,00,2,4,23,B01
201000041228,0,07,000,00,2,1,01,A01
201000041229,0,07,000,00,,4,00,A01
201000041229,0,07,000,00,2,1,01,B01
201000041230,0,01,000,00,2,2,15,B01
201000041230,0,07,000,00,2,3,09,A01
201000041231,0,36,000,08,2,1,01,B01
201000041231,0,07,000,08,2,3,01,A01
201000041232,0,30,000,00,2,1,01,B01
201000041232,0,07,000,14,2,3,15,A01
201000041233,0,07,000,00,2,1,15,A01
201000041233,0,07,000,00,2,3,02,B01
201000041234,0,30,000,00,2,1,01,A01
201000041234,0,30,000,00,2,5,01,B01
201000041235,0,07,000,00,2,5,15,A01
201000041235,0,01,000,00,0,1,01,B01
201000041236,0,07,000,00,2,3,01,B01
201000041236,0,07,000,00,2,8,01,A01
201000041237,0,01,000,00,2,7,01,B01
201000041237,0,07,000,00,2,1,15,A01
201000041238,0,02,000,00,2,1,01,B01
201000041238,0,07,000,00,2,3,15,A01
201000041239,0,07,000,00,1,1,01,A01
201000041240,0,07,000,00,2,1,01,B01
201000041240,0,07,000,00,2,3,01,A01
201000041241,0,33,000,00,2,1,01,B01
201000041241,0,07,000,00,0,8,10,A01
201000041242,0,07,000,00,2,2,01,B01
201000041242,0,07,000,03,0,6,01,A01
201000041243,0,07,000,00,1,1,01,A01
201000041244,0,07,000,14,2,2,01,A01
201000041244,0,07,000,00,2,3,09,B01
201000041245,0,02,000,00,1,2,01,A01
201000041246,0,07,000,00,2,1,13,A01
201000041246,0,37,001,00,2,3,01,B01
201000041247,0,02,000,00,2,1,01,A01
201000041247,0,07,000,00,2,8,15,B01
201000041248,0,14,000,00,0,1,15,A01
201000041248,0,07,000,00,2,3,01,B01
201000041249,0,07,000,00,0,6,23,C01
201000041249,0,07,000,00,0,3,09,A01
201000041249,0,02,000,00,2,2,00,B01
201000041250,0,01,000,00,0,8,15,B01
201000041250,0,07,000,00,2,7,01,A01
201000041251,0,30,000,00,2,3,01,B01
201000041251,0,10,000,00,0,2,14,A01
201000041252,0,07,000,00,1,4,04,A01
201000041253,0,31,000,00,1,1,01,A01
201000041254,0,10,000,00,1,1,01,A01
201000041255,0,07,000,00,9,7,15,A01
201000041255,0,01,000,00,2,1,01,B01
201000041256,0,01,000,00,2,4,01,B01