Num_Acc,senc,catv,occutc,obs,obsm,choc,manv,num_veh
201000043131,0,07,000,00,2,1,01,C01
201000043131,0,07,000,00,2,3,01,B01
201000043132,0,02,000,00,2,0,10,A01
201000043132,0,07,000,00,2,1,01,B01
201000043133,0,37,001,00,1,5,00,A01
201000043134,0,07,000,01,0,1,01,A01
201000043134,0,07,000,00,2,6,24,B01
201000043135,0,37,001,00,1,3,19,A01
201000043136,0,32,000,00,2,1,01,B01
201000043136,0,07,000,00,2,8,15,A01
201000043137,0,10,000,00,2,7,05,A01
201000043137,0,07,000,00,2,1,01,B01
201000043138,0,07,000,00,2,1,19,A01
201000043138,0,07,000,00,2,8,01,B01
201000043139,0,07,000,13,0,3,03,A01
201000043140,0,02,000,00,1,1,01,A01
201000043141,0,07,000,00,2,1,05,A01
201000043141,0,07,000,00,2,3,01,B01
201000043142,0,07,000,00,1,2,02,A01
201000043143,0,07,000,06,0,9,02,A01
201000043144,0,07,000,00,0,1,01,A01
201000043144,0,07,000,00,2,1,01,B01
201000043145,0,07,000,00,9,1,01,A01
201000043145,0,01,000,00,0,8,09,B01
201000043145,0,01,000,00,0,8,09,C01
201000043146,0,07,000,00,2,1,17,B01
201000043146,0,02,000,00,2,1,17,A01
201000043147,0,07,000,00,2,2,01,B01
201000043147,0,02,000,00,2,2,09,A01
201000043148,0,07,000,00,2,3,00,A01
201000043148,0,07,000,00,2,5,00,B01
201000043149,0,07,000,00,2,2,00,B01
201000043149,0,07,000,00,2,2,00,A01
201000043150,0,33,000,00,0,7,00,A01
201000043151,0,10,000,00,1,2,02,A01
201000043152,0,07,000,00,2,2,02,A01
201000043152,0,07,000,00,0,6,02,B01
201000043153,0,07,000,16,0,3,00,A01
201000043154,0,33,000,00,0,0,17,A01
201000043155,0,07,000,06,0,9,00,A01
201000043156,0,07,000,00,2,1,02,A01
201000043156,0,30,000,00,2,4,02,B01
201000043156,0,07,000,00,9,3,05,C01
201000043157,0,30,000,00,0,4,02,B01
201000043157,0,30,000,00,2,1,02,A01
201000043158,0,07,000,00,1,2,00,A01
201000043159,0,07,000,13,0,1,02,A01
201000043160,0,07,000,02,0,1,02,A01
201000043161,0,07,000,00,2,8,19,A01
201000043161,0,33,000,00,2,1,01,B01
201000043162,0,07,000,00,2,1,02,B01
201000043162,0,07,000,00,0,4,02,A01
201000043163,0,07,000,00,2,7,15,A01
201000043163,0,30,000,00,2,1,01,B01
201000043164,0,07,000,00,0,6,15,B01
201000043164,0,07,000,00,0,1,02,A01
201000043165,0,07,000,00,0,3,02,B01
201000043165,0,07,000,00,0,2,15,A01
201000043166,0,32,000,00,0,8,02,B01
201000043166,0,07,000,00,0,3,15,A01
201000043167,0,07,000,00,2,1,01,B01
201000043167,0,07,000,08,2,7,06,A01
201000043168,0,33,000,00,0,9,00,A01
201000043169,0,07,000,15,2,3,13,A01
201000043169,0,17,000,00,2,3,00,B01
201000043170,1,10,000,00,2,0,10,A01
201000043170,0,07,000,00,2,2,17,B01
201000043171,0,02,000,00,0,0,15,A01
201000043172,0,07,000,00,2,1,01,A01
201000043172,0,07,000,00,2,4,01,B01
201000043173,0,02,000,00,0,2,01,A01
201000043173,0,07,000,00,0,4,11,B01
201000043174,0,07,000,00,2,6,15,B01
201000043174,0,02,000,00,2,1,17,A01
201000043175,0,30,000,12,0,7,00,A01
201000043176,0,07,000,00,2,1,19,A01
201000043176,0,33,000,00,2,1,17,B01
201000043177,0,33,000,00,2,7,02,A01
201000043177,0,07,000,00,2,3,15,B01
201000043178,0,03,000,13,0,7,14,A01
201000043179,0,01,000,00,0,1,00,B01
201000043179,0,10,000,00,0,5,00,A01
201000043180,0,10,000,00,2,3,01,B01
201000043180,0,07,000,00,2,3,05,A01
201000043181,0,07,000,00,0,8,15,A01
201000043181,0,02,000,00,2,9,17,B01
201000043182,0,07,000,00,2,3,17,B01
201000043182,0,07,000,00,2,3,15,A01
201000043183,0,07,000,00,2,3,13,A01
201000043183,0,07,000,00,2,1,01,C01
201000043183,0,07,000,00,2,8,00,B01
201000043184,0,02,000,00,2,1,17,A01
201000043184,0,07,000,00,2,2,15,B01
201000043185,0,07,000,00,0,1,02,A01
201000043185,0,07,000,00,0,8,02,B01
201000043186,1,07,000,00,0,5,01,B01
201000043186,0,31,000,00,2,1,01,A01
201000043187,0,10,000,07,1,8,13,A01
201000043188,0,07,000,00,0,2,00,A01
201000043188,0,07,000,00,0,1,00,B01
201000043189,0,30,000,01,2,1,02,A01
201000043190,0,01,000,00,2,7,02,B01
201000043190,0,07,000,00,2,7,02,A01
201000043191,0,07,000,02,0,0,00,A01
201000043192,0,31,000,00,2,1,00,A01
201000043192,0,07,000,00,0,4,16,B01
201000043193,0,07,000,00,0,8,00,B01
201000043193,0,07,000,00,0,3,00,A01
201000043194,0,07,000,00,9,1,21,A01
201000043194,0,01,000,00,2,8,15,B01
201000043195,0,07,000,00,2,1,01,A01
201000043195,0,07,000,00,2,7,01,B01
201000043196,0,02,000,07,0,0,01,A01
201000043197,0,33,000,00,2,7,02,A01
201000043197,0,07,000,00,2,3,15,B01
201000043198,0,10,000,00,0,5,23,A01
201000043198,0,01,000,00,2,5,01,B01
201000043199,0,07,000,00,0,2,00,A01
201000043199,0,07,000,00,0,1,00,B01
201000043200,0,07,000,00,0,0,01,A01
201000043201,0,33,000,01,0,7,00,A01
201000043202,0,07,000,00,0,7,00,C01
201000043202,0,07,000,00,0,1,00,B01
201000043202,0,10,000,00,0,1,00,A01
201000043203,0,07,000,00,0,8,15,A01
201000043203,0,07,000,00,2,3,01,B01
201000043204,0,02,000,00,2,4,02,A01
201000043204,0,07,000,00,0,4,01,B01
201000043205,0,07,000,00,2,6,11,B01
201000043205,0,07,000,00,2,3,00,A01
201000043206,1,07,000,15,2,1,13,A01
201000043206,0,07,000,15,2,2,01,B01
201000043207,0,01,000,00,0,0,00,B01
201000043207,0,07,000,00,2,3,09,A01
201000043208,0,07,000,00,0,1,00,B01
201000043208,0,30,000,00,0,1,00,A01
201000043209,0,02,000,06,0,0,00,A01
201000043210,0,07,000,00,1,1,00,A01
201000043211,0,07,000,00,2,4,01,C01
201000043211,0,07,000,00,2,4,23,B01
201000043211,0,07,000,00,2,1,01,A01
201000043212,0,07,000,00,2,1,01,B01
201000043212,0,07,000,03,2,7,13,A01
201000043213,1,10,000,00,0,3,02,Z01
201000043213,0,33,000,00,0,8,02,B01
201000043214,0,07,000,00,0,4,02,B01
201000043214,1,07,000,01,0,0,00,A01
201000043215,0,30,000,00,2,1,02,A01
201000043215,0,07,000,00,0,6,02,B01
201000043216,0,33,000,16,0,8,13,A01
201000043217,0,07,000,00,2,4,23,B01
201000043217,0,07,000,00,2,1,01,A01
201000043218,0,07,000,00,1,0,01,A01
201000043219,0,07,000,00,0,4,02,B01
201000043219,0,07,000,00,0,1,02,A01
201000043220,0,07,000,00,0,4,02,A01
201000043221,0,07,000,00,1,1,09,A01
201000043222,0,07,000,00,0,3,02,B01
201000043222,0,07,000,00,0,2,15,A01
201000043223,0,07,000,00,2,1,01,B01
201000043224,0,07,000,00,1,6,00,A01
201000043225,0,07,000,00,1,3,01,A01
201000043226,0,31,000,00,2,1,01,B01
201000043226,0,07,000,00,2,3,15,A01
201000043227,0,07,000,00,1,3,02,A01
201000043228,0,07,000,02,0,9,01,A01
201000043229,0,07,000,00,1,3,01,A01
201000043230,0,07,000,02,0,2,01,A01
201000043231,0,01,000,00,2,8,01,B01
201000043231,1,07,000,00,2,2,01,A01
201000043232,0,07,000,00,0,0,00,A01
201000043233,0,07,000,01,0,3,18,A01
201000043233,0,07,000,01,2,3,01,B01
201000043234,0,07,000,00,2,4,24,B01
201000043234,0,07,000,01,0,1,17,A01
201000043235,0,07,000,00,2,3,01,C01
201000043235,0,14,000,00,2,2,05,B01
201000043235,0,07,000,00,9,1,02,D01
201000043235,0,07,000,00,2,3,13,A01
201000043236,0,33,000,00,0,9,01,A01
201000043237,0,01,000,00,2,4,02,B01
201000043237,0,07,000,00,9,1,02,A01
201000043238,0,07,000,00,2,1,11,A01
201000043238,0,30,000,00,2,1,01,B01
201000043239,0,07,000,02,0,2,14,A01
201000043240,0,07,000,06,0,1,13,A01
201000043241,0,07,000,02,0,1,01,A01
201000043242,0,07,000,02,0,9,13,A01
201000043243,0,17,000,00,2,6,02,B01
201000043243,0,33,000,00,2,1,02,A01
201000043244,0,07,000,00,2,1,09,A01
201000043244,0,07,000,00,2,2,01,B01
201000043244,0,07,000,00,9,6,01,C01
201000043245,0,07,000,00,0,1,01,A01
201000043246,0,01,000,12,0,0,01,A01
201000043247,0,07,000,00,0,3,00,A01
201000043247,0,07,000,00,0,0,00,B01
201000043248,0,33,000,00,6,7,01,A01
201000043249,0,07,000,00,2,1,01,B01
201000043249,0,07,000,02,2,0,11,A01
201000043250,0,07,000,00,2,1,21,B01
201000043250,0,07,000,00,2,8,10,A01
201000043251,0,07,000,01,0,8,14,A01
201000043251,0,17,000,01,0,4,24,B01
201000043252,0,01,000,00,2,4,02,B01
201000043252,0,01,000,00,2,2,02,A01
201000043253,0,01,000,00,0,0,01,A01
201000043254,0,07,000,00,0,0,09,A01
201000043255,0,33,000,00,0,3,02,A01
201000043256,0,02,000,00,2,1,05,A01
201000043256,0,07,000,00,2,1,01,B01
201000043257,0,07,000,02,0,1,01,A01
201000043258,0,07,000,00,2,3,01,B01
201000043258,0,07,000,00,2,1,05,A01
201000043259,0,33,000,00,2,3,01,B01
201000043259,0,07,000,00,2,7,12,A01
201000043259,0,07,000,00,2,1,01,C01
201000043259,0,07,000,00,2,1,02,D01
201000043260,0,01,000,00,2,6,01,B01
201000043260,0,07,000,00,9,7,01,A01
201000043261,0,30,000,00,1,1,00,A01
201000043262,0,07,000,00,1,2,16,A01
201000043263,0,30,000,00,2,1,01,B01
201000043263,0,07,000,00,2,3,11,A01
201000043264,0,01,000,01,0,1,01,A01
201000043265,0,10,000,02,0,3,16,A01
201000043266,0,15,000,00,0,0,13,A01
201000043266,0,07,000,02,0,1,17,B01
201000043267,0,07,000,00,2,8,01,A01
201000043267,0,07,000,00,2,1,01,B01
201000043268,0,07,000,00,2,2,19,A01
201000043268,0,33,000,00,2,1,01,B01
201000043269,0,07,000,02,0,2,02,A01
201000043270,0,01,000,00,2,4,02,B01
201000043270,0,07,000,00,2,2,02,A01
201000043271,0,07,000,00,2,3,09,A01
201000043271,0,01,000,12,2,1,01,B01
201000043272,0,07,000,00,2,1,01,B01
201000043272,0,07,000,00,2,7,01,A01
201000043273,0,07,000,00,2,7,11,A01
201000043273,0,33,000,00,2,1,01,B01
201000043274,0,07,000,00,0,4,02,A01
201000043274,0,01,000,00,2,1,02,B01
201000043275,0,13,000,00,1,1,15,A01
201000043276,0,33,000,00,2,1,01,A01
201000043276,0,07,000,00,2,2,15,B01
201000043277,0,07,000,02,0,9,01,A01
201000043278,0,01,000,00,0,8,00,B01
201000043278,0,07,000,00,9,2,17,A01
201000043279,0,07,000,00,2,6,15,A01
201000043279,0,07,000,00,2,1,01,B01
201000043280,0,07,000,00,1,1,01,A01
201000043281,0,07,000,00,2,1,13,A01
201000043281,0,07,000,00,2,1,01,B01
201000043282,0,33,000,00,2,1,03,B01
201000043282,0,07,000,00,2,7,15,A01
201000043283,0,02,000,00,1,1,01,A01
201000043284,0,07,000,00,1,1,01,A01
201000043285,1,07,000,00,2,3,05,A01
201000043285,1,32,000,00,2,1,01,B01
201000043286,0,07,000,00,1,1,01,A01
201000043287,0,07,000,00,2,2,01,B01
201000043287,0,07,000,14,2,1,05,A01
201000043288,0,07,000,00,2,1,11,B01
201000043288,0,13,000,00,2,1,01,A01
201000043289,0,07,000,00,1,1,01,A01
201000043290,0,07,000,00,1,1,00,A01
201000043291,0,07,000,00,0,4,02,B01
201000043291,0,07,000,00,2,1,05,A01
201000043292,0,07,000,00,0,1,00,A01
201000043292,0,07,000,00,0,6,02,B01
201000043293,0,07,000,00,0,4,23,B01
201000043293,0,02,000,14,0,1,02,A01
201000043294,0,07,000,00,1,2,01,A01
201000043295,0,07,000,00,2,3,01,A01
201000043295,0,33,000,00,2,1,01,B01
201000043296,0,07,000,00,1,2,01,A01
201000043297,0,07,000,00,2,3,13,A01
201000043297,0,07,000,00,2,3,01,B01
201000043298,0,15,000,00,2,8,01,B01
201000043298,0,07,000,00,2,9,01,A01
201000043299,1,07,000,00,1,2,01,A01
201000043300,0,07,000,08,0,1,01,A01
201000043301,0,07,000,00,2,1,13,A01
201000043301,0,07,000,13,2,1,01,B01
201000043302,0,07,000,00,2,1,01,A01
201000043302,0,07,000,00,2,4,02,C01
201000043302,0,07,000,00,0,4,01,D01
201000043302,0,07,000,00,2,4,02,B01
201000043303,0,07,000,00,2,3,15,A01
201000043303,0,33,000,08,2,7,01,B01
201000043304,0,01,000,12,0,4,01,B01
201000043304,0,03,000,00,2,2,02,A01
201000043305,0,37,001,00,1,7,01,A01
201000043306,0,10,000,00,1,2,01,A01
201000043307,0,07,000,00,1,1,01,A01
201000043308,0,30,000,00,1,1,01,A01
201000043309,0,07,000,00,2,2,01,B01
201000043309,0,10,000,00,2,8,11,A01
201000043310,0,07,000,00,2,1,01,B01
201000043310,0,07,000,04,2,1,01,A01
201000043310,0,07,000,00,2,1,01,C01
201000043311,0,17,000,00,2,3,13,A01
201000043311,0,17,000,00,2,3,01,B01
201000043312,0,07,000,00,2,1,02,A01
201000043312,0,37,001,00,0,4,23,B01
201000043313,0,07,000,13,0,1,01,A01
201000043314,0,33,000,00,2,1,11,A01
201000043314,0,07,000,00,2,7,01,B01
201000043315,0,30,000,00,1,1,01,A01
201000043316,0,07,000,03,2,5,12,A01
201000043316,0,15,000,00,2,3,01,B01
201000043316,0,15,000,00,2,4,02,C01
201000043316,0,10,000,00,2,1,02,D01
201000043317,0,10,000,00,0,8,19,A01
201000043317,0,10,000,00,0,1,01,B01
201000043318,0,33,000,00,2,1,01,B01
201000043318,0,07,000,00,2,7,12,A01
201000043319,0,07,000,02,0,9,01,A01
201000043320,0,07,000,00,1,3,01,A01
201000043321,1,07,000,00,2,7,15,Z01
201000043321,0,02,000,00,2,1,01,A01
201000043322,0,07,000,00,1,7,01,A01
201000043323,0,37,001,00,1,2,01,A01
201000043324,0,07,000,00,0,4,23,B01
201000043324,0,07,000,00,2,1,02,A01
201000043325,0,07,000,02,0,8,01,A01
201000043326,0,07,000,00,1,2,01,A01
201000043327,0,07,000,00,1,2,01,A01
201000043328,0,01,000,00,0,4,01,B01
201000043328,0,07,000,00,0,2,01,A01
201000043329,0,07,000,02,0,1,01,A01
201000043330,0,07,000,02,0,8,01,A01
201000043331,0,02,000,00,0,0,01,B01
201000043331,0,07,000,00,2,3,11,A01
201000043332,0,07,000,00,2,5,19,B01
201000043332,0,10,000,00,2,1,17,A01
201000043333,0,07,000,06,0,1,21,A01
201000043334,0,07,000,00,1,2,00,A01
201000043335,0,07,000,00,2,9,18,A01
201000043335,0,07,000,00,2,1,02,B01
201000043335,0,07,000,00,0,2,01,C01
201000043336,0,07,000,01,0,1,05,A01
201000043337,0,07,000,00,1,2,01,A01
201000043338,0,07,000,00,2,3,09,A01
201000043338,0,07,000,00,2,2,01,B01
201000043338,0,07,000,00,2,3,01,C01
201000043339,0,13,000,00,1,1,01,A01
201000043340,0,07,000,00,2,1,01,B01
201000043340,0,07,000,00,2,6,19,A01
201000043341,0,07,000,00,2,2,19,A01
201000043341,0,07,000,00,2,1,01,B01
201000043342,0,38,001,00,2,7,15,A01
201000043342,0,33,000,00,2,1,01,B01
201000043343,0,07,000,00,0,1,00,A01
201000043344,0,33,000,00,0,8,01,A01
201000043345,0,07,000,00,0,3,01,A01
201000043346,0,01,000,00,0,6,02,B01
201000043346,0,31,000,00,9,2,02,A01
201000043347,0,10,000,00,1,1,01,A01
201000043348,0,31,000,11,0,1,06,A01
201000043349,0,34,000,00,0,1,01,B01
201000043349,0,07,000,00,0,8,09,A01
201000043350,0,10,000,00,1,1,16,A01
201000043351,0,07,000,00,2,3,15,A01
201000043351,0,33,000,00,2,1,05,B01
201000043352,0,07,000,00,0,0,00,B01
201000043352,0,33,000,00,0,0,00,A01
201000043353,0,07,000,00,1,3,01,A01
201000043354,1,30,000,02,0,1,00,A01
201000043355,0,07,000,00,1,2,17,A01
201000043356,0,30,000,00,2,1,05,A01
201000043356,0,07,000,00,2,1,02,B01
201000043357,0,33,000,01,0,9,03,A01
201000043357,0,07,000,00,0,5,00,C01
201000043357,0,07,000,00,0,5,00,B01
201000043358,0,07,000,16,0,4,15,A01
201000043358,0,33,000,00,2,1,14,B01
201000043359,0,07,000,00,1,2,00,A01
201000043360,0,30,000,03,2,7,19,A01
201000043360,1,07,000,00,2,1,02,Z01
201000043361,0,02,000,01,0,1,14,A01
201000043362,0,32,000,00,2,1,01,B01
201000043362,0,07,000,00,2,2,01,A01
201000043362,0,07,000,00,0,1,00,C01
201000043363,0,07,000,00,1,1,01,A01
201000043364,0,07,000,00,2,1,01,A01
201000043364,0,07,000,00,0,3,01,B01
201000043365,0,17,000,00,0,5,12,A01
201000043365,0,30,000,00,0,3,01,B01
201000043366,0,02,000,02,0,0,13,A01
201000043367,0,33,000,00,2,1,11,B01
201000043367,0,07,000,00,0,4,11,A01
201000043368,0,07,000,06,0,1,02,A01
201000043369,0,10,000,00,2,7,04,B01
201000043369,0,14,000,00,2,6,04,A01
201000043370,0,33,000,00,1,1,01,A01
201000043371,0,02,000,00,0,1,01,A01
201000043372,0,07,000,00,2,8,01,A01
201000043372,0,33,000,00,2,1,00,B01
201000043373,1,30,000,00,0,0,00,B01
201000043373,0,01,000,00,2,0,00,A01
201000043373,2,30,000,00,0,0,00,C01
201000043374,2,07,000,08,2,3,00,A01
201000043374,0,07,000,00,2,6,00,B01
201000043375,1,07,000,00,1,0,12,Z01
201000043376,0,07,000,12,2,2,00,B01
201000043376,0,30,000,12,2,1,05,A01
201000043377,0,33,000,00,2,1,01,B01
201000043377,0,07,000,00,2,1,15,A01
201000043378,0,07,000,00,2,3,01,B01
201000043378,0,07,000,00,2,2,19,A01
201000043379,0,07,000,00,1,2,01,A01
201000043380,0,07,000,00,1,2,14,A01
201000043381,0,07,000,01,1,2,00,A01
201000043382,0,07,000,00,0,1,02,A01
201000043382,0,07,000,00,0,9,02,B01
201000043382,0,07,000,00,0,4,02,C01
201000043383,0,07,000,07,0,8,00,A01
201000043383,0,07,000,00,0,1,01,B01
201000043384,1,99,000,00,0,0,00,Z01
201000043384,0,01,000,06,0,0,00,A01
201000043385,0,07,000,00,0,1,05,A01
201000043385,0,07,000,00,0,0,00,B01
201000043386,0,07,000,00,1,7,01,A01
201000043387,0,07,000,00,2,0,00,B01
201000043387,0,30,000,00,2,0,00,A01
201000043388,0,07,000,00,1,0,00,A01
201000043389,0,07,000,00,2,1,01,A01
201000043389,0,07,000,15,2,1,01,B01
201000043390,0,34,000,00,2,4,01,B01
201000043390,0,07,000,00,2,1,00,A01
201000043391,0,10,000,00,2,0,00,A01
201000043391,0,33,000,00,2,0,00,B01
201000043392,0,07,000,00,2,1,01,B01
201000043392,0,07,000,00,2,1,21,A01
201000043392,0,02,000,00,0,0,00,C01
201000043393,0,33,000,00,2,1,17,B01
201000043393,0,07,000,00,2,1,09,A01
201000043394,0,07,000,00,0,0,00,C01
201000043394,0,07,000,00,2,1,02,A01
201000043394,0,07,000,00,2,9,02,B01
201000043395,0,31,000,00,2,1,17,B01
201000043395,0,07,000,00,2,3,10,A01
201000043396,0,33,000,00,2,3,02,A01
201000043396,0,15,000,00,2,1,02,B01
201000043397,0,33,000,00,0,0,00,B01
201000043397,0,15,000,00,0,0,00,A01
201000043398,0,33,000,00,2,1,02,A01
201000043398,0,15,000,00,2,7,02,B01
201000043399,0,15,000,00,0,0,00,A01
201000043399,0,07,000,00,0,0,00,B01
201000043399,0,15,000,00,0,0,00,C01
201000043400,0,17,000,00,0,0,00,A01
201000043400,0,33,000,00,2,0,00,B01
201000043401,0,07,000,00,2,3,21,B01
201000043401,0,07,000,00,2,1,01,A01
201000043401,0,07,000,00,0,4,01,C01
201000043402,0,07,000,00,2,1,09,A01
201000043402,0,07,000,00,2,1,01,B01
201000043402,0,07,000,00,2,2,01,C01
201000043403,0,15,000,00,0,0,02,B01
201000043403,0,33,000,00,2,2,02,A01
201000043404,0,33,000,00,0,4,00,B01
201000043404,0,17,000,00,0,0,00,A01
201000043405,0,07,000,00,2,1,00,A01
201000043405,0,33,000,00,2,1,01,B01
201000043406,0,07,000,00,2,7,11,A01
201000043406,0,07,000,02,2,6,02,B01
201000043407,0,07,000,00,1,0,01,A01
201000043408,0,13,000,00,2,1,14,B01
201000043408,0,17,000,00,2,2,19,A01
201000043409,0,07,000,00,2,1,16,A01
201000043409,0,07,000,00,2,1,01,B01
201000043410,0,30,000,12,0,3,14,A01
201000043411,0,07,000,00,1,1,15,A01
201000043412,0,07,000,08,0,1,02,A01
201000043413,0,17,000,00,2,1,02,A01
201000043413,0,07,000,00,0,4,02,B01
201000043414,0,07,000,14,0,1,00,A01
201000043415,0,07,000,00,2,3,15,A01
201000043415,0,33,000,15,2,1,02,B01
201000043416,0,33,000,00,0,7,02,A01
201000043417,0,30,000,00,2,1,05,A01
201000043417,0,99,000,00,2,3,15,B01
201000043418,0,02,000,00,2,8,01,A01
201000043418,0,07,000,00,2,2,01,B01
201000043419,0,07,000,00,0,3,06,A01
201000043420,0,07,000,00,2,3,01,B01
201000043420,0,07,000,14,2,1,01,A01
201000043421,0,07,000,13,0,1,01,A01
201000043422,1,30,000,12,0,0,01,A01
201000043423,0,07,000,00,2,1,13,A01
201000043423,0,07,000,00,2,3,01,B01
201000043424,0,32,000,00,1,3,02,A01
201000043425,0,07,000,00,0,1,01,A01
201000043425,0,32,000,00,2,1,17,B01
201000043426,0,07,000,00,2,0,09,A01
201000043426,0,32,000,00,2,0,01,B01
201000043427,0,07,000,00,0,3,20,A01
201000043428,0,07,000,00,2,6,02,B01
201000043428,1,07,000,00,2,2,02,A01
201000043429,0,07,000,00,9,1,01,B01
201000043429,0,30,000,00,2,1,00,A01
201000043430,0,01,000,00,0,0,00,A01
201000043431,0,07,000,00,0,4,02,C01
201000043431,0,10,000,00,2,1,02,A01
201000043431,0,07,000,00,2,1,02,B01
201000043432,0,07,000,13,6,2,01,A01
201000043433,0,07,000,00,2,4,23,B01
201000043433,0,07,000,00,0,4,23,C01
201000043433,0,07,000,00,2,1,01,A01
201000043434,0,07,000,00,0,3,09,A01
201000043434,0,33,000,00,2,1,01,B01
201000043435,0,02,000,16,0,8,01,A01
201000043436,1,07,000,00,2,4,09,A01
201000043436,0,33,000,00,2,1,01,B01
201000043437,0,02,000,01,0,1,01,A01
201000043438,0,07,000,00,2,2,12,A01
201000043438,0,02,000,00,2,3,00,B01
201000043439,0,07,000,02,0,1,00,A01
201000043440,0,07,000,00,2,1,00,B01
201000043440,0,07,000,00,2,1,13,A01
201000043441,0,07,000,00,0,0,02,A01
201000043442,0,07,000,15,0,1,14,A01
201000043443,0,33,000,14,0,1,01,A01
201000043444,0,10,000,00,1,7,00,A01
201000043445,0,07,000,00,0,4,02,C01
201000043445,0,07,000,00,2,1,02,A01
201000043445,0,07,000,00,2,4,02,B01
201000043446,1,07,000,00,1,2,01,A01
201000043447,0,16,000,00,2,2,01,A01
201000043447,0,07,000,00,2,8,01,B01
201000043448,0,07,000,13,2,1,01,B01
201000043448,0,10,000,00,2,0,17,A01
201000043449,0,30,000,00,2,1,01,A01
201000043449,0,07,000,00,2,8,01,B01
201000043450,0,07,000,00,0,1,02,A01
201000043450,0,38,001,00,0,5,02,B01
201000043451,0,07,000,01,0,1,01,A01
201000043452,1,07,000,00,9,0,00,Z01
201000043452,0,01,000,00,2,0,00,B01
201000043453,1,07,000,00,1,0,00,A01
201000043454,0,30,000,00,9,5,15,B01
201000043454,0,01,000,00,0,3,09,A01
201000043455,0,07,000,08,2,7,01,A01
201000043455,0,07,000,00,2,1,01,B01
201000043456,0,07,000,00,1,2,21,A01
201000043457,0,07,000,14,2,1,02,A01
201000043457,0,07,000,14,2,4,02,B01
201000043457,0,07,000,14,2,4,02,C01
201000043458,0,33,000,00,0,7,05,A01
201000043459,0,32,000,00,1,1,00,A01
201000043460,0,07,000,00,1,7,01,A01
201000043461,0,07,000,16,2,1,13,A01
201000043461,0,07,000,00,2,1,01,B01
201000043462,0,07,000,00,1,2,01,A01
201000043463,0,17,000,00,2,4,02,B01
201000043463,0,07,000,00,2,1,02,A01
201000043464,0,10,000,00,1,2,02,A01
201000043465,0,33,000,00,2,1,01,A01
201000043465,0,07,000,00,2,3,20,B01
201000043466,0,33,000,12,0,0,00,A01
201000043467,0,07,000,00,0,9,01,A01
201000043468,0,33,000,00,2,1,01,B01
201000043468,0,07,000,00,2,2,19,A01
201000043469,0,33,000,00,2,1,01,A01
201000043469,0,07,000,00,2,8,09,B01
201000043470,0,07,000,00,2,3,15,A01
201000043470,0,33,000,00,2,1,17,B01
201000043471,0,36,000,10,0,1,00,A01
201000043472,0,10,000,00,2,5,16,A01
201000043472,1,34,000,12,2,1,18,B01
201000043473,0,07,000,13,0,2,00,A01
201000043474,0,07,000,13,0,3,00,A01
201000043475,0,10,000,00,2,2,01,A01
201000043475,0,02,000,00,2,1,01,B01
201000043476,0,07,000,00,1,2,01,A01
201000043477,0,33,000,00,0,3,01,A01
201000043478,0,07,000,00,1,1,20,A01
201000043479,0,07,000,02,0,1,01,A01
201000043480,0,33,000,00,0,0,01,A01
201000043481,0,07,000,00,2,2,15,A01
201000043481,0,33,000,00,2,1,01,B01
201000043482,0,07,000,14,0,2,01,A01
201000043482,0,07,000,15,2,9,23,B01
201000043483,0,07,000,00,1,1,01,A01
201000043484,0,03,000,01,1,1,02,A01
201000043485,0,07,000,00,2,3,01,B01
201000043485,0,07,000,00,2,1,15,A01
201000043486,1,07,000,00,1,1,01,Z01
201000043487,0,07,000,08,0,1,11,A01
201000043488,0,07,000,02,0,7,01,A01
201000043489,0,33,000,00,2,1,01,B01
201000043489,0,07,000,00,2,3,11,A01
201000043490,0,30,000,06,0,1,16,A01
201000043491,0,02,000,00,2,3,01,B01
201000043491,0,07,000,00,2,3,13,A01
201000043492,0,07,000,00,2,3,02,B01
201000043492,0,07,000,00,2,6,10,A01
201000043493,0,07,000,08,0,9,00,A01
201000043494,0,38,000,00,0,8,00,B01
201000043494,0,02,000,00,0,7,00,A01
201000043495,0,07,000,02,0,1,00,A01
201000043496,0,07,000,00,0,1,05,A01
201000043496,0,07,000,00,2,1,02,C01
201000043496,0,07,000,00,0,1,02,B01
201000043497,0,33,000,00,2,1,01,B01
201000043497,0,99,000,00,0,6,15,A01
201000043498,0,07,000,00,2,1,02,A01
201000043498,0,07,000,00,2,4,02,B01
201000043499,0,01,000,00,2,7,02,B01
201000043499,0,07,000,00,9,8,01,A01
201000043500,0,07,000,00,9,2,01,A01
201000043500,0,01,000,00,2,1,01,B01
201000043501,0,07,000,00,1,6,04,A01
201000043502,0,07,000,00,1,2,13,A01
201000043503,0,07,000,00,2,1,02,A01
201000043503,0,33,000,00,2,4,15,B01
201000043504,0,07,000,00,2,2,01,B01
201000043504,0,33,000,12,2,1,17,A01
201000043505,0,07,000,00,1,2,01,A01
201000043506,0,07,000,00,2,2,13,A01
201000043506,0,07,000,00,2,1,01,B01
201000043507,0,37,050,00,1,2,09,A01
201000043508,0,33,000,00,0,1,00,A01
201000043508,0,01,000,00,0,7,00,B01
201000043509,0,07,000,00,0,0,00,C01
201000043509,0,02,000,00,0,0,00,A01
201000043509,0,37,000,00,0,0,00,B01
201000043510,0,30,000,00,2,1,11,B01
201000043510,0,07,000,00,2,3,01,A01
201000043511,0,02,000,07,0,3,02,A01