Num_Acc,senc,catv,occutc,obs,obsm,choc,manv,num_veh
201000044625,0,07,000,00,1,1,15,A01
201000044626,0,07,000,00,2,1,01,B01
201000044626,0,01,000,00,2,1,15,A01
201000044627,0,02,000,00,2,1,01,A01
201000044627,0,07,000,00,2,4,01,B01
201000044628,0,07,000,00,2,3,01,A01
201000044628,0,01,000,00,2,0,01,B01
201000044629,0,07,000,00,0,9,01,A01
201000044630,0,07,000,00,2,4,01,C01
201000044630,0,07,000,00,2,4,01,B01
201000044630,0,07,000,00,2,1,01,A01
201000044631,0,07,000,00,2,3,15,A01
201000044631,0,33,000,00,2,1,01,B01
201000044632,0,07,000,00,2,1,01,A01
201000044633,0,07,000,00,2,1,01,B01
201000044633,0,07,000,00,2,5,15,A01
201000044634,0,07,000,00,2,8,17,A01
201000044634,0,02,000,00,2,7,01,B01
201000044635,0,07,000,01,2,1,01,A01
201000044635,0,07,000,00,2,4,01,B01
201000044636,0,34,000,00,2,8,01,B01
201000044636,0,07,000,00,2,5,15,A01
201000044637,0,07,000,00,2,1,01,A01
201000044638,0,07,000,00,0,9,01,A01
201000044639,0,07,000,00,2,3,01,B01
201000044639,0,01,000,00,2,1,01,A01
201000044640,0,07,000,00,1,2,01,A01
201000044641,0,07,000,00,2,4,01,B01
201000044641,0,07,000,00,2,1,01,A01
201000044642,0,07,000,00,0,7,01,A01
201000044643,0,02,000,00,2,1,05,A01
201000044643,0,07,000,00,2,1,01,B01
201000044644,0,07,000,00,2,2,21,A01
201000044645,0,07,000,00,1,1,01,A01
201000044646,0,07,000,01,0,1,01,A01
201000044647,0,07,000,00,2,1,01,B01
201000044647,0,02,000,00,2,1,01,A01
201000044648,0,07,000,00,2,1,15,A01
201000044648,0,07,000,00,2,1,01,B01
201000044649,0,10,000,00,2,4,23,B01
201000044649,0,02,000,00,2,1,01,A01
201000044650,0,07,000,00,2,4,20,A01
201000044650,0,07,000,00,2,1,00,B01
201000044651,0,01,000,00,2,1,19,A01
201000044651,0,07,000,00,2,3,01,B01
201000044652,0,07,000,00,2,1,15,A01
201000044652,0,33,000,00,2,1,01,B01
201000044653,0,07,000,00,2,1,01,A01
201000044653,0,07,000,00,2,4,01,C01
201000044653,0,07,000,00,2,4,01,B01
201000044654,0,07,000,00,2,3,01,A01
201000044654,0,02,000,00,2,1,01,B01
201000044655,0,07,000,00,2,1,01,A01
201000044656,0,01,000,00,2,7,01,B01
201000044656,0,07,000,00,2,0,01,A01
201000044657,0,07,000,00,2,5,01,B01
201000044657,0,07,000,00,2,7,01,A01
201000044658,0,07,000,00,2,1,15,A01
201000044658,0,02,000,00,2,3,01,B01
201000044659,0,07,000,00,1,1,15,A01
201000044660,0,02,000,00,2,9,01,B01
201000044660,0,07,000,00,2,1,01,A01
201000044661,0,07,000,00,1,4,01,B01
201000044661,0,07,000,00,2,1,01,A01
201000044662,1,07,000,00,2,0,01,Z01
201000044662,0,02,000,00,2,0,01,A01
201000044663,0,07,000,00,1,2,01,A01
201000044664,0,07,000,00,2,4,23,A01
201000044664,1,07,000,00,2,1,01,B01
201000044665,0,07,000,03,0,8,01,A01
201000044666,0,37,010,00,2,2,01,B01
201000044666,0,10,000,00,2,3,01,A01
201000044667,0,10,000,00,1,4,04,A01
201000044668,0,02,000,00,2,1,21,A01
201000044669,0,07,000,00,2,1,01,B01
201000044669,0,07,000,00,2,3,15,A01
201000044670,0,07,000,00,2,8,10,A01
201000044670,0,33,000,00,2,1,01,B01
201000044671,0,07,000,02,0,1,01,A01
201000044672,0,32,000,16,0,1,01,A01
201000044673,0,02,000,00,2,8,01,B01
201000044673,0,07,000,00,2,7,17,A01
201000044674,0,07,000,00,2,7,16,A01
201000044674,0,01,000,00,2,0,01,B01
201000044675,0,02,000,00,2,7,01,A01
201000044675,0,02,000,00,2,1,01,B01
201000044676,0,07,000,00,2,3,16,B01
201000044676,0,02,000,00,2,1,01,A01
201000044677,0,02,000,00,1,1,01,A01
201000044678,0,07,000,00,2,1,15,A01
201000044678,0,02,000,00,2,7,01,B01
201000044679,0,07,000,00,1,1,01,A01
201000044680,0,07,000,00,1,1,15,A01
201000044681,0,07,000,00,2,1,01,A01
201000044681,0,30,000,00,2,7,15,B01
201000044682,0,07,000,00,1,1,01,A01
201000044683,0,17,000,00,2,3,15,A01
201000044683,0,01,000,00,2,1,01,B01
201000044684,0,07,000,00,1,1,01,A01
201000044684,0,01,000,00,2,8,19,B01
201000044685,0,07,000,01,0,1,01,A01
201000044686,0,33,000,00,2,1,01,B01
201000044686,0,01,000,00,2,3,19,A01
201000044687,1,02,000,00,2,1,00,B01
201000044687,0,07,000,00,2,2,15,A01
201000044688,0,14,000,00,2,1,01,A01
201000044688,0,07,000,00,2,4,01,B01
201000044689,0,07,000,00,2,3,01,A01
201000044689,0,10,000,00,2,2,01,B01
201000044690,0,07,000,00,2,1,01,A01
201000044690,0,07,000,00,2,4,23,B01
201000044690,0,07,000,00,2,4,23,C01
201000044691,0,07,000,00,2,1,15,A01
201000044691,0,02,000,00,2,1,01,B01
201000044692,0,33,000,00,2,1,01,B01
201000044692,0,07,000,00,2,5,01,A01
201000044693,0,07,000,00,2,1,15,A01
201000044693,0,07,000,00,2,1,01,B01
201000044694,0,07,000,00,2,8,01,A01
201000044695,0,07,000,00,2,1,01,A01
201000044695,0,07,000,00,2,1,01,B01
201000044696,0,07,000,00,2,1,13,A01
201000044697,0,01,000,00,2,1,01,B01
201000044697,0,02,000,00,2,1,01,A01
201000044698,0,07,000,00,2,1,01,A01
201000044698,0,33,000,00,2,1,01,B01
201000044699,0,07,000,04,0,1,01,A01
201000044700,0,01,000,00,2,0,00,B01
201000044700,1,01,000,00,2,0,00,A01
201000044701,0,30,000,00,2,1,01,A01
201000044701,0,07,000,00,2,1,01,B01
201000044702,0,10,000,00,2,2,01,A01
201000044702,0,07,000,00,2,6,01,B01
201000044703,0,07,000,00,1,1,01,A01
201000044704,0,07,000,00,2,1,01,A01
201000044705,0,07,000,00,2,3,01,A01
201000044705,0,07,000,00,2,3,01,B01
201000044706,0,07,000,00,2,1,01,B01
201000044706,0,07,000,00,2,1,01,A01
201000044707,1,30,000,00,1,0,00,A01
201000044708,0,33,000,00,2,1,16,A01
201000044709,0,01,000,00,2,1,01,A01
201000044709,0,07,000,00,2,1,01,B01
201000044710,0,07,000,00,2,4,01,B01
201000044710,0,07,000,00,2,1,01,A01
201000044711,0,07,000,00,2,2,01,B01
201000044711,0,31,000,00,2,1,01,A01
201000044712,0,02,000,00,2,1,10,A01
201000044712,0,07,000,00,2,1,01,B01
201000044713,0,01,000,00,2,3,01,B01
201000044713,0,07,000,00,2,2,01,A01
201000044714,1,33,000,00,1,0,00,A01
201000044715,0,07,000,00,2,1,01,A01
201000044715,0,07,000,00,2,3,01,B01
201000044716,0,07,000,00,2,1,01,A01
201000044717,0,07,000,13,0,3,01,A01
201000044718,0,07,000,00,2,4,04,A01
201000044718,0,07,000,00,2,2,15,C01
201000044718,0,07,000,00,2,5,01,B01
201000044719,0,01,000,00,1,1,01,A01
201000044720,0,07,000,00,2,4,15,B01
201000044720,0,31,000,00,2,1,17,A01
201000044721,0,07,000,00,1,2,01,A01
201000044722,0,17,000,00,2,6,01,B01
201000044722,0,07,000,00,2,1,01,A01
201000044723,0,07,000,00,2,2,15,A01
201000044723,0,33,000,00,2,2,01,B01
201000044724,0,07,000,00,2,4,01,B01
201000044724,0,07,000,00,2,4,01,D01
201000044724,0,07,000,00,2,1,01,A01
201000044724,0,07,000,00,2,4,01,C01
201000044725,0,07,000,00,1,3,01,A01
201000044726,0,07,000,00,2,1,16,B01
201000044726,0,01,000,00,2,1,15,A01
201000044727,0,07,000,00,2,2,01,B01
201000044727,0,31,000,00,2,1,19,A01
201000044728,0,07,000,00,2,2,15,A01
201000044728,0,01,000,00,2,0,01,B01
201000044729,0,07,000,00,1,2,01,A01
201000044730,0,07,000,00,2,1,01,A01
201000044730,0,07,000,00,2,4,23,C01
201000044730,0,07,000,00,2,4,23,B01
201000044731,0,07,000,00,2,9,01,A01
201000044732,0,07,000,00,2,3,01,B01
201000044732,0,07,000,00,2,3,01,A01
201000044733,0,33,000,00,2,9,17,A01
201000044733,0,07,000,00,2,6,10,B01
201000044734,0,07,000,00,1,2,01,A01
201000044735,0,07,000,00,2,4,01,B01
201000044735,0,07,000,00,2,4,01,C01
201000044735,0,07,000,00,2,1,01,A01
201000044736,0,07,000,00,2,1,09,A01
201000044736,0,01,000,00,2,4,01,B01
201000044737,0,01,000,00,2,1,01,A01
201000044737,0,07,000,00,2,1,01,B01
201000044738,0,07,000,00,2,2,01,A01
201000044739,0,07,000,00,2,8,15,B01
201000044739,0,32,000,00,2,2,17,A01
201000044740,0,07,000,00,2,4,01,C01
201000044740,0,07,000,00,2,4,01,B01
201000044740,0,07,000,00,2,1,01,A01
201000044741,0,07,000,00,2,1,01,B01
201000044741,0,07,000,00,2,2,15,A01
201000044742,0,02,000,00,2,1,01,B01
201000044742,0,07,000,00,2,1,01,A01
201000044743,0,07,000,00,2,7,14,B01
201000044743,0,02,000,00,2,1,01,A01
201000044744,0,07,000,00,2,1,15,A01
201000044744,0,33,000,00,2,1,01,B01
201000044745,0,07,000,00,1,1,01,A01
201000044746,0,01,000,00,2,1,01,B01
201000044746,0,07,000,00,2,1,01,A01
201000044747,0,07,000,00,2,4,01,B01
201000044747,0,07,000,00,2,1,01,A01
201000044748,0,07,000,00,2,1,15,A01
201000044748,0,33,000,00,2,8,01,B01
201000044749,0,07,000,00,1,0,01,A01
201000044750,0,07,000,00,2,2,01,A01
201000044751,0,07,000,00,2,3,01,A01
201000044752,0,07,000,00,2,2,01,A01
201000044753,0,07,000,00,1,1,01,A01
201000044754,0,07,000,00,2,1,01,A01
201000044755,0,07,000,00,2,1,01,B01
201000044755,0,07,000,00,2,3,01,A01
201000044756,0,07,000,00,2,3,15,B01
201000044756,0,07,000,00,2,1,01,A01
201000044757,0,07,000,00,2,3,17,B01
201000044757,0,30,000,00,2,1,17,A01
201000044758,0,02,000,00,2,1,01,B01
201000044758,0,07,000,00,2,2,01,A01
201000044759,0,02,000,00,2,1,01,B01
201000044759,0,07,000,00,2,1,15,A01
201000044760,0,07,000,00,2,4,23,B01
201000044760,0,37,023,00,2,1,01,A01
201000044761,0,07,000,02,0,9,01,A01
201000044762,0,21,000,00,1,0,01,A01
201000044763,0,33,000,00,2,1,01,B01
201000044763,0,07,000,00,2,5,15,A01
201000044764,0,07,000,00,2,2,20,A01
201000044764,0,33,000,00,2,8,01,B01
201000044765,0,07,000,00,2,2,01,A01
201000044765,0,01,000,00,2,4,01,B01
201000044766,0,07,000,00,2,1,01,A01
201000044766,0,02,000,00,2,7,15,B01
201000044767,0,07,000,00,2,1,01,A01
201000044767,0,07,000,00,2,1,01,B01
201000044768,0,02,000,00,2,1,01,B01
201000044768,0,07,000,00,2,3,11,A01
201000044769,0,07,000,00,2,7,01,A01
201000044769,0,02,000,00,2,0,01,B01
201000044770,0,33,000,00,2,1,01,B01
201000044770,0,07,000,00,2,2,09,A01
201000044771,1,07,000,00,2,0,15,A01
201000044771,0,02,000,00,2,1,01,B01
201000044772,0,07,000,00,2,1,15,A01
201000044772,0,02,000,00,2,1,01,B01
201000044773,0,07,000,15,0,4,01,A01
201000044774,0,02,000,00,2,1,01,A01
201000044774,0,07,000,00,2,1,15,B01
201000044775,0,07,000,00,1,1,01,A01
201000044776,0,07,000,00,2,5,15,A01
201000044776,0,02,000,00,2,1,01,B01
201000044777,0,30,000,00,2,1,01,B01
201000044777,0,07,000,00,2,5,01,A01
201000044778,0,02,000,00,2,1,01,A01
201000044778,0,07,000,00,2,4,01,B01
201000044779,0,07,000,00,2,3,15,A01
201000044779,0,02,000,00,2,1,01,B01
201000044780,0,07,000,00,2,7,15,A01
201000044780,0,02,000,00,2,1,01,B01
201000044781,0,07,000,00,2,2,15,A01
201000044781,0,07,000,00,2,1,01,B01
201000044782,0,07,000,00,2,6,13,B01
201000044782,0,02,000,00,2,1,17,A01
201000044783,0,07,000,00,2,1,01,C01
201000044783,0,07,000,00,2,1,01,A01
201000044783,0,07,000,00,2,4,15,B01
201000044784,0,02,000,00,2,1,01,B01
201000044784,0,07,000,00,2,7,15,A01
201000044785,0,07,000,00,2,3,15,A01
201000044785,0,33,000,00,2,1,01,B01
201000044786,0,07,000,00,2,4,01,B01
201000044786,0,02,000,00,2,1,01,A01
201000044787,0,07,000,00,2,9,01,A01
201000044788,0,07,000,00,2,2,15,A01
201000044788,0,02,000,00,2,1,01,B01
201000044789,0,07,000,00,1,8,01,A01
201000044790,0,02,000,00,2,1,01,A01
201000044790,0,07,000,00,2,4,01,B01
201000044791,0,07,000,00,2,4,16,B01
201000044791,0,07,000,00,2,1,01,A01
201000044792,0,07,000,00,2,1,01,A01
201000044792,0,07,000,00,2,1,01,B01
201000044793,0,07,000,00,2,9,01,A01
201000044794,0,07,000,00,2,0,01,A01
201000044795,0,37,010,00,2,0,09,B01
201000044795,0,07,000,00,2,5,16,A01
201000044796,0,07,000,00,1,2,01,A01
201000044797,0,13,000,00,2,2,01,A01
201000044797,0,07,000,00,2,4,01,B01
201000044798,0,07,000,00,2,1,01,A01
201000044798,0,01,000,00,2,4,01,B01
201000044799,0,07,000,00,2,4,01,B01
201000044799,0,02,000,00,2,7,01,A01
201000044800,0,07,000,00,2,1,01,A01
201000044801,0,02,000,00,0,7,01,A01
201000044801,1,07,000,00,0,0,00,Z01
201000044802,0,07,000,00,2,1,01,A01
201000044803,0,07,000,00,2,8,01,B01
201000044803,0,02,000,00,2,1,01,A01
201000044804,0,07,000,00,2,1,01,A01
201000044804,0,02,000,00,2,8,01,B01
201000044805,0,07,000,00,2,3,01,C01
201000044805,0,02,000,00,2,1,01,A01
201000044805,0,07,000,01,2,6,01,B01
201000044806,0,02,000,00,2,4,01,A01
201000044807,0,07,000,01,0,9,01,A01
201000044808,0,07,000,00,1,1,01,A01
201000044809,0,07,000,00,2,1,01,A01
201000044809,0,07,000,00,2,1,01,B01
201000044810,0,31,000,00,2,1,01,A01
201000044810,0,07,000,00,2,4,15,B01
201000044811,0,02,000,00,2,8,01,B01
201000044811,0,07,000,00,2,1,01,A01
201000044812,0,07,000,00,2,3,11,B01
201000044812,0,01,000,00,2,1,01,A01
201000044813,0,33,000,00,2,1,17,B01
201000044813,0,07,000,00,2,6,17,A01
201000044814,0,07,000,00,2,1,01,C01
201000044814,0,07,000,00,2,9,01,A01
201000044814,0,07,000,00,2,2,01,B01
201000044815,0,07,000,00,2,3,01,B01
201000044815,0,07,000,00,2,1,23,C01
201000044815,0,10,000,00,0,0,15,A01
201000044816,0,15,000,00,2,4,23,B01
201000044816,0,14,000,00,2,1,01,A01
201000044817,0,10,000,00,2,8,15,A01
201000044817,0,07,000,00,2,1,01,B01
201000044818,0,07,000,00,1,1,01,A01
201000044819,0,02,000,00,2,1,01,B01
201000044819,0,10,000,00,2,1,01,A01
201000044820,0,07,000,01,0,2,01,A01
201000044821,0,07,000,00,1,0,01,A01
201000044822,0,07,000,00,1,1,01,A01
201000044823,0,07,000,00,2,5,01,A01
201000044824,0,07,000,00,1,1,01,A01
201000044825,0,07,000,00,2,1,01,A01
201000044826,0,07,000,00,1,1,01,A01
201000044827,0,07,000,00,2,1,01,A01
201000044828,0,07,000,00,2,1,01,C01
201000044828,0,07,000,00,2,1,01,D01
201000044828,0,07,000,00,2,4,01,B01
201000044828,0,07,000,00,2,1,16,A01
201000044829,0,07,000,00,2,1,01,A01
201000044829,0,07,000,00,2,3,15,B01
201000044830,0,07,000,00,2,8,09,A01
201000044830,0,02,000,00,2,1,01,B01
201000044831,0,01,000,00,2,1,01,A01
201000044831,0,07,000,00,2,1,01,B01
201000044832,0,07,000,00,2,1,01,B01
201000044832,0,07,000,00,2,8,01,A01
201000044833,0,07,000,00,0,9,01,A01
201000044834,0,07,000,00,2,1,01,B01
201000044834,0,07,000,00,2,8,01,A01
201000044834,0,07,000,00,2,8,01,C01
201000044835,0,07,000,01,0,1,01,A01
201000044836,0,07,000,00,2,1,01,A01
201000044837,0,07,000,00,2,1,01,A01
201000044838,0,07,000,00,2,0,01,A01
201000044839,0,07,000,00,1,1,01,A01
201000044840,0,07,000,00,2,2,19,A01
201000044840,0,07,000,00,2,1,01,B01
201000044841,0,07,000,00,1,1,01,A01
201000044842,0,07,000,00,1,1,01,A01
201000044843,0,33,000,00,2,1,17,A01
201000044843,0,07,000,00,2,8,15,B01
201000044844,0,07,000,15,2,1,14,A01
201000044844,0,07,000,00,2,1,23,B01
201000044845,0,07,000,00,2,5,01,B01
201000044845,0,33,000,00,2,1,18,A01
201000044846,0,07,000,00,2,1,01,A01
201000044846,0,30,000,00,2,4,15,B01
201000044847,0,07,000,00,2,3,15,A01
201000044847,0,01,000,00,2,1,01,B01
201000044848,0,02,000,00,2,1,01,B01
201000044848,0,07,000,00,2,7,15,A01
201000044849,0,07,000,00,2,1,11,A01
201000044849,0,07,000,00,2,1,01,B01
201000044850,0,37,001,00,2,2,01,B01
201000044850,0,07,000,00,2,3,16,A01
201000044851,0,07,000,00,2,3,15,A01
201000044851,0,02,000,00,2,1,01,B01
201000044852,0,07,000,00,1,1,01,A01
201000044853,0,07,000,00,1,1,01,A01
201000044854,1,07,000,00,1,1,11,A01
201000044855,0,07,000,00,2,2,15,A01
201000044855,0,07,000,00,2,1,01,B01
201000044856,0,07,000,00,9,5,15,A01
201000044856,0,02,000,00,2,1,01,B01
201000044857,0,07,000,00,2,1,02,A01
201000044857,0,07,000,00,2,4,02,B01
201000044858,0,30,000,00,2,7,01,B01
201000044858,0,07,000,00,2,1,01,A01
201000044859,0,07,000,00,2,3,13,A01
201000044859,0,07,000,00,2,3,21,B01
201000044860,0,07,000,00,1,3,01,A01
201000044861,0,17,000,00,1,1,01,A01
201000044862,0,07,000,00,2,1,01,B01
201000044862,0,07,000,00,2,2,01,C01
201000044862,0,07,000,00,2,3,05,A01
201000044863,0,07,000,00,0,5,04,A01
201000044864,0,07,000,00,0,1,13,A01
201000044865,0,21,000,00,2,3,15,A01
201000044865,0,17,000,00,2,5,17,B01
201000044866,0,07,000,00,1,2,01,A01
201000044867,0,07,000,00,0,7,02,A01
201000044868,0,07,000,00,1,3,01,A01
201000044869,0,07,000,00,9,2,17,A01
201000044869,0,01,000,00,0,4,15,B01
201000044870,0,33,000,13,0,7,01,A01
201000044871,0,07,000,08,0,8,13,A01
201000044872,0,07,000,00,2,1,01,A01
201000044872,0,30,000,00,2,1,01,B01
201000044873,0,07,000,00,1,2,01,A01
201000044874,0,07,000,11,0,1,01,A01
201000044875,0,30,000,00,0,0,01,A01
201000044876,0,07,000,00,0,2,01,A01
201000044876,1,02,000,00,0,0,01,Z01
201000044877,0,07,000,00,2,1,01,B01
201000044877,0,07,000,00,2,7,01,A01
201000044878,0,10,000,00,2,0,09,A01
201000044878,0,02,000,00,2,1,00,B01
201000044879,0,07,000,00,1,4,04,A01
201000044880,0,07,000,00,2,1,05,A01
201000044880,0,07,000,00,0,7,01,B01
201000044881,0,07,000,12,0,3,15,A01
201000044882,0,07,000,11,0,1,01,A01
201000044883,0,03,000,08,0,1,01,A01
201000044884,0,07,000,00,2,3,10,A01
201000044884,0,32,000,00,2,1,17,B01
201000044885,0,30,000,00,2,1,01,A01
201000044885,0,07,000,00,0,3,01,B01
201000044886,0,99,000,00,2,1,02,A01
201000044886,0,07,000,00,0,4,02,B01
201000044887,0,07,000,00,2,1,01,A01
201000044887,0,07,000,00,2,8,01,C01
201000044887,0,14,000,00,2,1,01,B01
201000044887,0,10,000,00,2,3,01,D01
201000044888,0,30,000,00,0,0,01,A01
201000044889,0,03,000,00,1,3,01,A01
201000044890,0,30,000,00,2,8,01,A01
201000044890,0,15,000,00,0,1,01,B01
201000044891,0,07,000,00,1,6,04,A01
201000044892,0,07,000,10,0,1,14,A01
201000044893,0,30,000,00,2,8,02,B01
201000044893,1,07,000,00,2,0,05,A01
201000044894,0,07,000,00,1,1,02,A01
201000044895,0,07,000,00,2,2,00,B01
201000044895,0,33,000,00,2,1,15,A01
201000044896,2,07,000,00,2,2,01,A01
201000044896,2,07,000,00,2,3,01,B01
201000044897,0,07,000,15,1,2,16,A01
201000044898,0,30,000,00,1,1,00,A01
201000044899,0,07,000,00,2,1,05,D01
201000044899,0,07,000,00,2,1,02,B01
201000044899,0,07,000,00,2,3,02,A01
201000044899,0,07,000,00,2,7,02,C01
201000044900,0,33,000,00,2,8,02,A01
201000044900,0,10,000,00,2,3,15,B01
201000044901,0,33,000,00,2,1,21,B01
201000044901,0,07,000,00,2,1,15,A01
201000044902,0,32,000,00,2,1,05,B01
201000044902,0,07,000,00,2,7,15,A01
201000044902,0,07,000,00,2,3,05,C01
201000044903,0,07,000,10,0,8,00,A01
201000044904,0,07,000,16,0,1,02,A01
201000044905,0,10,000,00,1,2,01,A01
201000044906,0,07,000,00,2,1,01,B01
201000044906,0,07,000,00,2,1,13,A01
201000044907,1,07,000,00,2,1,15,B01
201000044907,0,01,000,00,2,1,01,A01
201000044908,0,07,000,00,1,1,01,A01
201000044909,0,07,000,00,1,1,00,A01
201000044910,0,07,000,00,1,2,16,A01
201000044911,1,10,000,00,1,0,01,Z01
201000044912,1,07,000,00,2,1,17,Z01
201000044912,0,07,000,00,2,6,01,A01
201000044913,0,07,000,00,2,3,01,B01
201000044913,0,07,000,00,2,1,19,A01
201000044914,0,31,000,00,2,1,01,B01
201000044914,0,10,000,00,2,5,15,A01
201000044915,0,17,000,00,1,1,01,A01
201000044916,0,07,000,00,2,1,19,A01
201000044916,0,07,000,00,2,2,01,B01
201000044917,0,07,000,00,1,1,01,A01
201000044918,0,07,000,00,1,2,02,A01
201000044919,0,07,000,15,0,9,14,A01
201000044920,0,17,000,00,2,1,01,B01
201000044920,0,07,000,02,2,1,13,A01
201000044921,0,02,000,06,2,1,19,A01
201000044921,0,07,000,00,2,1,01,B01
201000044922,0,07,000,00,2,8,15,B01
201000044922,0,33,000,00,2,1,17,A01
201000044923,0,02,000,09,0,1,01,A01
201000044924,2,33,000,00,2,1,02,Z01
201000044924,0,07,000,00,2,8,15,A01
201000044925,0,10,000,00,2,3,16,B01
201000044925,0,02,000,00,2,1,01,A01
201000044926,0,07,000,00,1,1,02,A01
201000044927,0,01,000,00,2,1,05,B01
201000044927,0,07,000,00,2,1,00,A01
201000044928,0,07,000,00,2,1,02,A01
201000044928,0,07,000,00,2,4,23,B01
201000044929,0,07,000,00,2,1,01,B01
201000044929,0,01,000,00,2,8,19,A01
201000044930,0,07,000,00,2,3,02,C01
201000044930,0,07,000,00,2,4,23,B01
201000044930,0,07,000,00,2,1,02,A01
201000044931,0,07,000,00,2,1,13,A01
201000044931,0,07,000,00,2,1,01,B01
201000044932,0,02,000,00,2,1,01,B01
201000044932,0,07,000,00,2,1,09,A01
201000044933,0,30,000,14,2,1,01,A01
201000044934,0,07,000,00,2,4,01,B01
201000044934,0,30,000,00,2,1,02,A01
201000044935,0,33,000,00,2,1,01,B01
201000044935,0,07,000,00,2,6,15,A01
201000044936,0,10,000,15,2,1,01,A01
201000044936,0,10,000,00,2,1,01,B01
201000044937,0,07,000,00,2,8,23,B01
201000044937,0,07,000,07,2,1,00,A01
201000044937,0,07,000,00,2,6,23,C01
201000044938,0,10,000,00,1,2,01,A01
201000044939,0,07,000,00,2,3,19,A01
201000044939,0,33,000,00,2,1,01,B01
201000044940,0,36,000,15,0,1,15,A01
201000044941,0,01,000,00,2,8,13,B01
201000044941,0,02,000,00,2,1,17,A01
201000044942,0,13,000,00,2,1,10,B01
201000044942,0,07,000,00,2,1,15,A01
201000044943,0,07,000,08,2,8,13,A01
201000044943,1,13,000,00,2,8,13,Z01
201000044944,0,33,000,00,2,1,02,B01
201000044944,0,07,000,00,2,6,10,A01
201000044945,0,21,000,00,2,0,15,B01
201000044945,0,07,000,02,2,1,14,A01
201000044946,0,07,000,00,2,4,23,C01
201000044946,0,07,000,00,2,4,23,B01
201000044946,0,07,000,00,2,1,02,A01
201000044947,0,07,000,00,2,6,00,A01
201000044947,0,07,000,00,2,1,01,B01
201000044948,0,30,000,08,0,1,14,A01
201000044949,0,07,000,00,2,4,01,A01
201000044950,0,07,000,00,1,0,01,A01
201000044951,1,07,000,00,2,1,13,Z01
201000044951,0,07,000,13,2,3,01,A01
201000044952,0,07,000,00,2,1,01,B01
201000044952,0,10,000,00,2,7,15,A01
201000044952,0,07,000,00,2,2,23,C01
201000044953,0,07,000,00,2,4,17,A01
201000044954,0,14,000,03,0,1,01,A01
201000044955,1,07,000,00,1,1,01,Z01
201000044956,0,10,000,10,0,8,01,A01
201000044957,0,07,000,02,0,1,13,A01
201000044957,0,07,000,00,0,0,02,B01
201000044958,0,07,000,00,2,1,19,A01
201000044958,0,07,000,00,2,8,23,C01
201000044958,0,07,000,15,2,1,19,B01
201000044959,0,10,000,00,2,1,00,A01
201000044959,0,10,000,00,2,2,01,B01
201000044960,0,10,000,02,0,1,13,A01
201000044961,0,02,000,00,0,1,01,A01
201000044962,0,07,000,00,1,1,01,A01
201000044963,0,07,000,00,2,3,15,A01
201000044963,0,33,000,00,2,1,17,B01
201000044964,0,07,000,00,2,1,13,A01
201000044964,0,14,000,00,2,3,01,B01
201000044965,0,33,000,00,2,1,01,B01
201000044965,0,07,000,00,2,6,19,A01
201000044966,0,07,000,00,2,7,15,A01
201000044966,0,33,000,00,2,1,01,B01
201000044967,0,07,000,09,0,1,14,A01
201000044968,0,38,046,00,2,1,19,B01
201000044968,0,07,000,00,2,8,19,A01
201000044969,0,02,000,00,2,1,15,A01
201000044969,0,07,000,00,2,2,01,B01
201000044970,0,02,000,01,0,1,13,A01
201000044971,0,02,000,00,2,1,01,B01
201000044971,0,07,000,00,2,3,13,A01
201000044972,0,07,000,00,2,1,15,A01
201000044972,0,02,000,00,2,1,01,B01
201000044973,0,07,000,08,0,1,14,A01
201000044974,0,07,000,00,2,1,13,A01
201000044974,0,07,000,00,2,1,01,B01
201000044975,0,07,000,02,0,1,14,A01
201000044976,0,07,000,00,2,1,01,B01
201000044976,0,07,000,00,2,1,15,A01
201000044977,0,07,000,00,2,1,01,B01
201000044977,0,07,000,00,2,1,13,A01
201000044978,0,07,000,00,2,1,19,A01
201000044978,0,30,000,00,2,1,01,B01
201000044979,0,07,000,00,2,1,19,A01
201000044979,0,33,000,00,2,1,14,B01
201000044980,0,07,000,00,2,2,09,A01
201000044980,0,01,000,00,2,1,01,B01
201000044981,0,07,000,00,1,1,01,A01
201000044982,0,07,000,00,2,4,23,A01
201000044982,0,07,000,00,2,4,23,B01
201000044982,1,07,000,00,2,1,02,Z01
201000044983,0,07,000,00,1,1,01,A01
201000044984,0,07,000,00,2,1,15,A01
201000044984,0,33,000,00,2,3,01,B01
201000044985,0,31,000,13,0,1,14,A01
201000044986,0,07,000,00,2,2,01,B01
201000044986,0,07,000,00,2,3,19,A01
201000044987,0,07,000,00,1,4,04,A01
201000044988,0,07,000,00,1,1,00,A01
201000044989,0,07,000,00,1,2,01,A01
201000044990,0,07,000,00,1,1,00,A01
201000044991,0,07,000,00,1,6,01,A01
201000044992,0,07,000,00,2,6,15,B01
201000044992,0,02,000,00,0,1,02,A01
201000044993,0,01,000,00,2,1,01,B01
201000044993,0,07,000,00,2,3,01,A01
201000044994,0,02,000,00,2,1,17,A01
201000044994,0,07,000,00,0,8,15,B01
201000044995,0,07,000,00,0,4,02,C01
201000044995,0,07,000,00,0,4,02,B01
201000044995,0,07,000,00,0,1,02,A01
201000044996,0,10,000,00,2,1,15,A01
201000044996,0,07,000,00,2,3,01,B01
201000044997,0,30,000,12,9,2,01,A01
201000044998,0,02,000,00,1,4,01,A01