Num_Acc,senc,catv,occutc,obs,obsm,choc,manv,num_veh
201000046083,0,07,000,00,2,8,01,B01
201000046084,0,01,000,00,2,1,19,A01
201000046084,0,07,000,00,2,2,15,B01
201000046085,0,07,000,00,2,1,01,B01
201000046085,0,07,000,00,2,1,05,A01
201000046086,0,30,000,00,0,0,21,A01
201000046087,0,33,000,00,0,8,01,A01
201000046088,0,07,000,09,0,3,02,A01
201000046089,0,01,000,16,0,7,02,A01
201000046090,0,31,000,00,2,3,01,B01
201000046090,0,07,000,00,2,2,15,A01
201000046091,0,07,000,00,2,5,01,B01
201000046091,0,07,000,00,2,1,19,A01
201000046092,0,30,000,12,0,0,01,A01
201000046093,0,07,000,00,2,8,02,B01
201000046093,0,07,000,00,2,1,13,A01
201000046093,0,07,000,00,2,1,02,C01
201000046094,0,07,000,02,0,9,01,A01
201000046095,0,07,000,00,2,1,02,B01
201000046095,0,07,000,00,2,1,02,A01
201000046096,0,07,000,00,2,1,02,A01
201000046096,0,30,000,00,2,8,02,B01
201000046097,0,07,000,00,2,1,02,A01
201000046097,0,07,000,00,0,1,02,B01
201000046098,0,07,000,12,0,1,00,A01
201000046099,0,07,000,00,2,1,11,A01
201000046099,0,07,000,00,2,4,01,B01
201000046100,0,10,000,00,2,3,02,A01
201000046100,0,07,000,00,2,7,02,B01
201000046101,0,07,000,06,0,1,01,A01
201000046102,0,07,000,00,2,1,02,A01
201000046102,0,07,000,00,2,6,02,B01
201000046103,0,07,000,00,1,1,02,A01
201000046104,0,07,000,00,2,1,01,A01
201000046104,0,07,000,00,2,1,01,B01
201000046105,0,07,000,00,1,2,01,A01
201000046106,0,07,000,16,0,9,02,A01
201000046107,0,07,000,00,1,3,02,A01
201000046108,0,07,000,00,2,5,15,A01
201000046108,0,07,000,00,2,1,02,B01
201000046109,0,07,000,00,2,1,02,A01
201000046109,0,07,000,00,2,4,01,B01
201000046110,0,37,001,00,2,3,01,B01
201000046110,0,07,000,00,2,2,09,A01
201000046111,0,07,000,06,0,4,02,A01
201000046112,0,10,000,00,2,1,02,B01
201000046112,0,07,000,00,2,7,15,A01
201000046113,0,07,000,00,2,1,02,A01
201000046113,0,07,000,00,2,1,02,B01
201000046114,0,07,000,00,1,1,02,A01
201000046115,0,07,000,00,1,4,04,A01
201000046116,0,07,000,00,2,2,02,A01
201000046116,0,07,000,00,2,7,02,B01
201000046117,0,07,000,00,1,2,01,A01
201000046118,0,07,000,00,2,2,01,B01
201000046118,0,03,000,00,2,1,19,A01
201000046119,0,02,000,00,0,8,01,A01
201000046120,0,07,000,00,1,1,01,A01
201000046121,0,02,000,00,2,7,17,A01
201000046121,0,07,000,00,2,6,15,B01
201000046122,0,07,000,00,2,1,02,B01
201000046122,0,07,000,06,2,1,13,A01
201000046123,0,07,000,00,2,1,02,A01
201000046123,0,07,000,00,2,4,01,C01
201000046123,0,07,000,00,2,4,02,B01
201000046124,0,37,001,00,2,4,23,B01
201000046124,0,07,000,00,2,1,02,A01
201000046125,0,07,000,09,0,1,02,A01
201000046126,0,07,000,00,1,4,04,A01
201000046127,0,07,000,16,0,2,02,A01
201000046128,0,07,000,00,2,3,02,A01
201000046128,0,01,000,00,2,1,02,B01
201000046129,0,02,000,16,0,7,02,A01
201000046130,0,02,000,09,0,0,01,A01
201000046131,0,07,000,11,0,2,01,A01
201000046132,0,07,000,15,0,1,01,A01
201000046133,0,07,000,00,0,0,15,A01
201000046133,0,01,000,00,0,0,01,B01
201000046134,0,07,000,00,2,1,02,B01
201000046134,0,07,000,00,2,8,02,A01
201000046135,0,07,000,04,0,1,02,A01
201000046136,0,07,000,00,2,4,02,B01
201000046136,0,07,000,00,2,1,02,A01
201000046137,0,07,000,00,1,2,09,A01
201000046138,0,30,000,16,0,7,02,A01
201000046139,0,07,000,00,2,4,02,E01
201000046139,0,07,000,00,2,4,02,D01
201000046139,0,10,000,00,2,1,02,A01
201000046139,0,07,000,00,2,4,02,C01
201000046139,0,07,000,00,2,4,02,B01
201000046140,0,07,000,00,2,2,00,B01
201000046140,0,07,000,00,2,3,00,A01
201000046141,0,07,000,00,2,1,15,A01
201000046141,0,07,000,00,2,1,01,B01
201000046142,0,10,000,00,2,1,09,A01
201000046142,0,07,000,00,2,3,01,B01
201000046143,0,07,000,00,2,1,02,B01
201000046143,0,02,000,00,2,8,02,A01
201000046144,0,07,000,00,2,1,15,A01
201000046144,0,07,000,00,2,1,02,B01
201000046145,0,10,000,00,2,4,02,C01
201000046145,0,10,000,00,2,1,02,A01
201000046145,0,07,000,00,2,4,02,B01
201000046146,0,07,000,00,2,1,01,B01
201000046146,0,07,000,00,2,8,09,A01
201000046147,0,15,000,16,0,8,02,A01
201000046148,0,07,000,00,2,2,02,B01
201000046148,0,07,000,00,0,1,02,A01
201000046149,0,07,000,00,2,3,02,B01
201000046149,0,10,000,00,2,3,15,A01
201000046150,0,37,001,00,1,2,01,A01
201000046151,0,07,000,00,1,1,15,A01
201000046152,0,07,000,00,2,4,16,B01
201000046152,0,07,000,00,2,2,01,A01
201000046153,0,10,000,00,2,7,02,A01
201000046153,0,30,000,00,2,8,02,B01
201000046154,0,33,000,00,2,1,02,B01
201000046154,0,07,000,00,2,2,09,A01
201000046155,0,07,000,09,0,3,01,A01
201000046155,1,07,000,00,0,0,00,Z01
201000046156,0,07,000,06,0,1,02,A01
201000046157,0,07,000,09,0,0,01,A01
201000046158,0,30,000,16,0,8,02,A01
201000046159,0,30,000,16,0,7,00,A01
201000046160,0,07,000,00,2,1,02,A01
201000046160,0,07,000,00,2,4,02,B01
201000046160,0,07,000,00,2,4,02,C01
201000046161,0,07,000,00,2,2,15,A01
201000046161,0,07,000,00,2,1,01,B01
201000046162,0,30,000,00,2,1,02,A01
201000046162,0,37,001,00,2,7,15,B01
201000046163,0,07,000,00,1,3,02,A01
201000046164,0,07,000,00,0,1,02,A01
201000046164,0,07,000,00,2,7,02,B01
201000046165,0,07,000,09,2,1,15,A01
201000046165,0,07,000,00,2,1,01,B01
201000046166,0,02,000,00,2,1,01,B01
201000046166,0,07,000,00,2,1,15,A01
201000046167,0,10,000,00,2,3,15,B01
201000046167,0,30,000,00,2,1,17,A01
201000046168,0,37,001,00,1,2,01,A01
201000046169,0,07,000,00,2,1,02,A01
201000046169,0,07,000,00,2,4,02,C01
201000046169,0,07,000,00,2,4,02,B01
201000046170,0,07,000,09,0,1,21,B01
201000046170,0,07,000,00,0,0,09,A01
201000046171,0,07,000,00,2,8,24,A01
201000046171,0,01,000,01,0,1,02,B01
201000046172,0,10,000,00,1,1,15,A01
201000046173,0,10,000,00,2,4,02,B01
201000046173,0,07,000,00,2,1,02,A01
201000046174,0,14,000,00,2,1,02,A01
201000046174,0,07,000,00,2,4,02,B01
201000046175,0,07,000,08,0,1,01,A01
201000046176,0,07,000,00,2,4,02,B01
201000046176,0,07,000,00,2,4,23,C01
201000046176,0,07,000,00,2,1,02,A01
201000046177,0,30,000,00,2,1,02,A01
201000046177,0,07,000,00,2,5,01,B01
201000046178,0,02,000,15,0,1,01,A01
201000046179,0,07,000,00,1,2,01,A01
201000046179,0,07,000,00,0,0,23,B01
201000046180,0,30,000,00,2,8,02,A01
201000046180,0,07,000,00,2,1,02,B01
201000046181,0,07,000,12,0,1,02,A01
201000046182,0,33,000,16,0,8,02,A01
201000046183,0,07,000,00,1,1,02,A01
201000046184,0,02,000,00,1,1,02,A01
201000046185,0,07,000,00,2,1,02,A01
201000046185,0,07,000,00,2,4,01,B01
201000046186,0,33,000,16,0,1,02,A01
201000046187,0,07,000,00,2,7,15,A01
201000046187,0,07,000,00,2,1,01,B01
201000046188,0,07,000,01,0,1,02,A01
201000046189,0,07,000,00,2,8,15,A01
201000046189,0,33,000,00,2,1,02,B01
201000046190,0,07,000,00,2,3,09,A01
201000046190,0,37,010,00,2,2,01,B01
201000046191,0,07,000,00,2,1,09,A01
201000046191,0,07,000,00,2,2,01,B01
201000046192,0,33,000,00,2,1,02,A01
201000046192,0,07,000,00,2,4,15,B01
201000046193,0,30,000,16,0,1,02,A01
201000046194,0,30,000,16,0,3,15,A01
201000046195,0,33,000,00,2,7,01,B01
201000046195,0,07,000,00,2,3,09,A01
201000046196,0,07,000,00,1,2,01,A01
201000046197,0,33,000,06,0,1,01,A01
201000046198,0,07,000,13,0,7,01,A01
201000046199,0,33,000,00,2,1,01,B01
201000046199,0,07,000,00,2,8,15,A01
201000046200,0,01,000,00,2,1,01,B01
201000046200,0,07,000,00,2,7,22,A01
201000046201,0,07,000,00,2,8,01,B01
201000046201,0,07,000,00,2,1,01,A01
201000046202,0,07,000,00,2,4,23,C01
201000046202,0,07,000,00,2,1,02,A01
201000046202,0,07,000,00,2,4,02,B01
201000046203,0,30,000,00,2,1,02,A01
201000046203,0,07,000,00,2,4,23,B01
201000046204,0,07,000,00,2,2,15,A01
201000046204,0,33,000,00,2,1,02,B01
201000046205,0,15,000,00,2,7,12,A01
201000046205,0,07,000,00,2,8,01,B01
201000046206,0,07,000,00,2,1,02,A01
201000046206,0,07,000,00,2,4,02,C01
201000046206,0,07,000,00,2,4,02,B01
201000046207,0,15,000,00,2,6,02,B01
201000046207,0,07,000,00,2,3,02,A01
201000046208,0,01,000,00,2,1,13,A01
201000046208,0,07,000,00,2,6,01,B01
201000046209,0,07,000,00,2,3,01,A01
201000046209,0,14,000,00,2,3,01,B01
201000046210,0,07,000,00,2,1,15,A01
201000046210,0,07,000,00,2,3,02,B01
201000046211,0,07,000,00,1,2,01,A01
201000046212,0,07,000,00,2,1,02,A01
201000046212,0,07,000,00,2,1,02,B01
201000046213,0,07,000,09,0,1,02,A01
201000046214,0,07,000,00,2,2,09,A01
201000046214,0,02,000,00,2,1,17,B01
201000046215,0,07,000,00,2,8,13,B01
201000046215,0,07,000,03,0,0,09,A01
201000046215,0,10,000,03,2,8,01,C01
201000046216,0,30,000,16,0,6,02,A01
201000046217,0,07,000,00,2,1,02,A01
201000046217,0,07,000,00,2,2,02,B01
201000046218,0,30,000,00,0,8,01,A01
201000046219,0,30,000,00,0,8,01,A01
201000046220,0,07,000,00,2,1,01,B01
201000046220,0,02,000,00,2,1,15,A01
201000046221,0,07,000,09,0,1,01,A01
201000046222,0,07,000,00,2,2,13,A01
201000046222,0,07,000,00,2,1,02,B01
201000046223,0,07,000,00,2,3,15,B01
201000046223,0,30,000,00,2,2,17,A01
201000046224,0,02,000,00,2,7,01,B01
201000046224,0,07,000,00,2,1,09,A01
201000046225,0,33,000,00,2,8,01,B01
201000046225,1,07,000,00,2,1,01,Z01
201000046226,0,10,000,00,2,6,11,A01
201000046226,0,30,000,00,2,7,01,B01
201000046227,0,07,000,00,2,1,02,A01
201000046227,0,07,000,00,2,4,00,B01
201000046227,0,07,000,00,2,4,01,C01
201000046228,0,02,000,00,2,1,01,A01
201000046228,1,07,000,00,2,4,23,Z01
201000046229,0,07,000,00,2,4,01,B01
201000046229,0,07,000,00,2,1,02,A01
201000046230,0,07,000,00,2,8,02,B01
201000046230,0,01,000,00,2,1,02,A01
201000046231,0,07,000,00,2,8,24,A01
201000046231,0,01,000,01,0,1,02,B01
201000046232,0,07,000,00,2,1,01,B01
201000046232,0,07,000,00,2,7,13,A01
201000046233,0,33,000,00,0,8,00,A01
201000046234,0,07,000,00,2,3,01,B01
201000046234,0,07,000,00,2,3,15,A01
201000046235,0,07,000,04,0,1,17,A01
201000046236,0,07,000,00,1,1,01,A01
201000046237,0,07,000,00,2,4,02,B01
201000046237,0,07,000,00,2,4,02,C01
201000046237,0,07,000,00,2,1,02,A01
201000046238,0,07,000,00,2,1,02,B01
201000046238,0,30,000,00,2,1,02,A01
201000046239,0,07,000,00,2,1,02,A01
201000046239,0,07,000,00,2,4,02,B01
201000046240,0,07,000,00,2,8,02,B01
201000046240,0,07,000,00,2,1,02,A01
201000046241,0,07,000,00,2,5,01,B01
201000046241,0,02,000,00,2,1,01,A01
201000046242,0,07,000,00,2,4,01,B01
201000046242,0,02,000,00,2,1,02,A01
201000046243,0,07,000,00,2,3,01,C01
201000046243,0,07,000,00,2,6,01,B01
201000046243,0,30,000,00,2,1,02,A01
201000046243,0,07,000,00,0,0,05,D01
201000046244,0,33,000,00,2,0,05,A01
201000046245,0,07,000,00,2,4,02,B01
201000046245,0,13,000,00,2,1,02,A01
201000046246,0,01,000,00,0,0,00,A01
201000046247,0,07,000,00,2,1,02,B01
201000046247,0,07,000,00,2,1,13,A01
201000046248,0,33,000,01,2,1,17,A01
201000046248,0,02,000,00,2,8,15,B01
201000046249,0,10,000,03,0,1,02,A01
201000046250,0,07,000,00,2,1,02,A01
201000046250,0,07,000,00,2,5,15,B01
201000046251,0,10,000,00,1,8,02,A01
201000046252,0,07,000,01,0,2,01,A01
201000046253,0,10,000,03,0,8,01,A01
201000046254,0,07,000,13,0,9,01,A01
201000046255,0,14,000,00,2,1,02,A01
201000046255,0,07,000,00,2,4,02,B01
201000046256,0,07,000,04,0,2,01,A01
201000046257,0,07,000,00,2,1,01,B01
201000046257,0,07,000,00,2,1,09,A01
201000046258,0,07,000,00,1,1,02,A01
201000046259,0,15,000,00,2,3,01,B01
201000046259,0,07,000,00,2,1,05,A01
201000046260,0,30,000,16,0,7,02,A01
201000046261,0,07,000,16,0,9,02,A01
201000046262,0,30,000,16,0,1,02,A01
201000046263,0,07,000,00,1,1,01,A01
201000046264,0,07,000,03,2,1,09,A01
201000046264,0,07,000,00,2,1,02,B01
201000046265,0,10,000,00,1,4,04,A01
201000046266,0,07,000,00,2,8,15,A01
201000046266,0,33,000,00,2,1,02,B01
201000046267,0,07,000,09,0,1,02,A01
201000046268,0,07,000,03,0,2,01,A01
201000046269,0,07,000,00,2,3,10,A01
201000046269,0,07,000,00,2,2,01,B01
201000046270,0,33,000,00,2,1,02,A01
201000046270,0,10,000,00,2,3,02,B01
201000046271,0,07,000,00,1,2,01,A01
201000046272,0,33,000,16,0,1,02,A01
201000046273,0,31,000,00,2,1,02,B01
201000046273,1,07,000,00,0,0,02,Z01
201000046274,0,07,000,00,1,2,02,A01
201000046275,0,07,000,00,2,1,02,A01
201000046275,0,07,000,00,2,3,02,B01
201000046276,0,07,000,00,1,1,01,A01
201000046277,0,02,000,00,1,1,15,A01
201000046278,0,07,000,00,2,1,02,A01
201000046278,0,07,000,00,2,4,01,B01
201000046278,0,07,000,00,2,4,02,C01
201000046279,0,07,000,01,0,1,02,A01
201000046280,0,02,000,06,0,0,01,A01
201000046281,0,07,000,00,2,2,01,A01
201000046281,0,31,000,00,2,1,01,B01
201000046282,0,07,000,06,0,1,02,A01
201000046283,0,31,000,12,0,7,01,A01
201000046284,0,37,002,00,2,7,02,B01
201000046284,0,30,000,00,2,1,02,A01
201000046285,0,07,000,00,1,1,01,A01
201000046286,0,01,000,00,0,0,00,A01
201000046287,0,07,000,00,2,2,09,A01
201000046287,0,33,000,00,2,8,01,B01
201000046288,0,07,000,00,2,2,01,B01
201000046288,0,07,000,00,2,3,09,A01
201000046289,0,14,000,00,2,2,16,A01
201000046289,0,07,000,06,2,8,01,B01
201000046290,0,02,000,00,2,4,23,B01
201000046290,0,07,000,00,2,1,02,A01
201000046291,0,07,000,00,2,8,02,B01
201000046291,0,17,000,00,2,7,02,A01
201000046292,0,07,000,03,0,1,02,A01
201000046293,0,33,000,07,0,2,21,A01
201000046294,0,01,000,00,0,0,00,A01
201000046295,0,33,000,00,0,8,21,A01
201000046296,0,07,000,13,0,9,01,A01
201000046297,0,30,000,00,0,7,01,A01
201000046298,0,07,000,06,2,1,01,B01
201000046298,0,07,000,06,2,7,01,A01
201000046299,0,10,000,13,0,3,01,A01
201000046300,0,07,000,13,0,9,01,A01
201000046301,0,02,000,00,0,8,15,A01
201000046302,0,02,000,00,2,1,02,A01
201000046302,0,07,000,00,2,4,23,B01
201000046303,0,07,000,00,1,1,01,A01
201000046304,0,07,000,00,2,3,01,B01
201000046304,0,33,000,00,2,0,01,A01
201000046305,0,33,000,00,2,1,01,A01
201000046305,0,07,000,00,2,8,01,B01
201000046306,0,07,000,00,2,1,01,B01
201000046306,0,07,000,00,2,3,17,A01
201000046307,0,07,000,00,1,4,04,A01
201000046308,0,07,000,00,1,1,01,A01
201000046309,0,07,000,00,2,8,01,A01
201000046309,0,07,000,00,2,2,01,B01
201000046310,0,07,000,00,2,1,02,A01
201000046310,0,07,000,00,2,4,23,B01
201000046311,0,07,000,01,0,2,00,A01
201000046312,0,33,000,00,2,7,01,B01
201000046312,0,07,000,00,2,2,09,A01
201000046313,0,33,000,00,2,1,01,B01
201000046313,0,07,000,00,2,8,15,A01
201000046314,0,07,000,00,2,4,23,B01
201000046314,0,15,000,00,2,1,02,A01
201000046315,0,07,000,00,1,1,01,A01
201000046316,0,33,000,00,1,1,17,A01
201000046317,0,07,000,00,2,1,02,A01
201000046317,0,07,000,00,2,1,01,B01
201000046318,0,07,000,00,2,1,02,B01
201000046318,0,07,000,00,2,3,02,A01
201000046319,0,07,000,13,0,1,02,A01
201000046320,0,07,000,13,0,1,01,A01
201000046321,0,15,000,00,2,8,02,A01
201000046321,0,07,000,00,2,1,02,B01
201000046322,1,33,000,00,1,1,13,Z01
201000046323,0,07,000,00,2,4,02,B01
201000046323,0,07,000,00,2,1,02,A01
201000046324,0,01,000,00,2,1,01,B01
201000046324,0,07,000,00,2,5,19,A01
201000046325,0,01,000,00,2,8,02,A01
201000046325,0,07,000,00,2,1,02,Z01
201000046326,0,33,000,07,0,1,01,A01
201000046327,0,07,000,09,0,1,01,A01
201000046328,0,07,000,00,2,1,15,A01
201000046328,0,07,000,00,2,4,01,B01
201000046329,0,07,000,13,0,1,02,A01
201000046330,0,07,000,00,2,3,02,B01
201000046330,0,30,000,00,2,1,02,A01
201000046331,0,07,000,00,2,1,02,C01
201000046331,0,07,000,00,2,1,13,A01
201000046331,0,07,000,00,2,8,02,B01
201000046332,0,01,000,16,0,8,02,A01
201000046333,0,07,000,00,2,1,02,A01
201000046333,0,07,000,00,2,4,02,D01
201000046333,0,07,000,00,2,1,02,C01
201000046333,0,07,000,00,2,4,02,B01
201000046334,0,33,000,16,0,8,02,A01
201000046335,0,07,000,00,2,2,02,A01
201000046335,0,07,000,00,2,1,02,B01
201000046336,0,33,000,00,2,1,02,B01
201000046336,0,07,000,00,2,6,09,A01
201000046337,0,30,000,06,0,1,02,A01
201000046338,0,07,000,00,1,1,15,A01
201000046339,0,30,000,00,2,0,01,A01
201000046339,1,02,000,00,2,0,19,Z01
201000046340,0,07,000,09,0,1,02,A01
201000046341,0,07,000,00,2,2,00,A01
201000046341,0,07,000,00,2,3,02,B01
201000046342,0,07,000,13,0,1,02,A01
201000046343,0,10,000,00,2,2,04,A01
201000046343,0,02,000,00,2,1,01,B01
201000046344,0,07,000,09,0,1,02,A01
201000046345,0,07,000,00,0,9,00,A01
201000046346,0,07,000,06,0,1,02,A01
201000046347,0,07,000,00,2,1,02,A01
201000046347,0,07,000,03,0,1,02,B01
201000046348,0,07,000,00,2,4,02,C01
201000046348,0,07,000,00,2,1,02,A01
201000046348,0,07,000,00,2,4,02,B01
201000046349,0,07,000,00,1,3,01,A01
201000046350,0,07,000,07,0,1,02,A01
201000046351,0,07,000,00,2,1,16,A01
201000046351,0,07,000,00,2,1,02,B01
201000046352,0,07,000,00,2,1,02,A01
201000046352,0,07,000,00,2,4,01,B01
201000046353,0,07,000,01,2,1,01,A01
201000046354,0,07,000,00,2,4,01,C01
201000046354,0,07,000,00,2,4,01,B01
201000046354,0,07,000,00,2,1,02,A01
201000046355,0,07,000,00,2,1,02,A01
201000046355,0,07,000,00,2,1,02,B01
201000046356,0,07,000,00,2,8,01,B01
201000046356,0,30,000,00,2,1,01,A01
201000046357,0,07,000,00,2,1,02,A01
201000046357,0,15,000,00,2,4,02,B01
201000046358,0,07,000,00,2,1,02,A01
201000046358,0,07,000,00,2,4,02,B01
201000046359,0,07,000,00,2,4,02,B01
201000046359,0,30,000,00,2,1,02,A01
201000046360,0,07,000,00,2,2,15,A01
201000046360,0,02,000,00,2,1,02,B01
201000046361,0,07,000,00,1,1,15,A01
201000046362,0,07,000,09,0,1,02,A01
201000046363,0,07,000,01,0,1,02,A01
201000046364,0,33,000,00,2,1,17,B01
201000046364,0,07,000,00,2,6,15,A01
201000046365,0,07,000,00,2,2,09,A01
201000046365,0,31,000,00,2,1,01,B01
201000046366,0,31,000,00,2,8,02,B01
201000046366,0,07,000,00,2,2,15,A01
201000046367,0,07,000,00,2,0,02,A01
201000046367,0,07,000,09,2,1,02,B01
201000046368,0,07,000,00,2,8,15,A01
201000046368,0,07,000,00,2,2,02,B01
201000046369,0,33,000,00,2,1,01,B01
201000046369,0,07,000,00,2,8,11,A01
201000046370,0,07,000,00,2,1,15,A01
201000046370,0,07,000,00,2,1,01,B01
201000046371,0,07,000,09,2,1,02,A01
201000046371,0,07,000,00,2,2,02,B01
201000046372,0,07,000,13,0,1,02,A01
201000046373,0,02,000,16,0,1,02,A01
201000046374,0,07,000,00,2,3,09,A01
201000046374,0,30,000,00,2,1,01,B01
201000046375,0,07,000,00,2,1,01,A01
201000046375,0,07,000,07,2,8,01,B01
201000046376,0,07,000,00,2,2,15,A01
201000046376,0,30,000,00,2,1,01,B01
201000046377,0,30,000,01,2,2,02,A01
201000046377,0,07,000,00,2,5,23,B01
201000046378,0,31,000,00,2,1,01,B01
201000046378,0,07,000,00,2,2,15,A01
201000046379,0,07,000,00,2,1,02,B01
201000046379,0,07,000,00,2,7,02,A01
201000046380,0,07,000,00,2,8,09,A01
201000046380,0,33,000,00,2,7,02,B01
201000046381,0,10,000,00,2,6,15,A01
201000046381,0,31,000,00,2,1,01,B01
201000046382,0,07,000,00,2,1,01,B01
201000046382,0,30,000,00,2,3,19,A01
201000046383,0,07,000,00,2,5,00,B01
201000046383,0,07,000,00,2,3,00,A01
201000046384,0,10,000,00,1,2,00,A01
201000046385,0,34,000,16,0,7,01,A01
201000046386,0,02,000,00,1,1,02,A01
201000046387,0,07,000,00,1,4,09,A01
201000046388,0,07,000,00,2,3,13,A01
201000046388,0,07,000,00,2,3,01,B01
201000046389,0,07,000,00,2,7,02,B01
201000046389,0,10,000,00,2,1,02,A01
201000046390,0,07,000,00,2,3,02,B01
201000046390,0,07,000,00,2,3,15,A01
201000046391,0,07,000,00,1,3,01,A01
201000046392,0,02,000,00,2,8,01,B01
201000046392,0,10,000,00,2,0,09,A01
201000046393,0,33,000,00,2,1,01,B01
201000046393,0,07,000,00,2,3,15,A01
201000046394,0,07,000,00,2,6,01,A01
201000046394,0,07,000,00,2,3,01,B01
201000046395,0,01,000,00,2,3,01,B01
201000046395,0,07,000,00,2,3,17,A01
201000046396,0,07,000,01,0,1,01,A01
201000046397,0,10,000,00,2,1,02,A01
201000046397,0,07,000,00,2,4,00,B01
201000046398,0,30,000,00,2,1,13,A01
201000046398,0,10,000,00,2,3,13,B01
201000046399,0,07,000,00,2,4,23,B01
201000046399,0,07,000,00,2,3,01,C01
201000046399,0,33,000,00,2,1,02,A01
201000046400,0,07,000,00,2,1,00,B01
201000046400,0,07,000,00,2,1,00,A01
201000046401,0,32,000,00,2,2,01,B01
201000046401,0,07,000,00,2,1,15,A01
201000046402,0,07,000,00,2,1,02,A01
201000046402,0,30,000,00,2,4,02,B01
201000046403,0,07,000,16,0,1,01,A01
201000046404,0,07,000,00,1,3,02,A01
201000046405,0,10,000,04,0,1,01,A01
201000046406,0,32,000,00,2,8,15,A01
201000046406,0,30,000,00,2,1,17,B01
201000046407,0,07,000,13,0,9,01,A01
201000046408,0,10,000,06,0,1,02,A01
201000046409,0,33,000,00,2,1,01,B01
201000046409,0,07,000,00,2,8,09,A01
201000046410,0,07,000,00,1,3,01,A01
201000046411,0,30,000,00,1,1,02,A01
201000046412,0,07,000,00,2,4,02,B01
201000046412,0,07,000,00,2,1,02,A01
201000046412,0,07,000,00,2,4,23,C01
201000046413,0,33,000,00,2,1,02,A01
201000046413,0,07,000,00,2,4,02,B01
201000046414,0,07,000,00,2,2,01,A01
201000046414,0,30,000,00,2,1,00,B01
201000046415,0,07,000,00,2,3,02,A01
201000046415,0,07,000,00,2,2,02,B01
201000046416,0,33,000,00,0,8,15,A01
201000046417,0,07,000,00,2,3,02,B01
201000046417,0,07,000,00,1,2,02,A01
201000046418,0,07,000,00,2,1,01,B01
201000046418,0,07,000,00,2,7,01,A01
201000046419,0,07,000,00,2,4,02,C01
201000046419,0,07,000,00,2,1,02,A01
201000046419,0,10,000,00,2,4,02,B01
201000046420,0,07,000,00,2,2,15,A01
201000046420,0,07,000,00,2,1,01,B01
201000046421,0,07,000,00,1,1,02,A01
201000046422,0,07,000,00,0,0,15,A01
201000046422,0,33,000,00,0,1,01,B01
201000046423,0,07,000,00,1,4,04,A01
201000046424,0,07,000,09,0,1,02,A01
201000046425,0,07,000,00,1,1,02,A01
201000046426,0,07,000,00,0,9,01,A01
201000046427,0,33,000,01,0,1,02,A01
201000046428,0,07,000,03,2,3,01,B01
201000046428,0,07,000,00,2,2,17,A01
201000046429,0,30,000,00,2,1,17,A01
201000046429,0,07,000,00,2,8,15,B01
201000046430,0,07,000,00,1,1,02,A01
201000046431,0,07,000,00,2,5,15,A01
201000046431,0,07,000,00,2,1,01,B01
201000046432,0,07,000,09,0,1,01,A01
201000046433,0,07,000,00,2,5,16,A01
201000046433,0,37,002,00,2,3,02,B01
201000046434,0,07,000,00,2,1,01,A01
201000046434,0,07,000,00,2,1,01,B01
201000046435,0,07,000,00,2,4,01,B01
201000046435,0,07,000,00,2,1,02,A01
201000046436,0,07,000,00,2,6,01,A01
201000046436,0,02,000,00,2,1,01,B01
201000046437,0,07,000,00,2,8,01,B01
201000046437,0,07,000,00,2,3,01,A01
201000046438,0,30,000,00,0,0,01,A01
201000046439,0,07,000,00,2,4,23,B01
201000046439,0,07,000,00,2,4,23,C01
201000046439,0,17,000,00,2,1,02,A01
201000046440,0,07,000,00,2,1,02,B01
201000046440,0,07,000,00,2,1,02,A01
201000046441,0,33,000,00,2,1,17,B01
201000046441,0,07,000,00,2,3,15,A01
201000046442,0,30,000,16,0,1,02,A01
201000046443,0,07,000,00,1,1,02,A01
201000046444,0,07,000,08,0,8,02,A01
201000046445,0,07,000,13,2,1,02,A01
201000046446,0,30,000,16,0,1,01,A01
201000046447,0,07,000,00,2,1,15,A01
201000046447,0,07,000,00,2,3,02,B01
201000046448,0,02,000,00,0,8,01,A01
201000046449,0,13,000,00,2,1,02,A01
201000046449,0,07,000,00,2,4,02,B01
201000046450,0,10,000,07,0,8,14,A01
201000046451,0,07,000,06,0,1,02,A01
201000046452,0,10,000,00,2,1,02,A01
201000046452,0,07,000,00,2,4,23,B01
201000046452,0,07,000,00,2,4,23,E01
201000046452,0,07,000,00,2,4,23,D01
201000046452,0,07,000,00,2,1,02,F02
201000046452,0,07,000,00,2,4,23,C01
201000046453,0,33,000,16,0,1,02,A01
201000046454,0,07,000,00,2,1,02,A01
201000046454,0,07,000,00,2,4,01,B01
201000046455,0,07,000,16,0,1,02,A01
201000046456,0,07,000,16,0,1,02,A01
201000046457,0,07,000,00,1,2,01,A01
201000046458,0,10,000,00,2,1,02,A01
201000046458,0,07,000,00,2,1,02,B01
201000046459,0,07,000,00,2,1,01,A01
201000046460,0,07,000,00,1,1,01,A01
201000046461,0,07,000,00,2,2,15,A01
201000046461,0,07,000,00,2,5,01,B01
201000046462,0,07,000,00,2,6,01,B01
201000046462,0,33,000,00,2,1,02,A01
201000046463,0,33,000,16,0,1,02,A01
201000046464,0,07,000,09,0,1,02,A01
201000046465,0,07,000,00,2,3,01,A01
201000046465,0,01,000,00,2,1,01,B01
201000046466,0,32,000,00,2,1,02,C01
201000046466,0,07,000,00,2,1,02,A01