Num_Acc,senc,catv,occutc,obs,obsm,choc,manv,num_veh
201000046466,0,07,000,00,2,1,02,B01
201000046467,0,07,000,00,0,1,01,A01
201000046468,0,07,000,00,1,1,02,A01
201000046469,0,07,000,00,2,4,00,B01
201000046469,0,07,000,00,2,1,00,A01
201000046470,0,07,000,16,0,1,02,A01
201000046471,0,07,000,00,2,7,01,B01
201000046471,0,07,000,03,2,1,00,A01
201000046472,0,10,000,00,2,3,02,B01
201000046472,0,07,000,00,2,7,01,A01
201000046473,0,07,000,03,2,1,02,A01
201000046473,0,07,000,00,2,1,02,B01
201000046474,0,07,000,00,1,1,16,A01
201000046475,0,37,001,00,2,1,02,D01
201000046475,0,10,000,00,2,1,02,A01
201000046475,0,07,000,00,2,4,02,E01
201000046475,0,07,000,00,2,1,02,C01
201000046475,0,07,000,00,2,4,02,B01
201000046476,0,07,000,00,2,7,01,B01
201000046476,0,07,000,00,2,2,15,A01
201000046477,0,07,000,00,2,1,02,A01
201000046477,0,07,000,00,2,4,02,C01
201000046477,0,07,000,00,2,4,02,B01
201000046478,0,10,000,00,2,1,02,A01
201000046478,0,07,000,00,2,4,23,B01
201000046479,0,30,000,00,2,2,01,B01
201000046479,0,07,000,00,2,7,15,A01
201000046480,0,07,000,00,1,3,01,A01
201000046481,0,07,000,00,2,1,02,C01
201000046481,0,33,000,00,2,1,02,A01
201000046481,0,07,000,00,2,6,02,B01
201000046482,1,10,000,00,1,0,00,Z01
201000046483,0,30,000,00,0,0,01,A01
201000046484,0,07,000,00,2,5,15,A01
201000046484,0,02,000,00,2,1,01,B01
201000046485,0,30,000,16,0,7,02,A01
201000046486,0,07,000,01,2,2,01,B01
201000046486,0,07,000,00,2,2,20,A01
201000046487,0,33,000,16,0,8,01,A01
201000046488,0,07,000,00,0,9,01,A01
201000046489,0,07,000,01,0,1,02,A01
201000046490,0,07,000,00,2,1,02,A01
201000046490,0,07,000,00,2,4,01,B01
201000046491,0,07,000,00,2,4,02,B01
201000046491,0,07,000,00,2,1,02,A01
201000046492,0,02,000,00,2,8,02,B01
201000046492,0,07,000,00,2,7,16,A01
201000046493,0,07,000,06,0,1,02,A01
201000046494,0,07,000,16,0,1,02,A01
201000046495,0,07,000,00,2,4,01,B01
201000046495,0,10,000,13,2,1,00,A01
201000046496,0,07,000,01,1,1,02,A01
201000046497,0,02,000,00,2,1,01,B01
201000046497,0,07,000,00,2,5,15,A01
201000046498,0,07,000,00,1,1,01,A01
201000046499,0,07,000,00,2,1,01,A01
201000046499,0,07,000,00,2,4,23,B01
201000046500,0,07,000,00,1,1,02,A01
201000046501,0,07,000,09,0,1,02,A01
201000046502,0,30,000,00,0,0,01,A01
201000046503,0,33,000,16,0,1,02,A01
201000046504,0,07,000,00,1,1,01,A01
201000046505,0,07,000,00,2,1,02,B01
201000046505,0,07,000,00,2,8,02,A01
201000046506,0,07,000,00,2,3,09,A01
201000046506,0,07,000,00,2,2,00,B01
201000046507,0,37,010,00,1,7,00,A01
201000046508,0,07,000,00,1,1,02,A01
201000046509,0,33,000,16,0,8,02,A01
201000046510,0,07,000,00,2,1,02,B01
201000046510,0,07,000,00,2,2,15,A01
201000046510,0,10,000,00,2,1,02,C01
201000046511,0,07,000,00,2,6,02,B01
201000046511,0,07,000,00,2,1,15,A01
201000046512,0,02,000,00,2,1,02,B01
201000046512,0,07,000,00,2,1,15,A01
201000046513,0,07,000,00,2,1,02,A01
201000046513,0,07,000,00,2,4,02,B01
201000046514,0,30,000,16,0,8,02,A01
201000046515,0,07,000,00,2,4,02,C01
201000046515,0,07,000,00,2,4,02,B01
201000046515,0,07,000,00,2,1,02,A01
201000046516,0,07,000,00,1,7,02,Z01
201000046517,0,07,000,01,0,0,02,A01
201000046518,0,14,000,00,2,3,01,B01
201000046518,0,10,000,00,2,3,00,A01
201000046519,0,07,000,00,2,4,23,B01
201000046519,0,07,000,00,2,4,23,D01
201000046519,0,07,000,00,2,4,23,E01
201000046519,0,07,000,00,2,1,02,A01
201000046519,0,07,000,00,2,4,23,C01
201000046520,0,07,000,00,2,1,02,A01
201000046520,0,07,000,00,2,6,01,B01
201000046521,0,07,000,00,2,1,02,A01
201000046521,0,07,000,00,2,4,01,B01
201000046521,0,07,000,00,2,6,23,C01
201000046522,0,07,000,08,0,1,01,A01
201000046523,0,07,000,13,0,1,01,A01
201000046524,0,33,000,00,2,7,01,B01
201000046524,0,07,000,00,2,7,19,A01
201000046525,0,33,000,00,0,7,01,A01
201000046526,0,30,000,00,0,0,01,A01
201000046527,0,07,000,00,2,1,01,B01
201000046527,0,07,000,00,2,6,19,A01
201000046528,0,07,000,00,2,2,01,B01
201000046528,0,02,000,00,2,3,13,A01
201000046529,0,07,000,00,2,5,15,B01
201000046529,0,10,000,00,2,1,09,A01
201000046530,0,07,000,00,2,2,01,B01
201000046530,0,07,000,06,2,1,17,A01
201000046531,0,07,000,13,0,3,01,A01
201000046532,0,10,000,00,2,7,01,B01
201000046532,0,07,000,00,2,1,01,A01
201000046533,0,10,000,00,1,3,15,A01
201000046534,0,07,000,00,2,3,01,B01
201000046534,0,07,000,00,2,1,05,A01
201000046535,0,07,000,00,1,5,16,A01
201000046536,0,30,000,00,0,0,01,A01
201000046537,0,07,000,16,0,9,01,A01
201000046538,0,07,000,00,1,8,21,A01
201000046539,0,07,000,00,1,6,04,A01
201000046540,0,30,000,00,2,1,01,A01
201000046540,0,07,000,00,2,3,01,B01
201000046541,0,07,000,00,2,3,15,A01
201000046541,0,01,000,00,2,1,01,B01
201000046542,0,07,000,12,0,5,16,B01
201000046542,0,07,000,00,2,2,02,A01
201000046543,0,07,000,00,2,3,15,A01
201000046543,0,33,000,00,2,1,01,B01
201000046544,0,07,000,00,1,2,15,A01
201000046545,0,31,000,00,0,0,00,A01
201000046545,0,07,000,00,2,3,01,B01
201000046546,1,10,000,00,9,7,17,Z01
201000046546,0,01,000,00,0,0,02,B01
201000046547,0,07,000,00,2,5,15,A01
201000046547,0,02,000,00,2,1,01,B01
201000046548,0,07,000,00,1,2,01,A01
201000046549,0,01,000,00,2,0,00,B01
201000046549,0,10,000,00,2,5,01,A01
201000046550,0,07,000,08,2,1,01,B01
201000046550,0,07,000,07,2,1,05,A01
201000046551,0,30,000,11,0,1,01,A01
201000046552,0,33,000,00,2,1,01,B01
201000046552,0,07,000,00,2,7,15,A01
201000046553,0,07,000,00,2,1,13,A01
201000046553,0,07,000,00,2,3,01,B01
201000046554,0,07,000,00,2,1,02,A01
201000046554,0,13,000,00,0,6,01,B01
201000046555,0,07,000,00,2,6,02,B01
201000046555,0,33,000,00,2,1,02,A01
201000046556,0,07,000,00,2,5,15,A01
201000046556,0,33,000,00,2,1,01,B01
201000046557,0,37,003,00,9,0,01,A01
201000046558,0,07,000,00,2,4,02,B01
201000046558,0,07,000,00,2,1,01,A01
201000046559,0,07,000,00,2,1,01,B01
201000046559,0,07,000,00,2,1,05,A01
201000046560,0,07,000,00,2,3,01,B01
201000046560,1,07,000,00,2,1,13,A01
201000046561,0,07,000,06,0,1,14,A01
201000046562,0,07,000,08,2,5,15,A01
201000046562,0,07,000,14,2,1,01,B01
201000046563,0,07,000,00,1,2,11,A01
201000046564,0,14,000,00,2,5,23,B01
201000046564,0,07,000,00,2,3,18,A01
201000046565,0,07,000,00,2,6,02,B01
201000046565,0,33,000,00,2,1,02,A01
201000046566,0,32,000,00,2,1,02,B01
201000046566,0,07,000,00,2,7,01,A02
201000046567,0,07,000,00,1,1,01,A01
201000046568,0,07,000,00,1,2,01,A01
201000046569,0,07,000,00,1,1,02,A01
201000046570,0,07,000,06,0,1,01,A01
201000046571,0,07,000,00,2,2,01,B01
201000046571,0,07,000,00,2,1,15,A02
201000046572,0,07,000,00,1,0,01,A01
201000046573,0,07,000,00,2,2,09,A01
201000046573,0,07,000,00,2,2,01,B01
201000046574,0,02,000,00,2,1,15,B01
201000046574,0,38,001,00,2,1,01,A01
201000046575,0,07,000,00,1,1,01,A01
201000046576,0,07,000,00,1,3,01,A01
201000046577,0,07,000,00,1,2,01,A01
201000046578,0,07,000,00,1,3,15,A01
201000046579,0,07,000,15,0,1,01,A01
201000046580,0,33,000,08,0,0,01,A01
201000046581,0,07,000,00,2,8,15,A01
201000046581,0,33,000,00,2,1,01,B01
201000046582,0,02,000,00,2,1,15,A01
201000046582,0,07,000,00,2,3,01,B01
201000046583,0,31,000,03,0,1,01,A01
201000046584,0,30,000,15,0,9,14,A01
201000046585,0,07,000,01,0,1,09,A01
201000046586,0,07,000,00,2,2,13,A01
201000046586,0,07,000,00,2,7,01,B01
201000046587,0,03,000,00,1,3,01,A01
201000046588,1,07,000,00,0,0,00,A01
201000046589,0,07,000,08,0,7,01,A01
201000046590,0,07,000,00,2,2,01,B01
201000046590,1,07,000,00,2,1,01,A01
201000046591,0,07,000,00,2,1,01,B01
201000046591,0,07,000,01,2,7,01,A01
201000046592,0,07,000,04,0,3,01,A01
201000046593,0,07,000,00,2,3,15,A01
201000046593,0,07,000,00,2,1,01,B01
201000046594,0,07,000,00,1,2,01,A01
201000046595,1,07,000,00,2,1,01,A01
201000046595,0,07,000,00,2,2,15,B01
201000046596,0,02,000,01,2,1,01,A01
201000046596,0,07,000,00,2,3,13,B01
201000046597,0,07,000,00,2,2,01,B01
201000046597,0,33,000,00,2,1,12,A01
201000046598,0,07,000,01,0,1,01,A01
201000046599,0,31,000,00,2,1,01,A01
201000046599,0,07,000,00,2,4,15,B01
201000046600,0,02,000,00,0,7,15,A01
201000046601,0,01,000,00,2,2,19,A01
201000046601,0,07,000,00,2,2,01,B01
201000046602,0,02,000,00,2,1,01,A01
201000046602,0,07,000,00,2,3,01,B01
201000046603,0,02,000,00,2,1,01,A01
201000046603,0,07,000,00,2,1,01,B01
201000046604,0,07,000,00,1,1,01,A01
201000046605,0,30,000,00,2,3,15,A01
201000046605,0,07,000,00,2,1,01,B01
201000046606,0,07,000,02,0,2,01,A01
201000046607,0,07,000,01,2,1,19,A02
201000046607,0,07,000,01,2,8,01,B01
201000046608,0,07,000,00,1,1,01,A01
201000046609,0,01,000,00,2,8,01,B01
201000046609,0,07,000,00,1,3,15,A01
201000046610,0,07,000,00,0,0,15,A01
201000046610,0,07,000,00,2,1,21,B01
201000046610,0,07,000,00,2,1,01,C01
201000046611,0,07,000,06,0,1,13,A01
201000046612,0,07,000,01,0,2,01,A01
201000046613,0,02,000,00,2,1,17,B01
201000046613,0,07,000,00,2,1,15,A01
201000046614,0,07,000,00,2,4,23,B01
201000046614,0,07,000,00,2,1,01,A01
201000046615,0,02,000,01,0,1,14,A01
201000046616,0,07,000,00,1,2,01,A01
201000046617,1,07,000,00,2,1,01,A01
201000046617,0,07,000,00,2,4,23,B01
201000046618,0,30,000,00,1,1,01,A01
201000046619,0,38,030,07,4,7,23,A01
201000046619,0,39,100,00,2,1,01,B02
201000046620,0,07,000,00,2,3,01,B01
201000046620,0,07,000,00,2,1,01,A01
201000046621,0,02,000,00,2,1,01,B01
201000046621,0,07,000,00,2,3,01,A01
201000046622,0,33,000,00,2,3,01,B01
201000046622,0,07,000,00,2,7,15,A01
201000046623,0,07,000,00,2,5,13,A01
201000046623,0,07,000,00,2,1,01,B01
201000046624,0,33,000,,1,1,01,A01
201000046625,0,07,000,00,1,4,04,A01
201000046626,0,07,000,00,1,1,01,A01
201000046627,0,07,000,00,2,2,17,B01
201000046627,0,02,000,00,2,8,13,A01
201000046628,0,33,000,00,2,1,01,B01
201000046628,0,07,000,00,2,2,20,A01
201000046629,0,07,000,00,2,7,01,B01
201000046629,0,07,000,00,2,1,01,A01
201000046630,0,02,000,00,2,2,01,B01
201000046630,0,07,000,00,2,1,09,A01
201000046631,0,07,000,00,2,4,23,B01
201000046631,0,07,000,00,2,1,01,A01
201000046632,0,07,000,00,2,4,23,C01
201000046632,0,07,000,00,2,1,11,A01
201000046632,0,07,000,00,2,6,23,B01
201000046632,0,07,000,00,2,1,21,D01
201000046633,0,14,000,00,1,5,16,A01
201000046634,0,01,000,00,2,8,01,B01
201000046634,0,07,000,00,2,7,17,A01
201000046635,0,07,000,00,1,3,01,A01
201000046636,0,02,000,00,2,1,01,A01
201000046636,1,07,000,00,2,3,01,B01
201000046637,0,07,000,00,2,1,01,A01
201000046637,0,07,000,00,2,3,01,B01
201000046638,0,07,000,00,2,1,13,A01
201000046638,0,07,000,00,2,1,21,B01
201000046639,0,07,000,00,1,7,15,A01
201000046640,0,33,000,00,0,1,01,A01
201000046640,0,07,000,00,1,3,21,B01
201000046641,0,07,000,00,0,1,13,A01
201000046642,0,07,000,00,2,1,01,B01
201000046642,0,07,000,00,2,1,13,A01
201000046643,0,07,000,00,1,1,20,A01
201000046644,0,01,000,00,2,6,02,B01
201000046644,0,07,000,00,2,2,01,A01
201000046645,0,07,000,16,0,1,21,A01
201000046646,0,07,000,00,9,6,19,A01
201000046646,0,02,000,00,2,1,02,B01
201000046647,0,07,000,00,1,1,01,A01
201000046648,0,07,000,00,1,1,23,A01
201000046648,0,07,000,00,2,1,02,B01
201000046649,0,30,000,00,1,1,01,A01
201000046650,0,30,000,00,2,1,16,A01
201000046650,0,07,000,00,2,7,16,B01
201000046651,0,07,000,00,2,0,01,B01
201000046651,0,07,000,00,2,1,01,C01
201000046651,0,07,000,00,2,0,09,A01
201000046652,0,07,000,00,1,5,04,A01
201000046653,0,07,000,00,1,1,01,A01
201000046654,0,30,000,00,1,1,01,A01
201000046655,0,33,000,00,2,7,01,B01
201000046655,0,07,000,00,2,3,15,A01
201000046656,0,07,000,00,2,3,01,B01
201000046656,0,07,000,00,2,1,01,A01
201000046657,0,07,000,00,9,3,01,B01
201000046657,0,02,000,00,2,1,01,A01
201000046658,0,07,000,00,2,8,01,B01
201000046658,0,07,000,00,2,1,01,A01
201000046659,0,01,000,00,2,4,00,B01
201000046659,0,07,000,00,2,1,01,A01
201000046660,0,07,000,00,1,1,01,A01
201000046661,0,30,000,00,2,1,01,B01
201000046661,0,07,000,00,2,7,01,A01
201000046662,0,07,000,00,0,1,13,A01
201000046662,0,07,000,00,2,2,01,C01
201000046662,0,10,000,00,2,3,01,B01
201000046663,0,07,000,00,1,3,01,A01
201000046664,0,33,000,00,2,3,01,B01
201000046664,0,07,000,00,2,6,09,A01
201000046665,0,07,000,00,1,1,01,A01
201000046666,0,07,000,00,1,1,01,A01
201000046667,0,07,000,00,1,2,01,A01
201000046668,0,07,000,00,1,2,01,A01
201000046669,0,37,001,00,2,1,02,B01
201000046669,0,07,000,00,2,5,12,A01
201000046670,0,07,000,00,2,2,15,A01
201000046670,0,30,000,00,2,1,01,B01
201000046671,0,07,000,00,2,1,01,C01
201000046671,0,07,000,00,2,4,23,B01
201000046671,0,10,000,00,2,1,01,A01
201000046672,0,30,000,00,2,1,00,B01
201000046672,0,07,000,00,2,3,09,A01
201000046673,0,07,000,00,1,4,04,A01
201000046674,0,07,000,12,0,1,01,A01
201000046675,0,10,000,00,2,1,02,B01
201000046675,0,07,000,00,2,1,13,A01
201000046676,0,07,000,13,0,1,14,A01
201000046677,0,07,000,06,0,1,14,A01
201000046678,0,07,000,00,2,3,05,A01
201000046678,1,07,000,00,2,0,05,B01
201000046679,0,07,000,00,2,4,00,C01
201000046679,0,07,000,00,2,1,00,A01
201000046679,0,07,000,00,2,4,02,B01
201000046680,0,07,000,00,2,4,01,B01
201000046680,0,10,000,00,2,1,02,A01
201000046681,0,07,000,00,1,3,15,A01
201000046682,0,01,000,00,2,1,01,A01
201000046682,0,07,000,00,9,7,01,B01
201000046683,0,10,000,00,2,1,02,A01
201000046683,0,07,000,00,2,4,02,B01
201000046684,0,07,000,00,2,1,02,A01
201000046684,0,07,000,00,0,4,02,B01
201000046685,2,07,000,14,0,1,00,A01
201000046686,0,07,000,00,1,2,01,A01
201000046687,0,07,000,00,1,1,00,A01
201000046688,0,07,000,00,2,3,01,B01
201000046688,0,07,000,00,2,3,01,A01
201000046689,0,30,000,00,0,3,01,A01
201000046690,0,07,000,00,0,7,00,B01
201000046690,0,33,000,00,2,1,00,A01
201000046691,0,07,000,00,2,1,00,A01
201000046691,0,30,000,00,2,0,05,B01
201000046692,0,30,000,16,0,1,01,A01
201000046693,0,13,000,00,9,7,02,A01
201000046693,0,01,000,00,0,7,02,B01
201000046694,0,02,000,00,2,1,17,B01
201000046694,0,07,000,00,2,8,15,A01
201000046695,0,07,000,05,0,1,14,A01
201000046696,0,07,000,01,0,1,02,A01
201000046696,0,07,000,01,2,4,24,B01
201000046696,0,07,000,00,2,4,24,C01
201000046697,0,07,000,00,2,1,01,A01
201000046697,0,07,000,00,2,4,01,B01
201000046697,0,07,000,00,2,4,01,C01
201000046698,0,07,000,00,0,5,15,B01
201000046698,0,07,000,00,2,1,01,A01
201000046699,0,07,000,00,0,2,01,A01
201000046699,0,02,000,00,2,1,01,B01
201000046700,0,07,000,00,2,6,00,B01
201000046700,0,07,000,00,2,2,21,A01
201000046701,0,07,000,00,2,5,12,B01
201000046701,0,07,000,00,2,1,01,A01
201000046702,0,07,000,00,2,1,00,B01
201000046702,0,07,000,15,2,9,00,A01
201000046703,0,07,000,00,1,0,00,A01
201000046704,1,10,000,08,2,3,00,A01
201000046704,0,07,000,00,2,3,01,B01
201000046705,2,07,000,00,2,1,01,A01
201000046705,0,07,000,00,2,1,01,B01
201000046706,0,07,000,00,2,1,01,B01
201000046706,0,07,000,00,2,3,15,A01
201000046707,0,33,000,00,2,7,01,B01
201000046707,0,07,000,00,2,2,09,A01
201000046708,0,07,000,00,2,2,16,A01
201000046708,0,01,000,00,2,1,01,B01
201000046709,0,33,000,00,5,8,21,A01
201000046710,0,02,000,00,1,1,00,A01
201000046711,0,31,000,00,2,0,00,A01
201000046711,1,07,000,00,2,1,01,Z01
201000046712,0,99,000,02,0,9,00,A01
201000046713,0,01,000,01,0,0,00,A01
201000046714,0,07,000,06,0,1,01,A01
201000046715,0,07,000,00,2,1,01,B01
201000046715,0,07,000,00,2,2,15,A01
201000046716,0,37,001,00,2,7,09,A01
201000046716,1,07,000,00,2,0,00,B01
201000046717,0,10,000,08,0,1,00,A01
201000046718,0,33,000,00,2,2,17,A01
201000046718,0,07,000,00,2,8,15,B01
201000046719,0,07,000,00,1,2,00,A01
201000046720,0,30,000,12,0,1,01,A01
201000046721,0,07,000,00,0,2,00,A01
201000046721,0,01,000,00,2,1,00,B01
201000046722,0,07,000,00,0,4,02,C01
201000046722,0,07,000,00,2,1,02,A01
201000046722,0,07,000,00,2,0,02,B01
201000046723,0,02,000,12,0,2,01,A01
201000046724,0,33,000,11,0,3,00,A01
201000046725,0,33,000,00,9,1,00,A01
201000046726,0,01,000,00,2,2,00,B01
201000046726,0,07,000,00,2,1,00,A01
201000046727,0,01,000,00,2,0,02,B01
201000046727,1,07,000,00,2,0,02,Z01
201000046728,0,10,000,00,2,2,15,A01
201000046728,0,30,000,00,2,1,01,B01
201000046729,0,07,000,00,2,2,01,A01
201000046729,0,07,000,00,2,6,01,B01
201000046730,0,01,000,00,2,4,02,B01
201000046730,0,07,000,00,2,0,02,A01
201000046731,0,07,000,00,1,2,02,A01
201000046732,0,07,000,00,2,1,02,A01
201000046732,0,07,000,00,0,4,00,B01
201000046733,0,01,000,00,0,1,01,A01
201000046734,0,07,000,00,1,3,01,A01
201000046735,0,07,000,00,2,1,13,A01
201000046735,0,07,000,00,2,1,01,B01
201000046736,0,07,000,00,2,8,01,B01
201000046736,0,07,000,00,2,1,09,A01
201000046737,0,30,000,00,0,7,01,A01
201000046738,0,02,000,00,2,1,00,A01
201000046738,0,07,000,00,2,3,00,B01
201000046739,0,02,000,00,2,0,00,B01
201000046739,0,07,000,00,2,0,04,A01
201000046740,0,07,000,00,2,2,01,B01
201000046740,0,07,000,00,0,6,19,A01
201000046741,0,07,000,00,2,4,23,B01
201000046741,0,07,000,00,2,1,02,A01
201000046742,0,07,000,00,1,1,00,A01
201000046743,0,30,000,00,1,1,01,A01
201000046744,0,07,000,00,1,2,02,A01
201000046744,0,07,000,00,0,0,00,B01
201000046745,0,07,000,00,1,4,04,A01
201000046746,0,07,000,00,2,4,01,B01
201000046746,0,07,000,14,0,1,01,A01
201000046747,0,07,000,00,2,8,00,A01
201000046747,0,02,000,00,2,1,00,B01
201000046748,0,02,000,00,2,2,01,B01
201000046748,0,07,000,00,2,3,20,A01
201000046749,0,01,000,01,0,1,01,A01
201000046750,0,07,000,00,2,1,21,A01
201000046750,0,07,000,00,2,8,23,B01
201000046751,0,07,000,00,2,3,01,A01
201000046751,0,07,000,00,2,3,01,B01
201000046752,0,07,000,00,2,3,15,A01
201000046752,0,33,000,00,2,2,16,B01
201000046753,0,07,000,00,1,1,01,A01
201000046754,0,07,000,00,2,1,00,A01
201000046754,0,13,000,00,2,3,01,B01
201000046755,0,07,000,15,0,7,02,B01
201000046755,0,07,000,00,0,1,02,A01
201000046756,0,07,000,00,2,4,02,B01
201000046756,0,33,000,00,2,1,09,A01
201000046757,0,07,000,00,2,2,02,A01
201000046757,0,07,000,00,2,3,02,B01
201000046758,0,30,000,00,0,1,00,A01
201000046759,0,33,000,07,0,0,01,A01
201000046760,0,33,000,00,0,0,01,A01
201000046761,0,07,000,00,1,1,15,A01
201000046762,0,07,000,00,2,8,00,B01
201000046762,0,07,000,00,2,2,00,A01
201000046763,0,07,000,00,2,1,02,A01
201000046763,0,07,000,00,0,4,02,B01
201000046764,0,02,000,00,0,8,01,A01
201000046765,0,02,000,14,0,1,01,A01
201000046766,0,02,000,00,2,1,17,A01
201000046766,0,07,000,00,2,3,15,B01
201000046767,0,01,000,00,2,1,01,B01
201000046767,0,01,000,00,2,1,11,A01
201000046768,1,07,000,00,2,8,09,Z01
201000046768,0,33,000,00,2,0,01,B01
201000046769,0,07,000,01,1,1,02,A01
201000046770,0,07,000,00,2,4,11,B01
201000046770,0,07,000,00,2,1,02,A01
201000046771,0,07,000,00,2,2,15,A01
201000046771,0,07,000,00,2,1,01,B01
201000046772,0,07,000,00,2,1,02,A01
201000046772,0,07,000,00,0,4,02,B01
201000046773,0,07,000,00,2,4,02,C01
201000046773,0,07,000,00,2,4,01,B01
201000046773,0,07,000,00,2,1,01,A01
201000046774,0,07,000,00,2,3,01,B01
201000046774,0,02,000,00,2,1,13,A01
201000046775,0,07,000,00,2,0,00,B01
201000046775,0,07,000,00,2,0,00,A01
201000046776,0,33,000,00,2,1,17,A01
201000046776,0,07,000,00,0,3,15,B01
201000046777,0,07,000,00,2,3,01,B01
201000046777,0,07,000,00,2,3,01,A01
201000046778,0,07,000,00,1,1,15,A01
201000046779,0,07,000,00,1,1,16,A01
201000046780,0,07,000,00,1,1,00,A01
201000046781,0,07,000,00,2,1,02,A01
201000046781,0,07,000,00,0,4,23,C01
201000046781,0,07,000,00,2,4,23,B01
201000046782,0,02,000,16,0,8,01,A01
201000046783,0,07,000,00,1,1,01,A01
201000046784,2,30,000,00,1,7,01,Z01
201000046785,0,01,000,00,0,1,01,A01
201000046786,2,07,000,00,2,1,15,A01
201000046786,0,07,000,00,2,1,01,B01
201000046787,0,07,000,00,2,5,15,A01
201000046787,0,01,000,00,2,1,01,B01
201000046788,0,33,000,00,2,1,02,A01
201000046788,0,07,000,00,0,4,15,B01
201000046789,0,07,000,00,2,1,02,A01
201000046789,0,07,000,00,2,4,01,B01
201000046790,0,07,000,00,0,4,01,B01
201000046790,0,02,000,00,2,1,02,A01
201000046791,0,07,000,00,2,7,01,A01
201000046791,0,07,000,00,2,3,09,B01
201000046792,1,07,000,00,1,1,01,A01
201000046793,0,02,000,12,0,8,01,A01
201000046794,0,99,000,00,2,6,05,A01
201000046794,0,07,000,00,2,3,15,B01
201000046794,0,07,000,00,2,6,01,C01
201000046795,0,07,000,00,2,1,15,A01
201000046795,0,07,000,00,2,1,23,B01
201000046796,0,07,000,00,0,2,15,B01
201000046796,0,30,000,00,0,1,02,A01
201000046797,0,07,000,00,2,4,23,C01
201000046797,0,07,000,00,2,1,02,A01
201000046797,0,07,000,00,2,4,00,B01
201000046798,0,07,000,00,2,1,02,A01
201000046798,0,07,000,00,2,4,02,B01
201000046798,0,07,000,00,0,4,02,C01
201000046799,0,07,000,00,0,1,00,A01
201000046800,0,01,000,00,0,0,00,A01
201000046800,0,07,000,00,0,8,00,B01
201000046801,0,07,000,00,2,7,12,A01
201000046801,0,02,000,00,2,8,12,B01
201000046802,0,07,000,00,0,2,12,A01
201000046802,0,07,000,00,0,6,01,B01
201000046803,0,07,000,02,0,1,01,A01
201000046804,0,07,000,00,2,3,15,A01
201000046804,0,07,000,00,2,1,01,B01
201000046805,0,07,000,00,0,2,15,A01
201000046805,0,07,000,00,0,0,01,B01
201000046806,0,02,000,00,2,2,00,A01
201000046806,1,07,000,00,2,1,01,Z01
201000046807,0,33,000,00,2,1,02,A01
201000046807,0,07,000,00,2,3,15,B01
201000046808,0,02,000,00,2,1,01,B01
201000046808,0,07,000,00,2,3,15,A01
201000046809,0,07,000,00,0,6,02,B01
201000046809,0,30,000,00,2,1,01,A01
201000046810,0,07,000,00,1,4,04,A01
201000046811,0,30,000,00,0,1,00,B01
201000046811,0,03,000,00,0,3,02,A01
201000046812,0,07,000,01,0,2,02,A01
201000046813,0,07,000,00,2,7,01,A01
201000046813,0,37,002,00,2,1,01,B01
201000046814,0,07,000,02,0,8,00,A01
201000046815,0,07,000,00,2,6,00,A01
201000046815,0,07,000,00,0,2,00,B01
201000046816,0,07,000,00,2,0,00,B01
201000046816,0,07,000,00,0,4,00,D01
201000046816,0,07,000,08,2,1,00,A01
201000046816,0,07,000,00,2,0,00,C01
201000046817,0,07,000,00,0,6,20,B01
201000046817,0,02,000,00,2,1,01,A01
201000046818,0,07,000,01,0,1,13,A01
201000046819,0,07,000,00,1,1,01,A01
201000046820,0,07,000,00,1,1,01,A01
201000046821,0,15,000,00,2,1,00,A01
201000046821,0,07,000,00,0,8,01,B01
201000046822,0,07,000,00,0,4,02,B01
201000046822,0,02,000,00,2,7,02,A01
201000046823,0,01,000,00,2,3,00,A01
201000046823,0,07,000,00,2,3,01,B01
201000046824,0,07,000,12,0,1,14,A01
201000046825,0,07,000,00,2,8,01,B01
201000046825,0,07,000,00,2,1,00,A01
201000046826,0,02,000,00,2,2,15,A01
201000046826,0,10,000,00,2,3,01,B01
201000046827,0,07,000,08,0,1,01,A01
201000046828,0,07,000,00,1,7,01,A01
201000046829,0,07,000,00,2,8,00,A01
201000046829,0,02,000,00,2,1,00,B01
201000046830,0,37,001,00,1,3,01,A01
201000046831,0,07,000,00,1,2,16,A01
201000046832,0,07,000,02,0,8,00,A01
201000046833,0,07,000,00,1,3,00,A01
201000046834,0,07,000,00,1,1,02,A01
201000046835,0,07,000,00,2,1,02,A01
201000046835,0,07,000,00,2,4,02,B01
201000046836,0,07,000,00,2,3,09,A01
201000046836,0,07,000,00,2,1,01,B01
201000046837,0,07,000,12,0,1,00,A01
201000046838,0,07,000,01,0,1,14,A01
201000046839,0,10,000,00,1,4,04,A01
201000046840,0,33,000,00,2,1,01,B01
201000046840,0,07,000,00,2,2,15,A01
201000046841,0,07,000,06,0,1,00,A01
201000046842,0,02,000,00,0,0,01,A01
201000046843,0,07,000,00,0,2,01,B01
201000046843,0,07,000,00,2,8,11,A01
201000046844,0,07,000,00,0,1,01,B01
201000046844,0,07,000,00,2,2,15,A01
201000046845,0,07,000,00,1,1,01,A01
201000046846,0,07,000,00,2,1,01,B01
201000046846,0,07,000,00,2,1,15,A01
201000046847,0,07,000,00,2,0,02,B01
201000046847,0,07,000,00,2,3,00,C01
201000046847,0,07,000,00,2,1,02,A01
201000046848,0,07,000,00,0,4,02,C01
201000046848,0,07,000,14,2,9,02,B01
201000046848,2,07,000,14,2,1,02,A01