Num_Acc,senc,catv,occutc,obs,obsm,choc,manv,num_veh
201000047211,0,07,000,00,2,3,16,A01
201000047212,0,10,000,08,0,1,00,A01
201000047213,0,30,000,00,0,0,00,A01
201000047214,0,10,000,00,2,3,00,C01
201000047214,0,10,000,00,2,1,00,B01
201000047214,0,10,000,00,2,1,00,A01
201000047215,0,07,000,00,2,4,00,A01
201000047215,0,02,000,00,2,1,00,B01
201000047216,0,10,000,00,0,9,00,A01
201000047217,0,13,000,00,2,1,17,A01
201000047217,0,07,000,00,2,4,01,B01
201000047218,0,07,000,00,0,9,13,A01
201000047219,0,15,000,00,2,3,01,B01
201000047219,0,07,000,00,2,7,13,A01
201000047220,0,01,000,00,1,0,01,A01
201000047221,0,37,001,00,2,1,01,B01
201000047221,0,07,000,00,2,1,00,A01
201000047222,0,10,000,00,0,9,00,A01
201000047223,0,07,000,00,2,4,02,B01
201000047223,0,07,000,00,2,1,02,A01
201000047224,0,07,000,00,1,1,00,A01
201000047225,0,07,000,02,0,1,14,A01
201000047226,0,07,000,00,2,1,09,A01
201000047226,0,07,000,00,2,8,01,B01
201000047227,0,10,000,06,0,1,00,A01
201000047228,0,10,000,00,0,1,00,A01
201000047229,0,07,000,00,1,2,01,A01
201000047230,0,07,000,00,2,1,01,B01
201000047230,0,10,000,00,2,4,04,A01
201000047231,0,07,000,01,0,1,01,A01
201000047232,0,07,000,00,1,0,01,A01
201000047233,0,07,000,00,1,3,01,A01
201000047234,0,07,000,00,1,4,04,A01
201000047235,0,07,000,00,2,1,18,B01
201000047235,0,15,000,00,2,5,12,A01
201000047236,0,07,000,00,2,1,01,B01
201000047236,0,07,000,00,2,1,21,A01
201000047237,0,37,001,00,2,4,23,B01
201000047237,0,07,000,01,0,1,01,A01
201000047238,0,37,010,00,1,2,01,A01
201000047239,0,07,000,08,2,4,23,B01
201000047239,0,07,000,00,2,1,02,A01
201000047240,0,07,000,00,2,7,00,A01
201000047240,0,37,010,00,2,1,01,B01
201000047241,0,07,000,00,1,2,01,A01
201000047242,0,07,000,00,2,1,09,B01
201000047242,0,07,000,00,2,1,01,A01
201000047243,0,07,000,00,1,1,01,A01
201000047244,0,33,000,00,2,1,01,A01
201000047245,0,03,000,00,1,1,15,A01
201000047246,0,07,000,00,2,1,01,A01
201000047246,0,07,000,00,2,7,01,B01
201000047247,0,33,000,00,2,7,17,A01
201000047247,0,07,000,00,2,8,15,B01
201000047248,0,07,000,00,1,0,00,A01
201000047249,0,07,000,00,2,3,15,B01
201000047249,0,07,000,00,2,1,17,A01
201000047250,0,30,000,00,2,1,00,B01
201000047250,0,07,000,00,2,5,15,A01
201000047251,0,02,000,00,2,1,00,B01
201000047251,0,07,000,00,2,4,00,A01
201000047252,0,02,000,00,1,0,00,B01
201000047252,0,07,000,00,2,0,15,A01
201000047253,0,07,000,00,2,3,00,B01
201000047253,0,07,000,00,2,2,20,A01
201000047254,0,37,035,10,1,1,01,A01
201000047255,0,07,000,00,2,2,15,A01
201000047255,0,07,000,00,2,0,01,B01
201000047256,0,07,000,00,2,0,24,B01
201000047256,0,07,000,01,0,1,00,A01
201000047257,0,07,000,00,2,4,01,B01
201000047257,0,07,000,00,2,1,01,A01
201000047258,0,07,000,00,1,1,00,A01
201000047259,0,30,000,00,2,1,21,B01
201000047259,0,07,000,00,2,4,15,A01
201000047260,0,33,000,00,2,1,17,A01
201000047260,0,07,000,00,2,3,15,B01
201000047261,0,07,000,00,0,4,02,B01
201000047261,1,07,000,00,2,1,02,A01
201000047262,0,07,000,00,2,3,11,A01
201000047262,0,02,000,00,2,3,19,B01
201000047263,0,33,000,01,2,1,01,A01
201000047263,0,07,000,00,2,6,15,B01
201000047264,0,07,000,00,1,1,00,A01
201000047265,0,07,000,00,2,1,00,B01
201000047265,0,07,000,00,2,1,00,A01
201000047266,0,07,000,00,2,1,02,A01
201000047266,0,07,000,00,0,4,02,B01
201000047267,0,01,000,00,2,0,19,B01
201000047267,0,07,000,00,9,1,01,A01
201000047268,0,07,000,00,1,4,00,A01
201000047269,0,01,000,00,0,4,02,B01
201000047269,0,07,000,00,9,1,02,A01
201000047270,1,31,000,00,0,0,00,Z01
201000047271,0,07,000,00,0,1,01,B01
201000047271,0,07,000,00,2,1,00,A01
201000047272,0,07,000,09,0,1,00,A01
201000047273,0,07,000,00,2,1,02,A01
201000047273,0,07,000,00,0,4,01,B01
201000047274,0,37,000,00,0,1,12,B01
201000047274,0,07,000,00,2,1,01,A01
201000047275,0,07,000,00,2,1,00,B01
201000047275,0,07,000,00,2,1,00,A01
201000047276,0,15,000,00,2,1,02,B01
201000047276,1,15,000,00,0,4,02,A01
201000047277,0,10,000,00,0,4,02,B01
201000047277,0,07,000,00,2,1,02,A01
201000047278,0,10,000,00,0,1,02,A01
201000047278,0,07,000,00,2,4,02,B01
201000047279,0,07,000,00,1,7,02,A01
201000047280,0,07,000,00,1,0,00,A01
201000047281,0,33,000,00,2,1,00,A01
201000047281,0,07,000,00,0,1,00,B01
201000047282,0,30,000,00,2,1,02,A01
201000047282,0,07,000,00,0,8,02,B01
201000047283,0,07,000,00,0,4,11,B01
201000047283,0,33,000,00,2,1,02,A01
201000047284,0,07,000,00,9,0,00,A01
201000047285,0,07,000,00,2,0,00,B01
201000047285,0,37,020,00,2,1,00,A01
201000047286,0,33,000,00,2,1,00,C01
201000047286,0,07,000,00,2,4,17,A01
201000047286,0,33,000,00,2,1,01,B01
201000047287,0,37,010,00,2,1,00,B01
201000047287,0,07,000,00,2,0,00,A01
201000047288,0,07,000,00,1,0,00,A01
201000047289,0,07,000,00,1,5,17,A01
201000047289,0,33,000,00,2,9,01,B01
201000047290,0,07,000,00,1,0,01,A01
201000047291,0,30,000,00,2,7,00,A01
201000047291,0,07,000,00,2,1,01,B01
201000047292,0,07,000,00,2,8,02,A01
201000047292,0,37,000,00,2,8,09,B01
201000047293,0,07,000,00,1,1,16,A01
201000047294,0,07,000,00,2,1,01,B01
201000047294,0,07,000,00,2,2,15,A01
201000047295,0,07,000,00,1,2,15,A01
201000047296,2,07,000,01,2,1,01,A01
201000047296,0,02,000,00,2,4,01,B01
201000047296,0,07,000,,,0,,A02
201000047297,0,07,000,00,1,3,00,A01
201000047298,0,07,000,00,1,2,01,A01
201000047299,0,07,000,00,1,2,01,A01
201000047300,2,31,000,00,1,0,00,A01
201000047301,0,32,000,00,2,1,01,A01
201000047301,0,07,000,00,2,7,15,B01
201000047302,0,07,000,00,2,2,01,A01
201000047302,0,07,000,00,2,3,01,B01
201000047303,0,33,000,00,2,7,01,B01
201000047303,1,02,000,00,2,8,13,A01
201000047304,0,07,000,00,1,2,01,A01
201000047305,0,34,000,00,2,1,01,B01
201000047305,0,07,000,00,2,3,15,A01
201000047306,0,07,000,00,1,4,04,A01
201000047306,0,01,000,00,2,7,01,B01
201000047307,0,31,000,00,2,1,01,B01
201000047307,0,07,000,00,2,2,01,A01
201000047308,0,02,000,15,2,8,18,A01
201000047308,0,07,000,00,9,2,01,B01
201000047309,0,03,000,00,2,5,15,A01
201000047309,0,34,000,00,2,1,01,B01
201000047310,0,32,000,00,2,5,02,B01
201000047310,0,07,000,00,9,3,13,A01
201000047311,0,37,001,00,1,1,01,A01
201000047312,0,10,000,00,1,4,01,A01
201000047313,0,33,000,00,2,4,02,B01
201000047313,0,07,000,00,2,1,02,A01
201000047314,0,07,000,00,0,0,01,A01
201000047314,0,33,000,00,0,0,01,B01
201000047315,0,07,000,00,1,2,01,A01
201000047316,0,30,000,00,2,4,01,B01
201000047316,0,07,000,00,2,1,01,A01
201000047317,0,07,000,00,1,3,01,A01
201000047318,0,07,000,00,1,2,01,A01
201000047319,0,07,000,00,1,2,01,A01
201000047320,0,07,000,00,2,3,15,A01
201000047320,0,30,000,00,2,2,01,B01
201000047321,0,07,000,00,2,1,02,A01
201000047321,0,07,000,00,2,4,02,B01
201000047322,0,07,000,00,1,1,16,A01
201000047323,0,07,000,00,1,1,01,A01
201000047324,0,30,000,01,2,3,00,A01
201000047324,0,30,000,00,2,1,00,B01
201000047325,0,30,000,00,2,3,01,A01
201000047325,0,07,000,00,2,2,01,B01
201000047326,0,07,000,00,1,3,01,A01
201000047327,0,07,000,00,9,2,01,A01
201000047327,0,01,000,00,2,8,19,B01
201000047328,0,03,000,00,1,2,01,A01
201000047329,0,02,000,00,2,1,01,A01
201000047329,0,07,000,00,2,2,01,B01
201000047330,0,02,000,00,0,0,00,A01
201000047331,0,01,000,00,2,3,00,A01
201000047331,0,15,000,00,2,1,16,B01
201000047332,0,30,000,00,2,2,17,A01
201000047332,0,07,000,00,2,6,15,B01
201000047333,0,07,000,00,1,2,00,A01
201000047334,0,07,000,00,1,1,01,A01
201000047335,0,07,000,00,1,1,03,A01
201000047336,0,07,000,00,2,1,01,B01
201000047336,0,07,000,00,2,2,19,A01
201000047337,0,07,000,00,1,3,00,A01
201000047338,0,13,000,00,9,1,01,A01
201000047339,0,07,000,00,2,8,15,B01
201000047339,0,07,000,01,2,1,17,A01
201000047340,0,07,000,11,1,2,00,A01
201000047341,0,07,000,00,2,1,15,A01
201000047341,0,30,000,00,0,7,01,B01
201000047342,0,07,000,04,0,3,01,A01
201000047343,0,07,000,00,2,0,16,A01
201000047343,0,32,000,00,0,0,21,B01
201000047344,1,07,000,00,2,1,01,A01
201000047344,0,07,000,00,0,4,01,B01
201000047345,0,07,000,06,0,2,01,A01
201000047346,0,07,000,00,1,1,01,A01
201000047347,0,07,000,00,2,1,02,A01
201000047347,0,07,000,00,0,4,02,B01
201000047348,0,07,000,00,1,1,01,A01
201000047349,0,07,000,00,1,1,01,A01
201000047350,0,07,000,00,1,1,01,A01
201000047351,0,07,000,00,1,7,01,A01
201000047352,0,02,000,00,2,1,01,B01
201000047352,1,07,000,00,2,7,15,A01
201000047353,0,07,000,08,0,1,01,A01
201000047354,0,33,000,00,2,2,01,A01
201000047354,0,07,000,00,2,3,15,B01
201000047355,0,07,000,00,2,4,23,B01
201000047355,0,30,000,00,1,1,02,A01
201000047356,2,07,000,00,2,1,02,B01
201000047356,0,07,000,00,2,4,01,A01
201000047357,0,07,000,00,2,4,14,B01
201000047357,0,33,000,00,2,1,01,A01
201000047358,0,30,000,00,2,7,17,B01
201000047358,0,07,000,00,0,3,15,A01
201000047359,0,02,000,00,2,1,01,A01
201000047359,0,07,000,00,0,8,16,B01
201000047360,0,07,000,04,2,1,17,A01
201000047360,0,33,000,00,0,4,01,B01
201000047361,0,07,000,12,0,1,01,A01
201000047362,0,07,000,03,0,2,01,A01
201000047363,0,07,000,15,0,1,01,A01
201000047364,0,07,000,15,0,1,01,A01
201000047365,0,31,000,00,2,1,01,A01
201000047365,0,07,000,00,2,1,01,B01
201000047366,0,31,000,00,0,5,01,A01
201000047366,0,07,000,00,2,1,16,B01
201000047367,0,33,000,00,2,1,03,A01
201000047367,0,07,000,00,0,4,01,B01
201000047368,0,07,000,00,0,9,00,A01
201000047369,0,07,000,00,2,1,15,A01
201000047369,0,07,000,00,2,1,01,B01
201000047370,0,32,000,00,0,0,00,A01
201000047371,0,07,000,00,2,3,01,A01
201000047371,0,07,000,02,1,1,01,B01
201000047372,0,07,000,00,0,7,15,A01
201000047372,0,07,000,00,2,1,01,B01
201000047373,0,33,000,00,2,1,01,B01
201000047373,0,07,000,00,0,8,16,A01
201000047374,0,07,000,01,0,5,01,A01
201000047375,0,02,000,00,2,1,01,A01
201000047375,0,07,000,00,0,8,16,B01
201000047376,0,02,000,00,2,1,01,B01
201000047376,0,07,000,00,2,8,15,A01
201000047377,0,07,000,00,2,1,01,A01
201000047377,0,07,000,00,0,8,15,B01
201000047378,0,07,000,00,1,2,01,A01
201000047379,0,10,000,00,1,3,13,B01
201000047379,0,07,000,00,2,2,17,A01
201000047380,0,32,000,00,2,7,17,B01
201000047380,0,07,000,00,0,3,15,A01
201000047381,0,07,000,02,0,1,01,A01
201000047382,0,07,000,04,0,3,01,A01
201000047383,0,38,000,00,2,7,01,B01
201000047383,0,38,000,00,2,3,13,A01
201000047384,0,02,000,00,2,2,17,A01
201000047384,0,07,000,00,2,3,15,B01
201000047385,0,01,000,00,1,1,02,A01
201000047386,0,07,000,00,2,1,02,B01
201000047386,0,07,000,00,2,4,02,A01
201000047387,0,07,000,12,0,1,16,A01
201000047388,0,07,000,00,2,3,15,B01
201000047388,0,07,000,00,2,3,01,A01
201000047389,0,07,000,00,0,8,15,A01
201000047389,0,07,000,00,2,1,01,B01
201000047390,0,33,000,00,2,1,01,A01
201000047390,0,07,000,00,0,4,23,B01
201000047391,0,07,000,00,2,1,15,A01
201000047391,0,32,000,00,2,1,01,B01
201000047392,0,07,000,15,2,1,01,A01
201000047392,0,07,000,00,0,3,23,B01
201000047393,0,07,000,00,2,1,01,B01
201000047393,0,07,000,00,2,1,01,C01
201000047393,0,07,000,00,0,4,01,A01
201000047394,0,07,000,00,2,2,16,B01
201000047394,0,01,000,00,2,1,01,A01
201000047395,0,07,000,00,2,1,01,A01
201000047395,0,07,000,00,2,1,01,B01
201000047395,0,07,000,00,0,4,01,C01
201000047396,1,07,000,00,2,1,10,Z01
201000047396,0,07,000,00,2,6,01,A01
201000047397,0,07,000,00,1,6,20,A01
201000047398,0,07,000,00,2,1,01,A01
201000047398,0,07,000,00,0,4,23,B01
201000047399,0,07,000,00,2,3,01,A01
201000047399,0,37,001,00,2,3,15,B01
201000047400,0,33,000,00,2,2,01,B01
201000047400,0,07,000,00,2,1,19,A01
201000047401,0,30,000,00,2,1,01,A01
201000047401,0,07,000,00,0,4,01,B01
201000047402,0,07,000,00,2,3,10,A01
201000047402,0,30,000,00,2,1,01,B01
201000047403,0,07,000,12,0,1,01,A01
201000047404,0,07,000,00,2,1,15,A01
201000047404,0,07,000,00,2,3,01,B01
201000047405,0,10,000,00,0,5,23,C01
201000047405,0,07,000,00,0,8,23,D01
201000047405,0,07,000,00,2,7,12,A01
201000047405,0,33,000,00,2,1,03,B01
201000047406,1,07,000,00,1,3,01,B01
201000047406,0,07,000,00,2,3,13,A01
201000047407,0,07,000,00,2,1,01,A01
201000047407,0,07,000,00,0,4,23,B01
201000047408,0,07,000,00,2,2,15,A01
201000047408,0,07,000,00,0,8,01,B01
201000047409,0,07,000,00,2,3,01,A01
201000047409,0,30,000,00,2,1,15,B01
201000047410,2,07,000,00,0,9,01,A01
201000047411,0,07,000,00,1,2,01,B01
201000047411,0,07,000,04,0,1,01,A01
201000047412,0,01,000,00,0,8,19,B01
201000047412,0,07,000,00,2,1,01,A01
201000047413,0,07,000,00,0,0,06,A01
201000047414,2,07,000,00,2,1,00,A01
201000047414,0,07,000,00,2,1,00,B01
201000047415,0,07,000,00,2,2,00,B01
201000047415,0,30,000,00,2,3,00,A01
201000047416,0,01,000,00,0,5,01,B01
201000047416,0,07,000,00,2,1,01,A01
201000047417,0,10,000,00,0,4,01,B01
201000047417,0,37,003,00,2,1,01,A01
201000047418,0,01,000,00,2,1,00,B01
201000047418,0,07,000,00,9,1,00,A01
201000047419,0,07,000,00,2,1,02,A01
201000047419,0,07,000,00,2,4,01,B01
201000047420,0,30,000,00,2,1,00,A01
201000047420,0,07,000,00,2,0,00,B01
201000047421,0,07,000,00,2,8,00,B01
201000047421,0,07,000,00,2,1,00,A01
201000047422,0,07,000,00,2,1,00,B01
201000047422,0,07,000,08,2,4,00,A01
201000047423,0,07,000,00,2,1,01,A01
201000047423,0,33,000,00,0,4,01,B01
201000047424,0,03,000,15,0,1,01,A01
201000047425,0,07,000,09,0,1,01,A01
201000047426,0,07,000,02,0,0,01,A01
201000047427,0,07,000,00,1,0,01,A01
201000047428,0,32,000,00,1,1,01,A01
201000047429,0,10,000,00,1,7,01,A01
201000047430,0,10,000,00,1,0,01,A01
201000047431,0,07,000,00,2,1,02,A01
201000047431,0,07,000,00,2,4,02,B01
201000047432,0,07,000,00,2,1,21,A01
201000047432,0,37,001,00,2,1,01,B01
201000047433,0,33,000,00,0,0,01,A01
201000047434,0,07,000,00,1,2,01,A01
201000047435,0,07,000,00,1,1,15,A01
201000047436,2,07,000,00,2,1,02,A01
201000047436,0,33,000,00,2,4,02,B01
201000047437,0,07,000,00,1,1,15,A01
201000047438,0,02,000,00,0,0,00,A01
201000047439,0,33,000,00,1,3,01,A01
201000047440,0,37,001,08,0,3,01,A01
201000047441,0,07,000,00,1,3,13,A01
201000047442,0,07,000,03,0,1,01,A01
201000047443,0,33,000,00,0,1,01,A01
201000047444,0,07,000,00,2,7,01,B01
201000047444,0,07,000,08,2,1,09,A01
201000047445,0,07,000,08,0,9,01,A01
201000047446,0,07,000,00,2,3,15,A01
201000047446,0,30,000,00,2,1,01,B01
201000047447,0,07,000,13,0,9,01,A01
201000047448,0,07,000,05,0,9,01,A01
201000047449,0,07,000,08,0,8,01,A01
201000047450,0,07,000,00,2,1,02,A01
201000047450,0,07,000,00,2,4,02,B01
201000047451,0,07,000,00,0,9,01,A01
201000047452,0,32,000,00,2,1,01,B01
201000047452,0,07,000,00,2,3,09,A01
201000047453,0,07,000,00,1,4,15,A01
201000047454,0,07,000,00,2,1,02,A01
201000047454,0,07,000,00,2,4,02,B01
201000047455,0,10,000,00,2,8,15,A01
201000047455,0,02,000,00,2,7,01,B01
201000047456,0,07,000,00,2,8,10,A01
201000047456,0,33,000,00,2,7,01,B01
201000047457,0,02,000,00,2,0,01,B01
201000047457,0,07,000,00,2,1,09,A01
201000047458,0,07,000,00,1,8,01,A01
201000047459,0,02,000,00,2,1,16,A01
201000047459,0,07,000,00,2,3,01,B01
201000047460,0,07,000,00,2,8,15,A01
201000047460,0,02,000,00,2,7,01,B01
201000047461,1,01,000,00,2,1,01,Z01
201000047461,0,01,000,00,2,1,01,B01
201000047462,0,02,000,12,0,1,01,A01
201000047463,0,07,000,00,2,0,01,B01
201000047463,0,31,000,00,2,0,01,A01
201000047464,0,07,000,00,2,8,10,A01
201000047464,0,31,000,00,2,1,01,B01
201000047465,0,07,000,00,0,1,01,A01
201000047466,0,02,000,00,2,7,17,A01
201000047466,0,07,000,00,2,8,15,B01
201000047467,0,07,000,00,2,4,02,B01
201000047467,0,07,000,00,2,1,02,A01
201000047467,0,07,000,00,2,4,02,C01
201000047468,0,01,000,00,2,1,01,A01
201000047468,0,07,000,00,2,1,01,B01
201000047469,0,07,000,00,2,1,01,A01
201000047469,0,07,000,00,2,1,01,B01
201000047470,0,07,000,01,0,1,01,A01
201000047471,0,07,000,00,2,8,15,B01
201000047471,0,33,000,00,2,2,17,A01
201000047472,0,07,000,00,2,4,23,B01
201000047472,0,07,000,00,2,1,01,A01
201000047473,0,07,000,03,0,1,01,A01
201000047474,0,30,000,00,0,1,01,A01
201000047475,0,33,000,00,0,0,01,A01
201000047476,0,07,000,01,0,4,04,A01
201000047477,0,07,000,00,2,4,02,B01
201000047477,0,07,000,00,2,1,02,A01
201000047478,0,02,000,00,2,1,01,A01
201000047478,0,07,000,00,2,1,01,B01
201000047479,0,07,000,00,2,1,15,A01
201000047479,0,07,000,00,2,4,01,D01
201000047479,0,07,000,00,2,4,01,C01
201000047479,0,07,000,00,2,4,01,B01
201000047480,0,07,000,05,0,1,01,A01
201000047481,0,07,000,00,1,1,01,A01
201000047482,0,02,000,00,2,7,17,A01
201000047482,0,07,000,00,2,8,15,B01
201000047483,0,02,000,00,2,1,01,A01
201000047483,0,07,000,00,2,5,15,B01
201000047484,0,02,000,00,2,1,01,B01
201000047484,0,07,000,00,2,5,01,A01
201000047485,0,31,000,00,0,0,01,A01
201000047486,0,01,000,00,0,0,01,A01
201000047487,0,07,000,00,2,1,09,B01
201000047487,0,07,000,00,2,1,09,A01
201000047488,0,07,000,00,1,1,01,A01
201000047489,0,10,000,00,2,1,02,A01
201000047489,0,07,000,00,2,4,02,B01
201000047490,0,31,000,00,0,1,01,A01
201000047491,0,02,000,00,0,1,01,A01
201000047492,0,07,000,00,2,1,15,A01
201000047492,0,33,000,00,2,1,09,B01
201000047493,0,07,000,00,2,4,02,B01
201000047493,0,38,001,00,2,1,02,A01
201000047494,0,37,001,00,2,1,01,B01
201000047494,0,14,000,00,0,9,09,A01
201000047495,0,33,000,00,2,1,02,A01
201000047495,0,07,000,00,2,4,02,B01
201000047496,0,07,000,01,0,1,01,A01
201000047497,0,07,000,00,2,4,02,B01
201000047497,0,07,000,00,2,1,02,A01
201000047498,0,07,000,00,2,1,01,A01
201000047498,0,31,000,00,2,1,01,B01
201000047499,0,07,000,00,2,3,01,A01
201000047499,0,01,000,00,2,4,15,B01
201000047500,0,07,000,00,1,1,01,A01
201000047501,0,07,000,00,2,7,01,B01
201000047501,0,07,000,00,2,5,09,A01
201000047502,0,07,000,00,2,3,00,B01
201000047502,0,02,000,00,2,0,00,A01
201000047503,0,07,000,00,2,4,02,B01
201000047503,0,07,000,00,2,1,02,A01
201000047503,0,07,000,00,2,4,02,C01
201000047504,0,31,000,08,0,0,01,A01
201000047505,0,07,000,00,1,1,13,A01
201000047506,0,07,000,00,0,1,01,A01
201000047507,0,07,000,00,1,1,15,A01
201000047508,0,07,000,00,1,2,01,A01
201000047509,0,07,000,00,1,0,01,A01
201000047510,0,07,000,06,0,1,14,A01
201000047511,0,07,000,06,0,0,01,A01
201000047512,0,02,000,00,0,0,01,A01
201000047513,0,31,000,00,2,0,02,B01
201000047513,0,10,000,00,2,2,01,A01
201000047514,0,30,000,00,0,0,01,A01
201000047515,0,07,000,00,1,1,01,A01
201000047516,0,07,000,00,2,1,15,B01
201000047516,0,33,000,01,2,1,01,A01
201000047517,0,01,000,00,2,1,01,B01
201000047517,0,07,000,00,2,2,15,A01
201000047518,0,07,000,01,0,2,01,A01
201000047519,0,02,000,00,0,0,01,A01
201000047520,0,07,000,00,0,9,01,A01
201000047521,0,07,000,00,2,1,01,A01
201000047521,0,30,000,00,2,1,01,B01
201000047522,0,07,000,00,1,1,01,A01
201000047523,0,10,000,00,1,1,01,A01
201000047524,0,31,000,00,0,1,01,A01
201000047525,0,07,000,08,0,1,01,A01
201000047526,0,02,000,00,0,1,15,B01
201000047526,0,07,000,00,0,0,01,A01
201000047527,0,10,000,00,2,1,02,A01
201000047527,0,07,000,00,2,4,02,B01
201000047528,0,02,000,00,0,1,00,A01
201000047529,0,07,000,03,2,1,01,B01
201000047529,0,07,000,00,2,1,01,A01
201000047530,0,31,000,06,0,1,01,A01
201000047531,0,07,000,00,2,1,15,A01
201000047531,0,01,000,00,2,1,01,B01
201000047532,0,07,000,00,2,7,16,A01
201000047532,0,30,000,00,2,1,01,B01
201000047533,0,07,000,08,0,1,01,A01
201000047534,0,07,000,00,2,1,15,A01
201000047534,0,30,000,00,2,1,01,B01
201000047535,0,07,000,00,2,1,01,A01
201000047535,0,02,000,00,2,4,23,B01
201000047536,0,02,000,00,0,0,01,A01
201000047537,0,07,000,00,1,0,01,A01
201000047538,0,07,000,00,1,0,01,A01
201000047539,0,07,000,00,2,1,15,A01
201000047539,0,07,000,00,2,0,01,B01
201000047540,0,07,000,01,0,1,01,A01
201000047541,0,07,000,00,2,1,15,A01
201000047541,0,02,000,00,2,1,01,B01
201000047542,0,07,000,06,0,2,01,A01
201000047543,0,07,000,06,0,1,21,A01
201000047544,0,07,000,00,2,2,15,B01
201000047544,0,02,000,00,2,1,01,A01
201000047545,0,02,000,00,0,0,01,A01
201000047546,0,30,000,00,0,0,01,A01
201000047547,0,01,000,00,2,1,02,A01
201000047547,0,10,000,00,2,4,01,B01
201000047548,0,07,000,00,2,1,01,A01
201000047548,0,07,000,00,2,4,01,B01
201000047549,0,07,000,00,2,1,01,B01
201000047549,0,07,000,00,2,1,13,A01
201000047550,0,10,000,00,1,2,14,A01
201000047551,0,07,000,06,0,4,01,A01
201000047552,0,07,000,03,0,0,01,A01
201000047553,0,07,000,00,2,1,01,A01
201000047553,0,07,000,00,2,8,15,B01
201000047554,0,07,000,01,2,1,01,B01
201000047554,0,07,000,00,2,7,15,A01
201000047555,0,07,000,00,0,0,01,A01
201000047556,0,07,000,04,0,0,01,A01
201000047557,0,07,000,00,2,4,01,B01
201000047557,0,07,000,00,2,1,01,A01
201000047558,0,07,000,00,2,4,01,B01
201000047558,0,07,000,00,2,1,13,A01
201000047559,0,07,000,00,2,7,01,B01
201000047559,0,07,000,00,1,3,15,A01
201000047560,0,07,000,00,1,3,01,A01
201000047561,0,07,000,00,1,1,01,A01
201000047562,0,30,000,12,0,1,21,B01
201000047563,0,07,000,00,1,3,02,A01
201000047564,0,07,000,06,2,7,21,B01
201000047564,0,07,000,00,4,1,09,A01
201000047565,0,07,000,01,0,3,01,A01
201000047565,0,10,000,09,2,6,00,B01
201000047566,0,37,001,00,2,2,01,B01
201000047566,0,07,000,00,2,1,05,A01
201000047567,0,07,000,00,2,1,01,B01
201000047567,0,07,000,00,2,8,15,A01
201000047568,0,07,000,00,1,2,01,A01
201000047569,1,07,000,00,1,2,01,Z01
201000047570,0,99,000,00,2,3,15,A01
201000047570,0,30,000,00,2,7,01,B01
201000047571,0,07,000,00,1,8,15,A01
201000047572,0,33,000,00,2,2,17,A01
201000047572,0,07,000,00,2,6,15,B01
201000047573,0,07,000,00,1,2,00,A01
201000047574,0,07,000,00,1,3,01,A01
201000047575,0,07,000,00,0,3,15,B01
201000047575,0,33,000,00,2,1,17,A01
201000047576,0,07,000,00,2,7,01,B01
201000047576,0,10,000,00,2,1,19,A01
201000047577,0,07,000,00,2,4,02,B01
201000047577,0,07,000,00,2,1,02,A01
201000047578,0,07,000,00,2,1,00,A01
201000047578,0,07,000,00,2,3,01,B01
201000047579,0,33,000,00,2,7,16,B01
201000047579,0,33,000,00,2,1,02,A01
201000047580,0,33,000,00,2,7,02,B01
201000047580,0,07,000,00,2,8,02,A01
201000047581,0,31,000,00,2,2,01,B01
201000047581,0,07,000,00,2,3,01,A01
201000047582,0,07,000,00,1,2,01,A01
201000047583,0,07,000,00,1,3,01,A01
201000047584,0,10,000,00,1,5,01,A01
201000047585,0,37,003,00,0,0,02,A01
201000047586,0,07,000,00,1,3,01,A01
201000047587,0,07,000,00,2,3,13,A01
201000047587,0,02,000,00,2,2,01,B01
201000047588,0,99,000,01,0,5,01,A01
201000047589,0,07,000,00,2,2,20,A01
201000047589,0,33,000,00,2,1,01,B01
201000047590,0,07,000,00,9,3,01,B01
201000047590,0,01,000,00,2,1,09,A01
201000047591,0,07,000,00,1,1,01,A01
201000047592,0,07,000,00,2,1,15,A01
201000047592,0,07,000,00,2,1,01,B01
201000047593,0,07,000,15,2,1,01,A01
201000047594,0,01,000,00,2,8,01,B01
201000047594,0,07,000,00,2,1,01,A01
201000047595,0,02,000,00,2,1,17,B01
201000047595,0,07,000,00,2,3,15,A01
201000047596,0,30,000,00,0,8,00,A01
201000047597,0,30,000,00,2,1,16,A01
201000047597,0,07,000,00,2,2,00,B01
201000047598,0,07,000,00,1,3,01,A01
201000047599,0,07,000,00,2,2,15,A01
201000047599,0,01,000,00,2,1,01,B01
201000047600,0,10,000,00,2,3,06,B01
201000047600,0,33,000,00,2,2,02,A01
201000047601,0,30,000,00,2,1,01,B01
201000047601,0,07,000,00,2,3,09,A01
201000047602,0,07,000,00,2,1,02,A01
201000047602,0,07,000,00,2,4,02,B01
201000047603,0,07,000,00,2,1,09,A01
201000047603,0,02,000,00,2,0,01,B01
201000047604,0,07,000,00,2,2,01,A01
201000047604,0,02,000,00,0,0,00,B01
201000047605,0,07,000,00,2,3,20,A01
201000047605,0,30,000,00,2,2,01,B01
201000047606,0,07,000,00,2,6,19,A01
201000047606,0,07,000,00,2,1,01,B01
201000047607,0,07,000,00,2,1,01,B01
201000047607,0,07,000,00,2,4,00,A01
201000047608,0,30,000,00,0,7,01,A01
201000047609,0,07,000,00,1,4,04,A01