Num_Acc,senc,catv,occutc,obs,obsm,choc,manv,num_veh
201000048358,0,33,000,00,2,2,17,A01
201000048358,0,07,000,00,2,3,15,B01
201000048359,0,31,000,00,1,1,17,A01
201000048360,0,07,000,00,2,4,01,B01
201000048360,0,07,000,00,2,1,02,A01
201000048361,0,33,000,00,2,8,01,B01
201000048361,0,10,000,00,2,2,15,A01
201000048362,0,30,000,00,2,7,02,B01
201000048362,0,07,000,00,2,3,01,A01
201000048363,0,07,000,00,1,5,01,A01
201000048364,0,32,000,00,2,1,21,A01
201000048364,0,07,000,00,2,8,23,B01
201000048365,0,07,000,00,2,4,23,B01
201000048365,0,31,000,00,2,1,01,A01
201000048366,0,33,000,00,2,4,01,A01
201000048366,0,07,000,00,2,6,11,B01
201000048367,0,07,000,00,1,1,01,A01
201000048368,1,07,000,00,1,3,00,Z01
201000048369,0,07,000,00,2,1,05,A01
201000048369,0,31,000,00,2,1,01,B01
201000048370,0,37,001,00,1,5,01,A01
201000048371,0,07,000,00,2,1,02,A01
201000048371,0,07,000,00,2,4,23,B01
201000048372,0,07,000,00,1,2,15,A01
201000048373,0,07,000,00,1,1,01,A01
201000048374,0,07,000,00,1,1,01,A01
201000048375,0,07,000,00,2,2,01,B01
201000048375,0,07,000,00,2,8,20,A01
201000048376,0,07,000,00,2,5,01,B01
201000048376,0,30,000,00,2,0,01,A01
201000048377,0,33,000,00,1,1,01,A01
201000048378,0,10,000,00,1,2,01,A01
201000048379,0,07,000,00,1,1,15,A01
201000048380,0,07,000,00,1,1,01,A01
201000048381,0,07,000,00,2,1,01,A01
201000048381,0,07,000,00,2,3,09,B01
201000048382,0,07,000,00,1,1,01,A01
201000048383,0,07,000,00,2,6,01,A01
201000048383,0,07,000,00,2,2,09,B01
201000048384,0,07,000,00,2,1,01,C01
201000048384,0,07,000,00,2,4,01,D01
201000048384,0,07,000,00,2,1,01,B01
201000048384,0,07,000,00,2,1,01,A01
201000048385,0,07,000,00,2,8,15,A01
201000048385,0,32,000,00,2,1,17,B01
201000048386,0,07,000,00,2,4,01,B01
201000048386,0,07,000,00,2,1,01,A01
201000048387,0,07,000,00,2,1,15,A01
201000048387,0,07,000,00,2,3,01,B01
201000048388,0,33,000,00,2,9,01,B01
201000048388,0,07,000,00,2,1,15,A01
201000048389,0,07,000,00,2,2,01,B01
201000048389,0,33,000,00,2,1,01,A01
201000048390,0,14,000,01,2,4,24,A01
201000048390,0,02,000,00,2,1,01,B01
201000048391,0,33,000,00,2,1,01,A01
201000048391,0,07,000,00,2,3,10,B01
201000048392,0,07,000,00,2,2,09,A01
201000048392,0,31,000,00,2,1,01,B01
201000048393,0,32,000,00,2,1,01,A01
201000048393,0,07,000,00,2,1,15,B01
201000048394,0,07,000,00,2,2,01,B01
201000048394,0,33,000,00,2,1,01,A01
201000048395,0,07,000,00,2,4,02,A01
201000048395,0,07,000,00,2,1,02,B01
201000048396,0,07,000,00,1,4,04,A01
201000048397,0,07,000,00,2,1,15,B01
201000048397,0,33,000,00,2,2,01,A01
201000048398,0,07,000,00,2,9,17,A01
201000048398,0,07,000,00,2,1,01,B01
201000048398,0,07,000,00,2,8,01,C01
201000048398,0,07,000,00,2,3,24,D01
201000048399,0,07,000,00,2,1,01,B01
201000048399,0,07,000,00,2,2,01,A01
201000048400,0,32,000,00,2,1,17,A01
201000048400,0,07,000,00,2,3,15,B01
201000048401,0,32,000,00,2,1,01,B01
201000048401,0,07,000,00,2,2,15,A01
201000048402,0,13,000,00,2,3,01,B01
201000048402,0,07,000,00,2,8,15,A01
201000048403,0,07,000,00,2,8,01,B01
201000048403,0,30,000,00,2,3,13,A01
201000048404,0,07,000,00,2,8,15,A01
201000048404,0,07,000,00,2,1,01,B01
201000048405,0,07,000,00,2,1,01,A01
201000048405,0,07,000,00,2,4,01,B01
201000048406,0,07,000,00,2,2,15,A01
201000048406,0,07,000,00,2,3,01,B01
201000048407,0,07,000,00,2,1,15,A01
201000048407,0,07,000,00,2,8,01,B01
201000048408,0,07,000,00,2,6,02,B01
201000048408,0,30,000,00,2,1,02,A01
201000048409,0,07,000,00,2,1,01,B01
201000048409,0,34,000,00,2,1,15,A01
201000048410,0,02,000,00,2,1,01,A01
201000048410,0,07,000,00,2,4,01,B01
201000048411,0,01,000,00,2,1,16,A01
201000048411,0,07,000,00,2,1,01,B01
201000048412,0,07,000,00,2,3,15,A01
201000048412,0,07,000,00,2,3,01,B01
201000048413,0,33,000,00,2,1,01,A01
201000048413,0,07,000,00,2,8,15,B01
201000048414,0,07,000,00,1,4,04,A01
201000048415,0,33,000,00,1,1,01,A01
201000048416,0,32,000,00,2,7,01,B01
201000048416,0,07,000,00,2,1,15,A01
201000048417,0,07,000,00,2,1,01,A01
201000048417,0,07,000,00,2,3,01,B01
201000048418,0,01,000,00,2,4,23,B01
201000048418,0,07,000,00,2,3,02,A01
201000048419,0,37,001,00,1,2,01,A01
201000048420,0,34,000,00,2,7,17,B01
201000048420,0,07,000,00,2,3,13,A01
201000048421,0,07,000,00,2,1,02,A01
201000048421,0,07,000,00,2,4,02,B01
201000048422,0,07,000,00,1,7,00,A01
201000048423,0,02,000,00,2,8,01,B01
201000048423,0,07,000,00,2,2,16,A01
201000048424,0,02,000,00,2,1,01,A01
201000048424,0,07,000,00,2,7,01,B01
201000048425,0,07,000,00,1,1,01,A01
201000048426,0,07,000,00,2,3,15,A01
201000048426,0,33,000,00,2,1,01,B01
201000048427,0,01,000,00,2,1,01,A01
201000048427,0,02,000,00,2,1,01,B01
201000048428,0,07,000,00,2,8,15,B01
201000048428,0,02,000,00,2,1,17,A01
201000048429,0,07,000,00,1,2,01,A01
201000048430,0,30,000,00,2,1,01,B01
201000048430,0,07,000,00,2,1,15,A01
201000048431,0,07,000,00,2,1,15,A01
201000048431,0,32,000,00,2,1,01,B01
201000048432,0,07,000,00,2,2,15,B01
201000048432,0,33,000,00,2,1,01,A01
201000048433,0,33,000,00,2,1,23,B01
201000048433,0,10,000,00,2,4,04,A01
201000048434,0,07,000,00,1,2,01,A01
201000048435,0,30,000,00,2,9,09,A01
201000048435,0,07,000,01,2,2,01,B01
201000048436,0,07,000,00,2,3,11,A01
201000048436,0,02,000,00,2,2,01,B01
201000048437,0,07,000,00,2,3,01,A01
201000048437,0,07,000,00,2,2,01,B01
201000048438,0,07,000,00,2,1,01,A01
201000048438,0,99,000,00,2,4,02,B01
201000048439,0,07,000,00,2,7,23,B01
201000048439,0,01,000,00,2,1,03,A01
201000048440,0,07,000,00,0,4,23,B01
201000048440,0,07,000,00,2,1,01,A01
201000048441,0,07,000,00,1,1,15,A01
201000048442,0,30,000,00,2,1,01,B01
201000048442,0,07,000,00,2,7,12,A01
201000048443,0,07,000,00,1,1,01,A01
201000048444,0,07,000,00,1,1,02,A01
201000048445,0,07,000,00,2,2,12,A01
201000048445,0,32,000,00,2,3,01,B01
201000048446,1,07,000,00,1,1,12,A01
201000048447,1,07,000,00,1,0,00,A01
201000048448,0,02,000,00,0,0,01,A01
201000048449,0,07,000,00,2,3,01,A01
201000048450,0,07,000,00,1,1,16,A01
201000048451,0,32,000,00,1,0,01,A01
201000048452,1,07,000,00,1,8,07,A01
201000048453,0,02,000,00,2,2,01,A01
201000048453,0,07,000,00,2,3,15,B01
201000048454,0,32,000,00,2,1,01,A01
201000048454,0,07,000,00,2,4,01,B01
201000048455,0,07,000,00,0,4,02,A01
201000048455,0,07,000,00,2,4,01,C01
201000048455,0,07,000,00,2,1,01,B01
201000048455,0,02,000,00,2,1,01,D01
201000048456,0,10,000,00,2,2,10,A01
201000048456,0,02,000,00,2,9,01,B01
201000048456,0,10,000,00,2,6,01,C01
201000048457,0,07,000,00,1,1,15,A01
201000048458,0,07,000,00,1,0,01,A01
201000048459,0,07,000,00,1,1,15,A01
201000048460,0,10,000,00,1,3,15,A01
201000048461,0,07,000,01,0,1,01,A01
201000048462,0,31,000,00,1,2,16,A01
201000048463,0,37,003,00,1,3,02,A01
201000048464,0,07,000,00,1,1,05,A01
201000048465,0,07,000,00,2,0,16,A01
201000048465,0,01,000,00,2,7,23,B01
201000048466,0,07,000,00,2,3,01,B01
201000048466,0,10,000,00,2,2,12,A01
201000048467,0,10,000,00,2,3,09,B01
201000048467,0,31,000,00,2,1,01,A01
201000048468,0,07,000,00,2,1,01,A01
201000048469,0,07,000,00,2,3,10,A01
201000048469,0,31,000,00,2,6,17,B01
201000048470,0,33,000,00,2,1,01,B01
201000048470,0,07,000,00,2,1,10,A01
201000048471,0,07,000,00,2,1,15,A01
201000048471,0,31,000,00,2,1,01,B01
201000048472,0,07,000,00,2,3,16,A01
201000048472,0,31,000,00,2,1,01,B01
201000048473,0,31,000,11,0,8,01,A01
201000048474,0,31,000,00,0,8,01,B01
201000048474,0,31,000,00,0,3,01,A01
201000048475,0,07,000,00,1,3,01,A01
201000048476,0,01,000,00,2,8,03,A01
201000048477,0,10,000,00,1,1,01,A01
201000048478,0,07,000,00,1,3,01,A01
201000048479,0,07,000,00,2,1,09,A01
201000048479,0,32,000,00,2,7,17,B01
201000048480,0,37,003,00,2,3,01,B01
201000048480,0,07,000,00,2,7,15,A01
201000048481,0,07,000,00,2,5,15,A01
201000048481,0,31,000,00,2,1,01,B01
201000048482,0,30,000,00,2,8,01,B01
201000048482,0,07,000,00,2,1,15,A01
201000048483,0,02,000,00,2,1,01,B01
201000048483,0,07,000,00,2,1,09,A01
201000048484,0,07,000,00,2,4,02,B01
201000048484,0,32,000,00,2,1,02,A01
201000048485,0,07,000,00,2,3,15,A01
201000048485,0,02,000,00,2,8,08,B01
201000048486,0,07,000,00,2,7,15,A01
201000048486,0,02,000,00,2,8,15,B01
201000048487,0,02,000,00,2,1,01,A01
201000048487,0,10,000,00,2,4,23,B01
201000048488,0,33,000,00,0,7,02,A01
201000048489,0,02,000,00,2,1,01,B01
201000048489,0,07,000,00,2,3,15,A01
201000048490,0,07,000,00,2,3,10,A01
201000048490,0,31,000,00,2,1,01,B01
201000048491,0,07,000,00,2,4,23,B01
201000048491,0,14,000,00,2,1,02,A01
201000048492,0,33,000,00,2,0,11,B01
201000048492,0,10,000,00,2,8,11,A01
201000048493,0,32,000,00,2,1,01,A01
201000048493,0,07,000,00,2,6,01,B01
201000048494,1,07,000,00,2,0,02,A01
201000048494,0,31,000,00,2,8,02,B01
201000048495,0,07,000,00,2,4,02,C01
201000048495,0,07,000,00,2,4,02,B01
201000048495,0,10,000,00,2,1,02,A01
201000048496,0,07,000,00,2,7,15,A01
201000048496,0,07,000,00,2,1,01,B01
201000048497,1,07,000,00,2,0,01,A01
201000048498,0,02,000,00,2,1,17,B01
201000048498,0,07,000,00,2,6,15,A01
201000048499,0,10,000,00,2,7,16,B01
201000048499,0,31,000,00,2,0,01,A01
201000048500,0,31,000,00,0,8,01,A01
201000048501,0,01,000,00,0,0,01,A01
201000048502,0,10,000,00,2,1,02,A01
201000048502,0,33,000,00,2,4,23,B01
201000048503,0,33,000,00,2,1,01,A01
201000048503,0,07,000,00,2,4,01,B01
201000048503,0,07,000,00,2,4,01,C01
201000048504,0,07,000,00,2,1,01,A01
201000048504,0,07,000,00,2,4,01,B01
201000048505,0,07,000,00,1,2,01,A01
201000048506,0,33,000,00,2,8,24,B01
201000048506,0,37,000,00,2,1,01,A01
201000048507,0,02,000,00,2,3,01,A01
201000048507,0,07,000,00,2,8,11,B01
201000048508,0,02,000,00,0,8,01,A01
201000048509,0,02,000,00,1,1,01,A01
201000048510,0,33,000,00,2,7,03,A01
201000048510,0,07,000,00,0,0,12,B01
201000048511,0,37,003,00,2,1,01,A01
201000048511,0,07,000,00,2,7,01,B01
201000048512,0,02,000,00,2,0,01,A01
201000048512,0,07,000,00,2,0,01,B01
201000048513,0,02,000,00,2,4,01,A01
201000048514,0,33,000,00,1,7,02,A01
201000048515,0,02,000,00,2,1,01,A01
201000048515,0,07,000,00,2,3,16,B01
201000048516,0,07,000,00,2,1,01,B01
201000048516,0,07,000,00,2,7,15,A01
201000048517,0,07,000,00,2,3,01,B01
201000048517,0,31,000,00,2,1,03,A01
201000048517,0,07,000,00,2,7,01,C01
201000048518,0,07,000,00,1,5,01,A01
201000048519,0,31,000,00,2,1,01,B01
201000048519,0,07,000,00,2,7,15,A01
201000048519,0,02,000,00,2,2,01,C01
201000048520,0,33,000,00,2,8,01,B01
201000048520,0,31,000,00,2,2,17,A01
201000048521,0,33,000,00,2,1,01,B01
201000048521,0,07,000,00,2,7,01,A01
201000048522,0,01,000,00,0,0,01,A01
201000048523,0,31,000,00,2,8,01,A01
201000048523,0,31,000,00,2,1,01,B01
201000048524,0,07,000,00,1,2,16,A01
201000048525,0,07,000,00,2,3,24,B01
201000048525,0,01,000,00,2,1,01,A01
201000048526,0,10,000,00,2,1,01,B01
201000048526,0,07,000,00,2,1,05,A01
201000048527,0,14,000,00,2,1,01,A01
201000048527,0,31,000,00,2,4,01,B01
201000048528,0,07,000,00,2,2,01,A01
201000048529,0,07,000,12,2,1,12,A01
201000048529,0,01,000,00,2,3,01,B01
201000048530,0,01,000,00,1,1,01,A01
201000048531,0,10,000,00,2,1,15,A01
201000048532,0,31,000,00,2,0,03,B01
201000048532,0,07,000,00,0,0,01,A01
201000048533,0,02,000,00,2,1,02,B01
201000048533,1,07,000,00,2,4,02,A01
201000048534,0,31,000,00,0,8,17,A01
201000048535,0,30,000,00,5,7,01,A01
201000048536,0,07,000,00,2,4,01,B01
201000048536,0,07,000,00,2,1,01,A01
201000048537,0,33,000,00,2,8,01,B01
201000048537,1,07,000,00,2,0,10,A01
201000048538,0,34,000,00,2,1,01,A01
201000048538,0,07,000,00,2,1,15,B01
201000048539,0,07,000,00,1,1,01,A01
201000048540,0,07,000,00,1,3,10,A01
201000048541,0,07,000,00,2,2,15,B01
201000048541,0,33,000,00,2,1,01,A01
201000048542,0,07,000,09,2,1,01,A01
201000048542,0,07,000,09,2,1,01,B01
201000048543,0,33,000,00,2,1,01,B01
201000048543,0,10,000,00,2,3,15,A01
201000048544,0,07,000,00,2,3,15,A01
201000048544,0,31,000,00,2,1,01,B01
201000048545,0,02,000,00,2,1,17,B01
201000048545,0,07,000,00,2,1,09,A01
201000048546,0,02,000,00,2,1,02,A01
201000048546,0,07,000,00,2,4,02,B01
201000048547,0,02,000,00,0,7,01,A01
201000048548,0,31,000,00,2,0,15,B01
201000048548,0,01,000,00,2,0,00,A01
201000048549,0,07,000,00,2,1,02,A01
201000048549,0,07,000,00,2,4,01,B01
201000048550,0,07,000,00,2,4,01,C01
201000048550,0,07,000,00,2,4,02,B01
201000048550,0,07,000,00,2,1,02,A01
201000048551,0,07,000,00,1,1,17,A01
201000048552,0,07,000,00,2,3,15,A01
201000048552,0,31,000,00,2,1,01,B01
201000048553,0,31,000,00,1,1,03,A01
201000048553,0,07,000,00,1,7,23,B01
201000048553,0,07,000,00,1,3,23,C01
201000048554,0,07,000,00,2,3,15,A01
201000048554,0,01,000,00,2,2,02,B01
201000048555,0,07,000,00,1,1,15,A01
201000048556,0,02,000,00,2,8,01,A01
201000048556,0,07,000,00,2,0,17,B01
201000048557,0,02,000,00,2,8,01,B01
201000048557,0,07,000,00,2,1,01,A01
201000048558,0,07,000,11,0,1,01,A01
201000048559,0,30,000,16,0,8,01,A01
201000048560,0,07,000,00,1,0,01,A01
201000048561,0,33,000,00,2,6,01,C01
201000048561,0,07,000,00,2,1,19,A01
201000048561,0,33,000,00,2,2,01,B01
201000048562,0,01,000,00,2,7,01,B01
201000048562,0,07,000,00,2,1,09,A01
201000048563,0,33,000,00,1,8,03,A01
201000048564,0,07,000,00,1,1,15,A01
201000048565,0,07,000,00,2,1,11,A01
201000048565,0,07,000,00,2,1,23,B01
201000048566,0,07,000,00,2,1,01,A01
201000048566,0,07,000,00,2,4,23,B01
201000048567,1,07,000,00,1,0,01,A01
201000048568,0,07,000,00,1,1,01,A01
201000048569,0,02,000,00,2,7,02,B01
201000048569,0,07,000,00,2,4,02,D01
201000048569,0,07,000,00,2,1,02,A01
201000048569,0,07,000,00,2,4,02,C01
201000048570,0,07,000,00,2,3,13,A01
201000048570,0,07,000,00,2,3,01,B01
201000048571,0,07,000,00,2,1,01,B01
201000048571,0,10,000,00,2,6,16,A01
201000048572,0,07,000,00,1,3,01,A01
201000048573,0,99,000,00,2,1,01,A01
201000048573,0,10,000,00,2,1,02,B01
201000048574,0,07,000,00,2,2,10,A01
201000048574,0,33,000,00,2,1,09,B01
201000048575,0,07,000,00,2,6,23,C01
201000048575,0,07,000,00,2,4,02,B01
201000048575,0,07,000,00,2,1,02,A01
201000048576,0,02,000,00,2,1,01,A01
201000048576,0,07,000,00,2,1,01,B01
201000048577,0,07,000,00,1,2,09,A01
201000048578,0,01,000,00,1,1,01,A01
201000048579,0,33,000,00,2,1,01,B01
201000048579,0,07,000,00,2,7,15,A01
201000048580,0,30,000,00,1,1,01,A01
201000048581,0,07,000,00,1,1,15,A01
201000048582,0,33,000,00,2,2,17,B01
201000048582,0,10,000,00,2,6,15,A01
201000048583,0,07,000,00,2,3,01,A01
201000048583,0,33,000,00,2,5,17,B01
201000048584,0,32,000,00,2,4,15,A01
201000048584,0,30,000,00,2,1,02,B01
201000048585,0,07,000,00,2,8,09,A01
201000048585,0,33,000,00,2,1,17,B01
201000048585,0,07,000,00,2,3,23,C01
201000048586,0,07,000,00,2,5,15,A01
201000048586,0,32,000,00,2,1,01,B01
201000048587,0,31,000,00,2,2,17,B01
201000048587,0,07,000,00,2,8,15,A01
201000048588,0,30,000,00,2,2,17,B01
201000048588,0,07,000,00,2,6,15,A01
201000048589,0,07,000,00,1,1,15,A01
201000048590,0,33,000,00,2,1,01,B01
201000048590,0,07,000,00,2,2,15,A01
201000048591,0,07,000,00,2,8,15,B01
201000048591,0,32,000,00,2,2,17,A01
201000048592,1,07,000,00,1,0,01,Z01
201000048593,0,33,000,00,1,0,01,A01
201000048594,0,07,000,00,2,3,01,A01
201000048594,0,30,000,00,2,1,17,B01
201000048595,0,07,000,00,2,8,13,A01
201000048595,0,31,000,00,2,7,17,B01
201000048596,0,07,000,00,2,1,15,A01
201000048596,0,07,000,00,2,8,01,B01
201000048597,1,07,000,00,2,1,01,A01
201000048597,0,33,000,00,2,8,01,B01
201000048598,0,07,000,00,1,6,01,A01
201000048599,0,01,000,00,1,0,00,B01
201000048599,0,01,000,00,1,0,15,A01
201000048600,0,07,000,00,2,2,15,A01
201000048600,0,30,000,00,2,1,01,B01
201000048601,0,07,000,00,2,1,01,A01
201000048601,0,31,000,00,2,3,01,B01
201000048602,0,30,000,01,0,5,01,A01
201000048603,0,07,000,00,1,2,01,A01
201000048604,0,07,000,00,2,2,01,A01
201000048604,0,07,000,00,2,7,10,B01
201000048605,0,07,000,00,2,2,01,A01
201000048605,0,31,000,00,2,1,01,B01
201000048606,0,30,000,00,2,1,01,A01
201000048606,0,10,000,00,2,4,23,B01
201000048607,0,02,000,00,2,1,01,A01
201000048607,0,07,000,00,2,4,01,B01
201000048608,0,07,000,00,2,1,09,A01
201000048608,0,33,000,00,2,2,17,B01
201000048609,0,10,000,00,2,2,10,A01
201000048609,0,32,000,00,2,1,01,B01
201000048610,0,07,000,01,0,7,14,A01
201000048611,0,07,000,00,2,1,15,B01
201000048611,0,02,000,00,2,1,01,A01
201000048612,0,07,000,00,2,1,02,A01
201000048612,0,32,000,00,2,4,23,B01
201000048613,0,32,000,00,2,8,09,A01
201000048613,0,07,000,00,2,1,01,B01
201000048614,0,30,000,00,2,4,01,A01
201000048614,1,07,000,00,2,3,01,Z01
201000048615,0,32,000,00,2,1,01,B01
201000048615,0,07,000,00,2,8,01,A01
201000048616,0,30,000,00,2,1,01,B01
201000048616,0,07,000,00,2,3,09,A01
201000048617,0,02,000,00,1,1,01,A01
201000048618,0,07,000,00,1,1,01,A01
201000048619,0,07,000,00,1,1,09,A01
201000048620,0,07,000,00,2,4,23,C01
201000048620,0,07,000,00,2,4,23,B01
201000048620,2,07,000,00,2,1,01,A01
201000048621,0,07,000,00,1,1,15,A01
201000048622,0,07,000,00,1,1,01,A01
201000048623,0,07,000,00,1,1,15,A01
201000048624,0,07,000,00,1,2,01,A01
201000048625,0,07,000,00,2,1,01,A01
201000048625,0,07,000,00,2,8,15,B01
201000048626,0,07,000,00,2,1,01,A01
201000048626,0,07,000,00,2,4,23,B01
201000048627,0,07,000,00,2,3,01,B01
201000048627,0,07,000,00,2,3,09,A01
201000048628,0,07,000,00,1,2,01,A01
201000048629,0,03,000,12,0,2,01,A01
201000048630,0,07,000,00,1,8,15,A01
201000048631,0,07,000,00,1,3,01,A01
201000048632,0,07,000,00,1,1,16,A01
201000048633,1,07,000,00,2,7,17,A01
201000048633,0,01,000,00,2,8,01,B01
201000048634,0,07,000,00,1,4,04,A01
201000048635,0,10,000,00,2,8,01,B01
201000048635,0,07,000,00,2,2,09,A01
201000048636,0,07,000,00,1,1,17,A01
201000048637,0,33,000,00,1,1,17,A01
201000048638,1,07,000,00,2,1,01,A01
201000048638,0,01,000,00,2,8,19,B01
201000048639,0,07,000,00,1,7,17,A01
201000048640,0,07,000,00,1,7,01,A01
201000048641,0,07,000,08,0,2,00,A01
201000048642,0,07,000,00,2,8,10,A01
201000048642,0,07,000,01,2,2,17,B01
201000048643,0,07,000,00,1,6,20,A01
201000048644,0,07,000,00,2,1,01,B01
201000048644,0,07,000,00,2,1,15,A01
201000048645,0,07,000,00,0,0,15,B01
201000048645,0,07,000,08,0,1,21,A01
201000048646,0,07,000,00,2,1,02,A01
201000048646,0,10,000,00,0,4,23,B01
201000048647,0,07,000,00,2,1,01,A01
201000048647,0,07,000,00,0,4,23,B01
201000048648,0,30,000,00,0,4,23,B01
201000048648,0,10,000,00,2,1,01,A01
201000048649,0,34,000,00,2,1,01,A01
201000048649,0,14,000,00,2,8,09,B01
201000048650,0,07,000,00,1,7,01,A01
201000048651,0,07,000,00,1,3,00,A01
201000048652,0,07,000,00,2,7,16,B01
201000048652,0,33,000,00,2,8,18,A01
201000048653,0,10,000,00,2,8,09,B01
201000048653,0,07,000,00,2,1,01,A01
201000048654,0,07,000,00,2,1,01,A01
201000048654,0,07,000,00,2,4,23,B01
201000048655,0,10,000,00,2,2,01,A01
201000048655,0,10,000,00,0,6,23,B01
201000048656,0,07,000,02,0,1,16,A01
201000048657,0,17,000,00,2,3,15,A01
201000048657,0,32,000,00,2,1,01,B01
201000048658,0,17,000,00,2,7,09,A01
201000048658,0,37,010,00,2,8,09,B01
201000048659,0,32,000,00,1,1,01,A01
201000048660,0,30,000,12,0,1,00,A01
201000048661,0,34,000,00,2,7,17,A01
201000048661,0,01,000,00,2,8,01,B01
201000048662,0,07,000,00,2,8,10,A01
201000048662,0,33,000,00,2,2,01,B01
201000048663,0,07,000,01,1,1,01,A01
201000048664,0,07,000,01,0,1,01,A01
201000048665,0,10,000,00,2,2,15,A01
201000048665,0,07,000,00,2,1,12,B01
201000048666,0,10,000,00,2,1,15,A01
201000048666,0,31,000,00,2,1,01,B01
201000048667,0,07,000,00,2,7,16,A01
201000048667,0,02,000,00,2,3,01,B01
201000048668,0,10,000,00,2,4,01,B01
201000048668,0,07,000,00,2,1,01,A01
201000048669,0,07,000,00,1,8,01,A01
201000048670,0,07,000,00,0,4,23,B01
201000048670,0,07,000,00,2,2,01,A01
201000048671,0,07,000,00,1,2,01,A01
201000048672,0,01,000,00,2,8,15,A01
201000048672,0,07,000,00,2,7,01,B01
201000048673,0,07,000,00,2,6,20,B01
201000048673,0,30,000,00,2,1,01,A01
201000048674,0,10,000,00,1,1,01,A01
201000048675,0,10,000,00,2,1,01,A01
201000048675,0,02,000,00,0,4,23,B01
201000048676,0,10,000,00,1,8,01,A01
201000048677,0,07,000,00,1,8,01,A01
201000048678,0,07,000,00,2,4,23,C01
201000048678,0,07,000,00,0,4,23,D01
201000048678,0,07,000,00,2,4,23,B01
201000048678,0,10,000,00,2,1,01,A01
201000048679,0,07,000,00,2,1,02,A01
201000048679,0,07,000,00,2,4,01,D01
201000048679,0,07,000,00,0,4,02,C01
201000048679,0,07,000,00,2,4,02,B01
201000048680,0,07,000,00,1,4,04,A01
201000048681,0,07,000,02,0,1,13,A01
201000048682,0,07,000,00,2,8,10,A01
201000048682,0,33,000,00,2,1,01,B01
201000048683,0,10,000,07,2,1,17,A01
201000048683,0,07,000,00,2,8,15,B01
201000048684,0,33,000,00,2,8,01,B01
201000048684,0,37,010,00,2,8,23,C01
201000048684,0,07,000,00,2,3,13,A01
201000048685,0,34,000,00,1,1,01,A01
201000048686,0,07,000,00,2,4,01,B01
201000048686,0,07,000,00,2,2,02,A01
201000048687,0,07,000,00,1,2,15,A01
201000048688,0,07,000,00,2,7,10,A01
201000048688,0,33,000,00,2,3,01,B01
201000048689,0,07,000,00,0,4,23,B01
201000048689,0,10,000,00,2,1,01,A01
201000048690,0,07,000,00,1,2,01,A01
201000048691,0,07,000,09,0,9,00,A01
201000048692,0,30,000,00,2,1,17,B01
201000048692,0,07,000,00,2,3,15,A01
201000048693,0,10,000,00,2,3,15,B01
201000048693,0,30,000,00,2,2,17,A01
201000048694,0,07,000,12,0,1,00,A01
201000048695,0,30,000,00,2,8,00,B01
201000048695,0,07,000,00,2,3,00,A01
201000048696,0,07,000,00,1,2,00,A01
201000048697,0,07,000,00,2,8,00,A01
201000048697,0,30,000,00,2,2,00,B01
201000048698,0,07,000,12,0,7,00,A01
201000048699,0,07,000,00,9,8,02,A01
201000048699,0,33,000,00,2,1,02,B01
201000048700,0,07,000,00,1,2,00,A01
201000048701,0,07,000,00,0,4,00,B01
201000048701,0,34,000,00,2,3,00,A01
201000048702,0,01,000,00,0,3,00,A01
201000048702,0,33,000,00,9,1,00,B01
201000048703,0,99,000,00,2,3,01,A01
201000048703,0,37,003,00,2,2,01,B01
201000048704,0,07,000,00,0,3,00,A01
201000048705,0,30,000,00,1,1,00,A01
201000048706,0,07,000,00,2,3,00,A01
201000048706,0,31,000,00,2,7,00,B01
201000048707,0,07,000,00,1,3,02,A01
201000048708,0,30,000,00,2,1,02,A01
201000048708,0,07,000,00,9,3,09,B01
201000048709,0,07,000,00,1,2,01,A01
201000048710,0,07,000,00,1,6,00,A01
201000048711,0,07,000,00,1,2,01,A01
201000048712,0,01,000,00,2,3,00,A01
201000048712,0,33,000,00,2,2,00,B01
201000048713,0,33,000,00,2,3,00,A01
201000048713,0,07,000,00,2,2,00,B01
201000048714,0,07,000,00,2,5,00,B01
201000048714,0,33,000,00,2,8,00,A01
201000048715,0,07,000,00,1,3,00,A01
201000048716,0,30,000,00,2,7,01,B01
201000048716,0,07,000,00,2,8,02,A01
201000048717,0,07,000,00,2,1,01,A01
201000048717,0,07,000,00,2,2,16,B01
201000048718,0,07,000,00,1,1,02,A01
201000048719,0,07,000,00,1,5,04,A01
201000048720,0,07,000,00,2,1,00,A01
201000048720,0,31,000,00,2,7,00,B01
201000048721,0,07,000,00,2,3,00,A01
201000048721,0,02,000,00,2,7,00,B01
201000048722,0,07,000,00,2,8,11,B01
201000048722,0,32,000,00,2,1,01,A01
201000048723,0,32,000,00,0,1,02,A01
201000048723,0,07,000,00,2,6,02,B01
201000048724,0,33,000,00,2,8,00,A01
201000048724,0,07,000,00,2,7,00,B01
201000048725,0,07,000,00,1,2,01,A01
201000048726,0,01,000,00,2,1,01,A01
201000048726,0,33,000,00,2,6,01,B01
201000048727,0,33,000,00,2,1,00,A01
201000048727,0,07,000,00,2,1,00,B01
201000048728,0,10,000,00,2,3,01,A01
201000048728,0,02,000,00,2,1,01,B01
201000048729,0,02,000,00,2,3,00,B01
201000048729,0,07,000,00,2,2,00,A01
201000048730,0,07,000,00,1,2,16,A01
201000048731,0,01,000,00,2,1,00,B01