Num_Acc,senc,catv,occutc,obs,obsm,choc,manv,num_veh
201000049478,0,07,000,00,2,3,15,B01
201000049479,0,07,000,00,2,1,15,A01
201000049479,0,07,000,00,2,1,01,B01
201000049480,0,07,000,00,2,4,02,B01
201000049480,0,07,000,00,2,4,02,C01
201000049480,0,10,000,00,2,4,02,D01
201000049480,0,07,000,00,2,1,02,A01
201000049481,0,07,000,00,2,3,15,C01
201000049481,1,07,000,00,2,0,15,A01
201000049481,0,33,000,00,2,0,01,B01
201000049482,0,10,000,00,2,4,23,B01
201000049482,0,07,000,00,2,1,02,A01
201000049483,0,07,000,00,2,8,10,B01
201000049483,0,02,000,00,2,1,02,A01
201000049484,0,31,000,00,1,1,03,A01
201000049485,0,07,000,00,1,1,09,A01
201000049486,0,33,000,00,2,1,17,A01
201000049486,0,03,000,00,2,8,15,B01
201000049487,0,07,000,15,2,0,01,A01
201000049487,0,07,000,00,2,8,01,B01
201000049488,0,30,000,00,2,1,02,A01
201000049488,0,30,000,00,2,4,02,B01
201000049489,0,07,000,00,2,1,01,A01
201000049489,0,07,000,00,2,4,11,B01
201000049489,0,07,000,00,2,3,01,C01
201000049490,0,07,000,00,2,2,09,B01
201000049490,0,33,000,00,2,1,09,A01
201000049491,0,30,000,00,2,1,02,A01
201000049491,0,30,000,00,2,4,15,B01
201000049492,0,07,000,00,2,0,00,B01
201000049492,0,10,000,00,2,0,00,A01
201000049493,0,07,000,00,2,3,10,A01
201000049493,0,33,000,00,2,1,17,B01
201000049494,0,33,000,00,2,1,17,A01
201000049494,0,30,000,00,2,8,15,B01
201000049495,0,07,000,00,2,2,01,B01
201000049495,0,30,000,00,2,1,01,A01
201000049496,0,30,000,15,0,1,01,A01
201000049497,0,07,000,06,0,1,00,A01
201000049498,0,07,000,00,2,1,02,A01
201000049498,0,33,000,00,2,4,02,B01
201000049499,0,07,000,00,2,2,15,B01
201000049499,0,30,000,00,2,1,01,A01
201000049500,0,07,000,01,0,8,01,A01
201000049501,0,07,000,00,1,2,17,A01
201000049502,0,07,000,00,0,0,01,A01
201000049502,0,07,000,00,2,6,23,C01
201000049502,0,01,000,00,2,1,13,B01
201000049503,0,30,000,00,2,2,17,A01
201000049503,0,07,000,00,2,3,15,B01
201000049504,0,30,000,00,2,1,01,B01
201000049504,0,01,000,00,2,1,01,A01
201000049505,0,30,000,00,2,1,01,B01
201000049505,0,07,000,00,2,3,15,A01
201000049506,0,10,000,00,2,2,02,A01
201000049506,0,07,000,00,2,4,23,B01
201000049507,0,07,000,00,1,2,01,A01
201000049508,0,30,000,00,4,2,05,A01
201000049508,0,39,000,00,2,3,01,B01
201000049509,0,07,000,00,2,5,15,A01
201000049509,0,33,000,00,2,1,01,B01
201000049510,0,31,000,00,2,7,02,B01
201000049510,0,10,000,00,2,3,09,A01
201000049511,0,07,000,00,1,2,01,A01
201000049512,0,33,000,00,1,1,01,A01
201000049513,0,07,000,00,2,3,01,A01
201000049513,0,07,000,00,2,3,13,B01
201000049514,0,07,000,00,1,1,16,A01
201000049515,0,07,000,00,2,3,01,B01
201000049515,0,30,000,00,2,1,15,A01
201000049516,0,33,000,00,2,1,17,A01
201000049516,0,37,001,00,2,3,01,C01
201000049516,0,07,000,00,2,6,14,B01
201000049517,0,01,000,00,2,1,19,A01
201000049517,0,07,000,00,2,5,01,B01
201000049518,0,32,000,15,0,1,01,A01
201000049519,0,01,000,00,2,1,17,A01
201000049519,0,07,000,00,2,3,15,B01
201000049520,0,32,000,00,2,1,17,A01
201000049520,0,07,000,00,2,3,15,B01
201000049521,0,07,000,00,2,3,02,A01
201000049521,0,07,000,00,2,4,02,B01
201000049522,0,34,000,00,2,1,01,A01
201000049522,0,07,000,00,2,3,15,B01
201000049523,0,07,000,00,2,3,09,B01
201000049523,0,30,000,00,2,7,01,A01
201000049524,0,34,000,00,2,1,01,B01
201000049524,0,07,000,00,2,3,15,A01
201000049525,0,07,000,00,1,0,01,A01
201000049526,0,07,000,00,2,3,15,A01
201000049526,0,33,000,00,2,1,17,B01
201000049527,0,07,000,15,0,2,02,A01
201000049528,0,32,000,00,2,1,01,A01
201000049528,0,10,000,00,2,3,09,B01
201000049529,0,07,000,01,0,2,01,A01
201000049529,0,07,000,00,2,0,24,B01
201000049530,0,07,000,00,2,5,15,B01
201000049530,0,33,000,00,2,1,02,A01
201000049531,0,07,000,00,2,3,15,A01
201000049531,0,07,000,00,2,3,01,B01
201000049532,0,07,000,00,2,2,09,A01
201000049532,0,30,000,00,2,1,01,B01
201000049533,0,07,000,00,2,3,15,A01
201000049533,0,31,000,00,2,1,01,B01
201000049534,0,33,000,00,2,8,21,A01
201000049534,0,10,000,00,2,5,01,B01
201000049535,0,07,000,15,0,1,01,A01
201000049536,0,31,000,00,2,1,17,A01
201000049536,0,14,000,00,1,3,15,B01
201000049537,0,07,000,00,2,2,23,A01
201000049537,0,01,000,00,2,0,23,B01
201000049538,0,07,000,00,2,3,10,A01
201000049538,0,30,000,00,2,1,01,B01
201000049539,0,07,000,00,2,5,15,B01
201000049539,0,02,000,00,2,1,09,A01
201000049540,0,10,000,00,2,5,23,A01
201000049540,0,30,000,00,2,1,03,B01
201000049541,0,30,000,00,1,1,01,A01
201000049542,0,07,000,00,1,1,01,A01
201000049543,0,33,000,00,2,7,01,B01
201000049543,0,07,000,00,2,1,01,C01
201000049543,0,07,000,00,2,1,09,A01
201000049544,0,07,000,00,2,3,17,A01
201000049544,0,33,000,00,2,7,02,B01
201000049545,0,07,000,00,2,2,15,A01
201000049545,0,33,000,00,2,1,01,B01
201000049546,0,31,000,01,0,8,13,A01
201000049547,0,07,000,00,1,4,04,A01
201000049548,0,07,000,00,2,8,15,B01
201000049548,0,34,000,00,0,7,17,A01
201000049549,0,01,000,00,2,8,05,B01
201000049549,1,07,000,00,9,2,01,A01
201000049550,0,07,000,02,0,1,01,A01
201000049551,0,07,000,00,2,8,10,A01
201000049551,0,07,000,00,2,2,01,B01
201000049552,0,07,000,00,2,2,01,B01
201000049552,0,07,000,00,2,8,01,A01
201000049553,0,34,000,00,2,7,01,B01
201000049553,0,30,000,00,2,1,13,A01
201000049554,0,07,000,00,2,3,15,B01
201000049554,0,07,000,00,2,1,01,A01
201000049555,0,30,000,00,2,8,09,B01
201000049555,1,07,000,00,2,1,02,A01
201000049556,0,07,000,00,2,1,01,A01
201000049556,0,07,000,00,2,6,04,B01
201000049557,0,07,000,00,1,1,00,A01
201000049558,0,07,000,00,2,6,15,A01
201000049558,0,33,000,00,2,1,17,B01
201000049559,0,07,000,00,2,5,09,A01
201000049559,0,02,000,00,2,1,01,B01
201000049560,0,07,000,00,0,0,12,A01
201000049560,0,30,000,00,0,0,01,B01
201000049561,0,07,000,00,0,1,01,A01
201000049562,0,07,000,00,2,4,23,B01
201000049562,0,10,000,00,2,1,01,A01
201000049563,0,07,000,00,2,8,09,A01
201000049563,0,31,000,00,2,1,01,B01
201000049564,0,31,000,00,2,8,01,B01
201000049564,0,07,000,01,2,0,14,A01
201000049565,0,02,000,00,2,2,10,A01
201000049565,0,07,000,00,2,3,01,B01
201000049566,0,07,000,00,2,4,01,C01
201000049566,0,07,000,00,2,1,01,A01
201000049566,0,07,000,00,2,4,01,B01
201000049567,0,33,000,00,0,8,01,A01
201000049568,0,07,000,00,2,2,01,B01
201000049568,0,07,000,15,2,4,00,A01
201000049568,0,07,000,00,0,4,01,C01
201000049569,0,02,000,12,0,1,01,A01
201000049570,0,07,000,00,2,1,01,A01
201000049570,0,07,000,00,2,4,01,B01
201000049571,0,07,000,00,2,2,09,A01
201000049571,0,31,000,00,2,1,01,B01
201000049572,0,33,000,00,0,0,01,A01
201000049573,0,07,000,00,1,2,01,A01
201000049574,0,31,000,00,2,4,01,A01
201000049574,0,07,000,00,0,4,01,B01
201000049575,0,07,000,00,1,1,01,A01
201000049576,0,30,000,00,0,0,01,A01
201000049577,0,31,000,00,0,0,01,A01
201000049578,0,01,000,00,0,1,01,A01
201000049579,0,33,000,00,1,1,01,A01
201000049579,0,10,000,00,2,7,01,B01
201000049579,0,07,000,00,2,6,01,C01
201000049580,0,07,000,01,2,8,01,B01
201000049580,0,10,000,00,2,2,00,A01
201000049580,0,07,000,00,2,1,01,C01
201000049581,0,33,000,00,0,0,01,A01
201000049582,0,33,000,00,2,1,17,B01
201000049582,0,07,000,00,2,3,09,A01
201000049583,0,33,000,00,0,0,01,A01
201000049584,0,10,000,00,2,4,01,B01
201000049584,0,30,000,00,2,1,01,A01
201000049585,0,10,000,00,2,1,01,A01
201000049585,0,07,000,00,2,4,23,B01
201000049586,0,07,000,00,2,8,10,A01
201000049586,0,31,000,00,2,1,01,B01
201000049587,0,07,000,00,2,6,15,B01
201000049587,0,31,000,00,2,1,17,A01
201000049588,0,33,000,01,0,1,01,A01
201000049589,0,07,000,06,0,1,06,A01
201000049590,0,31,000,00,2,1,17,A01
201000049590,0,07,000,00,2,3,15,B01
201000049591,0,07,000,00,1,1,01,A01
201000049592,0,07,000,00,2,7,01,A01
201000049592,0,07,000,00,2,1,01,B01
201000049593,0,07,000,00,1,3,01,A01
201000049594,0,10,000,00,1,4,04,A01
201000049595,0,33,000,00,0,8,01,A01
201000049596,0,07,000,00,1,6,01,A01
201000049597,0,07,000,00,9,1,01,A01
201000049597,0,01,000,00,2,4,01,B01
201000049598,0,07,000,00,1,2,01,A01
201000049599,0,01,000,00,2,7,17,B01
201000049599,0,07,000,00,2,8,15,A01
201000049600,0,10,000,00,9,2,11,A01
201000049600,0,01,000,00,2,1,00,B01
201000049601,0,33,000,00,2,1,02,A01
201000049601,0,33,000,00,2,4,01,B01
201000049602,0,02,000,01,0,0,00,A01
201000049603,0,01,000,00,0,0,01,A01
201000049604,0,07,000,00,2,1,01,A01
201000049604,0,07,000,00,2,4,01,C01
201000049604,0,07,000,00,2,4,01,B01
201000049605,0,33,000,00,2,1,02,A01
201000049605,0,10,000,00,2,4,01,B01
201000049606,0,07,000,00,1,3,01,A01
201000049607,0,07,000,00,1,2,16,A01
201000049607,0,30,000,00,2,6,01,B01
201000049608,0,07,000,01,0,1,18,A01
201000049608,0,13,000,00,2,3,24,B01
201000049609,0,01,000,00,0,0,15,A01
201000049610,0,07,000,00,2,1,01,A01
201000049610,0,10,000,00,2,8,01,B01
201000049611,2,07,000,00,1,1,01,A01
201000049612,0,30,000,00,2,7,15,A01
201000049612,0,07,000,00,2,1,01,B01
201000049613,0,07,000,15,0,1,14,A01
201000049614,0,02,000,12,0,1,01,A01
201000049615,0,07,000,00,2,8,13,A01
201000049615,0,33,000,00,2,1,00,B01
201000049616,0,31,000,00,1,3,01,A01
201000049617,0,07,000,00,2,1,01,A01
201000049617,0,07,000,00,2,4,23,B01
201000049618,0,01,000,00,1,1,01,A01
201000049619,0,07,000,00,2,4,23,C01
201000049619,0,07,000,00,2,4,23,B01
201000049619,0,07,000,00,2,1,01,A01
201000049620,0,07,000,00,1,4,04,A01
201000049621,0,07,000,00,1,2,01,A01
201000049622,0,32,000,00,2,1,17,B01
201000049622,0,07,000,00,2,8,10,A01
201000049623,0,32,000,00,0,8,01,A01
201000049624,0,33,000,00,2,1,01,B01
201000049624,0,07,000,00,2,1,13,A01
201000049625,1,10,000,00,2,4,01,B01
201000049625,0,01,000,00,2,4,15,A01
201000049626,0,02,000,00,2,1,17,A01
201000049626,0,07,000,00,2,3,09,B01
201000049627,0,07,000,00,2,3,09,A01
201000049627,0,33,000,00,2,1,01,B01
201000049628,0,31,000,00,2,1,17,A01
201000049628,0,07,000,00,2,3,15,B01
201000049629,0,07,000,00,1,2,01,A01
201000049630,0,07,000,00,1,1,01,A01
201000049631,0,07,000,00,2,3,15,A01
201000049631,0,30,000,00,2,1,01,B01
201000049632,0,01,000,00,2,1,01,B01
201000049632,0,07,000,00,2,8,22,A01
201000049633,0,33,000,16,0,7,01,A01
201000049634,0,31,000,16,0,8,01,A01
201000049635,0,07,000,00,2,3,01,B01
201000049635,0,33,000,00,2,1,01,A01
201000049636,0,10,000,00,1,1,01,A01
201000049637,0,14,000,00,2,1,01,A01
201000049637,0,10,000,00,2,4,23,B01
201000049638,0,07,000,00,2,1,01,A01
201000049638,0,07,000,00,2,4,23,B01
201000049639,0,07,000,00,1,1,01,A01
201000049640,0,07,000,00,2,8,01,B01
201000049640,0,07,000,00,2,1,01,A01
201000049641,0,33,000,00,2,1,01,B01
201000049641,0,10,000,00,2,3,10,A01
201000049642,0,33,000,00,2,1,17,A01
201000049642,0,07,000,00,2,8,15,B01
201000049643,0,30,000,14,0,1,01,A01
201000049644,0,02,000,00,2,3,05,A01
201000049644,0,07,000,00,2,1,01,B01
201000049645,0,07,000,00,2,4,02,B01
201000049645,0,33,000,00,2,1,02,A01
201000049646,1,33,000,00,1,1,17,Z01
201000049647,0,07,000,14,2,1,01,A01
201000049647,0,32,000,00,2,4,15,B01
201000049648,0,33,000,00,2,1,01,B01
201000049648,0,07,000,00,2,7,15,A01
201000049649,0,30,000,00,2,1,01,C01
201000049649,0,07,000,00,2,3,09,A01
201000049649,0,07,000,00,2,2,01,B01
201000049650,0,07,000,01,0,1,01,A01
201000049651,0,07,000,00,2,1,15,A01
201000049651,0,33,000,00,2,8,01,B01
201000049652,0,99,000,00,1,2,01,A01
201000049653,0,30,000,01,0,8,01,A01
201000049654,0,07,000,00,2,3,15,B01
201000049654,0,30,000,00,2,1,17,A01
201000049655,0,07,000,00,0,6,13,A01
201000049655,0,30,000,00,0,7,01,B01
201000049656,0,33,000,00,2,7,17,B01
201000049656,0,07,000,00,2,3,10,A01
201000049657,0,10,000,00,2,6,01,B01
201000049657,0,02,000,00,2,1,05,A01
201000049658,0,33,000,00,0,0,01,A01
201000049659,0,10,000,00,1,4,04,A01
201000049660,0,07,000,00,2,4,01,A01
201000049660,0,07,000,00,0,0,01,C01
201000049660,0,01,000,00,2,1,01,B01
201000049661,0,31,000,00,2,3,01,B01
201000049661,0,07,000,00,2,2,10,A01
201000049662,0,07,000,00,2,3,15,B01
201000049662,0,33,000,00,2,2,17,A01
201000049663,0,33,000,00,2,7,01,B01
201000049663,0,07,000,00,2,8,09,A01
201000049664,0,07,000,00,1,3,01,A01
201000049664,0,07,000,12,2,6,01,B01
201000049665,0,02,000,09,0,0,15,A01
201000049666,0,30,000,00,0,0,01,A01
201000049667,0,07,000,14,2,2,21,A01
201000049667,0,33,000,00,2,4,16,B01
201000049668,0,07,000,00,1,3,00,A01
201000049669,0,31,000,00,2,1,03,A01
201000049669,0,07,000,00,2,4,01,B01
201000049670,0,07,000,00,2,8,22,A01
201000049670,0,01,000,01,0,1,01,B01
201000049671,0,33,000,07,0,0,01,A01
201000049672,0,10,000,00,2,7,16,A01
201000049672,0,30,000,00,2,3,01,B01
201000049673,0,02,000,00,0,0,01,A01
201000049674,0,07,000,01,2,2,01,A01
201000049674,0,07,000,00,2,3,16,B01
201000049675,0,02,000,00,2,1,01,A01
201000049675,0,07,000,00,2,4,23,B01
201000049676,0,07,000,00,2,4,01,B01
201000049676,1,07,000,00,2,1,01,Z01
201000049677,0,30,000,00,0,0,01,A01
201000049678,0,38,001,00,2,7,16,A01
201000049678,0,31,000,00,1,3,18,B01
201000049679,0,32,000,00,0,0,01,A01
201000049680,0,07,000,00,1,1,15,A01
201000049681,0,30,000,00,0,0,01,A01
201000049682,0,07,000,07,0,0,01,A01
201000049683,0,31,000,00,0,0,01,A01
201000049684,0,07,000,08,0,7,01,A01
201000049685,0,30,000,00,2,2,01,A01
201000049685,0,01,000,00,2,0,00,B01
201000049686,0,33,000,00,2,4,01,B01
201000049686,0,07,000,00,2,1,01,A01
201000049687,1,10,000,00,1,8,16,Z01
201000049688,0,07,000,00,1,4,01,A01
201000049689,0,07,000,01,2,2,09,A01
201000049689,0,07,000,00,2,3,01,B01
201000049690,0,07,000,00,1,3,01,A01
201000049691,0,07,000,00,2,4,23,B01
201000049691,0,07,000,00,2,1,02,A01
201000049692,0,02,000,00,2,1,05,A01
201000049692,0,07,000,00,2,1,01,B01
201000049693,0,02,000,00,2,1,01,B01
201000049693,0,30,000,00,2,1,15,A01
201000049694,1,07,000,00,2,6,11,Z01
201000049694,0,30,000,00,2,2,01,A01
201000049695,0,32,000,00,2,1,18,B01
201000049695,0,07,000,00,2,2,16,A01
201000049696,0,07,000,00,2,4,24,B01
201000049696,0,07,000,01,0,1,01,A01
201000049697,0,07,000,07,0,1,01,A01
201000049698,0,32,000,00,0,1,02,A01
201000049698,0,07,000,00,0,5,02,C01
201000049698,0,07,000,00,0,5,02,B01
201000049699,0,07,000,00,1,1,01,A01
201000049700,0,07,000,14,2,1,13,A01
201000049700,0,37,020,00,2,6,23,B01
201000049701,0,33,000,00,2,1,01,A01
201000049701,0,10,000,00,2,6,09,B01
201000049702,0,07,000,00,1,1,15,A01
201000049703,0,30,000,00,2,1,17,A01
201000049703,0,07,000,00,2,3,01,B01
201000049704,0,07,000,00,1,1,01,A01
201000049705,0,07,000,12,0,0,01,A01
201000049706,0,37,001,00,2,4,23,B01
201000049706,0,07,000,00,2,1,01,A01
201000049707,1,07,000,00,2,0,01,Z01
201000049708,0,32,000,00,2,1,01,B01
201000049708,0,07,000,00,2,7,15,A01
201000049709,0,02,000,00,2,1,01,A01
201000049709,0,33,000,00,2,1,01,B01
201000049710,0,32,000,00,2,1,01,A01
201000049710,0,10,000,00,2,7,16,B01
201000049711,0,07,000,00,2,1,01,B01
201000049711,0,07,000,01,2,8,10,A01
201000049712,0,07,000,00,2,6,01,B01
201000049712,0,07,000,00,2,1,05,A01
201000049712,0,07,000,00,2,3,01,C01
201000049713,0,01,000,00,2,1,19,A01
201000049713,0,07,000,00,2,6,01,B01
201000049714,0,07,000,00,2,1,01,A01
201000049714,0,07,000,00,2,4,01,B01
201000049714,0,07,000,00,2,4,01,C01
201000049715,0,07,000,01,2,3,09,B01
201000049715,0,07,000,00,2,5,01,A01
201000049716,0,30,000,00,1,1,01,A01
201000049717,0,37,030,01,2,3,01,B01
201000049717,0,10,000,00,2,1,13,A01
201000049718,0,07,000,00,2,3,19,A01
201000049718,0,32,000,00,2,1,01,B01
201000049719,0,10,000,00,1,1,01,A01
201000049720,0,07,000,00,1,4,04,A01
201000049721,0,33,000,00,1,1,01,A01
201000049722,0,07,000,00,1,6,04,A01
201000049723,0,10,000,00,1,7,07,A01
201000049724,0,07,000,00,2,4,01,B01
201000049724,0,32,000,00,2,1,02,A01
201000049725,0,33,000,00,2,2,17,A01
201000049725,0,07,000,00,2,3,15,B01
201000049726,0,07,000,00,1,7,01,A01
201000049727,0,07,000,00,2,3,02,B01
201000049727,0,32,000,00,2,7,17,A01
201000049728,0,32,000,00,2,1,01,B01
201000049728,0,07,000,00,2,3,19,A01
201000049729,0,07,000,02,0,1,01,A01
201000049730,0,07,000,00,2,6,01,B01
201000049730,0,33,000,00,2,2,14,A01
201000049731,0,33,000,00,2,1,01,B01
201000049731,0,07,000,00,2,2,15,A01
201000049732,0,07,000,00,2,3,15,A01
201000049732,0,33,000,00,2,2,17,B01
201000049733,0,07,000,00,1,1,01,A01
201000049734,0,01,000,00,1,1,01,A01
201000049735,0,07,000,00,1,2,01,A01
201000049736,0,07,000,00,2,1,01,B01
201000049736,0,07,000,01,0,3,24,C01
201000049736,0,07,000,00,2,7,01,A01
201000049737,0,33,000,00,2,7,01,B01
201000049737,0,07,000,00,2,1,23,C01
201000049737,0,02,000,00,2,1,01,A01
201000049738,0,30,000,00,2,1,01,A01
201000049738,0,07,000,00,2,5,01,B01
201000049739,0,07,000,00,2,1,01,B01
201000049739,0,34,000,14,2,1,06,A01
201000049740,0,01,000,00,2,1,11,B01
201000049740,0,07,000,00,2,7,01,A01
201000049741,0,30,000,00,2,8,01,A01
201000049741,1,07,000,00,0,0,01,Z01
201000049742,0,07,000,00,2,3,15,A01
201000049742,0,30,000,00,2,1,17,B01
201000049743,0,01,000,01,0,2,01,B01
201000049743,0,07,000,00,2,8,22,A01
201000049744,0,30,000,00,2,1,01,A01
201000049744,0,07,000,00,2,3,01,B01
201000049745,1,07,000,00,1,2,01,Z01
201000049746,0,02,000,00,2,1,16,B01
201000049746,0,07,000,00,2,1,15,A01
201000049747,0,30,000,00,2,1,01,A01
201000049747,0,07,000,00,2,3,19,B01
201000049748,0,33,000,00,2,1,17,A01
201000049748,0,07,000,00,2,3,01,B01
201000049749,0,07,000,00,1,8,04,A01
201000049750,0,07,000,00,2,2,15,A01
201000049750,0,33,000,00,1,1,01,B01
201000049751,0,07,000,00,1,2,16,A01
201000049752,0,33,000,00,2,1,01,B01
201000049752,0,10,000,00,2,3,01,A01
201000049753,0,07,000,00,2,3,15,B01
201000049753,0,30,000,00,2,1,01,A01
201000049754,0,07,000,14,0,1,15,A01
201000049755,0,01,000,00,2,4,01,B01
201000049755,0,07,000,00,2,3,01,A01
201000049756,0,07,000,00,2,3,09,A01
201000049756,0,32,000,00,2,1,01,B01
201000049757,0,31,000,01,2,1,01,B01
201000049757,0,07,000,00,2,2,15,A01
201000049758,0,07,000,00,2,3,15,A01
201000049758,0,34,000,00,2,1,02,B01
201000049759,0,30,000,00,2,1,02,A01
201000049759,0,07,000,00,2,4,01,B01
201000049760,0,07,000,00,2,3,01,A01
201000049760,0,01,000,00,2,1,19,B01
201000049761,0,10,000,00,2,4,04,A01
201000049761,0,32,000,00,2,1,01,B01
201000049762,0,07,000,00,2,1,15,A01
201000049762,0,34,000,00,2,1,01,B01
201000049763,0,07,000,12,0,2,01,A01
201000049764,0,10,000,00,1,4,04,A01
201000049765,1,33,000,00,1,0,01,Z01
201000049766,0,07,000,02,0,1,01,A01
201000049767,0,32,000,00,2,2,01,A01
201000049767,0,07,000,00,2,0,15,B01
201000049768,0,31,000,00,1,1,01,A01
201000049769,1,07,000,00,2,8,13,Z01
201000049769,0,30,000,00,2,7,01,A01
201000049770,0,10,000,00,2,8,11,A01
201000049770,0,33,000,00,2,2,17,B01
201000049771,0,37,029,00,1,3,16,A01
201000049772,0,07,000,00,2,4,02,B01
201000049772,0,37,000,00,2,1,02,A01
201000049773,0,37,000,00,1,2,01,A01
201000049774,0,10,000,00,1,8,02,A01
201000049775,0,07,000,00,2,3,15,B01
201000049775,0,07,000,00,2,2,13,A01
201000049776,0,10,000,00,1,4,04,A01
201000049777,0,10,000,14,0,1,02,A01
201000049777,0,13,000,00,2,4,23,B01
201000049778,0,30,000,08,0,1,01,A01
201000049779,0,07,000,00,2,1,02,A01
201000049779,0,33,000,00,2,4,23,B01
201000049780,0,37,000,00,2,6,09,A01
201000049780,0,07,000,00,2,2,11,B01
201000049781,0,34,000,00,1,1,00,A01
201000049781,0,37,000,00,0,0,00,B01
201000049782,0,33,000,00,2,1,01,B01
201000049782,0,07,000,00,2,7,15,A01
201000049783,0,07,000,00,2,1,15,B01
201000049783,0,07,000,15,2,3,01,A01
201000049784,0,07,000,15,0,0,21,A01
201000049785,0,07,000,00,2,2,15,A01
201000049785,0,32,000,00,2,1,01,B01
201000049786,0,31,000,12,0,0,01,A01
201000049787,0,17,000,00,2,8,15,A01
201000049787,0,07,000,00,2,2,09,B01
201000049788,0,07,000,08,0,1,00,A01
201000049789,0,13,000,00,2,1,02,A01
201000049789,0,10,000,00,2,4,02,B01
201000049790,0,99,000,00,1,3,15,A01
201000049791,0,07,000,14,2,1,16,A01
201000049791,0,07,000,00,2,1,23,B01
201000049792,0,07,000,00,1,3,01,A01
201000049793,0,07,000,00,2,2,17,A01
201000049793,0,32,000,00,2,1,01,B01
201000049794,0,07,000,00,2,1,01,A01
201000049794,0,33,000,00,0,4,01,B01
201000049795,0,07,000,14,0,1,01,A01
201000049795,0,07,000,00,0,4,23,B01
201000049796,0,10,000,00,0,0,15,A01
201000049796,0,32,000,00,2,0,01,D01
201000049796,0,07,000,00,0,8,01,C01
201000049796,0,07,000,00,0,2,01,B01
201000049797,0,14,000,00,0,6,16,A01
201000049797,0,37,000,00,0,5,23,B01
201000049797,0,30,000,01,2,7,03,C01
201000049798,0,02,000,00,0,0,16,A01
201000049799,0,07,000,00,2,1,02,A01
201000049799,0,07,000,00,2,4,23,B01
201000049800,0,34,000,12,0,2,09,A01
201000049801,0,37,001,00,1,1,01,A01
201000049802,0,34,000,00,2,8,01,B01
201000049802,0,07,000,00,2,5,12,A01
201000049803,0,30,000,00,1,1,00,A01
201000049804,0,33,000,00,0,8,13,A01
201000049805,0,07,000,00,2,1,00,A01
201000049805,0,07,000,00,2,7,01,B01
201000049806,0,33,000,12,0,2,01,A01
201000049807,0,10,000,00,1,4,04,A01
201000049808,0,07,000,00,2,2,15,B01
201000049808,0,32,000,00,2,1,01,A01
201000049809,0,07,000,00,2,4,23,B01
201000049809,0,07,000,00,0,4,23,C01
201000049809,0,07,000,00,2,1,01,A01
201000049810,0,32,000,00,2,1,12,A01
201000049810,0,32,000,00,2,8,15,B01
201000049811,0,33,000,00,0,8,15,A01
201000049812,0,32,000,00,0,7,01,A01
201000049813,0,31,000,14,0,0,01,A01
201000049814,0,32,000,00,0,1,02,A01
201000049815,0,30,000,00,0,4,02,A01
201000049815,0,30,000,00,2,3,02,B01
201000049816,0,31,000,00,2,3,01,B01
201000049816,0,07,000,00,2,5,16,A01
201000049817,0,03,000,00,1,2,01,A01
201000049818,0,07,000,00,1,4,04,A01
201000049819,0,07,000,00,1,2,01,A01
201000049820,0,30,000,03,0,5,01,A01
201000049821,0,07,000,01,2,3,21,A01
201000049821,0,10,000,00,2,4,23,B01
201000049822,0,32,000,00,2,7,01,A01
201000049822,0,07,000,00,2,4,23,B01
201000049823,0,07,000,00,2,2,01,B01
201000049823,0,13,000,00,2,8,15,A01
201000049824,0,07,000,00,1,1,01,A01
201000049825,0,07,000,00,1,5,20,A01
201000049826,0,07,000,00,0,7,15,A01
201000049826,0,07,000,00,0,1,01,B01
201000049827,0,07,000,00,1,3,01,A01
201000049828,0,07,000,00,1,2,01,A01
201000049829,0,07,000,00,1,2,01,A01
201000049830,1,07,000,00,1,1,01,A01
201000049831,1,07,000,00,1,1,01,Z01
201000049832,0,32,000,00,2,8,18,A01
201000049832,0,10,000,00,2,7,14,B01
201000049833,0,07,000,00,2,1,02,B01
201000049833,0,07,000,00,2,3,19,A01
201000049834,0,30,000,00,2,1,01,B01
201000049834,0,07,000,00,0,5,23,C01
201000049834,0,07,000,00,0,3,09,A01
201000049835,0,07,000,00,0,1,01,A01
201000049835,0,07,000,00,0,3,01,B01
201000049836,0,07,000,00,2,4,00,B01
201000049836,0,07,000,00,2,1,01,A01
201000049837,0,07,000,00,2,0,09,A01
201000049837,0,32,000,14,0,7,21,B01
201000049838,0,07,000,00,1,2,01,A01
201000049839,0,07,000,00,1,2,01,A01
201000049840,0,07,000,00,2,3,10,A01
201000049840,0,07,000,00,2,1,01,B01
201000049841,0,33,000,12,0,7,21,B01
201000049841,0,07,000,00,0,0,15,A01
201000049842,0,33,000,00,2,2,17,A01
201000049842,0,10,000,00,2,1,23,C01
201000049842,0,10,000,00,2,3,15,B01
201000049843,0,37,001,00,1,2,01,A01
201000049844,0,30,000,00,0,1,01,A01
201000049845,0,10,000,00,1,4,04,A01
201000049846,0,14,000,00,1,1,01,A01
201000049847,0,07,000,00,0,6,15,B01
201000049847,0,34,000,00,0,2,01,A01
201000049848,0,07,000,00,0,8,13,A01
201000049848,0,32,000,00,2,7,17,B01
201000049849,0,07,000,00,1,7,01,A01
201000049850,0,33,000,00,2,1,15,B01
201000049850,0,07,000,00,2,1,13,A01
201000049851,0,33,000,00,2,2,02,A01
201000049851,0,07,000,00,2,6,15,B01
201000049852,0,02,000,01,2,2,21,A01
201000049853,0,07,000,01,2,1,01,A01
201000049853,0,07,000,01,2,8,16,B01
201000049854,0,07,000,00,0,0,00,A01