Num_Acc,senc,catv,occutc,obs,obsm,choc,manv,num_veh
201000049854,0,32,000,00,2,3,00,B01
201000049855,0,32,000,00,1,5,21,A01
201000049856,1,30,000,00,2,1,02,A01
201000049856,0,07,000,00,0,4,01,B01
201000049857,0,07,000,00,1,1,02,A01
201000049858,0,30,000,00,1,1,02,A01
201000049859,1,30,000,00,1,1,01,Z01
201000049860,0,37,001,00,1,2,01,A01
201000049861,0,30,000,00,2,1,01,A01
201000049861,0,07,000,00,2,3,09,B01
201000049862,0,30,000,00,2,0,21,A01
201000049862,0,10,000,00,0,0,23,B01
201000049863,1,02,000,08,1,1,13,A01
201000049864,0,32,000,00,0,7,02,B01
201000049864,0,07,000,00,0,8,10,A01
201000049865,1,07,000,00,1,1,01,A01
201000049866,0,07,000,00,1,1,15,A01
201000049867,0,07,000,00,1,7,01,A01
201000049868,0,07,000,00,1,7,01,A01
201000049869,0,07,000,00,1,1,01,A01
201000049870,1,30,000,00,1,1,01,A01
201000049871,0,07,000,00,1,1,01,A01
201000049872,0,07,000,00,1,1,00,A01
201000049873,0,07,000,00,0,3,01,B01
201000049873,0,30,000,00,0,1,05,A01
201000049874,0,07,000,01,2,1,21,A01
201000049874,0,07,000,00,2,4,01,B01
201000049875,0,02,000,00,2,1,01,B01
201000049875,0,07,000,00,2,1,01,A01
201000049876,0,10,000,00,2,1,01,A01
201000049876,0,31,000,00,2,1,05,B01
201000049877,2,07,000,00,2,1,05,A01
201000049877,0,33,000,00,2,1,01,B01
201000049878,1,07,000,00,1,1,01,A01
201000049879,0,07,000,00,1,1,00,A01
201000049880,0,32,000,00,1,2,17,A01
201000049881,1,30,000,00,1,4,01,A01
201000049882,1,30,000,00,1,1,15,Z01
201000049883,0,07,000,00,1,3,01,A01
201000049884,0,01,000,00,2,1,01,A01
201000049884,0,07,000,00,0,3,09,B01
201000049885,0,07,000,00,2,3,02,A01
201000049885,0,31,000,00,2,4,01,B01
201000049886,0,07,000,00,0,2,01,A01
201000049886,0,30,000,00,2,1,01,C01
201000049886,0,32,000,00,2,1,01,B01
201000049887,0,07,000,00,2,6,01,B01
201000049887,0,33,000,00,2,1,02,A01
201000049888,0,33,000,00,9,2,01,A01
201000049888,1,01,000,00,0,5,05,Z01
201000049889,0,07,000,00,2,3,01,B01
201000049889,0,07,000,01,2,1,01,A01
201000049890,0,07,000,00,2,3,02,B01
201000049890,0,02,000,00,2,1,02,A01
201000049891,2,07,000,00,0,6,15,B01
201000049891,0,34,000,00,0,2,01,A01
201000049892,0,02,000,00,2,0,21,A01
201000049893,0,07,000,00,1,0,01,A01
201000049894,0,07,000,00,1,1,01,A01
201000049895,0,07,000,00,9,1,01,B01
201000049895,0,33,000,00,2,8,01,A01
201000049896,0,07,000,00,1,2,01,A01
201000049897,0,33,000,00,2,1,09,A01
201000049897,0,07,000,00,2,2,02,B01
201000049898,0,07,000,15,0,2,02,A01
201000049898,0,07,000,00,0,0,00,B01
201000049899,0,34,000,00,1,1,01,A01
201000049900,0,07,000,00,1,3,01,A01
201000049901,0,33,000,00,0,3,01,B01
201000049901,2,07,000,00,0,2,12,A01
201000049902,0,07,000,00,0,0,02,B01
201000049902,0,34,000,00,0,0,02,A01
201000049903,1,07,000,00,1,0,00,A01
201000049904,0,07,000,00,0,2,01,A01
201000049905,1,30,000,00,1,0,00,A01
201000049906,0,07,000,00,0,0,00,A01
201000049907,0,02,000,00,1,2,01,A01
201000049908,0,30,000,00,2,3,01,B01
201000049908,0,07,000,00,2,3,09,A01
201000049909,0,07,000,00,0,4,02,B01
201000049909,0,07,000,00,0,1,02,A01
201000049910,0,32,000,00,0,1,00,B01
201000049910,1,07,000,00,0,0,00,Z01
201000049911,0,07,000,00,2,1,09,A01
201000049911,0,07,000,00,2,4,09,B01
201000049912,0,31,000,00,2,4,15,B01
201000049912,1,07,000,00,2,1,01,A01
201000049913,0,07,000,00,0,1,10,A01
201000049913,0,07,000,00,0,3,01,B01
201000049914,0,07,000,00,2,1,01,B01
201000049914,0,07,000,00,0,2,10,A01
201000049915,0,07,000,00,1,1,02,A01
201000049916,0,07,000,00,2,2,15,B01
201000049916,0,07,000,00,2,1,01,A01
201000049917,0,07,000,00,2,2,10,A01
201000049917,0,31,000,00,2,1,02,B01
201000049918,0,07,000,00,0,3,20,A01
201000049918,0,30,000,00,0,2,17,B01
201000049919,0,07,000,00,1,1,00,A01
201000049920,0,02,000,00,2,8,02,A01
201000049920,0,14,000,00,0,2,09,B01
201000049921,0,07,000,01,0,4,01,B01
201000049921,0,13,000,01,0,1,01,A01
201000049921,0,07,000,00,0,4,01,C01
201000049922,0,33,000,00,2,1,00,A01
201000049922,0,10,000,00,0,3,00,B01
201000049923,0,07,000,00,2,2,09,A01
201000049923,0,07,000,00,2,3,01,C01
201000049923,0,07,000,00,2,3,02,B01
201000049924,0,32,000,00,2,3,01,B01
201000049924,0,07,000,00,2,1,15,A01
201000049925,0,07,000,00,0,7,01,B01
201000049925,2,07,000,00,2,1,01,Z01
201000049926,0,32,000,00,2,0,21,B01
201000049926,0,07,000,00,9,5,15,A01
201000049927,0,31,000,00,2,1,05,A01
201000049927,0,07,000,00,2,2,15,B01
201000049928,0,07,000,00,1,1,01,A01
201000049929,0,07,000,00,2,1,01,A01
201000049929,0,07,000,00,2,4,01,B01
201000049930,0,34,000,00,1,2,17,A01
201000049930,0,07,000,00,0,2,23,B01
201000049931,0,07,000,00,0,2,00,A01
201000049931,1,02,000,00,0,0,00,Z01
201000049932,0,07,000,00,2,0,00,A01
201000049932,0,33,000,00,2,7,00,B01
201000049933,0,30,000,00,2,1,01,B01
201000049933,1,99,000,00,2,5,04,Z01
201000049934,0,07,000,00,1,3,00,A01
201000049935,0,07,000,00,0,3,02,A01
201000049936,0,07,000,00,1,3,01,A01
201000049937,0,10,000,00,2,1,01,B01
201000049937,0,07,000,00,2,8,01,A01
201000049938,0,13,000,00,2,4,01,B01
201000049938,0,32,000,14,2,1,12,A01
201000049939,0,02,000,00,2,0,11,A01
201000049939,0,02,000,00,2,0,11,B01
201000049940,0,07,000,00,2,1,01,A01
201000049940,0,07,000,00,2,7,01,B01
201000049941,0,07,000,00,1,2,02,A01
201000049942,0,32,000,00,2,1,05,A01
201000049942,0,07,000,00,2,1,16,B01
201000049943,0,07,000,00,1,4,04,A01
201000049944,0,07,000,00,0,2,02,A01
201000049945,0,30,000,09,2,1,02,B01
201000049945,0,07,000,00,2,3,02,A01
201000049946,0,07,000,00,2,1,01,A01
201000049946,0,30,000,00,2,3,01,B01
201000049947,0,15,000,00,2,2,02,B01
201000049947,0,10,000,00,2,3,15,A01
201000049948,0,02,000,00,0,0,00,B01
201000049948,0,07,000,00,0,0,00,A01
201000049949,0,07,000,00,2,3,01,B01
201000049949,0,30,000,00,2,1,01,A01
201000049950,0,02,000,00,0,2,15,B01
201000049950,0,07,000,00,0,3,15,A01
201000049951,0,07,000,00,1,3,01,A01
201000049952,0,14,000,00,9,2,01,B01
201000049952,0,33,000,00,9,1,01,A01
201000049953,0,07,000,00,0,2,01,A01
201000049954,0,07,000,00,1,1,02,A01
201000049955,0,07,000,00,1,3,01,A01
201000049956,0,07,000,15,0,3,01,A01
201000049957,0,07,000,00,1,1,02,A01
201000049958,0,07,000,00,2,3,01,B01
201000049958,0,07,000,00,2,3,01,A01
201000049959,0,32,000,00,2,1,03,A01
201000049959,0,07,000,00,2,1,01,B01
201000049960,0,01,000,00,1,1,01,A01
201000049961,0,07,000,00,1,1,00,A01
201000049962,0,10,000,00,2,4,02,B01
201000049962,0,07,000,00,2,1,02,A01
201000049963,0,07,000,00,0,4,16,C01
201000049963,0,07,000,00,2,4,02,B01
201000049963,0,07,000,00,2,4,02,A01
201000049964,1,07,000,00,1,0,00,A01
201000049965,1,10,000,00,2,8,02,A01
201000049965,0,01,000,00,2,7,02,B01
201000049966,1,07,000,00,1,1,00,Z01
201000049967,0,07,000,00,9,3,01,A01
201000049968,0,07,000,11,2,2,01,A01
201000049968,0,10,000,00,2,1,00,B01
201000049969,0,07,000,00,0,8,01,A01
201000049970,0,37,000,00,2,5,15,B01
201000049970,0,32,000,00,2,8,02,A01
201000049971,0,07,000,00,0,0,00,A01
201000049972,0,07,000,00,2,8,10,A01
201000049972,0,31,000,00,2,1,17,B01
201000049973,0,10,000,06,0,1,01,A01
201000049973,0,10,000,00,2,1,02,B01
201000049974,0,01,000,00,2,7,19,B01
201000049974,0,07,000,00,2,3,01,A01
201000049975,0,10,000,00,1,1,00,A01
201000049976,0,07,000,00,1,2,16,A01
201000049977,0,07,000,00,0,4,01,A01
201000049977,0,37,001,00,0,1,02,B01
201000049978,0,07,000,00,2,6,01,A01
201000049978,0,07,000,00,2,3,16,B01
201000049979,0,10,000,00,0,0,02,A01
201000049979,0,07,000,00,0,7,11,B01
201000049980,0,07,000,00,0,7,02,B01
201000049980,0,07,000,00,0,1,00,A01
201000049981,0,07,000,00,1,1,01,A01
201000049982,1,07,000,00,1,1,01,Z01
201000049983,0,07,000,00,1,2,00,A01
201000049984,0,02,000,00,2,2,19,A01
201000049984,0,07,000,00,0,3,01,B01
201000049985,0,10,000,00,1,4,04,A01
201000049986,0,07,000,00,1,1,16,A01
201000049987,0,07,000,00,0,8,01,A01
201000049987,0,02,000,00,2,7,00,B01
201000049988,1,10,000,00,0,0,00,Z01
201000049988,0,07,000,00,2,1,01,A01
201000049989,0,07,000,00,0,3,02,A01
201000049990,0,07,000,00,0,0,00,B01
201000049990,0,07,000,00,0,0,00,A01
201000049991,0,07,000,00,0,0,01,B01
201000049991,0,07,000,00,0,2,01,A01
201000049992,0,07,000,00,2,1,01,A01
201000049992,0,07,000,00,2,8,10,B01
201000049993,0,07,000,00,0,0,00,A01
201000049993,0,07,000,00,0,0,00,B01
201000049994,0,07,000,00,1,4,00,A01
201000049994,0,10,000,00,2,1,02,B01
201000049995,0,07,000,01,0,2,02,A01
201000049996,0,07,000,00,0,6,01,B01
201000049996,0,07,000,00,2,1,02,A01
201000049997,0,07,000,00,0,1,01,A01
201000049998,0,34,000,00,0,2,00,A01
201000049999,0,15,000,00,0,1,01,B01
201000049999,0,10,000,00,0,0,00,A01
201000050000,0,02,000,00,2,1,01,A01
201000050000,0,07,000,00,2,2,03,B01
201000050001,0,33,000,00,2,0,01,B01
201000050001,0,07,000,00,2,0,15,A01
201000050002,0,07,000,00,1,1,09,A01
201000050003,0,33,000,00,2,1,00,A01
201000050003,0,07,000,00,2,1,09,B01
201000050004,0,07,000,00,0,5,02,A01
201000050005,0,07,000,01,0,1,13,A01
201000050006,0,07,000,00,2,6,02,B01
201000050006,0,34,000,00,1,1,01,A01
201000050007,0,07,000,00,2,1,01,B01
201000050007,0,07,000,00,2,8,00,A01
201000050008,0,30,000,00,1,1,01,A01
201000050009,0,33,000,00,2,2,01,B01
201000050009,0,07,000,00,2,3,02,A01
201000050010,0,07,000,00,5,2,01,A01
201000050010,0,07,000,00,0,6,00,B01
201000050011,1,07,000,00,0,1,02,Z01
201000050012,0,33,000,00,2,1,01,A01
201000050012,0,07,000,00,2,2,09,B01
201000050013,0,07,000,00,1,1,00,A01
201000050014,0,07,000,00,1,8,00,A01
201000050015,0,07,000,00,2,3,15,A01
201000050015,0,31,000,00,2,1,01,B01
201000050016,0,07,000,00,0,4,01,B01
201000050016,0,07,000,00,2,1,01,A01
201000050017,0,07,000,00,2,3,00,A01
201000050017,0,07,000,00,2,3,16,B01
201000050018,0,07,000,00,2,1,01,B01
201000050018,0,30,000,00,2,8,01,A01
201000050019,0,07,000,09,0,3,06,A01
201000050020,0,07,000,14,0,0,01,A01
201000050021,0,07,000,00,0,7,02,A01
201000050021,0,07,000,00,0,1,02,B01
201000050022,0,07,000,00,0,4,01,B01
201000050022,0,33,000,00,0,1,01,A01
201000050023,0,37,000,00,1,1,01,A01
201000050024,0,07,000,00,1,3,00,A01
201000050025,0,07,000,01,0,8,15,A01
201000050026,0,07,000,00,2,8,09,B01
201000050026,0,07,000,00,2,1,01,A01
201000050027,0,07,000,00,2,8,15,B01
201000050027,0,07,000,00,2,3,01,A01
201000050028,0,07,000,01,1,1,00,A01
201000050029,0,07,000,00,1,3,01,A01
201000050030,0,07,000,00,2,0,00,B01
201000050030,0,07,000,00,2,1,00,A01
201000050031,0,07,000,00,2,8,15,B01
201000050031,0,33,000,12,2,0,17,A01
201000050032,0,07,000,00,2,6,01,A01
201000050032,0,01,000,00,0,0,01,B01
201000050033,2,07,000,00,2,7,01,A01
201000050033,0,07,000,00,2,1,01,B01
201000050034,1,07,000,00,1,1,01,Z01
201000050035,1,10,000,00,0,1,16,Z01
201000050036,0,30,000,00,2,1,01,A01
201000050036,0,07,000,00,2,1,01,B01
201000050037,0,07,000,00,1,3,02,A01
201000050038,0,07,000,00,0,3,00,A01
201000050038,0,32,000,00,0,3,00,B01
201000050039,0,07,000,13,0,3,17,A01
201000050039,0,02,000,00,0,1,05,B01
201000050040,0,07,000,00,2,2,00,A01
201000050040,0,30,000,00,2,2,01,B01
201000050041,0,33,000,00,2,8,05,B01
201000050041,0,07,000,00,2,1,15,A01
201000050042,0,07,000,00,2,7,09,B01
201000050042,0,31,000,00,2,8,01,A01
201000050043,0,07,000,00,2,0,00,A01
201000050043,1,07,000,00,0,0,00,B01
201000050044,0,02,000,00,2,0,01,A01
201000050045,0,07,000,01,0,1,02,A01
201000050046,0,34,000,00,1,8,02,A01
201000050046,0,34,000,00,2,8,02,B01
201000050047,0,01,000,00,2,7,01,B01
201000050047,0,07,000,00,9,1,01,A01
201000050048,0,07,000,01,0,1,00,A01
201000050049,1,30,000,00,0,0,00,A01
201000050049,0,07,000,00,0,0,00,B01
201000050050,0,07,000,00,0,4,00,B01
201000050050,0,10,000,00,0,1,02,A01
201000050051,0,33,000,00,2,1,02,B01
201000050051,0,10,000,00,2,5,10,A01
201000050052,0,02,000,00,2,8,09,A01
201000050052,0,07,000,00,2,1,01,B01
201000050053,0,07,000,00,0,8,01,B01
201000050053,0,33,000,00,0,2,17,A01
201000050054,0,07,000,00,2,5,14,A01
201000050054,0,07,000,12,2,3,01,B01
201000050055,0,07,000,00,0,7,19,A01
201000050055,0,07,000,00,0,1,02,B01
201000050056,0,07,000,00,0,2,01,A01
201000050057,0,07,000,00,2,7,01,B01
201000050057,0,07,000,00,2,1,01,A01
201000050058,0,07,000,00,2,1,15,A01
201000050058,0,03,000,00,2,1,01,B01
201000050059,0,07,000,08,0,2,12,A01
201000050060,0,07,000,08,0,6,14,A01
201000050061,0,30,000,00,2,2,01,B01
201000050061,0,10,000,00,2,1,01,A01
201000050062,0,07,000,00,2,3,16,A01
201000050062,0,02,000,00,2,5,01,B01
201000050063,0,30,000,00,2,1,02,A01
201000050063,0,07,000,00,0,6,02,B01
201000050064,0,07,000,00,2,2,05,A01
201000050064,0,07,000,00,2,1,01,B01
201000050065,1,07,000,00,0,0,00,Z01
201000050065,0,37,000,12,2,3,02,B01
201000050066,1,07,000,00,1,0,00,A01
201000050067,0,30,000,00,0,2,00,B01
201000050067,0,33,000,00,0,1,00,A01
201000050068,0,07,000,00,1,3,01,A01
201000050069,0,07,000,15,2,2,02,B01
201000050069,0,07,000,00,0,0,02,A01
201000050070,0,07,000,00,2,7,16,A01
201000050070,0,07,000,00,2,3,01,B01
201000050071,0,07,000,00,2,7,00,B01
201000050071,0,07,000,00,2,1,19,A01
201000050072,0,10,000,00,0,5,01,B01
201000050072,0,33,000,00,2,5,02,A01
201000050073,0,99,000,09,0,1,01,A01
201000050074,0,07,000,00,2,2,01,B01
201000050074,0,07,000,00,2,8,11,A01
201000050075,0,07,000,00,1,1,00,A01
201000050076,0,34,000,08,1,1,01,A01
201000050077,1,31,000,00,2,0,02,A01
201000050077,0,07,000,00,0,6,01,B01
201000050078,0,07,000,00,2,1,01,A01
201000050078,0,07,000,00,0,4,23,C01
201000050078,0,07,000,00,2,4,23,B01
201000050079,0,07,000,00,2,0,00,A01
201000050079,0,07,000,00,2,0,00,B01
201000050080,0,07,000,00,2,3,01,A01
201000050080,0,07,000,00,2,3,15,B01
201000050081,0,07,000,00,2,3,19,A01
201000050081,1,02,000,00,2,0,01,B01
201000050082,0,07,000,08,0,3,00,A01
201000050083,0,07,000,03,0,2,15,A01
201000050084,0,07,000,00,1,3,12,A01
201000050085,0,07,000,15,0,1,00,A01
201000050086,0,07,000,00,0,3,02,B01
201000050086,0,07,000,00,0,2,00,A01
201000050087,0,10,000,00,1,3,02,A01
201000050087,0,07,000,00,0,8,01,B01
201000050088,0,07,000,00,0,1,00,B01
201000050088,0,30,000,00,0,8,00,A01
201000050089,0,07,000,00,2,3,01,A01
201000050089,0,07,000,00,2,6,01,B01
201000050090,0,07,000,00,2,1,01,A01
201000050090,0,07,000,00,2,7,00,B01
201000050091,0,07,000,00,2,8,00,B01
201000050091,0,07,000,00,2,1,02,A01
201000050092,0,07,000,00,1,3,02,A01
201000050093,0,07,000,00,2,2,02,B01
201000050093,0,07,000,00,2,4,23,A01
201000050094,1,07,000,00,1,0,00,A01
201000050095,0,07,000,00,2,3,01,B01
201000050095,0,07,000,00,2,2,01,A01
201000050096,0,33,000,00,0,1,02,B01
201000050096,0,07,000,00,2,1,15,A01
201000050097,0,07,000,00,2,1,11,A01
201000050097,0,07,000,00,2,1,02,B01
201000050098,0,10,000,15,0,3,11,A01
201000050099,0,07,000,00,2,2,01,B01
201000050099,0,07,000,00,2,5,10,A01
201000050100,1,30,000,00,1,0,15,A01
201000050101,0,07,000,00,1,2,02,A01
201000050102,0,07,000,00,0,1,00,A01
201000050102,0,07,000,00,0,1,00,B01
201000050103,0,02,000,00,0,0,00,A01
201000050104,0,07,000,01,1,1,02,A01
201000050105,0,07,000,00,2,1,01,A01
201000050105,0,01,000,00,2,7,19,B01
201000050106,0,07,000,00,0,1,05,A01
201000050106,0,07,000,00,0,1,01,B01
201000050107,0,07,000,00,2,2,19,A01
201000050107,0,32,000,00,2,2,01,B01
201000050108,0,15,000,01,0,4,24,A01
201000050108,0,07,000,01,0,1,02,B01
201000050109,0,07,000,00,1,1,01,A01
201000050110,0,07,000,00,1,7,01,A01
201000050111,0,07,000,00,2,1,01,A01
201000050111,0,07,000,00,2,1,01,B01
201000050112,0,99,000,00,1,0,00,A01
201000050113,0,07,000,08,1,1,01,A01
201000050114,0,07,000,09,0,1,01,A01
201000050115,0,07,000,01,1,3,01,A01
201000050116,0,07,000,00,2,3,00,A01
201000050116,0,07,000,00,2,2,01,B01
201000050117,0,07,000,00,0,3,01,A01
201000050117,0,30,000,00,0,0,01,B01
201000050118,0,07,000,00,0,2,01,A01
201000050119,0,01,000,01,2,1,01,B01
201000050119,0,07,000,00,0,3,11,A01
201000050120,0,07,000,00,1,1,01,A01
201000050121,0,38,000,00,1,1,02,A01
201000050122,1,07,000,12,1,1,02,A01
201000050123,0,07,000,00,1,1,01,A01
201000050124,0,07,000,00,1,3,07,A01
201000050125,0,07,000,00,2,1,02,A01
201000050125,0,07,000,00,0,4,23,C01
201000050125,0,07,000,00,2,4,23,B01
201000050126,0,07,000,00,2,7,00,A01
201000050126,0,33,000,00,2,1,00,B01
201000050127,0,07,000,00,2,3,12,B01
201000050127,0,07,000,00,2,8,01,A01
201000050128,0,07,000,00,2,4,01,A01
201000050128,0,35,000,00,2,2,01,B01
201000050129,0,07,000,00,2,3,01,B01
201000050129,0,07,000,00,1,3,21,A01
201000050130,0,07,000,01,1,2,01,A01
201000050131,0,07,000,00,0,6,00,A01
201000050132,0,07,000,00,2,1,01,B01
201000050132,0,32,000,00,2,3,01,A01
201000050133,0,07,000,00,9,1,00,A01
201000050133,0,01,000,00,2,7,00,B01
201000050134,0,07,000,00,2,1,01,B01
201000050134,0,07,000,01,0,3,15,A01
201000050135,0,07,000,00,2,2,15,A01
201000050135,0,99,000,00,2,3,17,B01
201000050136,0,07,000,08,2,8,01,B01
201000050136,0,07,000,00,2,1,01,A01
201000050137,0,07,000,04,0,2,02,A01
201000050138,0,07,000,00,1,2,00,A01
201000050139,0,07,000,00,1,3,00,A01
201000050140,1,10,000,00,1,0,00,A01
201000050141,1,07,000,00,2,0,00,C01
201000050141,0,07,000,00,2,3,22,A01
201000050141,0,33,000,00,2,7,03,B01
201000050142,0,07,000,00,2,3,15,B01
201000050142,0,30,000,00,2,1,01,A01
201000050143,0,07,000,00,0,0,00,B01
201000050143,0,07,000,00,2,0,00,A01
201000050144,0,07,000,00,1,3,01,A01
201000050145,0,07,000,00,0,0,01,B01
201000050145,0,07,000,09,2,8,01,A01
201000050146,0,07,000,00,2,7,15,A01
201000050146,0,07,000,00,2,1,02,B01
201000050147,0,02,000,00,1,1,00,A01
201000050148,0,07,000,00,0,1,00,A01
201000050149,0,07,000,00,2,2,15,A01
201000050149,0,32,000,00,2,1,02,B01
201000050150,0,30,000,00,1,0,02,A01
201000050151,0,07,000,00,0,8,15,B01
201000050151,0,07,000,00,0,2,17,A01
201000050152,0,07,000,00,2,1,01,B01
201000050152,0,07,000,00,2,8,09,A01
201000050153,0,07,000,00,0,6,00,B01
201000050153,0,07,000,00,0,1,05,A01
201000050154,0,07,000,00,1,2,01,A01
201000050155,0,01,000,00,0,0,00,A01
201000050156,0,07,000,00,1,2,00,A01
201000050157,0,07,000,00,0,6,02,A01
201000050157,0,15,000,00,2,1,02,B01
201000050158,0,07,000,00,2,2,15,A01
201000050158,0,31,000,00,0,1,01,B01
201000050159,0,07,000,00,2,3,15,A01
201000050159,1,99,000,00,2,1,17,B01
201000050160,0,07,000,00,1,2,01,A01
201000050161,0,07,000,00,1,2,02,A01
201000050162,1,07,000,,0,0,10,A01
201000050163,0,07,000,00,1,2,01,A01
201000050164,0,07,000,00,1,2,02,A01
201000050165,0,07,000,00,1,0,00,A01
201000050166,0,07,000,00,2,1,00,A01
201000050166,0,07,000,00,2,1,00,B01
201000050167,0,07,000,00,2,3,16,B01
201000050167,0,37,000,00,2,1,01,A01
201000050168,0,07,000,00,1,2,01,A01
201000050169,0,07,000,15,0,1,00,A01
201000050170,0,10,000,00,2,2,15,A01
201000050170,0,07,000,00,2,3,02,B01
201000050171,0,10,000,00,1,1,01,A01
201000050172,0,07,000,00,2,4,01,B01
201000050172,0,07,000,00,2,1,02,A01
201000050173,0,01,000,00,2,0,00,B01
201000050173,0,07,000,00,2,0,00,A01
201000050174,0,07,000,00,2,1,01,A01
201000050174,0,07,000,00,2,2,11,B01
201000050175,0,07,000,01,0,2,02,A01
201000050176,0,07,000,00,1,1,01,A01
201000050177,1,07,000,00,1,1,00,Z01
201000050178,0,30,000,00,0,8,00,B01
201000050178,0,14,000,00,0,7,00,A01
201000050179,0,07,000,00,0,2,01,A01
201000050179,0,07,000,00,0,2,16,B01
201000050180,0,07,000,00,0,5,00,A01
201000050181,0,07,000,00,1,1,00,A01
201000050182,0,07,000,00,2,1,01,A01
201000050182,0,07,000,00,2,6,00,B01
201000050183,0,07,000,00,2,2,13,A01
201000050183,0,07,000,00,2,1,02,B01
201000050184,0,07,000,00,0,3,01,A01
201000050184,0,07,000,00,0,5,01,B01
201000050185,0,30,000,00,2,1,01,A01
201000050185,0,07,000,00,2,2,09,B01
201000050186,0,07,000,00,2,1,01,A01
201000050186,0,33,000,00,0,4,23,B01
201000050187,0,07,000,00,1,2,01,A01
201000050188,0,07,000,00,0,1,01,B01
201000050188,0,07,000,00,0,2,10,A01
201000050189,0,33,000,00,2,2,02,B01
201000050189,0,07,000,00,2,5,04,A01
201000050190,0,07,000,00,0,1,00,A01
201000050190,0,07,000,00,0,4,00,B01
201000050191,0,34,000,00,0,7,00,A01
201000050192,0,07,000,00,1,2,01,A01
201000050193,0,07,000,00,2,4,02,B01
201000050193,0,07,000,00,2,4,02,C01
201000050193,0,07,000,00,2,1,02,A01
201000050194,0,07,000,00,0,2,00,B01
201000050194,0,07,000,00,0,1,00,A01
201000050195,0,31,000,00,2,2,02,B01
201000050195,0,07,000,00,2,3,02,A01
201000050196,0,07,000,00,0,4,02,B01
201000050196,1,07,000,00,2,1,02,Z01
201000050197,0,07,000,00,2,1,00,A01
201000050197,0,07,000,00,2,1,01,B01
201000050198,2,07,000,00,2,1,19,A01
201000050198,0,07,000,00,2,3,02,B01
201000050199,1,36,000,00,9,1,01,A01
201000050199,0,01,000,00,2,8,01,B01
201000050200,0,33,000,00,2,2,01,A01
201000050200,0,07,000,00,2,8,15,B01
201000050201,0,07,000,00,2,1,02,A01
201000050201,0,07,000,00,2,4,02,B01
201000050202,0,07,000,00,2,1,11,A01
201000050202,0,07,000,00,2,1,02,B01
201000050203,0,33,000,00,2,1,01,B01
201000050203,0,07,000,00,2,5,17,A01
201000050204,0,07,000,00,2,2,01,B01
201000050204,0,07,000,00,2,3,11,A01
201000050205,1,07,000,00,0,0,02,A01
201000050206,0,07,000,00,2,1,17,A01
201000050206,0,07,000,00,2,1,00,B01
201000050207,0,07,000,00,2,2,01,A01
201000050207,0,07,000,00,2,3,01,B01
201000050208,0,37,001,00,1,2,01,A01
201000050209,0,07,000,00,0,0,00,B01
201000050209,0,34,000,00,0,0,00,A01
201000050210,0,07,000,06,0,1,00,A01
201000050211,0,07,000,00,0,3,00,B01
201000050211,0,07,000,00,0,2,01,A01
201000050211,0,07,000,00,0,7,00,C01
201000050212,1,07,000,00,1,3,00,A01
201000050213,0,07,000,00,1,2,09,A01
201000050214,0,07,000,00,1,3,01,A01
201000050215,0,01,000,00,2,4,01,B01
201000050215,1,07,000,00,2,3,18,A01
201000050216,0,07,000,00,0,3,01,B01
201000050216,0,32,000,00,0,3,01,A01
201000050217,0,07,000,01,0,1,02,A01
201000050218,0,32,000,00,2,1,02,A01
201000050218,0,07,000,00,0,5,00,B01
201000050219,0,07,000,00,2,3,00,A01
201000050219,0,07,000,00,2,0,01,B01
201000050220,0,07,000,00,0,1,00,A01
201000050220,0,30,000,12,2,0,05,B01
201000050221,0,33,000,00,0,1,00,A01
201000050222,0,07,000,00,2,1,01,B01
201000050222,0,10,000,00,2,2,01,A01
201000050223,0,07,000,00,0,2,00,A01
201000050223,0,07,000,00,0,3,00,B01
201000050224,1,33,000,00,2,1,01,B01
201000050224,2,32,000,00,2,1,12,A01
201000050225,0,07,000,00,2,7,00,B01
201000050225,0,07,000,00,2,1,09,A01
201000050226,0,07,000,00,2,2,01,B01
201000050226,0,32,000,01,2,1,05,A01
201000050227,0,33,000,00,0,1,00,A01
201000050227,0,07,000,00,0,8,00,B01
201000050228,0,30,000,01,2,0,01,A01
201000050228,0,07,000,01,2,1,00,B01
201000050229,0,07,000,00,0,1,00,F02
201000050229,0,07,000,00,0,5,00,D01
201000050229,0,07,000,00,0,5,00,B01
201000050229,0,07,000,00,0,6,00,G02
201000050229,2,07,000,01,0,1,00,A01
201000050229,0,07,000,00,0,3,00,E01
201000050229,0,07,000,00,0,6,00,H02
201000050229,0,07,000,00,0,4,00,C01
201000050230,0,07,000,00,1,1,00,A01
201000050231,0,33,000,08,0,8,03,A01
201000050231,0,07,000,00,0,0,01,B01
201000050231,0,07,000,00,0,8,01,C01
201000050232,0,07,000,00,2,3,09,A01
201000050232,0,34,000,00,2,1,01,B01
201000050233,0,07,000,06,2,1,19,B01
201000050233,0,07,000,00,2,2,01,A01
201000050234,0,07,000,00,1,2,01,A01
201000050235,0,07,000,00,2,1,01,A01
201000050235,0,07,000,00,0,4,11,B01
201000050236,0,07,000,14,0,1,10,A01
201000050237,0,07,000,00,0,7,21,A01
201000050237,0,07,000,00,0,2,01,B01
201000050238,0,07,000,07,2,8,01,A01
201000050238,0,07,000,00,2,1,01,B01
201000050239,0,07,000,00,2,7,21,A01
201000050239,0,31,000,00,2,1,18,B01
201000050239,0,37,001,00,0,8,16,C01
201000050240,0,07,000,00,2,0,00,A01