Num_Acc,senc,catv,occutc,obs,obsm,choc,manv,num_veh
201000050240,0,07,000,00,2,0,01,B01
201000050241,0,07,000,00,2,3,19,A01
201000050241,2,07,000,06,2,1,01,B01
201000050242,0,07,000,00,0,8,06,A01
201000050242,0,02,000,00,2,1,02,B01
201000050243,0,07,000,00,0,1,00,B01
201000050243,0,07,000,00,1,4,00,A01
201000050244,0,07,000,00,0,9,21,A01
201000050245,0,07,000,00,2,1,00,A01
201000050245,0,07,000,00,2,8,00,B01
201000050246,0,07,000,01,0,6,00,A01
201000050247,0,07,000,00,2,2,16,A01
201000050247,0,07,000,00,2,3,02,B01
201000050248,0,07,000,00,9,3,15,A01
201000050248,0,01,000,00,2,1,01,V01
201000050249,0,07,000,00,0,3,01,B01
201000050249,0,07,000,00,0,3,15,A01
201000050250,0,07,000,00,2,8,11,A01
201000050250,0,07,000,00,2,2,00,B01
201000050251,0,07,000,00,1,2,00,A01
201000050252,0,40,000,00,2,1,01,B01
201000050252,0,14,000,00,4,7,19,A01
201000050253,0,33,000,00,0,7,07,A01
201000050254,0,07,000,00,2,1,01,A01
201000050254,0,07,000,00,2,2,15,B01
201000050255,0,07,000,00,0,6,02,A01
201000050255,0,02,000,00,2,1,02,B01
201000050256,0,07,000,00,2,7,01,B01
201000050256,0,13,000,00,2,8,09,A01
201000050257,0,07,000,00,2,1,02,A01
201000050257,0,07,000,00,2,4,02,B01
201000050258,0,07,000,00,1,2,01,A01
201000050259,0,10,000,08,0,1,16,A01
201000050260,0,07,000,01,1,1,20,A01
201000050261,0,07,000,00,2,2,02,A01
201000050261,0,07,000,12,2,8,02,B01
201000050262,0,07,000,00,2,6,23,B01
201000050262,2,07,000,08,1,2,17,A01
201000050263,0,07,000,08,0,1,00,A01
201000050264,0,07,000,00,1,8,01,A01
201000050265,0,07,000,00,1,2,00,A01
201000050266,0,01,000,00,2,1,05,V01
201000050266,1,07,000,00,9,0,16,A01
201000050267,0,07,000,00,2,1,01,A01
201000050267,0,07,000,00,0,4,01,B01
201000050268,0,07,000,00,2,1,02,B01
201000050268,0,07,000,00,0,8,10,A01
201000050269,0,01,000,00,0,0,00,B01
201000050269,0,07,000,00,0,2,12,A01
201000050270,0,31,000,00,1,3,01,A01
201000050271,0,10,000,00,0,0,02,A01
201000050271,0,07,000,00,0,0,02,B01
201000050271,0,10,000,00,0,4,02,C01
201000050272,0,37,001,00,2,1,02,B01
201000050272,0,07,000,00,2,1,03,A01
201000050273,0,13,000,00,2,6,07,B01
201000050273,0,07,000,01,2,1,12,A01
201000050274,0,34,000,15,0,1,02,A01
201000050275,0,07,000,00,2,1,09,B01
201000050275,1,07,000,00,2,1,00,C01
201000050275,0,07,000,00,2,2,00,A01
201000050276,0,07,000,00,2,2,01,A01
201000050276,0,07,000,00,2,2,01,B01
201000050277,1,07,000,00,2,1,02,B01
201000050277,0,07,000,00,0,4,02,A01
201000050278,0,07,000,00,2,2,00,A01
201000050278,0,30,000,00,2,1,00,B01
201000050279,1,07,000,00,1,2,00,Z01
201000050280,0,07,000,00,2,4,00,A01
201000050280,0,07,000,00,2,0,00,B01
201000050280,0,07,000,00,2,9,00,C01
201000050280,0,07,000,00,2,9,00,D01
201000050281,0,02,000,00,2,1,00,A01
201000050281,0,07,000,00,2,1,00,B01
201000050282,0,10,000,00,0,0,04,A01
201000050283,0,33,000,00,2,1,01,A01
201000050283,0,37,001,00,2,6,00,B01
201000050284,1,03,000,00,0,4,17,B01
201000050284,0,32,000,00,2,1,01,A01
201000050285,0,07,000,00,1,3,00,A01
201000050286,0,07,000,00,1,1,01,A01
201000050287,0,07,000,01,0,2,00,A01
201000050288,0,33,000,00,0,0,09,B01
201000050288,0,07,000,00,0,4,09,A01
201000050289,0,33,000,00,0,9,00,A01
201000050290,0,99,000,00,1,1,00,A01
201000050291,1,99,000,00,1,8,01,A01
201000050292,2,07,000,00,0,9,02,A01
201000050292,0,07,000,00,0,2,01,C01
201000050292,0,30,000,00,0,1,01,B01
201000050293,0,07,000,00,2,3,01,B01
201000050293,0,07,000,00,2,2,16,A01
201000050294,0,30,000,00,2,7,00,A01
201000050294,0,07,000,00,0,8,00,B01
201000050295,0,07,000,00,1,1,01,A01
201000050296,0,34,000,00,2,3,01,A01
201000050296,0,07,000,00,2,3,16,B01
201000050297,0,07,000,00,2,2,15,A01
201000050297,0,30,000,00,2,9,02,B01
201000050298,2,07,000,00,2,1,02,B01
201000050298,0,07,000,00,2,4,23,A01
201000050299,0,07,000,00,0,2,00,B01
201000050299,0,07,000,00,0,6,00,A01
201000050300,0,07,000,00,2,3,15,B01
201000050300,0,31,000,00,2,7,17,A01
201000050301,0,07,000,08,2,8,01,B01
201000050301,0,07,000,00,2,3,15,A01
201000050302,1,99,000,08,0,0,00,A01
201000050303,0,07,000,00,0,3,00,B01
201000050303,0,01,000,00,0,1,00,V01
201000050304,1,30,000,00,1,1,05,Z01
201000050305,0,30,000,00,9,0,00,A01
201000050306,0,07,000,00,2,7,15,B01
201000050306,0,07,000,00,2,3,01,A01
201000050307,0,07,000,00,0,2,02,A01
201000050307,0,02,000,00,0,3,00,B01
201000050308,0,07,000,00,1,2,01,A01
201000050309,0,07,000,00,1,3,01,A01
201000050310,0,32,000,00,0,7,00,A01
201000050311,0,07,000,00,0,4,00,B01
201000050311,0,07,000,00,0,4,00,A01
201000050312,0,07,000,00,1,1,00,A01
201000050313,0,07,000,00,9,2,01,A01
201000050313,0,01,000,00,2,6,13,B01
201000050314,0,07,000,00,2,4,23,B01
201000050314,0,33,000,00,2,1,02,A01
201000050315,0,30,000,00,5,1,01,A01
201000050316,0,33,000,00,1,1,02,A01
201000050317,0,07,000,00,0,3,00,A01
201000050317,0,32,000,00,0,2,00,B01
201000050318,0,07,000,00,0,0,18,A01
201000050318,0,07,000,00,0,0,02,B01
201000050319,0,01,000,00,0,0,00,B01
201000050319,0,07,000,00,0,1,00,A01
201000050320,1,07,000,00,1,0,00,A01
201000050321,1,07,000,00,1,2,14,A01
201000050322,0,07,000,00,1,1,02,A01
201000050322,0,01,000,00,2,0,00,B01
201000050323,0,33,000,00,2,1,02,B01
201000050323,0,07,000,00,0,6,10,A01
201000050324,0,40,000,00,1,2,00,A01
201000050325,0,07,000,00,0,0,15,B01
201000050325,0,31,000,00,0,0,01,A01
201000050326,1,10,000,00,1,2,00,Z01
201000050327,0,33,000,08,0,1,13,A01
201000050328,0,07,000,00,2,1,01,A01
201000050328,0,10,000,00,2,5,16,B01
201000050329,0,07,000,00,1,0,02,A01
201000050330,0,07,000,08,0,1,01,A01
201000050331,0,07,000,00,1,8,01,A01
201000050332,0,07,000,08,0,3,14,B01
201000050332,0,07,000,00,2,7,06,A01
201000050333,0,07,000,12,2,2,11,A01
201000050333,0,07,000,12,2,8,15,B01
201000050334,0,01,000,00,0,3,00,B01
201000050334,0,40,000,00,0,3,00,A01
201000050335,0,34,000,00,0,0,00,A01
201000050336,0,07,000,01,1,2,17,A01
201000050337,0,37,000,01,0,4,02,A01
201000050337,0,37,000,01,0,4,02,B01
201000050338,0,07,000,00,1,1,01,A01
201000050339,0,37,030,00,1,7,00,A01
201000050340,0,07,000,00,0,1,15,A01
201000050341,1,07,000,00,2,8,01,A01
201000050341,0,07,000,00,2,1,00,B01
201000050342,0,07,000,00,1,2,01,A01
201000050343,0,07,000,00,1,2,17,A01
201000050344,0,07,000,00,2,7,01,A01
201000050344,1,07,000,00,2,3,11,Z01
201000050345,0,07,000,00,1,8,11,A01
201000050346,0,07,000,00,2,1,02,B01
201000050346,0,07,000,00,1,1,01,A01
201000050347,0,07,000,15,2,8,18,A01
201000050347,0,07,000,15,2,7,01,B01
201000050348,0,07,000,00,0,1,02,B01
201000050348,0,37,001,00,0,4,23,A01
201000050349,0,02,000,00,2,3,23,A01
201000050349,1,07,000,00,2,2,14,B01
201000050350,0,07,000,00,2,6,15,B01
201000050350,0,33,000,00,2,2,01,A01
201000050351,0,10,000,00,0,0,11,A01
201000050351,0,02,000,16,2,0,21,B01
201000050352,0,07,000,00,2,3,09,A01
201000050352,0,07,000,00,2,5,01,B01
201000050353,0,30,000,00,2,8,03,A01
201000050354,1,07,000,00,1,1,01,A01
201000050355,0,10,000,00,2,7,15,A01
201000050355,0,07,000,00,2,1,01,B01
201000050356,0,07,000,00,1,1,01,A01
201000050357,0,07,000,00,2,8,01,A01
201000050357,0,07,000,08,2,7,02,B01
201000050357,2,07,000,00,2,8,02,C01
201000050358,0,07,000,01,0,8,00,A01
201000050359,0,07,000,00,2,3,09,A01
201000050359,0,30,000,00,2,1,17,B01
201000050360,0,33,000,00,2,3,01,B01
201000050360,0,07,000,00,2,2,12,A01
201000050361,0,07,000,00,1,2,01,A01
201000050362,0,07,000,00,1,2,01,A01
201000050363,1,13,000,00,0,1,01,A01
201000050363,0,07,000,00,0,6,15,B01
201000050364,0,10,000,00,1,7,01,A01
201000050365,0,07,000,00,0,6,13,B01
201000050365,0,07,000,04,0,9,01,A01
201000050366,0,07,000,00,1,4,04,A01
201000050367,0,01,000,00,2,4,15,B01
201000050367,0,07,000,00,9,1,01,A01
201000050368,0,07,000,00,0,7,16,B01
201000050368,0,30,000,00,2,1,02,A01
201000050369,0,07,000,00,1,2,01,A01
201000050370,0,07,000,00,2,2,01,A01
201000050370,0,07,000,00,2,3,15,B01
201000050371,0,07,000,00,2,3,15,B01
201000050371,0,30,000,00,2,2,17,A01
201000050372,0,30,000,00,2,1,01,A01
201000050372,0,07,000,00,2,3,23,B01
201000050373,0,07,000,00,0,4,01,A01
201000050373,0,07,000,00,2,3,02,B01
201000050374,0,07,000,00,1,3,01,A01
201000050375,0,34,000,00,2,1,17,A01
201000050375,0,07,000,00,0,8,15,B01
201000050376,1,07,000,00,1,1,01,A01
201000050377,0,07,000,00,1,1,01,A01
201000050378,0,07,000,00,9,1,02,A01
201000050378,0,07,000,00,2,6,01,B01
201000050379,0,07,000,00,2,1,01,A01
201000050379,0,01,000,00,2,1,11,B01
201000050380,0,07,000,09,9,9,01,A01
201000050381,0,07,000,00,0,5,01,A01
201000050381,0,32,000,00,2,1,02,B01
201000050382,2,07,000,00,1,3,01,A01
201000050383,2,07,000,00,2,1,02,A01
201000050383,0,07,000,00,2,4,23,B01
201000050383,0,07,000,00,2,4,23,C01
201000050384,0,07,000,08,0,9,01,A01
201000050385,0,13,000,00,2,3,02,B01
201000050385,0,07,000,00,2,5,15,A01
201000050386,0,07,000,00,0,4,23,A01
201000050386,0,14,000,00,2,1,02,B01
201000050387,0,07,000,00,2,8,15,B01
201000050387,0,07,000,00,2,1,01,A01
201000050388,0,07,000,00,1,1,01,A01
201000050389,0,33,000,00,1,1,03,A01
201000050390,0,07,000,00,2,8,11,B01
201000050390,0,07,000,00,2,7,01,A01
201000050391,0,07,000,12,0,3,00,A01
201000050392,0,07,000,00,2,8,24,B01
201000050392,0,07,000,01,0,8,14,A01
201000050393,0,31,000,00,1,1,01,A01
201000050394,0,07,000,00,2,7,00,B01
201000050394,0,07,000,00,2,1,00,A01
201000050395,0,07,000,01,0,1,02,A01
201000050396,0,30,000,00,2,2,18,A01
201000050396,0,13,000,00,2,6,23,B01
201000050397,0,07,000,00,2,4,23,B01
201000050397,0,01,000,00,0,7,19,C01
201000050397,0,07,000,00,2,1,02,A01
201000050398,0,07,000,00,1,1,01,A01
201000050399,0,07,000,00,0,1,16,A01
201000050400,0,07,000,00,2,3,09,A01
201000050400,0,33,000,00,2,1,01,B01
201000050401,0,32,000,00,5,7,01,A01
201000050402,0,07,000,00,0,1,01,B01
201000050402,0,07,000,00,0,2,15,A01
201000050403,0,07,000,00,1,1,01,A01
201000050404,0,34,000,00,2,1,01,A01
201000050404,1,07,000,00,2,5,19,B01
201000050405,0,07,000,00,0,2,15,A01
201000050405,0,34,000,00,0,1,01,B01
201000050406,0,30,000,00,1,0,01,A01
201000050407,0,33,000,00,0,1,01,B01
201000050407,0,07,000,01,0,3,09,A01
201000050408,0,32,000,00,2,7,01,A01
201000050408,0,07,000,00,2,3,20,B01
201000050409,0,10,000,00,2,3,02,A01
201000050409,0,02,000,00,2,4,01,B01
201000050410,2,07,000,06,0,1,01,A01
201000050411,0,33,000,00,0,1,01,B01
201000050411,0,07,000,00,0,3,15,A01
201000050412,0,02,000,00,2,9,21,A01
201000050412,1,07,000,00,2,5,11,Z01
201000050413,0,07,000,00,2,1,02,A01
201000050413,0,07,000,00,2,5,01,B01
201000050414,1,13,000,00,0,0,00,A01
201000050414,0,33,000,00,0,3,02,B01
201000050415,0,30,000,00,0,1,02,A01
201000050416,0,07,000,00,2,3,00,A01
201000050416,0,07,000,00,0,0,00,B01
201000050417,0,07,000,00,2,3,00,C01
201000050417,0,07,000,00,2,3,00,B01
201000050417,0,07,000,00,2,1,00,A01
201000050418,0,07,000,00,2,2,01,A01
201000050418,0,07,000,14,2,7,09,B01
201000050419,0,30,000,00,2,8,00,B01
201000050419,0,07,000,00,2,7,00,A01
201000050420,0,07,000,01,0,2,00,A01
201000050421,0,01,000,00,2,1,02,B01
201000050421,0,07,000,00,0,6,02,A01
201000050422,0,07,000,00,0,1,02,B01
201000050422,0,07,000,00,0,4,01,A01
201000050423,0,07,000,00,2,2,15,A01
201000050423,0,07,000,00,2,3,16,B01
201000050424,0,07,000,00,0,4,02,B01
201000050424,1,07,000,00,0,0,00,A01
201000050424,0,07,000,00,0,0,02,C01
201000050425,0,07,000,00,2,8,00,B01
201000050425,1,30,000,00,2,1,00,A01
201000050426,0,07,000,00,0,2,20,A01
201000050427,0,07,000,01,0,6,24,B01
201000050427,0,07,000,01,0,2,11,A01
201000050428,0,07,000,00,1,3,00,B01
201000050428,0,33,000,00,2,2,02,A01
201000050429,0,01,000,01,2,8,09,B01
201000050429,0,07,000,00,0,1,01,A01
201000050430,0,13,000,00,1,2,00,A01
201000050431,0,07,000,00,2,3,01,A01
201000050431,0,07,000,00,2,7,09,B01
201000050432,0,07,000,00,1,1,00,A01
201000050433,0,07,000,00,2,3,09,B01
201000050433,0,02,000,00,2,2,01,A01
201000050434,0,13,000,00,0,4,01,B01
201000050434,0,03,000,00,0,1,01,A01
201000050435,0,07,000,00,2,1,00,A01
201000050435,0,07,000,00,2,7,12,B01
201000050436,0,07,000,00,1,7,09,A01
201000050437,0,07,000,00,1,2,00,A01
201000050438,0,03,000,01,0,2,02,A01
201000050438,0,10,000,00,0,6,00,B01
201000050439,0,07,000,00,1,4,04,A01
201000050440,0,07,000,00,0,1,15,A01
201000050440,0,33,000,00,0,3,17,B01
201000050441,0,02,000,00,2,7,01,B01
201000050441,0,07,000,00,2,3,15,A01
201000050442,0,33,000,00,2,2,17,A01
201000050442,0,07,000,00,2,3,15,B01
201000050443,0,07,000,00,2,1,00,B01
201000050443,0,07,000,00,0,2,00,A01
201000050444,2,99,000,00,1,0,00,A01
201000050445,0,07,000,00,0,3,15,B01
201000050445,0,07,000,00,0,2,02,A01
201000050446,0,07,000,00,2,7,15,A01
201000050446,0,33,000,00,2,7,01,B01
201000050447,0,07,000,00,1,1,01,A01
201000050448,0,07,000,00,2,3,01,A01
201000050448,0,07,000,00,2,2,01,B01
201000050449,0,07,000,01,0,5,01,A01
201000050449,1,30,000,01,0,1,09,B01
201000050450,0,01,000,00,2,0,05,B01
201000050450,0,07,000,00,2,8,00,A01
201000050451,0,99,000,00,2,1,01,Y01
201000050451,0,07,000,00,1,1,01,A01
201000050452,0,07,000,00,2,3,09,A01
201000050452,0,33,000,00,2,1,01,B01
201000050453,0,07,000,00,2,1,02,A01
201000050453,0,07,000,00,1,4,00,B01
201000050454,0,07,000,00,2,1,02,A01
201000050454,0,07,000,00,2,4,02,B01
201000050455,0,10,000,00,1,6,04,A01
201000050456,0,07,000,00,1,0,16,A01
201000050457,0,07,000,00,1,2,00,A01
201000050458,0,07,000,00,2,4,00,C01
201000050458,0,07,000,00,2,4,23,B01
201000050458,0,17,000,00,2,3,00,D01
201000050458,2,07,000,00,2,1,03,A01
201000050459,0,07,000,00,0,0,00,A01
201000050460,0,07,000,00,1,3,02,A01
201000050461,0,31,000,00,0,0,00,B01
201000050461,0,10,000,00,0,0,00,A01
201000050462,0,33,000,00,0,2,00,B01
201000050462,0,07,000,00,0,1,15,A01
201000050463,0,33,000,00,2,2,02,A01
201000050463,0,07,000,00,2,6,11,B01
201000050464,0,07,000,11,0,1,06,A01
201000050465,0,07,000,01,0,1,00,A01
201000050466,0,03,000,00,2,1,16,B01
201000050466,0,07,000,00,2,1,01,A01
201000050467,0,01,000,00,2,4,01,C01
201000050467,1,07,000,00,9,1,00,Z01
201000050468,1,07,000,00,1,0,01,Z01
201000050469,0,10,000,00,0,4,02,A01
201000050469,0,13,000,00,2,1,02,B01
201000050470,0,30,000,00,2,3,11,A01
201000050470,0,07,000,00,2,2,17,B01
201000050471,0,10,000,00,2,6,01,A01
201000050471,0,32,000,00,2,1,02,B01
201000050472,0,07,000,00,1,2,01,A01
201000050473,0,14,000,00,2,2,02,A01
201000050473,0,07,000,00,2,3,09,B01
201000050474,0,07,000,00,1,2,01,A01
201000050475,0,17,000,00,2,7,02,B01
201000050475,0,01,000,00,2,8,02,A01
201000050476,0,07,000,00,1,8,16,A01
201000050477,0,07,000,15,0,1,02,A01
201000050478,0,01,000,00,2,4,00,A01
201000050479,0,07,000,00,2,1,02,A01
201000050479,0,07,000,00,0,7,15,B01
201000050480,1,30,000,00,1,1,01,A01
201000050481,2,07,000,01,2,3,15,A01
201000050481,0,07,000,00,2,3,01,B01
201000050482,0,07,000,00,2,3,02,A01
201000050482,0,07,000,00,2,5,00,B01
201000050483,0,33,000,00,2,1,02,B01
201000050483,0,07,000,00,2,8,16,A01
201000050484,0,10,000,00,1,1,00,A01
201000050485,0,10,000,00,2,2,02,A01
201000050485,0,37,000,00,2,3,02,B01
201000050486,0,10,000,00,1,1,01,A01
201000050487,0,34,000,00,2,3,01,B01
201000050487,0,10,000,00,2,2,12,A01
201000050488,0,07,000,00,2,4,23,B01
201000050488,0,07,000,00,2,1,01,A01
201000050489,0,07,000,00,2,3,01,A01
201000050489,0,07,000,00,2,3,01,B01
201000050490,0,07,000,00,2,4,23,A01
201000050490,1,07,000,00,2,1,01,Z01
201000050491,0,07,000,00,2,2,01,A01
201000050491,0,07,000,00,2,1,15,B01
201000050492,0,30,000,01,0,1,01,B01
201000050493,0,07,000,01,2,7,01,A01
201000050494,0,07,000,00,2,1,01,A01
201000050494,0,07,000,00,2,4,01,B01
201000050495,0,07,000,00,1,3,21,A01
201000050496,0,07,000,00,1,1,01,A01
201000050497,0,07,000,00,1,1,02,A01
201000050498,0,07,000,00,2,4,23,A01
201000050498,0,07,000,00,2,1,02,B01
201000050499,0,07,000,00,2,3,01,B01
201000050499,0,10,000,00,2,8,00,A01
201000050500,0,07,000,00,2,4,02,B01
201000050500,0,07,000,00,2,1,02,A01
201000050501,0,07,000,00,2,4,02,B01
201000050501,0,15,000,00,0,1,02,A01
201000050502,0,07,000,01,1,2,01,A01
201000050503,0,07,000,00,2,1,00,B01
201000050503,0,07,000,02,2,1,05,A01
201000050504,0,07,000,00,1,8,01,A01
201000050505,0,07,000,00,1,3,01,A01
201000050506,0,07,000,00,0,1,23,A01
201000050506,1,07,000,01,0,1,02,B01
201000050507,0,31,000,00,2,8,11,B01
201000050507,0,07,000,00,2,7,00,A01
201000050508,0,07,000,00,2,1,02,A01
201000050508,0,07,000,00,2,8,16,B01
201000050509,0,07,000,00,9,7,00,B01
201000050509,0,99,000,00,2,3,00,A01
201000050510,0,31,000,00,2,7,15,A01
201000050510,0,07,000,00,2,1,01,B01
201000050511,0,07,000,00,1,1,00,A01
201000050512,0,07,000,00,0,4,09,B01
201000050512,0,07,000,00,2,1,02,A01
201000050513,0,07,000,00,1,4,04,A01
201000050514,0,30,000,01,1,4,13,A01
201000050515,0,33,000,00,2,8,17,B01
201000050515,0,07,000,00,2,1,09,A01
201000050516,0,07,000,00,1,2,01,A01
201000050517,0,07,000,00,1,3,01,A01
201000050518,0,07,000,00,2,2,00,C01
201000050518,0,37,040,00,0,3,00,B01
201000050518,0,07,000,00,9,1,00,A01
201000050519,0,30,000,00,2,8,16,B01
201000050519,0,07,000,00,2,1,15,A01
201000050520,0,40,000,00,0,5,00,D01
201000050520,0,07,000,15,0,1,01,C01
201000050520,0,07,000,00,2,2,01,B01
201000050520,0,07,000,00,2,7,10,A01
201000050521,0,07,000,00,2,4,01,B01
201000050521,0,10,000,00,2,1,02,A01
201000050522,0,13,000,00,0,6,02,B01
201000050522,0,07,000,00,2,2,02,A01
201000050523,0,33,000,00,2,7,21,A01
201000050524,0,33,000,00,2,1,01,B01
201000050524,1,07,000,00,2,2,09,A01
201000050525,0,07,000,00,2,1,23,A01
201000050526,0,07,000,00,0,6,00,B01
201000050526,0,01,000,00,0,4,00,C01
201000050526,0,07,000,00,0,2,00,A01
201000050527,0,33,000,00,2,1,01,B01
201000050527,0,07,000,00,0,2,15,A01
201000050528,0,33,000,00,2,9,17,B01
201000050528,0,37,015,00,0,3,01,A01
201000050529,0,07,000,00,1,2,14,A01
201000050530,0,07,000,00,2,4,02,B01
201000050530,0,07,000,00,0,1,02,A01
201000050531,0,14,000,00,0,4,02,B01
201000050531,0,07,000,00,2,1,23,A01
201000050532,0,01,000,00,0,0,19,B01
201000050532,0,07,000,00,0,3,15,A01
201000050533,0,07,000,00,1,1,02,A01
201000050534,0,07,000,00,1,1,01,A01
201000050535,0,07,000,08,0,1,02,A01
201000050536,0,07,000,00,0,2,15,A01
201000050536,0,33,000,00,0,1,01,B01
201000050537,0,02,000,00,1,7,03,A01
201000050538,0,07,000,00,2,6,01,B01
201000050538,0,13,000,00,2,2,15,A01
201000050539,0,07,000,00,2,2,01,A01
201000050539,0,17,000,00,2,6,23,B01
201000050540,0,03,000,00,0,3,00,A01
201000050540,0,33,000,00,0,1,00,B01
201000050541,0,10,000,00,2,1,01,A01
201000050541,0,37,030,00,2,0,00,B01
201000050542,0,07,000,00,0,2,10,A01
201000050542,0,34,000,00,2,1,00,B01
201000050543,0,07,000,00,2,6,23,B01
201000050543,0,02,000,00,2,2,03,A01
201000050544,0,32,000,14,0,1,00,A01
201000050545,0,07,000,00,2,9,02,B01
201000050545,0,07,000,00,2,4,02,C01
201000050545,0,10,000,00,2,1,02,A01
201000050546,0,07,000,01,0,2,00,A01
201000050547,0,07,000,00,0,3,15,A01
201000050547,0,33,000,00,2,2,17,B01
201000050548,0,07,000,12,0,3,09,A01
201000050549,0,07,000,00,2,3,11,A01
201000050549,0,33,000,00,2,2,02,B01
201000050550,1,07,000,00,1,0,00,Z01
201000050551,0,07,000,00,2,3,01,B01
201000050551,0,07,000,00,2,3,09,A01
201000050552,0,07,000,07,0,3,00,A01
201000050553,0,07,000,00,2,1,02,B01
201000050553,0,07,000,00,2,7,02,A01
201000050554,0,07,000,00,2,6,01,B01
201000050554,0,07,000,00,2,1,01,A01
201000050555,0,07,000,00,1,2,01,A01
201000050556,0,02,000,00,1,1,01,A01
201000050557,1,07,000,00,0,0,00,Z01
201000050557,0,07,000,00,0,0,00,B01
201000050558,0,07,000,00,1,2,01,A01
201000050559,0,07,000,00,2,2,15,A01
201000050559,0,07,000,00,2,3,01,B01
201000050560,0,99,000,00,2,1,00,A01
201000050560,0,99,000,00,2,4,00,B01
201000050561,0,07,000,00,1,1,01,A01
201000050562,0,07,000,00,0,3,02,A01
201000050563,0,07,000,00,2,1,01,A01
201000050563,0,07,000,00,2,7,00,B01
201000050564,0,07,000,00,2,1,02,A01
201000050564,0,07,000,00,2,1,02,B01
201000050565,0,07,000,00,1,1,00,A01
201000050566,0,07,000,12,1,2,14,A01
201000050567,0,07,000,00,1,2,00,A01
201000050568,0,07,000,00,1,3,01,A01
201000050569,0,15,000,00,9,2,01,B01
201000050569,0,01,000,00,2,8,03,A01
201000050570,0,33,000,00,2,8,00,B01
201000050570,0,07,000,00,2,3,01,A01
201000050571,0,07,000,00,1,1,01,A01
201000050572,0,07,000,00,1,2,16,A01
201000050573,0,15,000,00,2,1,02,B01
201000050573,0,14,000,00,0,4,01,A01
201000050574,1,07,000,00,1,1,11,A01
201000050575,0,07,000,00,2,2,14,B01
201000050575,0,33,000,00,2,8,01,A01
201000050576,0,32,000,00,2,1,02,B01
201000050576,0,07,000,00,2,6,10,A01
201000050577,0,07,000,00,2,1,01,C01
201000050577,0,07,000,00,2,4,01,B01
201000050577,0,07,000,00,2,4,01,A01
201000050578,0,07,000,00,2,1,01,A01
201000050578,0,07,000,00,2,8,15,B01
201000050579,0,07,000,00,0,6,11,B01
201000050579,0,10,000,00,2,2,01,A01
201000050580,0,07,000,00,1,1,09,A01
201000050581,0,07,000,00,2,1,01,A01
201000050581,0,07,000,00,2,3,15,B01
201000050582,0,07,000,00,2,4,23,B01
201000050582,1,07,000,00,2,1,01,Z01
201000050582,0,07,000,00,2,4,23,C01
201000050583,0,07,000,00,2,6,04,A01
201000050583,0,02,000,00,2,1,01,B01
201000050584,0,07,000,00,1,3,02,A01
201000050585,0,30,000,00,2,1,01,A01
201000050585,0,10,000,00,2,3,19,B01
201000050586,0,03,000,00,1,3,01,A01
201000050587,0,07,000,00,1,1,15,A01
201000050588,0,13,000,00,2,5,02,C01
201000050588,1,07,000,00,2,1,02,Z01
201000050588,0,33,000,00,2,4,01,B01
201000050589,0,07,000,00,2,1,01,B01
201000050589,0,07,000,00,2,7,16,A01
201000050590,0,07,000,00,1,5,04,A01
201000050591,0,07,000,00,2,2,01,A01
201000050591,0,07,000,00,2,1,01,B01
201000050592,0,07,000,00,2,1,01,B01
201000050592,0,07,000,00,2,7,01,A01
201000050593,0,07,000,00,2,8,01,A01
201000050594,0,07,000,00,2,3,22,A01
201000050594,0,01,000,00,2,1,01,B01
201000050595,0,07,000,01,2,2,16,A01
201000050595,0,07,000,00,2,6,24,B01
201000050596,0,37,001,14,1,3,07,A01
201000050597,0,07,000,00,1,2,01,A01
201000050598,0,07,000,00,1,3,01,A01
201000050599,0,07,000,00,1,2,01,A01
201000050600,0,07,000,00,1,2,01,A01
201000050601,0,32,000,00,2,8,17,B01
201000050601,0,07,000,00,2,8,01,A01
201000050602,0,07,000,00,2,3,09,A01
201000050602,0,37,001,00,2,2,07,B01
201000050603,1,07,000,00,1,1,01,A01
201000050604,0,07,000,00,2,2,16,A01
201000050604,0,33,000,00,2,8,02,B01
201000050605,0,07,000,00,2,3,09,A01
201000050605,0,03,000,00,2,2,24,B01
201000050606,0,02,000,00,2,2,02,B01
201000050606,0,07,000,00,2,3,20,A01
201000050607,0,07,000,00,2,6,23,A01
201000050607,1,07,000,00,2,2,17,B01
201000050608,0,37,001,00,2,1,01,A01
201000050608,0,07,000,00,0,4,02,B01
201000050609,0,01,000,00,2,7,23,B01
201000050609,0,07,000,00,2,6,15,A01
201000050610,0,30,000,00,2,1,21,A01
201000050610,0,07,000,00,2,3,15,B01
201000050611,0,01,000,00,2,1,02,A01
201000050611,0,07,000,00,2,5,01,B01
201000050612,0,07,000,01,2,3,09,A01
201000050612,0,07,000,00,2,1,01,B01
201000050613,0,07,000,00,0,4,01,B01
201000050613,0,10,000,00,2,1,02,A01
201000050614,1,07,000,00,2,0,22,Z01
201000050614,0,01,000,01,2,3,01,B01
201000050615,0,07,000,02,0,1,01,A01
201000050616,0,07,000,00,2,1,01,B01
201000050616,0,07,000,00,2,8,01,A01
201000050617,0,02,000,00,2,1,01,B01
201000050617,0,07,000,00,2,3,10,Z01
201000050618,0,30,000,00,2,3,05,A01
201000050618,0,07,000,00,2,3,24,B01
201000050619,0,10,000,00,9,7,22,A01
201000050619,0,01,000,00,2,1,01,B01
201000050620,0,07,000,00,2,1,01,B01
201000050620,2,07,000,00,2,1,17,A01