Num_Acc,senc,catv,occutc,obs,obsm,choc,manv,num_veh
201000050621,0,07,000,15,0,1,20,A01
201000050622,0,01,000,00,2,7,05,B01
201000050622,0,07,000,00,2,3,01,A01
201000050623,0,07,000,00,2,6,10,A01
201000050623,0,07,000,00,2,2,01,B01
201000050624,0,10,000,00,2,8,11,A01
201000050624,0,32,000,00,2,1,17,B01
201000050625,0,07,000,00,2,2,15,A01
201000050625,0,33,000,00,2,1,02,B01
201000050626,0,32,000,00,0,8,00,B01
201000050626,1,32,000,00,0,0,00,Z01
201000050627,0,01,000,00,0,1,00,A01
201000050627,0,07,000,00,9,2,00,B01
201000050628,0,07,000,00,0,1,00,A01
201000050628,0,01,000,00,0,7,00,B01
201000050629,1,07,000,00,2,0,01,Z01
201000050630,0,10,000,00,1,2,02,A01
201000050631,0,01,000,00,2,2,00,B01
201000050631,0,07,000,00,0,3,00,A01
201000050632,0,33,000,00,2,1,00,B01
201000050632,0,07,000,00,2,5,00,A01
201000050633,0,10,000,00,0,8,01,A01
201000050633,0,30,000,00,0,1,01,B01
201000050634,0,07,000,08,0,8,15,B01
201000050634,0,07,000,08,2,2,17,A01
201000050635,0,30,000,00,2,8,02,A01
201000050635,0,07,000,00,0,7,02,B01
201000050636,0,01,000,01,0,1,02,B01
201000050636,0,07,000,00,9,3,22,A01
201000050637,0,07,000,00,0,8,00,A01
201000050638,0,30,000,00,2,1,17,A01
201000050638,0,07,000,00,2,2,15,B01
201000050639,0,30,000,00,0,2,00,A01
201000050639,0,07,000,00,0,1,00,B01
201000050640,0,07,000,00,0,3,01,A01
201000050640,0,07,000,00,0,8,01,B01
201000050641,0,07,000,00,0,8,02,A01
201000050641,0,01,000,01,0,1,00,B01
201000050642,0,32,000,00,1,8,01,A01
201000050643,0,33,000,00,2,1,00,A01
201000050643,0,07,000,00,0,4,00,B01
201000050644,0,07,000,00,1,2,00,A01
201000050645,1,07,000,00,2,0,01,Z01
201000050645,0,01,000,00,2,1,00,B01
201000050646,0,07,000,06,0,1,01,A01
201000050647,0,07,000,00,2,3,02,B01
201000050647,0,30,000,00,2,2,03,A01
201000050648,0,07,000,00,2,3,02,D01
201000050648,0,10,000,00,0,0,02,C01
201000050648,0,07,000,00,2,3,17,A01
201000050648,0,34,000,00,2,6,02,B01
201000050649,0,07,000,00,0,2,00,B01
201000050649,0,07,000,00,0,3,09,A01
201000050650,0,33,000,00,0,0,01,B01
201000050650,0,07,000,00,0,8,20,A01
201000050651,0,07,000,00,1,2,01,A01
201000050652,0,33,000,00,2,1,00,A01
201000050652,0,07,000,00,0,4,17,B01
201000050653,0,40,000,00,0,4,00,A01
201000050654,0,10,000,00,1,3,16,A01
201000050655,0,07,000,00,1,1,01,A01
201000050656,0,07,000,00,1,3,02,A01
201000050657,0,07,000,00,0,1,02,B01
201000050657,0,07,000,00,0,7,15,A01
201000050658,0,07,000,00,1,1,01,A01
201000050659,0,30,000,00,0,2,17,B01
201000050659,0,07,000,00,0,0,10,A01
201000050660,0,07,000,00,2,1,01,A01
201000050660,0,07,000,00,2,8,09,B01
201000050661,2,33,000,00,2,7,12,A01
201000050661,0,03,000,00,2,7,12,B01
201000050662,0,37,005,00,1,2,02,A01
201000050663,0,07,000,00,2,9,09,A01
201000050663,0,30,000,00,2,9,02,C01
201000050663,0,07,000,00,2,3,02,B01
201000050664,0,07,000,00,0,0,15,B01
201000050664,0,31,000,00,2,0,01,A01
201000050665,0,10,000,00,1,1,00,A01
201000050666,2,07,000,00,2,1,01,A01
201000050666,0,07,000,00,2,3,15,B01
201000050667,0,07,000,00,1,1,00,A01
201000050668,0,07,000,00,0,4,01,B01
201000050668,0,30,000,00,0,1,00,A01
201000050669,0,07,000,00,1,7,00,A01
201000050670,0,07,000,00,1,4,20,A01
201000050671,0,07,000,00,1,3,01,A01
201000050672,0,07,000,01,0,2,02,A01
201000050673,0,32,000,15,0,0,13,A01
201000050674,0,03,000,01,0,4,04,B01
201000050674,0,07,000,00,2,2,23,A01
201000050675,0,07,000,00,2,3,01,B01
201000050675,0,07,000,00,2,1,15,A01
201000050676,0,37,001,00,2,4,01,B01
201000050676,0,07,000,00,2,8,13,A01
201000050677,0,07,000,00,1,3,00,A01
201000050678,0,07,000,00,0,6,01,B01
201000050678,0,07,000,00,0,2,00,A01
201000050678,0,37,001,00,0,6,01,C01
201000050679,0,33,000,00,2,1,02,A01
201000050679,2,07,000,00,2,6,17,Z01
201000050680,0,07,000,00,1,2,01,A01
201000050681,0,07,000,00,2,9,23,C01
201000050681,0,07,000,00,2,9,23,B01
201000050681,0,07,000,00,2,4,23,D01
201000050681,0,07,000,00,2,1,02,A01
201000050682,0,07,000,00,0,1,00,A01
201000050682,0,07,000,00,0,1,00,B01
201000050683,0,07,000,08,1,1,11,A01
201000050684,0,03,000,00,0,5,02,B01
201000050684,0,30,000,00,0,3,02,A01
201000050685,0,37,001,00,1,1,01,A01
201000050686,0,07,000,02,0,1,00,A01
201000050686,0,07,000,00,0,0,00,B01
201000050687,0,07,000,01,2,4,02,B01
201000050687,0,07,000,00,2,1,02,A01
201000050688,0,33,000,00,2,8,02,A01
201000050688,0,07,000,00,0,4,02,B01
201000050689,0,07,000,00,1,8,01,A01
201000050690,0,07,000,00,2,1,02,B01
201000050690,0,07,000,00,2,1,02,C01
201000050690,0,07,000,00,0,4,02,A01
201000050691,0,07,000,00,0,3,15,A01
201000050691,0,30,000,00,0,7,17,B01
201000050692,0,07,000,02,2,1,00,A01
201000050693,0,10,000,00,1,7,07,A01
201000050694,0,07,000,00,1,1,02,A01
201000050695,0,07,000,00,1,1,01,A01
201000050696,0,07,000,00,0,1,11,A01
201000050696,0,07,000,00,0,1,19,B01
201000050697,0,07,000,00,2,5,16,A01
201000050697,0,33,000,00,2,1,01,B01
201000050698,0,33,000,00,2,3,01,B01
201000050698,0,07,000,00,2,6,11,A01
201000050699,0,07,000,00,0,7,01,A01
201000050699,0,07,000,00,2,1,01,B01
201000050700,0,07,000,00,1,1,00,A01
201000050701,0,07,000,00,1,1,01,A01
201000050702,0,01,000,00,2,1,19,B01
201000050702,0,07,000,00,0,3,01,A01
201000050703,0,07,000,00,1,1,00,A01
201000050704,0,07,000,00,2,1,01,A01
201000050704,0,07,000,00,2,4,01,B01
201000050705,2,07,000,00,1,1,01,Z01
201000050706,0,07,000,00,9,3,02,A01
201000050706,0,35,000,00,2,0,13,B01
201000050707,0,07,000,00,2,2,12,A01
201000050707,0,07,000,00,2,7,11,B01
201000050708,0,07,000,00,0,6,01,A01
201000050708,0,02,000,00,2,1,02,B01
201000050709,0,07,000,00,2,3,09,A01
201000050709,0,02,000,00,2,1,01,B01
201000050710,0,32,000,00,1,3,01,A01
201000050711,0,07,000,00,2,2,12,A01
201000050711,0,07,000,00,2,3,01,B01
201000050712,1,37,000,00,0,0,01,Z01
201000050713,0,13,000,00,2,1,01,A01
201000050713,0,07,000,00,0,8,09,B01
201000050714,0,07,000,00,0,0,00,A01
201000050715,0,07,000,00,1,2,00,A01
201000050716,0,32,000,00,2,3,02,A01
201000050716,0,07,000,00,0,5,00,B01
201000050717,1,07,000,00,1,1,01,Z01
201000050718,0,07,000,00,2,1,16,A01
201000050718,0,30,000,00,2,8,00,B01
201000050719,0,30,000,00,0,8,01,A01
201000050720,0,30,000,14,0,1,06,A01
201000050721,0,07,000,00,0,7,00,A01
201000050721,0,30,000,00,0,8,01,B01
201000050722,1,07,000,00,1,1,00,Z01
201000050723,0,07,000,00,1,7,01,A01
201000050724,0,33,000,00,2,1,02,B01
201000050724,0,07,000,00,2,8,11,A01
201000050725,0,10,000,06,0,0,01,A01
201000050726,0,07,000,00,0,1,01,B01
201000050726,0,07,000,00,0,2,13,A01
201000050727,0,33,000,00,2,4,02,B01
201000050727,0,07,000,00,2,1,02,A01
201000050728,0,33,000,00,0,1,01,A01
201000050728,0,01,000,00,0,7,16,B01
201000050729,0,07,000,00,0,1,01,B01
201000050729,0,07,000,00,0,1,15,A01
201000050730,0,07,000,00,2,1,02,A01
201000050730,0,07,000,00,2,4,23,B01
201000050731,0,99,000,00,0,0,00,B01
201000050731,0,07,000,00,0,1,00,A01
201000050732,0,07,000,00,1,1,00,A01
201000050733,0,07,000,00,0,4,02,B01
201000050733,0,07,000,00,2,1,02,A01
201000050734,0,07,000,00,1,1,01,A01
201000050735,0,31,000,00,1,2,01,A01
201000050736,0,07,000,00,2,4,02,C01
201000050736,0,07,000,00,2,4,02,D01
201000050736,0,07,000,00,2,4,02,B01
201000050736,0,07,000,00,2,1,02,A01
201000050737,1,99,000,00,2,0,00,Z01
201000050737,0,32,000,12,0,2,00,A01
201000050738,0,07,000,00,1,1,02,A01
201000050739,0,07,000,00,1,2,01,A01
201000050740,0,07,000,00,2,8,00,B01
201000050740,0,31,000,00,2,2,00,A01
201000050741,0,07,000,00,0,4,02,B01
201000050741,0,07,000,00,2,1,02,A01
201000050742,0,07,000,00,0,3,00,A01
201000050743,0,07,000,00,2,4,00,A01
201000050743,1,30,000,00,2,0,00,B01
201000050744,0,10,000,00,1,3,02,A01
201000050745,0,07,000,00,2,2,01,B01
201000050745,0,32,000,01,2,9,01,A01
201000050746,0,07,000,00,0,1,15,A01
201000050747,0,10,000,00,1,1,01,A01
201000050748,0,07,000,00,2,3,03,B01
201000050748,0,07,000,00,2,6,09,A01
201000050749,0,32,000,00,2,1,17,A01
201000050749,0,07,000,00,1,8,15,B01
201000050750,0,30,000,00,1,6,01,A01
201000050751,0,07,000,00,1,1,00,A01
201000050752,0,07,000,00,1,2,00,A01
201000050753,0,07,000,00,0,0,01,B01
201000050753,0,10,000,00,0,0,01,A01
201000050753,0,10,000,00,0,0,01,C01
201000050754,0,01,000,00,0,0,19,B01
201000050754,0,10,000,00,1,1,16,A01
201000050755,0,07,000,00,0,4,02,A01
201000050755,0,10,000,00,2,1,02,B01
201000050756,0,07,000,00,2,1,02,B01
201000050756,0,07,000,00,2,4,02,A01
201000050756,0,07,000,00,2,1,01,C01
201000050757,1,07,000,00,2,1,05,Z01
201000050757,0,02,000,00,2,9,05,B01
201000050758,0,07,000,00,1,1,00,A01
201000050759,1,07,000,00,1,0,00,Z01
201000050760,0,07,000,00,1,3,01,A01
201000050761,0,07,000,00,2,7,00,A01
201000050761,0,33,000,00,2,0,00,B01
201000050762,0,34,000,00,1,1,01,A01
201000050763,0,30,000,00,1,0,02,A01
201000050764,0,34,000,00,1,1,01,A01
201000050765,0,30,000,01,0,1,18,A01
201000050765,0,15,000,01,2,4,00,B01
201000050766,0,10,000,00,1,2,01,A01
201000050767,0,30,000,00,0,5,01,B01
201000050767,0,07,000,00,2,3,11,A01
201000050768,0,07,000,00,2,3,01,B01
201000050768,0,02,000,00,2,7,01,A01
201000050769,0,37,000,00,2,2,01,A01
201000050769,0,07,000,00,9,8,10,B01
201000050770,0,07,000,00,1,3,15,A01
201000050771,0,07,000,00,1,1,01,A01
201000050772,0,07,000,09,2,5,01,A01
201000050772,0,07,000,00,2,1,01,B01
201000050773,0,07,000,09,0,2,01,A01
201000050774,0,30,000,00,1,1,01,A01
201000050775,0,10,000,00,2,7,01,A01
201000050775,0,07,000,00,2,1,01,B01
201000050776,0,37,001,00,1,1,01,A01
201000050777,0,07,000,00,2,7,15,A01
201000050777,0,07,000,06,2,1,01,B01
201000050778,0,07,000,00,1,2,17,A01
201000050779,0,10,000,00,0,6,01,B01
201000050779,0,07,000,00,2,3,01,A01
201000050780,0,07,000,00,2,1,01,A01
201000050780,0,07,000,00,2,8,01,B01
201000050781,0,07,000,00,2,2,01,A01
201000050781,0,07,000,00,2,3,01,B01
201000050782,0,07,000,00,1,1,01,A01
201000050783,0,07,000,08,0,1,14,A01
201000050784,0,07,000,00,2,1,01,B01
201000050784,2,07,000,00,2,1,01,A01
201000050785,0,07,000,00,2,1,15,A01
201000050785,0,33,000,00,2,8,01,B01
201000050786,0,07,000,00,1,7,01,A01
201000050787,1,30,000,00,1,0,01,A01
201000050788,0,02,000,00,2,1,02,A01
201000050788,0,07,000,00,2,6,23,B01
201000050789,1,07,000,00,1,1,01,A01
201000050790,0,07,000,00,2,1,15,A01
201000050790,0,07,000,00,2,3,01,B01
201000050791,0,07,000,00,2,2,01,B01
201000050791,0,32,000,00,2,3,09,A01
201000050792,0,07,000,00,1,2,01,A01
201000050793,0,07,000,00,9,6,15,B01
201000050793,0,01,000,00,2,1,17,A01
201000050794,1,07,000,00,2,1,02,A01
201000050794,0,32,000,00,2,4,01,B01
201000050795,0,07,000,00,2,2,01,A01
201000050795,0,32,000,00,2,7,02,B01
201000050796,0,07,000,00,2,3,01,B01
201000050796,0,07,000,00,2,1,01,A01
201000050797,0,07,000,00,2,2,01,A01
201000050797,0,07,000,00,2,1,01,B01
201000050798,0,07,000,00,1,2,01,A01
201000050799,0,01,000,01,0,1,01,A01
201000050800,0,07,000,00,1,1,01,A01
201000050801,0,07,000,00,0,4,13,A01
201000050801,0,01,000,00,2,1,02,B01
201000050802,0,07,000,00,2,1,05,A01
201000050802,0,34,000,00,2,1,02,B01
201000050803,0,07,000,00,1,2,09,A01
201000050804,0,33,000,00,2,2,01,B01
201000050804,0,07,000,00,2,3,09,A01
201000050805,0,07,000,00,2,8,15,B01
201000050805,0,07,000,00,2,3,01,A01
201000050806,0,07,000,00,2,2,01,B01
201000050806,0,01,000,00,2,1,09,A01
201000050807,0,07,000,00,1,1,20,A01
201000050808,0,07,000,00,1,6,04,A01
201000050809,0,07,000,00,2,1,15,B01
201000050809,0,07,000,00,2,2,01,A01
201000050810,0,33,000,00,2,1,01,B01
201000050810,0,07,000,00,2,3,09,A01
201000050811,0,03,000,00,2,3,09,A01
201000050811,0,02,000,00,2,1,21,B01
201000050812,0,07,000,00,2,2,02,A01
201000050812,0,34,000,00,2,4,23,B01
201000050813,0,07,000,00,2,1,01,A01
201000050813,0,07,000,00,2,3,01,B01
201000050814,0,07,000,00,2,1,16,B01
201000050814,0,07,000,00,2,7,09,A01
201000050815,0,07,000,00,1,1,01,A01
201000050816,0,07,000,00,1,1,01,A01
201000050817,0,33,000,01,2,6,01,B01
201000050817,0,07,000,00,2,2,09,A01
201000050818,2,10,000,15,0,3,00,A01
201000050819,0,34,000,00,2,7,00,A01
201000050819,0,14,000,00,0,0,00,C01
201000050819,0,34,000,00,2,1,00,B01
201000050820,0,07,000,00,2,3,10,A01
201000050820,0,01,000,00,2,1,02,B01
201000050821,0,07,000,00,2,3,00,B01
201000050821,0,07,000,00,2,1,00,A01
201000050822,0,07,000,00,2,1,02,A01
201000050822,0,07,000,00,0,4,02,B01
201000050823,0,32,000,00,2,1,02,B01
201000050823,0,07,000,00,0,2,20,A01
201000050824,0,01,000,00,2,1,01,B01
201000050824,0,07,000,00,9,6,02,A01
201000050825,0,07,000,00,1,6,21,A01
201000050826,0,07,000,00,0,3,15,A01
201000050826,0,30,000,00,2,1,17,B01
201000050827,0,07,000,00,1,3,01,A01
201000050828,0,07,000,01,0,3,00,A01
201000050829,0,07,000,00,2,2,02,A01
201000050829,0,07,000,00,2,4,16,B01
201000050830,0,33,000,00,2,8,02,B01
201000050830,0,07,000,00,0,7,12,A01
201000050831,0,07,000,00,2,3,01,B01
201000050831,0,07,000,00,2,2,01,A01
201000050832,0,07,000,00,0,4,00,B01
201000050832,0,07,000,00,2,1,00,A01
201000050833,0,07,000,09,2,3,01,B01
201000050833,0,07,000,08,2,2,01,A01
201000050834,0,10,000,00,1,1,01,A01
201000050835,0,10,000,00,2,2,15,A01
201000050835,0,33,000,00,2,3,01,B01
201000050836,0,07,000,00,1,8,01,A01
201000050837,0,15,000,00,0,0,01,A01
201000050838,0,07,000,01,0,2,15,A01
201000050838,0,30,000,00,2,3,02,B01
201000050839,0,10,000,00,2,1,02,A01
201000050839,0,10,000,00,0,4,02,B01
201000050840,0,07,000,00,0,0,00,A01
201000050841,0,07,000,00,1,1,01,A01
201000050842,0,37,000,00,2,2,01,B01
201000050842,0,32,000,00,2,1,01,A01
201000050843,0,07,000,00,0,5,04,A01
201000050843,0,30,000,00,2,1,01,B01
201000050844,0,10,000,00,0,3,01,A01
201000050845,1,10,000,00,1,4,04,A01
201000050846,0,07,000,00,1,8,00,A01
201000050847,0,07,000,00,1,2,01,A01
201000050848,0,07,000,00,0,0,00,A01
201000050848,0,34,000,01,2,1,01,B01
201000050849,0,07,000,00,2,3,11,A01
201000050849,0,33,000,12,0,7,01,B01
201000050850,0,07,000,00,1,3,02,A01
201000050851,0,07,000,00,0,1,01,B01
201000050851,0,07,000,00,0,3,09,A01
201000050852,0,07,000,00,0,4,04,A01
201000050853,0,30,000,00,1,1,01,A01
201000050854,0,33,000,00,0,1,01,A01
201000050855,0,13,000,06,0,1,01,A01
201000050856,0,37,001,00,1,7,00,A01
201000050857,0,10,000,00,2,8,15,A01
201000050857,0,32,000,00,2,1,01,B01
201000050858,0,07,000,00,1,2,01,A01
201000050859,0,07,000,00,1,1,00,A01
201000050860,0,07,000,00,0,0,00,B01
201000050860,0,07,000,00,0,1,00,A01
201000050861,0,33,000,00,0,3,00,A01
201000050862,0,07,000,00,1,1,00,A01
201000050863,0,01,000,00,1,1,01,B01
201000050864,1,07,000,00,1,2,02,A01
201000050865,0,33,000,00,0,0,00,B01
201000050865,0,07,000,00,2,0,12,A01
201000050866,0,01,000,00,2,8,09,B01
201000050866,0,07,000,00,2,3,01,A01
201000050867,0,07,000,09,2,1,11,A01
201000050868,0,07,000,00,0,8,15,A01
201000050868,0,34,000,00,0,7,01,B01
201000050869,0,07,000,00,0,8,15,B01
201000050869,0,02,000,00,2,1,17,A01
201000050870,0,34,000,00,2,3,01,A01
201000050870,0,07,000,00,2,1,15,B01
201000050871,0,07,000,00,0,3,15,A01
201000050871,0,33,000,00,0,1,05,B01
201000050872,0,07,000,00,1,2,01,A01
201000050873,0,07,000,00,0,2,09,A01
201000050873,0,30,000,00,0,1,01,B01
201000050874,0,02,000,00,1,1,17,A01
201000050875,0,30,000,11,2,2,21,A01
201000050875,0,07,000,00,2,1,19,B01
201000050876,1,02,000,00,1,0,02,A01
201000050877,0,07,000,00,2,8,10,A01
201000050877,0,30,000,00,2,1,01,B01
201000050878,0,07,000,01,2,2,01,B01
201000050878,0,07,000,00,2,3,10,A01
201000050879,0,32,000,00,2,1,00,B01
201000050879,0,07,000,00,0,3,09,A01
201000050880,0,37,000,00,0,0,00,B01
201000050880,0,34,000,15,1,1,00,A01
201000050881,0,07,000,00,1,3,01,A01
201000050882,0,37,000,00,0,0,00,A01
201000050883,0,07,000,00,2,1,16,B01
201000050883,0,34,000,00,2,3,13,A01
201000050884,0,07,000,14,0,1,00,A01
201000050885,0,07,000,00,2,1,02,A01
201000050885,0,07,000,00,0,7,19,B01
201000050886,0,07,000,00,1,2,01,A01
201000050887,0,07,000,00,0,3,11,A01
201000050887,0,34,000,00,0,1,00,B01
201000050888,0,07,000,00,2,1,02,A01
201000050888,0,07,000,00,2,4,02,B01
201000050889,2,32,000,14,0,1,00,A01
201000050890,0,07,000,00,1,1,15,A01
201000050891,0,07,000,00,2,3,23,A01
201000050891,0,01,000,00,2,1,01,B01
201000050892,0,10,000,00,1,3,15,A01
201000050893,0,10,000,00,2,3,17,A01
201000050893,0,01,000,00,0,0,05,B01
201000050894,0,30,000,00,2,1,01,B01
201000050894,0,07,000,00,2,1,15,A01
201000050895,0,02,000,00,2,9,03,A01
201000050895,0,07,000,00,0,0,13,C01
201000050895,0,07,000,00,0,4,23,B01
201000050896,0,99,000,01,0,1,00,A01
201000050897,0,07,000,00,2,3,00,B01
201000050897,0,07,000,00,2,0,00,A01
201000050898,0,30,000,00,0,2,01,A01
201000050899,0,07,000,00,1,2,02,A01
201000050900,0,07,000,00,2,3,09,B01
201000050900,0,37,000,00,2,2,02,A01
201000050901,0,07,000,00,2,1,01,A01
201000050901,0,07,000,00,2,2,01,B01
201000050902,0,02,000,12,0,1,15,A01
201000050903,0,34,000,00,0,1,02,A01
201000050903,0,37,000,00,0,4,02,B01
201000050904,0,33,000,00,2,1,01,B01
201000050904,0,07,000,00,2,3,00,A01
201000050905,0,03,000,00,1,3,15,A01
201000050906,1,02,000,00,1,0,00,A01
201000050907,0,07,000,01,0,2,02,A01
201000050908,0,07,000,14,2,1,01,A01
201000050909,0,07,000,00,2,2,15,A01
201000050909,0,30,000,00,2,1,02,B01
201000050910,0,30,000,15,1,1,01,A01
201000050911,1,07,000,00,0,0,00,A01
201000050912,0,33,000,00,2,1,00,B01
201000050912,1,07,000,00,2,1,01,A01
201000050913,0,07,000,00,2,3,09,A01
201000050913,0,02,000,00,2,3,13,B01
201000050914,0,99,000,00,0,2,01,A01
201000050915,0,30,000,01,2,6,05,A01
201000050915,0,07,000,00,2,0,00,B01
201000050916,0,07,000,08,2,3,16,A01
201000050916,0,07,000,00,2,2,01,B01
201000050917,0,33,000,00,0,4,01,B01
201000050917,0,07,000,00,0,2,02,A01
201000050918,0,34,000,09,0,1,02,A01
201000050919,0,07,000,00,1,3,00,A01
201000050920,0,07,000,00,1,6,04,A01
201000050921,0,33,000,00,2,8,01,B01
201000050921,0,07,000,00,2,8,00,A01
201000050922,0,07,000,00,1,1,01,A01
201000050923,0,02,000,00,2,2,01,B01
201000050923,0,10,000,00,2,3,01,A01
201000050924,0,01,000,00,0,7,01,A01
201000050925,0,34,000,00,2,1,03,B01
201000050925,0,07,000,00,0,6,02,A01
201000050926,0,30,000,00,0,7,01,A01
201000050926,0,37,000,00,0,1,01,B01
201000050927,0,07,000,00,2,1,09,B01
201000050927,0,37,010,00,2,3,01,A01
201000050928,0,02,000,00,2,1,17,A01
201000050928,0,32,000,00,0,1,02,B01
201000050929,0,07,000,00,0,7,00,A01
201000050930,0,07,000,00,1,2,01,A01
201000050931,0,33,000,00,0,1,01,A01
201000050932,0,07,000,00,0,3,00,A01
201000050933,0,07,000,00,1,3,01,A01
201000050934,0,07,000,00,0,3,23,C01
201000050934,0,07,000,00,2,1,16,B01
201000050934,0,07,000,00,2,1,11,A01
201000050935,0,07,000,02,0,1,02,A01
201000050936,0,34,000,00,0,1,08,A01
201000050936,0,07,000,14,2,3,01,B01
201000050937,0,07,000,00,0,2,11,A01
201000050937,0,34,000,00,0,1,01,B01
201000050938,0,07,000,00,0,3,00,A01
201000050939,0,07,000,00,1,2,01,A01
201000050940,0,30,000,00,2,1,02,A01
201000050940,0,30,000,00,2,3,10,B01
201000050941,0,07,000,00,1,4,04,A01
201000050942,0,32,000,00,0,4,02,B01
201000050942,0,13,000,00,0,1,02,A01
201000050943,0,33,000,00,0,2,17,B01
201000050943,0,07,000,00,0,6,15,A01
201000050944,0,07,000,00,0,3,17,A01
201000050944,0,30,000,00,2,1,00,B01
201000050945,0,30,000,00,0,8,01,B01
201000050945,0,07,000,00,0,8,00,A01
201000050946,0,07,000,00,2,8,15,B01
201000050946,0,07,000,00,2,5,01,A01
201000050947,0,34,000,00,2,1,01,B01
201000050947,0,07,000,00,2,1,00,A01
201000050948,0,02,000,08,0,2,00,A01
201000050949,0,99,000,00,0,3,15,A01
201000050950,0,07,000,00,0,2,01,A01
201000050950,0,07,000,00,0,1,01,B01
201000050951,0,07,000,00,2,3,00,B01
201000050951,0,33,000,00,2,2,00,A01
201000050952,0,07,000,01,0,4,04,A01
201000050953,0,30,000,00,0,0,00,B01
201000050953,0,10,000,00,0,2,00,A01
201000050954,1,07,000,00,0,0,00,A01
201000050955,0,10,000,01,0,2,00,A01
201000050955,0,07,000,00,0,6,00,B01
201000050956,0,07,000,00,0,0,00,A01
201000050956,0,07,000,00,0,0,00,C01
201000050956,0,30,000,00,0,0,00,B01
201000050957,0,30,000,00,2,1,01,A01
201000050957,1,07,000,00,0,0,00,B01
201000050958,0,07,000,00,2,1,15,A01
201000050958,0,07,000,00,2,3,01,B01
201000050959,0,07,000,11,2,1,01,A01
201000050959,0,07,000,00,2,3,01,B01
201000050960,0,07,000,00,2,3,20,B01
201000050960,0,02,000,00,2,1,17,A01
201000050961,0,30,000,00,2,1,01,A01
201000050961,0,07,000,00,2,3,15,B01
201000050962,0,07,000,00,9,1,01,A01
201000050963,2,07,000,00,1,2,01,A01
201000050964,0,07,000,00,2,8,09,B01
201000050964,0,07,000,00,2,2,01,A01
201000050965,0,07,000,00,2,6,15,B01
201000050965,0,32,000,00,2,1,17,A01
201000050966,0,31,000,00,0,8,01,A01
201000050967,0,07,000,01,2,3,17,B01
201000050967,0,02,000,00,2,7,17,A01
201000050968,0,14,000,00,2,1,01,A01
201000050968,0,07,000,00,0,4,15,B01
201000050969,1,07,000,00,1,1,11,Z01
201000050970,0,07,000,00,2,1,01,A01
201000050970,0,10,000,00,0,4,15,B01
201000050971,0,07,000,00,2,1,02,A01
201000050971,0,10,000,00,2,4,02,B01
201000050972,0,07,000,00,2,5,23,B01
201000050972,0,02,000,00,2,1,02,A01
201000050973,0,07,000,00,2,3,12,B01
201000050973,0,33,000,00,2,1,01,A01
201000050974,0,07,000,00,1,1,01,A01
201000050975,0,07,000,00,0,4,02,B01
201000050975,0,07,000,00,2,1,02,A01
201000050976,0,30,000,00,2,1,01,B01
201000050976,0,07,000,00,2,7,15,A01
201000050977,0,33,000,00,2,1,02,A01
201000050977,0,07,000,00,2,7,15,B01
201000050978,0,07,000,00,2,1,01,B01
201000050978,0,07,000,00,2,7,10,A01
201000050979,0,07,000,02,0,2,01,A01
201000050980,0,07,000,00,2,7,00,B01
201000050980,0,07,000,00,2,1,00,A01
201000050981,0,07,000,14,2,8,13,A01
201000050981,0,07,000,00,2,7,01,B01
201000050982,0,01,000,00,2,7,01,B01
201000050982,0,07,000,00,9,1,09,A01
201000050983,0,07,000,00,1,1,01,A01
201000050984,0,07,000,00,2,1,01,B01
201000050984,0,07,000,00,2,8,17,A01
201000050985,0,07,000,01,0,9,02,A01
201000050986,0,07,000,00,0,6,16,B01
201000050986,0,33,000,00,2,2,02,A01
201000050987,2,07,000,00,2,1,00,Z01
201000050987,0,07,000,00,2,2,00,A01
201000050988,0,32,000,00,2,3,19,B01
201000050988,0,07,000,00,2,3,01,A01
201000050989,0,07,000,00,1,8,02,A01
201000050990,0,32,000,00,2,1,23,B01
201000050990,0,07,000,00,0,4,04,A01
201000050991,0,07,000,00,0,0,15,B01
201000050991,0,31,000,00,0,0,17,A01
201000050992,0,01,000,00,2,7,01,B01
201000050992,0,07,000,00,9,3,09,A01
201000050993,0,07,000,12,2,3,01,A01
201000050993,1,07,000,00,2,3,16,Z01
201000050994,0,07,000,00,1,7,01,A01
201000050995,0,07,000,02,0,2,02,A01
201000050996,0,07,000,00,1,1,01,A01
201000050997,0,30,000,00,9,2,01,A01
201000050998,0,07,000,00,0,5,15,A01
201000050998,0,07,000,00,0,2,01,B01
201000050999,0,07,000,00,1,1,01,A01
201000051000,0,07,000,00,2,1,01,A01
201000051000,0,07,000,00,0,8,01,B01
201000051001,0,07,000,00,2,1,01,A01
201000051001,0,07,000,00,0,5,16,B01
201000051002,0,07,000,00,2,2,01,B01
201000051002,0,33,000,00,2,4,16,A01
201000051003,0,33,000,00,0,7,02,A01
201000051004,0,32,000,00,2,7,17,A01
201000051004,0,07,000,00,9,6,15,B01
201000051005,0,01,000,01,2,1,06,B01
201000051005,0,07,000,01,2,2,02,A01
201000051006,0,07,000,00,2,1,01,A01
201000051006,0,07,000,06,2,5,01,B01
201000051007,0,07,000,00,2,3,10,A01
201000051007,0,02,000,00,2,7,01,B01
201000051008,0,07,000,00,2,2,01,B01
201000051008,0,07,000,00,2,1,15,A01
201000051009,0,10,000,00,0,0,23,B01
201000051009,0,07,000,00,1,0,04,C01
201000051009,0,07,000,00,1,3,01,A01
201000051010,0,33,000,00,2,7,17,A01
201000051010,0,07,000,00,9,3,15,B01