Num_Acc,senc,catv,occutc,obs,obsm,choc,manv,num_veh
201000051380,0,07,000,00,2,4,23,C01
201000051380,0,07,000,00,2,4,23,B01
201000051380,0,07,000,00,2,1,02,A01
201000051381,0,07,000,00,0,4,02,B01
201000051381,0,30,000,00,0,1,02,A01
201000051382,0,02,000,00,0,9,00,A01
201000051383,0,07,000,00,0,1,02,B01
201000051383,0,07,000,00,0,4,02,A01
201000051384,0,33,000,00,0,1,00,A01
201000051384,0,01,000,00,9,1,00,B01
201000051385,0,33,000,00,2,7,17,B01
201000051385,1,07,000,00,2,8,13,A01
201000051386,0,07,000,00,1,3,01,A01
201000051387,0,07,000,00,0,1,01,A01
201000051388,0,07,000,00,1,3,01,A01
201000051389,0,07,000,00,0,2,01,B01
201000051389,0,30,000,00,0,0,01,A01
201000051390,2,07,000,00,2,1,01,Z01
201000051390,0,07,000,00,2,2,09,B01
201000051391,0,07,000,00,1,8,01,A01
201000051392,0,07,000,00,2,7,01,B01
201000051392,0,07,000,00,2,1,01,A01
201000051393,0,07,000,00,1,2,00,A01
201000051394,0,01,000,01,0,1,01,A01
201000051395,0,07,000,00,0,1,02,B01
201000051395,0,07,000,00,0,4,02,A01
201000051396,0,07,000,00,1,1,01,A01
201000051397,0,33,000,00,2,1,02,A01
201000051397,0,10,000,00,0,6,15,B01
201000051398,0,07,000,00,2,1,11,B01
201000051398,0,07,000,00,0,3,00,A01
201000051399,1,07,000,00,0,0,00,Z01
201000051400,1,07,000,00,0,0,00,Z01
201000051400,0,07,000,00,2,1,00,A01
201000051401,0,07,000,00,0,1,02,A01
201000051401,0,07,000,00,0,4,23,B01
201000051402,0,07,000,00,2,8,02,A01
201000051402,0,07,000,00,2,3,21,B01
201000051403,0,02,000,00,2,4,02,B01
201000051403,0,15,000,00,2,2,02,A01
201000051404,0,32,000,00,0,1,01,B01
201000051404,0,07,000,00,0,3,10,A01
201000051405,0,07,000,00,1,0,00,A01
201000051406,0,07,000,00,0,6,02,B01
201000051406,0,07,000,00,2,2,02,A01
201000051407,0,07,000,00,0,6,02,B01
201000051407,0,07,000,00,0,2,02,A01
201000051408,0,07,000,00,0,8,23,B01
201000051408,0,07,000,00,0,5,23,C01
201000051408,0,07,000,00,0,4,23,D01
201000051408,0,07,000,00,0,2,00,A01
201000051409,0,07,000,00,1,1,01,A01
201000051410,0,07,000,00,0,3,13,A01
201000051410,0,07,000,00,0,3,13,B01
201000051411,0,07,000,09,2,0,21,A01
201000051411,1,07,000,00,2,0,13,B01
201000051412,0,30,000,00,2,3,18,B01
201000051412,0,07,000,00,2,2,16,A01
201000051413,0,07,000,00,0,1,01,A01
201000051414,0,07,000,00,2,8,22,A01
201000051414,0,07,000,01,0,5,04,B01
201000051415,0,07,000,00,2,1,02,A01
201000051415,0,07,000,00,2,4,00,B01
201000051416,0,07,000,00,2,1,13,A01
201000051416,0,07,000,00,2,1,01,B01
201000051417,0,07,000,00,2,3,10,A01
201000051417,0,33,000,00,2,2,02,B01
201000051418,0,07,000,00,2,2,12,A01
201000051418,0,31,000,00,2,1,01,B01
201000051419,0,10,000,00,1,2,01,A01
201000051420,0,33,000,00,1,2,01,A01
201000051421,0,07,000,00,2,1,09,A01
201000051421,0,34,000,00,2,1,01,B01
201000051422,0,07,000,00,1,3,02,A01
201000051423,0,07,000,01,1,3,17,A01
201000051424,0,07,000,00,1,7,02,A01
201000051425,0,07,000,00,2,3,15,B01
201000051425,0,32,000,00,2,2,17,A01
201000051426,0,07,000,00,0,4,01,C01
201000051426,2,07,000,00,2,2,01,A01
201000051426,0,07,000,00,2,6,01,B01
201000051427,0,07,000,00,2,3,10,A01
201000051427,0,32,000,00,2,7,02,B01
201000051428,0,30,000,00,2,2,17,A01
201000051428,0,07,000,00,2,3,21,B01
201000051429,0,10,000,00,1,3,00,A01
201000051430,0,07,000,00,1,1,00,A01
201000051431,0,30,000,00,1,1,01,A01
201000051432,0,07,000,00,2,1,02,B01
201000051432,0,07,000,00,9,0,10,A01
201000051433,0,10,000,00,1,1,00,A01
201000051433,0,02,000,00,2,8,00,B01
201000051434,0,07,000,00,9,1,02,B01
201000051434,0,02,000,00,2,4,02,A01
201000051435,0,07,000,00,0,4,02,B01
201000051435,0,07,000,00,0,1,02,A01
201000051436,0,33,000,00,2,1,00,B01
201000051436,0,07,000,00,2,5,00,A01
201000051437,0,07,000,00,2,1,15,B01
201000051437,0,30,000,00,0,1,01,A01
201000051438,0,07,000,00,0,7,02,A01
201000051439,0,10,000,00,0,3,10,A01
201000051439,0,30,000,00,2,1,01,B01
201000051440,0,07,000,00,2,7,15,A01
201000051440,0,33,000,00,2,1,00,B01
201000051441,0,30,000,00,2,6,00,B01
201000051441,0,07,000,00,2,6,11,A01
201000051442,0,07,000,00,2,1,00,B01
201000051442,0,07,000,00,0,4,00,A01
201000051443,0,02,000,00,0,1,00,B01
201000051443,0,10,000,00,0,2,16,A01
201000051444,0,07,000,00,1,2,01,A01
201000051445,1,32,000,00,1,0,00,Z01
201000051446,0,07,000,08,0,1,00,A01
201000051447,0,07,000,00,1,1,00,A01
201000051448,0,15,000,00,1,8,00,A01
201000051449,0,10,000,01,0,2,02,A01
201000051450,0,07,000,00,1,1,00,A01
201000051451,0,07,000,00,2,1,20,A01
201000051451,2,07,000,00,2,8,02,B01
201000051452,0,07,000,00,1,2,00,A01
201000051453,0,32,000,00,2,2,01,A01
201000051453,0,07,000,00,2,6,04,B01
201000051454,0,37,005,09,2,1,00,A01
201000051455,0,07,000,00,1,1,15,A01
201000051456,0,07,000,00,9,8,02,B01
201000051456,0,30,000,00,2,1,06,A01
201000051457,0,07,000,00,0,5,00,B01
201000051457,0,33,000,00,2,1,01,A01
201000051458,0,34,000,00,2,2,02,B01
201000051458,0,07,000,00,2,3,17,A01
201000051459,0,07,000,00,0,1,11,A01
201000051459,0,30,000,00,2,1,21,B01
201000051460,0,07,000,00,0,0,00,B01
201000051460,0,31,000,00,2,0,00,A01
201000051461,0,07,000,00,1,3,00,A01
201000051462,0,30,000,00,2,3,01,B01
201000051462,0,07,000,00,2,2,12,A01
201000051463,0,13,000,00,1,2,02,A01
201000051464,0,07,000,15,2,2,01,A01
201000051464,0,14,000,00,2,3,01,B01
201000051465,0,37,001,00,2,3,02,A01
201000051465,0,02,000,00,2,1,00,B01
201000051466,0,07,000,00,2,4,00,C01
201000051466,0,07,000,00,2,4,02,B01
201000051466,0,99,000,00,0,1,00,A01
201000051467,1,07,000,00,2,3,00,B01
201000051467,0,02,000,00,2,7,00,A01
201000051468,0,31,000,00,2,7,17,B01
201000051468,0,10,000,00,2,0,15,A01
201000051469,1,07,000,00,1,1,00,Z01
201000051469,0,07,000,00,1,3,02,A01
201000051470,0,07,000,15,9,1,00,A01
201000051471,0,07,000,00,1,6,04,A01
201000051472,0,07,000,00,2,2,02,A01
201000051472,0,07,000,00,2,2,19,B01
201000051473,0,07,000,00,1,2,02,A01
201000051474,0,07,000,04,0,3,00,A01
201000051475,0,07,000,00,0,7,02,A01
201000051475,0,02,000,00,0,3,18,B01
201000051476,0,01,000,00,0,1,08,B01
201000051476,0,07,000,00,0,2,15,A01
201000051477,0,07,000,00,0,4,00,A01
201000051477,0,10,000,00,0,4,00,B01
201000051477,0,07,000,00,2,1,02,C01
201000051478,0,32,000,09,2,3,02,B01
201000051478,0,07,000,09,2,1,01,A01
201000051479,0,10,000,00,1,1,02,A01
201000051480,0,03,000,00,0,0,00,A01
201000051480,0,30,000,00,0,0,00,B01
201000051481,0,03,000,00,2,2,01,B01
201000051481,0,02,000,00,2,1,15,A01
201000051482,0,02,000,00,2,1,01,A01
201000051482,0,07,000,00,2,7,15,B01
201000051483,0,07,000,02,0,1,00,A01
201000051484,0,07,000,00,0,6,01,B01
201000051484,0,33,000,00,0,1,02,A01
201000051485,0,99,000,00,0,4,09,A01
201000051485,0,34,000,00,0,1,02,B01
201000051486,0,99,000,00,2,1,00,A01
201000051487,0,10,000,00,0,0,15,B01
201000051487,0,31,000,00,0,7,05,A01
201000051488,0,10,000,00,1,1,15,A01
201000051489,0,07,000,00,1,4,23,B01
201000051489,0,07,000,00,2,1,01,A01
201000051490,0,07,000,00,0,2,02,A01
201000051490,0,30,000,01,0,1,18,B01
201000051491,0,07,000,00,1,1,01,A01
201000051492,0,07,000,00,2,1,09,A01
201000051492,0,30,000,00,2,1,01,B01
201000051493,0,30,000,00,1,1,03,A01
201000051494,0,07,000,00,2,3,20,A01
201000051494,0,33,000,01,2,7,01,B01
201000051495,0,07,000,02,0,1,00,A01
201000051496,0,07,000,00,1,2,01,A01
201000051497,2,07,000,00,1,1,00,A01
201000051498,0,07,000,00,1,1,01,A01
201000051499,0,01,000,00,2,1,02,A01
201000051499,0,07,000,00,0,5,01,B01
201000051500,0,07,000,02,0,2,01,A01
201000051501,0,34,000,00,2,2,17,B01
201000051501,0,07,000,00,2,3,15,A01
201000051502,0,07,000,00,1,7,00,A01
201000051503,0,07,000,01,0,2,01,A01
201000051504,0,07,000,00,1,2,01,A01
201000051505,0,07,000,00,2,5,01,A01
201000051505,0,33,000,00,2,1,01,B01
201000051506,0,10,000,00,1,1,01,A01
201000051507,0,07,000,00,1,8,01,A01
201000051508,0,02,000,00,1,1,18,A01
201000051509,2,07,000,00,2,2,15,A01
201000051509,0,07,000,00,2,1,02,B01
201000051510,0,07,000,00,1,7,01,A01
201000051511,0,30,000,03,0,1,01,A01
201000051512,0,07,000,07,2,5,02,B01
201000051512,0,37,001,14,2,2,02,A01
201000051513,0,07,000,01,0,1,00,A01
201000051514,0,33,000,00,2,1,01,B01
201000051514,0,07,000,00,2,6,15,A01
201000051515,0,07,000,01,2,7,01,A01
201000051516,0,30,000,00,2,7,01,B01
201000051516,0,07,000,00,2,2,01,A01
201000051517,0,01,000,00,1,6,01,A01
201000051518,0,01,000,14,2,1,01,A01
201000051518,0,07,000,00,9,3,01,B01
201000051519,0,07,000,00,1,2,01,A01
201000051520,0,31,000,00,0,8,01,A01
201000051521,0,33,000,00,1,1,02,A01
201000051522,0,10,000,01,0,3,01,A01
201000051523,0,07,000,00,2,1,00,B01
201000051523,0,07,000,00,2,3,19,A01
201000051524,0,07,000,01,0,8,13,A01
201000051524,0,32,000,00,2,1,17,B01
201000051525,0,30,000,00,0,0,16,A01
201000051526,0,07,000,00,1,2,02,A01
201000051527,0,07,000,00,1,2,01,A01
201000051528,1,07,000,00,1,4,04,A01
201000051529,0,07,000,00,2,3,15,A01
201000051529,0,32,000,00,2,1,01,B01
201000051530,0,07,000,00,2,1,01,A01
201000051531,0,07,000,03,1,1,11,A01
201000051532,0,07,000,00,2,2,01,A01
201000051532,0,07,000,00,2,1,16,B01
201000051533,0,07,000,00,1,1,00,A01
201000051534,0,33,000,00,2,7,17,A01
201000051534,0,07,000,00,2,3,13,B01
201000051535,0,07,000,00,1,3,00,A01
201000051536,0,01,000,00,0,3,00,B01
201000051536,0,07,000,00,2,1,00,A01
201000051537,0,10,000,00,2,1,02,A01
201000051537,0,07,000,00,0,4,23,C01
201000051537,0,07,000,00,2,4,02,B01
201000051538,0,07,000,00,2,1,09,B01
201000051538,2,07,000,00,2,2,01,A01
201000051539,0,07,000,00,1,1,00,A01
201000051540,0,07,000,00,1,2,01,A01
201000051541,0,07,000,00,2,1,01,A01
201000051541,0,01,000,00,2,7,01,B01
201000051542,0,07,000,00,2,3,23,B01
201000051542,0,01,000,00,2,1,16,A01
201000051543,0,10,000,00,2,7,21,B01
201000051543,0,07,000,00,2,4,04,A01
201000051544,0,33,000,00,2,9,01,A01
201000051544,0,37,000,00,0,3,01,C01
201000051544,0,07,000,00,0,2,01,B01
201000051545,0,14,000,00,1,3,01,A01
201000051546,0,30,000,00,0,7,01,B01
201000051546,0,07,000,00,2,1,01,A01
201000051547,0,07,000,00,2,3,15,A01
201000051547,0,07,000,00,2,3,01,B01
201000051547,0,07,000,00,2,8,01,C01
201000051548,1,10,000,00,1,0,00,Z01
201000051549,0,07,000,00,0,6,01,B01
201000051549,0,07,000,00,0,1,01,A01
201000051550,0,03,000,00,0,3,10,A01
201000051550,0,30,000,00,2,3,01,B01
201000051551,0,07,000,00,0,3,19,A01
201000051551,0,07,000,00,2,3,01,B01
201000051552,0,07,000,00,1,1,01,A01
201000051553,0,07,000,00,0,1,01,B01
201000051553,0,07,000,00,2,1,05,A01
201000051554,0,02,000,00,0,2,09,A01
201000051555,0,07,000,00,2,3,01,A01
201000051555,0,31,000,00,2,2,15,B01
201000051556,0,07,000,12,2,5,01,A01
201000051556,0,07,000,00,2,3,01,B01
201000051557,0,02,000,00,2,1,01,B01
201000051557,0,10,000,00,2,7,19,A01
201000051558,0,34,000,00,2,1,01,B01
201000051558,0,07,000,00,2,3,01,A01
201000051559,0,07,000,06,2,1,02,B01
201000051559,0,07,000,00,2,2,15,A01
201000051560,0,07,000,00,2,7,02,A01
201000051560,0,34,000,00,2,1,02,B01
201000051561,0,07,000,00,2,5,02,A01
201000051561,0,33,000,00,2,8,16,B01
201000051562,0,07,000,00,1,2,16,A01
201000051563,0,07,000,15,0,1,14,A01
201000051564,0,07,000,00,2,6,10,A01
201000051564,0,31,000,00,2,0,01,B01
201000051565,0,07,000,00,1,1,01,A01
201000051565,0,07,000,00,2,3,15,B01
201000051566,0,32,000,00,0,8,02,A01
201000051567,0,07,000,08,0,2,16,A01
201000051568,0,37,002,00,1,1,01,A01
201000051569,0,07,000,00,2,8,09,A01
201000051569,0,07,000,00,2,7,21,C01
201000051569,0,07,000,00,2,3,21,B01
201000051570,0,33,000,00,2,5,02,B01
201000051570,0,07,000,00,2,3,02,A01
201000051571,0,07,000,02,0,1,00,A01
201000051572,0,07,000,00,0,3,11,A01
201000051572,0,30,000,00,2,1,11,B01
201000051572,0,07,000,00,0,6,01,C01
201000051573,0,07,000,04,0,2,02,A01
201000051574,0,07,000,00,0,3,15,A01
201000051575,0,07,000,00,0,8,02,A01
201000051576,0,02,000,07,0,1,01,A01
201000051577,0,07,000,00,0,4,02,B01
201000051577,0,07,000,00,2,1,02,A01
201000051578,0,07,000,00,1,3,01,A01
201000051579,0,07,000,01,0,5,13,A01
201000051579,0,07,000,00,0,3,24,B01
201000051579,0,07,000,00,2,3,13,C01
201000051580,0,30,000,00,0,8,02,A01
201000051581,0,34,000,00,2,1,01,A01
201000051581,0,07,000,00,2,1,01,B01
201000051582,0,07,000,00,1,1,01,A01
201000051583,0,07,000,00,2,4,23,A01
201000051583,0,07,000,00,2,1,02,C01
201000051583,0,07,000,00,2,1,02,B01
201000051584,0,07,000,00,2,3,09,A01
201000051584,0,07,000,00,2,1,01,B01
201000051585,0,07,000,00,2,3,14,B01
201000051585,0,07,000,00,2,2,01,A01
201000051586,0,07,000,00,1,9,01,A01
201000051587,0,07,000,00,2,1,02,C01
201000051587,0,07,000,00,2,1,02,B01
201000051587,0,07,000,00,2,4,01,A01
201000051588,0,07,000,00,2,3,16,A01
201000051588,0,07,000,00,2,1,01,B01
201000051589,0,07,000,00,2,2,01,A01
201000051589,0,07,000,00,2,3,15,B01
201000051590,0,34,000,00,2,1,01,B01
201000051590,0,07,000,00,2,1,01,A01
201000051591,0,07,000,00,1,1,01,A01
201000051592,0,32,000,00,2,1,02,C01
201000051592,0,07,000,00,2,6,01,B01
201000051593,0,07,000,00,2,3,15,A01
201000051593,0,30,000,00,2,1,01,B01
201000051594,0,07,000,00,2,1,01,B01
201000051594,0,07,000,00,2,6,01,A01
201000051595,0,07,000,00,1,7,01,A01
201000051596,0,07,000,00,1,3,01,A01
201000051597,0,07,000,09,0,1,14,A01
201000051598,0,03,000,00,1,2,15,A01
201000051599,0,07,000,00,1,1,01,A01
201000051600,0,37,001,00,2,5,15,A01
201000051600,0,34,000,00,2,1,01,B01
201000051601,0,07,000,00,1,1,01,B01
201000051601,0,33,000,00,2,3,01,A01
201000051602,0,07,000,00,1,1,01,A01
201000051603,0,03,000,00,1,5,01,A01
201000051604,0,07,000,00,1,4,20,A01
201000051605,0,30,000,00,9,1,01,A01
201000051606,0,07,000,00,2,3,15,B01
201000051606,0,02,000,00,2,1,01,A01
201000051607,0,34,000,00,2,1,01,B01
201000051607,0,07,000,00,2,2,01,A01
201000051608,0,07,000,00,1,7,01,A01
201000051609,0,07,000,00,2,3,15,A01
201000051609,0,07,000,00,2,2,01,B01
201000051610,0,07,000,00,1,1,01,A01
201000051611,0,07,000,00,2,3,09,A01
201000051611,0,33,000,00,2,1,01,B01
201000051612,0,07,000,00,2,1,10,A01
201000051612,0,33,000,00,2,1,01,B01
201000051613,0,07,000,08,0,1,01,A01
201000051614,0,07,000,00,2,1,01,B01
201000051614,0,07,000,00,2,1,01,A01
201000051615,0,07,000,00,2,8,15,A01
201000051615,0,02,000,00,2,1,02,B01
201000051616,0,07,000,00,2,2,20,A01
201000051616,0,32,000,00,2,1,13,B01
201000051617,0,32,000,00,2,1,01,B01
201000051617,0,07,000,00,2,1,10,A01
201000051618,0,07,000,00,2,3,01,A01
201000051618,0,07,000,00,2,1,01,B01
201000051619,0,30,000,00,1,1,01,A01
201000051620,0,07,000,00,2,1,01,B01
201000051620,0,07,000,00,2,1,15,A01
201000051621,0,07,000,00,2,7,24,A01
201000051621,0,01,000,00,2,1,01,B01
201000051622,0,07,000,00,2,1,01,A01
201000051622,0,07,000,00,2,4,01,B01
201000051623,0,99,000,08,0,1,01,A01
201000051624,0,07,000,00,2,3,15,B01
201000051624,0,07,000,00,2,1,01,A01
201000051625,0,07,000,00,1,1,01,A01
201000051626,0,32,000,00,2,1,01,B01
201000051626,0,07,000,00,2,8,01,A01
201000051627,0,07,000,00,1,1,01,A01
201000051628,0,07,000,00,2,4,01,B01
201000051628,0,33,000,00,2,1,01,A01
201000051629,0,32,000,00,2,2,01,B01
201000051629,1,07,000,00,2,4,01,A01
201000051630,0,07,000,00,1,1,09,A01
201000051631,0,07,000,01,2,1,00,B01
201000051631,0,07,000,00,2,1,01,A01
201000051631,0,07,000,00,2,1,00,C01
201000051632,0,07,000,00,2,4,00,A01
201000051632,0,07,000,00,2,7,00,B01
201000051633,0,01,000,00,2,1,00,B01
201000051633,0,07,000,00,2,4,00,A01
201000051634,0,07,000,00,2,1,13,B01
201000051634,0,07,000,00,2,1,00,A01
201000051635,0,07,000,00,2,1,01,A01
201000051635,0,07,000,00,2,1,01,B01
201000051636,0,07,000,00,2,4,01,C01
201000051636,0,07,000,00,2,4,01,A01
201000051636,0,07,000,00,2,4,01,B01
201000051637,0,10,000,01,0,4,23,A01
201000051638,0,07,000,00,1,4,01,C01
201000051638,0,07,000,00,2,4,01,B01
201000051638,0,10,000,00,2,1,01,A01
201000051639,0,33,000,00,2,7,17,B01
201000051639,0,07,000,00,2,3,16,A01
201000051640,0,33,000,00,2,1,00,B01
201000051640,0,07,000,00,2,2,00,A01
201000051641,0,07,000,00,2,8,02,B01
201000051641,0,07,000,00,2,1,02,A01
201000051642,0,13,000,00,1,7,01,A01
201000051643,0,32,000,00,2,4,01,B01
201000051643,0,07,000,00,2,1,01,A01
201000051644,0,07,000,00,1,1,02,A01
201000051645,0,07,000,00,2,8,00,A01
201000051645,0,07,000,00,2,1,00,B01
201000051646,0,07,000,01,0,1,01,A01
201000051647,0,07,000,00,2,1,01,C01
201000051647,0,10,000,00,2,1,02,B01
201000051647,0,10,000,00,2,8,01,A01
201000051648,0,07,000,00,1,1,00,A01
201000051649,0,07,000,00,2,1,01,A01
201000051649,0,30,000,00,2,1,00,B01
201000051650,1,07,000,00,1,1,01,A01
201000051651,0,10,000,00,1,1,23,A01
201000051652,0,30,000,00,2,0,17,B01
201000051652,0,07,000,00,2,0,01,A01
201000051653,0,07,000,00,2,8,01,B01
201000051653,0,30,000,00,2,1,01,A01
201000051654,0,01,000,00,2,1,01,B01
201000051654,0,07,000,00,2,1,01,A01
201000051655,0,30,000,00,2,1,01,A01
201000051655,0,07,000,00,2,1,01,B01
201000051655,0,07,000,00,2,1,01,C01
201000051655,0,07,000,00,2,1,01,D01
201000051656,0,07,000,08,0,1,15,A01
201000051657,0,10,000,00,1,5,01,A01
201000051658,0,07,000,00,2,1,01,A01
201000051658,0,07,000,00,2,3,01,B01
201000051659,0,07,000,00,1,4,04,A01
201000051660,0,07,000,00,2,4,12,B01
201000051660,0,33,000,00,2,1,09,A01
201000051661,0,07,000,00,2,2,21,A01
201000051661,0,07,000,00,2,6,23,B01
201000051662,1,07,000,00,1,1,01,Z01
201000051663,0,07,000,00,1,1,01,A01
201000051664,0,33,000,00,2,1,05,A01
201000051664,0,07,000,00,2,1,01,B01
201000051665,0,03,000,09,0,3,01,A01
201000051666,0,07,000,00,1,1,01,A01
201000051667,0,07,000,00,1,3,01,A01
201000051668,0,07,000,00,2,4,01,A01
201000051668,0,07,000,00,2,1,01,B01
201000051669,0,07,000,00,1,1,01,A01
201000051670,0,07,000,00,2,3,02,B01
201000051670,0,07,000,00,2,6,23,A01
201000051671,0,99,000,03,1,1,17,A01
201000051672,0,07,000,04,0,7,01,A01
201000051673,0,07,000,00,0,1,01,B01
201000051673,0,07,000,00,0,1,13,A01
201000051674,0,07,000,00,2,5,10,A01
201000051674,0,07,000,00,2,1,01,B01
201000051675,0,32,000,14,0,1,01,A01
201000051676,1,07,000,00,1,1,01,Z01
201000051677,0,07,000,00,2,1,09,A01
201000051677,0,33,000,00,2,1,01,B01
201000051678,0,07,000,00,1,7,01,A01
201000051679,0,07,000,00,2,3,01,B01
201000051679,0,07,000,00,2,3,17,A01
201000051680,0,32,000,00,2,1,01,B01
201000051680,0,03,000,00,2,8,15,A01
201000051681,0,14,000,00,2,3,10,A01
201000051681,0,07,000,01,2,1,02,B01
201000051682,0,07,000,00,2,1,13,A01
201000051682,0,31,000,00,2,7,02,C01
201000051682,0,07,000,00,2,1,01,B01
201000051683,0,07,000,00,2,1,01,A01
201000051683,0,07,000,00,2,4,02,B01
201000051684,0,07,000,00,2,2,15,A01
201000051684,0,07,000,00,2,3,01,B01
201000051685,0,07,000,00,2,4,01,B01
201000051685,0,07,000,00,2,1,02,A01
201000051686,0,30,000,00,2,1,01,A01
201000051686,0,37,001,00,2,3,15,B01
201000051687,0,07,000,00,2,0,22,A01
201000051687,0,01,000,00,2,0,01,B01
201000051688,0,07,000,00,1,8,01,A01
201000051689,0,07,000,00,1,2,01,A01
201000051690,0,07,000,00,1,1,01,A01
201000051691,0,07,000,00,1,2,01,A01
201000051692,0,07,000,04,2,1,21,A01
201000051693,2,07,000,00,1,4,04,Z01
201000051693,0,07,000,00,1,8,01,B01
201000051694,0,07,000,00,2,4,23,B01
201000051694,0,07,000,00,2,1,02,A01
201000051695,0,02,000,12,0,7,01,A01
201000051696,0,07,000,00,2,1,15,B01
201000051696,0,17,000,00,2,2,01,A01
201000051697,0,31,000,00,2,4,23,C01
201000051697,0,07,000,00,2,4,23,B01
201000051697,0,07,000,00,2,1,02,A01
201000051697,0,07,000,00,2,4,23,D01
201000051698,0,07,000,00,2,8,23,A01
201000051698,0,33,000,00,2,0,17,B01
201000051699,0,34,000,00,2,8,01,A01
201000051699,0,07,000,00,2,1,15,B01
201000051700,0,07,000,00,2,6,15,B01
201000051700,0,30,000,00,2,1,00,A01
201000051701,0,07,000,00,1,6,04,A01
201000051702,0,07,000,00,2,7,01,A01
201000051702,0,07,000,00,0,1,01,B01
201000051703,0,30,000,00,2,1,21,A01
201000051703,1,07,000,00,2,0,01,Z01
201000051704,0,07,000,01,2,1,02,A01
201000051704,0,37,001,00,2,4,01,B01
201000051705,0,07,000,00,2,3,01,B01
201000051705,0,33,000,00,2,1,01,A01
201000051706,0,33,000,01,2,6,18,A01
201000051706,0,07,000,01,2,2,12,B01
201000051707,0,07,000,02,2,3,14,A01
201000051707,0,01,000,00,0,3,17,B01
201000051708,0,07,000,04,0,1,01,A01
201000051709,0,07,000,00,1,2,01,A01
201000051710,0,07,000,00,2,1,02,A01
201000051710,0,07,000,00,2,5,23,B01
201000051711,0,37,001,00,2,7,01,A01
201000051711,0,07,000,01,2,2,15,B01
201000051712,0,33,000,00,2,3,01,B01
201000051712,0,07,000,00,2,8,11,A01
201000051713,0,07,000,00,1,0,01,A01
201000051714,0,10,000,00,2,6,24,B01
201000051714,0,10,000,00,2,4,23,C01
201000051714,0,10,000,01,2,2,17,A01
201000051715,0,07,000,14,0,1,01,A01
201000051716,0,07,000,00,2,2,01,A01
201000051716,0,07,000,00,2,8,09,B01
201000051717,0,33,000,00,2,3,01,B01
201000051717,0,07,000,00,2,3,09,A01
201000051718,0,34,000,12,2,1,21,A01
201000051718,1,07,000,00,2,0,17,Z01
201000051719,0,07,000,00,2,6,23,B01
201000051719,0,02,000,00,2,1,02,A01
201000051720,0,07,000,00,2,6,01,B01
201000051720,0,07,000,00,2,1,02,A01
201000051721,0,33,000,01,2,7,01,B01
201000051721,0,07,000,00,2,3,09,A01
201000051722,0,07,000,00,2,2,22,A01
201000051722,0,30,000,00,2,1,18,B01
201000051723,0,07,000,00,1,2,01,A01
201000051724,0,07,000,00,0,0,01,A01
201000051724,0,31,000,00,2,0,15,B01
201000051725,0,33,000,00,2,4,01,B01
201000051725,1,07,000,00,2,1,02,Z01
201000051726,0,34,000,00,2,9,21,B01
201000051727,0,07,000,00,1,0,01,A01
201000051728,0,07,000,00,2,1,01,A01
201000051728,0,33,000,00,2,1,01,B01
201000051729,0,32,000,00,2,7,01,B01
201000051729,0,07,000,00,2,3,10,A01
201000051730,0,07,000,00,2,2,15,A01
201000051730,0,37,001,00,2,3,19,B01
201000051731,1,02,000,00,1,1,01,A01
201000051732,0,33,000,00,2,8,18,A01
201000051732,0,17,000,00,2,2,16,B01
201000051733,0,34,000,00,2,1,12,A01
201000051733,0,07,000,00,2,5,01,B01
201000051734,0,30,000,00,2,5,02,A01
201000051734,1,07,000,00,2,1,02,B01
201000051735,0,07,000,00,1,7,01,A01
201000051736,0,13,000,00,0,0,00,A01
201000051736,0,07,000,00,0,0,00,B01
201000051737,0,07,000,00,2,2,10,A01
201000051737,0,34,000,00,2,8,01,B01
201000051738,0,33,000,00,2,4,23,B01
201000051738,0,07,000,00,2,1,02,A01
201000051739,0,30,000,00,1,2,17,A01
201000051740,0,07,000,00,9,3,02,A01
201000051740,0,01,000,00,2,1,19,B01
201000051741,0,07,000,00,1,3,02,A01
201000051742,0,07,000,00,2,2,14,A01
201000051742,0,07,000,00,2,2,12,C01
201000051742,0,07,000,00,2,2,00,D01
201000051742,0,07,000,00,2,8,00,B01
201000051743,0,30,000,00,2,8,01,B01
201000051743,1,30,000,00,2,1,19,Z01
201000051744,0,01,000,00,2,0,12,A01
201000051744,0,33,000,00,9,0,02,B01
201000051745,0,99,000,00,2,1,09,A01
201000051745,0,07,000,00,2,6,02,B01
201000051746,0,32,000,00,2,1,01,B01
201000051746,0,07,000,00,2,2,15,A01
201000051747,0,10,000,00,1,3,02,A01
201000051748,0,07,000,00,2,3,15,B01
201000051748,0,02,000,00,2,1,01,A01
201000051749,0,07,000,00,1,1,00,A01
201000051750,2,07,000,00,0,5,02,A01
201000051750,0,02,000,00,0,6,02,B01
201000051751,0,33,000,00,0,7,02,A01
201000051752,0,10,000,00,2,4,24,B01
201000051752,0,32,000,01,2,1,21,A01
201000051753,0,02,000,00,2,0,00,A01
201000051754,1,02,000,00,1,1,01,A01
201000051755,0,07,000,00,1,1,02,A01
201000051756,0,07,000,00,2,3,02,A01
201000051756,0,33,000,00,2,1,03,B01
201000051757,0,07,000,00,2,1,01,A01
201000051757,0,07,000,00,2,7,15,B01
201000051758,0,37,000,00,1,2,16,A01
201000051759,0,07,000,00,2,1,01,B01
201000051759,0,07,000,00,2,2,15,A01
201000051760,1,99,000,00,0,0,12,Z01
201000051760,0,32,000,00,0,0,01,B01