Num_Acc,senc,catv,occutc,obs,obsm,choc,manv,num_veh
201000051761,1,07,000,00,2,3,11,Z01
201000051761,0,07,000,00,2,2,01,B01
201000051762,1,07,000,00,2,0,00,Z01
201000051762,0,32,000,00,2,5,16,B01
201000051763,0,07,000,00,1,1,01,A01
201000051764,0,10,000,00,0,5,09,A01
201000051764,0,33,000,00,0,1,00,B01
201000051765,0,07,000,00,2,3,01,A01
201000051765,0,10,000,00,0,1,00,B01
201000051766,1,30,000,00,0,1,00,Z01
201000051767,0,07,000,00,2,0,00,F01
201000051767,0,07,000,00,2,0,00,D01
201000051767,0,07,000,00,2,0,00,E01
201000051768,0,33,000,00,1,4,23,A01
201000051769,0,07,000,00,2,1,02,A01
201000051769,0,07,000,00,2,3,01,B01
201000051769,0,07,000,00,2,6,00,C01
201000051770,0,07,000,00,1,2,02,A01
201000051771,0,07,000,00,2,3,02,B01
201000051771,0,07,000,00,2,7,12,A01
201000051772,0,07,000,00,2,2,01,A01
201000051772,0,30,000,00,2,3,00,B01
201000051773,0,33,000,00,0,1,00,C01
201000051773,0,07,000,00,0,0,00,A01
201000051773,0,07,000,00,0,6,12,B01
201000051774,0,07,000,00,2,2,00,A01
201000051774,0,30,000,00,2,1,15,B01
201000051775,2,07,000,02,0,2,01,A01
201000051776,0,33,000,00,2,1,01,B01
201000051776,0,10,000,00,2,3,10,A01
201000051777,2,07,000,00,2,2,10,A01
201000051777,0,32,000,00,2,1,00,B01
201000051778,0,07,000,00,2,2,02,A01
201000051778,0,33,000,00,2,3,02,B01
201000051779,0,10,000,00,2,3,15,A01
201000051779,0,32,000,00,2,1,01,B01
201000051780,0,07,000,00,2,6,01,B01
201000051780,0,10,000,00,2,1,01,C01
201000051780,0,07,000,14,2,8,17,A01
201000051781,1,99,000,00,0,0,00,Z01
201000051782,0,34,000,11,0,1,00,A01
201000051783,0,07,000,00,2,1,00,B01
201000051783,0,10,000,00,2,1,00,A01
201000051783,0,07,000,00,2,4,00,C01
201000051784,0,02,000,00,0,0,00,A01
201000051785,1,32,000,00,0,0,00,Z01
201000051786,0,07,000,00,1,2,01,A01
201000051787,0,07,000,00,2,1,00,A01
201000051787,0,13,000,00,2,1,01,B01
201000051788,0,07,000,00,1,4,04,A01
201000051789,0,37,004,00,1,1,01,A01
201000051790,0,07,000,00,1,3,02,A01
201000051791,0,33,000,08,0,1,00,A01
201000051792,0,07,000,00,0,1,02,A01
201000051792,0,33,000,00,0,4,02,C01
201000051792,0,07,000,00,0,4,02,B01
201000051793,0,10,000,00,2,1,02,A01
201000051793,0,07,000,00,2,4,02,B01
201000051794,0,10,000,00,2,7,01,B01
201000051794,0,10,000,00,2,1,01,A01
201000051795,0,07,000,00,2,3,11,A01
201000051795,0,33,000,00,2,1,01,B01
201000051796,0,07,000,00,1,2,01,A01
201000051797,0,07,000,00,2,3,01,B01
201000051797,0,07,000,04,2,1,01,A01
201000051798,0,07,000,00,2,2,16,C01
201000051798,0,07,000,00,2,3,15,B01
201000051798,0,07,000,00,2,1,00,A01
201000051799,0,07,000,09,2,2,00,A01
201000051799,0,07,000,00,2,2,10,B01
201000051800,0,30,000,15,0,1,01,A01
201000051801,0,07,000,00,2,7,22,B01
201000051801,0,32,000,14,2,3,18,A01
201000051802,0,07,000,00,2,3,15,A01
201000051802,0,34,000,00,2,1,02,B01
201000051803,0,30,000,00,2,9,00,A01
201000051803,0,07,000,00,0,3,00,B01
201000051804,0,07,000,00,2,1,01,B01
201000051804,0,07,000,00,2,2,01,A01
201000051804,0,07,000,00,2,2,01,C01
201000051805,0,01,000,00,0,0,02,A01
201000051805,0,07,000,00,0,0,02,B01
201000051806,0,34,000,00,0,1,02,A01
201000051806,0,07,000,00,0,3,11,B01
201000051807,0,07,000,00,2,1,01,A01
201000051807,0,07,000,00,2,6,23,B01
201000051808,0,37,012,00,2,1,00,A01
201000051808,0,07,000,00,0,4,00,B01
201000051809,0,07,000,00,1,2,01,A01
201000051810,0,07,000,00,0,3,00,A01
201000051810,0,07,000,00,0,0,00,B01
201000051811,0,07,000,14,9,1,00,A01
201000051812,0,32,000,00,2,1,01,B01
201000051812,1,07,000,00,2,2,15,A01
201000051813,0,07,000,00,1,8,01,A01
201000051814,0,07,000,00,1,3,01,A01
201000051815,0,07,000,00,2,3,01,B01
201000051815,0,31,000,00,2,3,17,A01
201000051816,0,07,000,00,2,6,10,A01
201000051816,0,07,000,00,2,2,01,B01
201000051817,0,07,000,00,1,4,01,A01
201000051818,0,01,000,00,2,7,16,B01
201000051818,0,07,000,00,2,3,02,A01
201000051819,0,33,000,00,1,1,01,A01
201000051820,0,02,000,00,2,1,18,A01
201000051820,0,07,000,00,0,5,16,B01
201000051821,0,07,000,00,1,1,01,A01
201000051822,1,07,000,00,0,0,00,Z01
201000051822,0,99,000,00,0,0,00,B01
201000051823,0,99,000,00,2,1,00,A01
201000051823,0,07,000,00,9,1,00,B01
201000051824,0,07,000,08,0,0,00,A01
201000051825,0,07,000,00,2,2,02,B01
201000051825,0,07,000,12,2,1,09,A01
201000051826,0,07,000,00,2,5,15,A01
201000051826,0,07,000,00,2,2,01,B01
201000051827,0,30,000,12,2,1,02,B01
201000051827,0,07,000,00,0,8,01,A01
201000051828,0,33,000,00,0,0,00,B01
201000051828,0,03,000,00,0,0,00,A01
201000051829,0,07,000,00,1,4,04,A01
201000051830,0,07,000,07,0,3,01,A01
201000051831,0,34,000,00,2,0,02,A01
201000051831,0,07,000,00,9,3,00,B01
201000051832,0,30,000,00,2,9,00,A01
201000051832,0,07,000,00,2,8,02,B01
201000051833,0,10,000,00,0,0,14,B01
201000051833,0,34,000,00,2,1,21,A01
201000051834,0,33,000,01,0,2,02,B01
201000051834,0,10,000,00,0,6,23,A01
201000051835,0,33,000,00,2,0,01,A01
201000051835,0,07,000,00,0,7,12,B01
201000051836,0,07,000,00,2,4,02,B01
201000051836,0,37,003,00,2,1,02,A01
201000051837,0,07,000,00,0,3,02,B01
201000051837,0,07,000,02,0,1,01,A01
201000051838,0,34,000,00,1,0,00,A01
201000051839,0,07,000,11,0,9,01,A01
201000051840,0,07,000,00,1,3,02,A01
201000051841,0,33,000,00,2,1,05,A01
201000051841,0,10,000,00,2,1,15,B01
201000051842,0,33,000,00,2,2,17,A01
201000051842,0,07,000,00,2,6,01,B01
201000051843,0,13,000,00,1,1,00,A01
201000051844,0,07,000,00,1,2,01,A01
201000051845,0,07,000,00,2,3,01,A01
201000051845,0,30,000,00,2,1,15,B01
201000051846,0,07,000,15,0,1,02,A01
201000051847,0,07,000,00,1,2,02,A01
201000051848,0,37,001,00,2,3,02,B01
201000051848,1,99,000,00,0,0,00,Z01
201000051848,0,07,000,00,0,2,01,A01
201000051849,0,07,000,00,2,1,01,A01
201000051849,0,07,000,00,2,8,01,C01
201000051849,0,07,000,00,2,1,01,B01
201000051850,0,07,000,00,2,1,01,B01
201000051850,0,07,000,00,2,4,01,C01
201000051850,0,07,000,00,2,4,11,A01
201000051851,0,07,000,00,1,3,00,A01
201000051852,0,07,000,00,2,1,21,B01
201000051852,0,07,000,00,2,3,15,A01
201000051853,1,07,000,00,1,1,00,A01
201000051854,0,02,000,00,0,0,01,A01
201000051855,1,07,000,00,0,0,00,B01
201000051855,0,32,000,00,0,1,03,A01
201000051856,0,14,000,08,1,0,00,A01
201000051857,0,30,000,00,2,1,02,A01
201000051857,0,07,000,00,2,2,16,B01
201000051858,0,38,029,00,1,5,00,A01
201000051859,0,07,000,00,2,4,02,B01
201000051859,0,37,001,00,2,4,02,C01
201000051859,0,07,000,00,2,1,02,A01
201000051860,0,07,000,00,2,8,11,A01
201000051860,0,32,000,00,2,7,02,B01
201000051861,0,07,000,00,1,2,01,A01
201000051862,0,07,000,00,2,1,01,B01
201000051862,0,32,000,00,2,8,15,A01
201000051863,0,07,000,00,2,8,10,A01
201000051863,0,33,000,00,2,1,01,B01
201000051864,0,07,000,00,0,2,00,A01
201000051864,0,02,000,00,0,1,01,B01
201000051865,1,07,000,00,0,0,01,Z01
201000051866,0,07,000,00,2,8,10,A01
201000051866,0,33,000,00,2,7,17,B01
201000051867,0,07,000,00,2,3,10,A01
201000051867,0,32,000,00,2,1,01,B01
201000051868,0,34,000,01,0,1,05,A01
201000051869,0,30,000,00,2,1,21,A01
201000051869,0,10,000,00,2,0,20,B01
201000051870,0,07,000,03,0,0,00,A01
201000051871,0,34,000,00,2,2,17,B01
201000051871,0,07,000,00,2,3,11,A01
201000051872,0,07,000,00,1,1,02,A01
201000051873,0,07,000,00,4,8,15,A01
201000051873,0,40,000,00,0,0,00,B01
201000051874,0,02,000,00,0,0,00,B01
201000051874,0,07,000,00,0,0,00,A01
201000051875,0,07,000,00,2,1,01,A01
201000051875,0,07,000,00,1,4,01,B01
201000051876,0,07,000,00,2,7,15,A01
201000051876,0,07,000,00,2,1,01,B01
201000051877,1,07,000,00,9,0,00,Z01
201000051877,0,01,000,00,2,0,00,A01
201000051878,0,10,000,00,2,1,01,B01
201000051878,0,10,000,00,2,7,01,A01
201000051879,0,03,000,00,2,1,00,A01
201000051879,0,07,000,00,2,8,00,B01
201000051880,0,37,001,00,1,7,01,A01
201000051881,2,07,000,06,0,1,02,A01
201000051882,0,07,000,11,0,1,01,A01
201000051883,0,01,000,00,0,8,11,A01
201000051883,1,10,000,00,2,2,01,B01
201000051884,0,07,000,00,2,3,10,A01
201000051884,0,33,000,00,2,1,17,B01
201000051885,0,07,000,12,1,7,13,A01
201000051886,0,07,000,00,1,3,01,A01
201000051887,0,10,000,00,2,1,01,B01
201000051887,0,01,000,00,2,8,01,A01
201000051888,0,01,000,00,0,0,00,B01
201000051888,0,07,000,00,0,2,15,A01
201000051889,0,07,000,00,2,1,15,A01
201000051889,0,33,000,00,2,1,01,B01
201000051890,0,07,000,00,1,4,04,A01
201000051891,0,07,000,00,2,5,11,B01
201000051891,0,32,000,00,2,1,02,A01
201000051892,0,07,000,00,2,7,01,B01
201000051892,0,07,000,00,2,1,01,A01
201000051893,0,07,000,00,1,3,02,A01
201000051894,1,07,000,00,1,2,00,Z01
201000051895,0,33,000,00,2,1,01,A01
201000051895,0,07,000,00,0,6,02,B01
201000051896,0,07,000,00,0,0,00,A01
201000051896,0,01,000,00,0,0,00,B01
201000051897,0,07,000,00,2,2,14,A01
201000051897,0,33,000,00,2,3,02,B01
201000051898,1,10,000,00,2,0,00,Z01
201000051898,0,07,000,00,2,8,01,B01
201000051899,0,07,000,00,2,3,00,B01
201000051899,0,10,000,00,2,1,00,A01
201000051900,0,07,000,10,0,1,11,A01
201000051901,0,07,000,01,0,2,02,A01
201000051901,0,10,000,00,0,6,00,B01
201000051902,0,07,000,00,2,1,01,A01
201000051902,0,07,000,00,2,2,01,B01
201000051903,0,07,000,00,1,1,07,A01
201000051904,0,07,000,00,1,4,04,A01
201000051905,0,07,000,00,2,1,02,A01
201000051905,0,07,000,00,2,5,02,B01
201000051906,0,07,000,00,2,3,09,B01
201000051906,0,07,000,00,2,2,00,A01
201000051907,0,07,000,00,1,1,01,A01
201000051908,0,07,000,00,2,2,10,A01
201000051908,0,07,000,00,2,1,01,B01
201000051909,0,07,000,10,0,3,02,A01
201000051910,0,07,000,00,0,2,02,B01
201000051910,0,07,000,00,2,3,10,A01
201000051911,0,07,000,00,0,0,00,A01
201000051911,0,34,000,00,2,1,05,B01
201000051912,0,07,000,00,0,6,02,B01
201000051912,0,07,000,00,2,2,01,A01
201000051913,0,14,000,00,2,6,00,B01
201000051913,0,32,000,04,2,7,00,A01
201000051914,0,32,000,00,1,1,17,A01
201000051915,0,07,000,00,0,3,09,A01
201000051915,0,32,000,00,0,1,17,B01
201000051916,0,30,000,00,2,1,05,A01
201000051916,0,07,000,00,2,3,00,B01
201000051917,0,07,000,00,0,2,16,A01
201000051917,0,31,000,00,2,8,18,B01
201000051918,0,07,000,00,1,8,00,A01
201000051919,0,32,000,00,1,1,01,A01
201000051920,0,32,000,00,2,1,01,B01
201000051920,0,07,000,00,0,3,15,A01
201000051921,0,32,000,00,2,1,01,A01
201000051921,0,07,000,00,2,3,09,B01
201000051922,0,33,000,01,2,3,02,A01
201000051923,0,10,000,00,2,4,01,B01
201000051923,0,32,000,00,2,1,01,A01
201000051924,0,07,000,00,0,3,10,B01
201000051924,0,34,000,00,2,1,17,A01
201000051925,0,34,000,00,1,1,01,A01
201000051926,0,07,000,00,0,6,11,A01
201000051926,0,07,000,00,0,2,15,B01
201000051927,0,10,000,00,1,2,01,B01
201000051928,0,07,000,00,2,2,16,A01
201000051928,0,33,000,00,2,3,01,B01
201000051929,1,14,000,00,1,2,17,A01
201000051930,0,07,000,00,1,2,01,A01
201000051931,0,07,000,00,2,1,01,A01
201000051931,0,07,000,00,2,1,10,B01
201000051932,0,34,000,00,1,1,01,A01
201000051933,0,37,030,00,1,2,01,A01
201000051934,0,34,000,00,2,1,01,A01
201000051934,0,01,000,00,2,4,11,B01
201000051935,0,07,000,00,2,2,10,A01
201000051935,0,34,000,00,2,8,00,B01
201000051936,0,07,000,00,2,7,10,A01
201000051936,0,34,000,00,2,5,00,B01
201000051937,0,07,000,00,1,4,04,A01
201000051938,0,34,000,00,2,8,01,A01
201000051938,0,10,000,00,2,0,06,B01
201000051939,0,30,000,00,1,1,00,A01
201000051940,0,07,000,00,1,0,00,A01
201000051941,0,07,000,00,1,1,02,A01
201000051942,0,02,000,00,2,1,17,B01
201000051942,0,07,000,00,2,3,09,A01
201000051943,0,07,000,01,2,1,01,C01
201000051943,0,07,000,01,2,3,11,B01
201000051943,0,02,000,01,2,2,01,A01
201000051944,0,33,000,00,0,6,00,A01
201000051944,0,07,000,00,0,1,01,B01
201000051945,1,07,000,00,1,4,05,A01
201000051946,0,07,000,00,1,2,01,A01
201000051947,2,07,000,00,2,3,01,A01
201000051947,0,07,000,00,2,5,09,B01
201000051948,1,34,000,00,0,0,00,A01
201000051949,0,07,000,00,2,8,01,C01
201000051949,0,07,000,00,2,3,01,A01
201000051949,0,30,000,00,2,7,00,B01
201000051950,0,07,000,00,2,1,01,A01
201000051950,0,01,000,00,2,7,06,B01
201000051951,0,32,000,00,1,1,03,A01
201000051952,0,07,000,00,2,3,09,A01
201000051952,0,02,000,00,2,2,17,B01
201000051953,0,07,000,00,1,1,01,A01
201000051954,0,30,000,00,1,1,01,A01
201000051955,0,38,001,00,1,7,01,A01
201000051956,1,07,000,00,1,1,01,Z01
201000051957,0,33,000,01,1,7,02,A01
201000051958,0,07,000,00,0,6,15,A01
201000051958,0,07,000,00,2,3,18,B01
201000051959,0,32,000,00,2,1,02,B01
201000051959,0,07,000,00,2,7,01,A01
201000051960,0,07,000,00,0,2,02,A01
201000051960,0,07,000,00,0,6,00,B01
201000051961,0,07,000,00,1,3,02,A01
201000051962,0,07,000,00,2,1,02,A01
201000051962,0,07,000,08,2,7,00,B01
201000051963,0,07,000,00,1,1,01,A01
201000051964,0,07,000,00,2,3,01,A01
201000051964,1,30,000,00,0,0,00,B01
201000051965,0,07,000,00,2,2,01,A01
201000051965,0,02,000,00,2,1,01,B01
201000051966,0,07,000,00,0,3,00,A01
201000051966,0,31,000,00,2,1,02,B01
201000051967,0,07,000,15,0,6,02,A01
201000051967,0,07,000,00,2,3,01,B01
201000051968,0,33,000,00,2,2,02,B01
201000051968,0,07,000,00,2,3,02,A01
201000051969,1,33,000,00,0,0,00,A01
201000051970,0,07,000,00,1,1,00,A01
201000051971,0,07,000,00,1,0,00,A01
201000051972,0,03,000,00,0,2,15,A01
201000051972,0,31,000,00,0,1,01,B01
201000051973,0,33,000,00,2,8,02,B01
201000051973,1,07,000,00,2,0,00,Z01
201000051974,0,07,000,00,1,2,01,A01
201000051975,0,07,000,00,0,7,07,A01
201000051975,0,32,000,00,0,3,00,B01
201000051976,1,99,000,00,1,0,00,A01
201000051977,0,30,000,00,0,3,02,B01
201000051977,0,07,000,00,9,3,00,A01
201000051978,0,07,000,00,2,2,14,A01
201000051978,0,33,000,00,2,0,13,B01
201000051979,0,32,000,00,2,1,01,B01
201000051979,0,30,000,00,2,6,10,A01
201000051980,0,07,000,00,0,0,00,A01
201000051981,0,07,000,00,1,2,01,B01
201000051982,0,07,000,00,2,6,00,A01
201000051982,0,33,000,00,2,6,01,B01
201000051983,0,30,000,00,0,0,00,B01
201000051983,0,07,000,00,0,0,00,A01
201000051984,0,07,000,00,1,3,01,A01
201000051985,0,34,000,00,2,1,01,B01
201000051985,1,07,000,00,0,1,05,Z01
201000051986,0,07,000,00,2,1,02,A01
201000051986,0,32,000,00,1,4,02,B01
201000051987,0,07,000,00,0,1,01,A01
201000051987,0,07,000,00,0,7,10,B01
201000051988,0,30,000,00,2,7,09,A01
201000051988,0,32,000,00,2,1,01,B01
201000051989,0,07,000,00,1,4,04,A01
201000051990,0,07,000,00,2,8,10,A01
201000051990,0,34,000,00,2,2,03,B01
201000051991,0,07,000,00,2,3,15,B01
201000051991,1,30,000,00,2,1,01,A01
201000051992,0,07,000,00,0,2,09,A01
201000051992,0,34,000,00,0,8,02,B01
201000051993,0,07,000,00,2,2,01,B01
201000051993,0,10,000,00,0,5,15,A01
201000051994,0,10,000,00,2,2,20,A01
201000051994,0,34,000,00,2,3,02,B01
201000051995,0,07,000,08,2,3,09,A01
201000051995,0,07,000,00,2,2,01,B01
201000051996,0,07,000,00,1,1,01,A01
201000051997,2,07,000,00,2,1,05,A01
201000051997,0,07,000,00,0,0,00,B01
201000051998,0,07,000,00,0,0,00,A01
201000051999,0,07,000,00,2,1,06,A01
201000051999,0,07,000,00,2,3,01,B01
201000052000,0,34,000,00,0,8,15,A01
201000052001,0,10,000,00,1,4,04,A01
201000052002,0,07,000,00,0,0,00,A01
201000052003,0,07,000,00,2,3,06,A01
201000052003,0,07,000,00,2,3,21,B01
201000052004,0,07,000,00,1,1,00,A01
201000052005,0,32,000,00,2,1,01,A01
201000052005,0,07,000,00,9,3,15,B01
201000052006,0,07,000,05,9,3,01,A01
201000052006,0,07,000,00,2,2,00,B01
201000052007,0,07,000,00,1,7,17,A01
201000052008,0,07,000,00,0,8,02,B01
201000052008,0,14,000,00,0,1,02,A01
201000052009,0,07,000,00,1,2,01,A01
201000052010,0,07,000,00,2,1,01,A01
201000052010,0,32,000,00,2,1,01,B01
201000052011,0,07,000,00,1,1,16,A01
201000052012,0,32,000,00,2,1,17,A01
201000052012,0,07,000,00,2,3,23,C01
201000052012,0,07,000,00,0,3,15,B01
201000052013,0,07,000,00,0,1,00,A01
201000052014,0,10,000,00,1,3,01,A01
201000052015,0,33,000,00,2,1,01,B01
201000052015,0,07,000,00,2,2,15,A01
201000052016,0,07,000,01,0,3,17,A01
201000052016,0,02,000,00,2,1,01,B01
201000052017,0,07,000,00,1,7,16,A01
201000052018,0,32,000,00,2,2,02,A01
201000052018,0,07,000,00,9,3,02,B01
201000052019,0,07,000,00,1,1,15,A01
201000052020,0,32,000,00,2,1,01,A01
201000052020,0,07,000,00,2,3,01,B01
201000052021,0,07,000,00,1,1,01,A01
201000052022,0,07,000,00,0,4,23,B01
201000052022,2,10,000,00,2,1,02,A01
201000052023,0,07,000,01,0,2,00,A01
201000052024,0,07,000,01,0,2,01,A01
201000052025,0,07,000,01,0,1,02,A01
201000052025,0,07,000,00,0,4,23,B01
201000052026,1,07,000,00,2,1,01,A01
201000052026,0,32,000,00,2,1,21,B01
201000052027,0,10,000,12,2,5,23,B01
201000052027,0,07,000,00,2,1,01,A01
201000052028,0,10,000,00,2,3,19,B01
201000052028,0,33,000,00,2,1,17,A01
201000052029,0,07,000,00,1,2,01,A01
201000052030,0,07,000,00,0,6,02,A01
201000052030,0,07,000,00,0,3,01,B01
201000052031,0,07,000,00,0,4,02,C01
201000052031,0,07,000,00,0,1,02,A01
201000052031,0,07,000,00,0,9,02,B01
201000052032,0,99,000,00,2,1,00,A01
201000052032,0,07,000,00,2,3,01,B01
201000052033,0,07,000,00,0,8,17,A01
201000052033,0,02,000,00,0,7,17,B01
201000052034,0,07,000,00,2,2,02,A01
201000052034,0,33,000,00,2,8,01,B01
201000052035,0,07,000,00,1,1,00,A01
201000052036,0,07,000,00,1,1,01,A01
201000052037,0,13,000,01,0,2,02,A01
201000052037,0,31,000,01,0,8,01,B01
201000052038,0,07,000,09,5,7,21,A01
201000052039,0,07,000,00,1,1,15,A01
201000052040,0,07,000,00,2,1,01,B01
201000052040,0,07,000,15,2,2,19,A01
201000052041,0,34,000,00,2,1,01,B01
201000052041,0,07,000,00,2,3,09,A01
201000052042,0,07,000,14,0,1,06,A01
201000052043,0,34,000,00,0,1,01,B01
201000052043,0,07,000,00,0,2,01,A01
201000052044,0,07,000,00,2,3,15,B01
201000052044,0,33,000,01,2,3,01,A01
201000052044,0,07,000,00,2,3,23,C01
201000052045,0,37,000,01,1,1,01,A01
201000052046,0,10,000,00,1,3,00,A01
201000052047,0,02,000,00,2,7,00,B01
201000052047,0,13,000,00,2,0,00,A01
201000052048,1,03,000,00,9,1,01,Z01
201000052049,0,07,000,00,1,2,15,A01
201000052050,0,07,000,00,1,2,21,A01
201000052051,0,30,000,00,2,8,02,B01
201000052051,0,07,000,00,0,8,10,A01
201000052052,0,07,000,00,1,2,00,A01
201000052053,0,07,000,00,0,1,00,B01
201000052053,0,07,000,00,0,8,00,A01
201000052054,0,34,000,00,2,3,18,A01
201000052054,0,15,000,00,2,2,16,B01
201000052055,0,07,000,00,2,1,01,A01
201000052055,0,07,000,00,2,4,01,B01
201000052056,1,07,000,00,2,1,00,A01
201000052056,0,07,000,00,0,4,00,B01
201000052056,0,07,000,00,0,4,00,C01
201000052057,0,32,000,00,2,2,02,A01
201000052057,0,07,000,00,9,3,00,B01
201000052058,0,07,000,00,2,1,02,A01
201000052058,0,07,000,00,0,4,01,B01
201000052059,0,07,000,14,2,0,00,A01
201000052059,0,31,000,00,2,2,02,B01
201000052059,0,07,000,01,0,6,00,C01
201000052060,0,10,000,00,1,3,00,A01
201000052061,0,07,000,00,1,1,01,A01
201000052062,0,07,000,00,1,0,00,A01
201000052063,0,07,000,00,2,2,01,A01
201000052063,0,07,000,00,0,6,23,B01
201000052064,0,99,000,00,0,0,00,A01
201000052065,0,07,000,00,1,2,11,A01
201000052066,0,07,000,00,2,7,15,A01
201000052066,0,33,000,00,2,1,01,B01
201000052067,0,07,000,00,1,3,01,A01
201000052068,0,07,000,00,0,3,00,A01
201000052069,0,07,000,00,2,7,01,A01
201000052069,0,07,000,00,2,1,01,B01
201000052070,0,07,000,00,2,0,15,A01
201000052070,0,33,000,00,2,1,01,B01
201000052071,0,07,000,00,1,2,00,A01
201000052072,0,07,000,00,1,3,01,A01
201000052073,0,07,000,00,0,1,05,A01
201000052073,0,07,000,00,0,1,00,B01
201000052074,0,07,000,00,1,0,02,A01
201000052075,0,07,000,00,0,4,23,B01
201000052075,0,07,000,00,0,1,01,A01
201000052076,0,07,000,00,0,8,05,C01
201000052076,2,07,000,00,0,1,05,A01
201000052076,0,07,000,00,0,3,05,B01
201000052077,0,36,000,12,0,2,01,A01
201000052078,0,07,000,00,2,1,01,A01
201000052078,0,07,000,00,2,3,16,B01
201000052079,1,07,000,00,2,6,01,B01
201000052080,0,33,000,00,0,1,05,B01
201000052080,0,07,000,00,0,3,15,A01
201000052081,0,07,000,00,2,2,15,A01
201000052081,0,07,000,00,2,1,01,B01
201000052082,0,07,000,00,1,3,00,A01
201000052083,0,07,000,00,1,3,00,A01
201000052084,0,07,000,00,1,3,01,A01
201000052085,0,07,000,00,1,0,04,A01
201000052086,0,07,000,08,0,1,09,A01
201000052087,0,07,000,08,0,1,01,A01
201000052088,0,07,000,00,1,1,00,A01
201000052089,0,07,000,00,1,1,01,A01
201000052090,0,07,000,00,2,1,01,B01
201000052090,0,07,000,00,2,1,10,A01
201000052091,0,07,000,00,0,1,01,A01
201000052091,0,33,000,00,0,4,01,B01
201000052092,0,07,000,00,1,5,01,A01
201000052093,0,01,000,00,0,1,19,A01
201000052093,0,07,000,00,0,1,01,B01
201000052094,0,07,000,00,0,8,01,A01
201000052094,0,30,000,00,0,1,01,B01
201000052095,0,07,000,00,2,1,02,A01
201000052095,0,07,000,00,2,4,02,B01
201000052096,0,34,000,00,2,2,01,A01
201000052096,0,07,000,00,2,7,15,B01
201000052097,0,07,000,00,2,1,02,B01
201000052097,0,07,000,00,2,4,04,A01
201000052098,0,07,000,00,2,3,01,A01
201000052098,0,02,000,00,1,6,01,B01
201000052099,0,10,000,00,2,4,02,B01
201000052099,0,10,000,00,2,1,02,A01
201000052100,0,07,000,00,2,3,01,A01
201000052100,0,07,000,00,2,2,15,B01
201000052101,0,30,000,16,0,8,21,A01
201000052101,0,13,000,00,0,0,01,B01
201000052102,0,30,000,00,2,1,02,A01
201000052102,0,07,000,00,2,5,20,B01
201000052103,0,35,000,00,1,1,01,A01
201000052104,0,07,000,00,0,4,02,B01
201000052104,0,07,000,00,2,1,09,A01
201000052105,0,07,000,01,2,1,02,B01
201000052105,0,07,000,00,2,6,23,A01
201000052106,0,07,000,00,2,4,01,B01
201000052106,0,07,000,14,2,1,02,A01
201000052107,0,07,000,02,0,1,01,A01
201000052108,0,07,000,14,0,1,14,A01
201000052109,0,33,000,00,2,1,01,A01
201000052109,0,07,000,00,2,5,15,B01
201000052110,0,30,000,00,2,7,23,A01
201000052110,0,07,000,01,0,1,20,B01
201000052111,0,34,000,00,5,1,00,A01
201000052112,0,07,000,00,1,1,01,A01
201000052113,0,07,000,01,0,2,00,A01
201000052114,0,07,000,00,0,6,00,B01
201000052114,0,07,000,01,0,2,01,A01
201000052115,0,37,001,00,1,5,07,A01
201000052116,0,10,000,00,2,3,01,A01
201000052116,0,07,000,00,4,4,00,B01
201000052117,0,07,000,00,0,2,01,B01
201000052117,0,07,000,11,2,1,01,A01
201000052118,0,33,000,00,0,3,18,A01
201000052118,0,07,000,00,0,7,01,B01
201000052119,0,10,000,00,0,1,02,A01
201000052119,0,10,000,00,0,4,02,B01
201000052120,0,07,000,00,0,0,00,A01
201000052120,0,33,000,00,0,0,00,B01
201000052121,0,07,000,00,1,1,01,A01
201000052122,0,32,000,00,2,7,01,B01
201000052122,0,07,000,00,2,2,01,A01
201000052123,0,07,000,00,2,7,19,B01
201000052123,2,07,000,00,2,1,01,A01
201000052124,0,07,000,00,2,4,02,B01
201000052124,0,07,000,00,2,1,02,A01
201000052125,1,07,000,00,0,0,00,A01
201000052126,0,07,000,08,0,8,00,A01
201000052127,0,07,000,00,0,1,01,A01
201000052128,0,07,000,00,2,6,15,B01
201000052128,0,02,000,00,2,1,17,A01
201000052129,0,07,000,00,2,2,00,B01
201000052129,0,07,000,00,2,3,10,A01
201000052130,0,07,000,06,0,4,04,A01
201000052131,0,07,000,00,0,1,00,B01
201000052131,0,07,000,00,0,1,13,A01
201000052132,0,07,000,00,0,3,01,A01
201000052132,0,02,000,00,0,1,11,Y01
201000052133,0,07,000,00,0,4,02,C01
201000052133,0,07,000,00,2,1,02,A01
201000052133,0,07,000,00,2,4,02,B01
201000052134,1,07,000,00,0,0,00,A01
201000052135,0,33,000,00,1,1,01,A01
201000052136,0,07,000,00,1,6,04,A01
201000052137,0,07,000,00,2,3,05,A01
201000052137,0,10,000,00,2,3,00,B01
201000052138,0,07,000,00,0,4,23,B01
201000052138,0,33,000,00,2,8,02,A01
201000052139,0,07,000,12,1,2,02,A01
201000052140,0,07,000,00,0,0,00,A01
201000052140,0,34,000,01,0,0,21,B01
201000052141,0,07,000,00,1,8,19,A01
201000052141,0,33,000,00,2,1,21,B01
201000052142,0,07,000,09,0,1,00,A01
201000052142,0,07,000,09,0,6,00,B01
201000052143,0,07,000,00,2,1,02,A01
201000052143,0,37,001,00,2,4,02,B01
201000052144,0,07,000,00,2,6,01,B01