Num_Acc,senc,catv,occutc,obs,obsm,choc,manv,num_veh
201000052144,0,07,000,00,2,1,15,A01
201000052145,0,07,000,00,0,0,00,A01
201000052145,0,07,000,00,0,0,00,B01
201000052146,0,02,000,00,2,8,02,B01
201000052146,0,33,000,14,0,0,02,A01
201000052147,0,10,000,00,2,1,02,A01
201000052147,0,07,000,00,0,4,02,B01
201000052148,0,07,000,00,0,0,00,A01
201000052149,0,32,000,00,0,0,00,B01
201000052149,0,07,000,00,0,0,00,A01
201000052150,0,07,000,00,2,3,15,A01
201000052150,0,07,000,00,2,3,02,B01
201000052151,0,33,000,00,1,7,01,A01
201000052152,0,02,000,00,2,1,01,A01
201000052152,0,07,000,00,2,3,02,B01
201000052153,0,37,000,16,0,0,00,A01
201000052154,1,07,000,00,1,0,00,A01
201000052155,0,07,000,00,0,4,23,B01
201000052155,0,07,000,00,2,1,16,A01
201000052156,1,07,000,00,1,0,00,A01
201000052157,0,07,000,00,1,1,01,A01
201000052158,0,07,000,03,0,1,00,A01
201000052159,0,37,001,00,2,3,02,B01
201000052159,0,07,000,00,2,7,12,A01
201000052160,0,10,000,00,1,2,00,A01
201000052161,0,07,000,00,1,0,00,A01
201000052162,0,10,000,00,1,1,00,A01
201000052163,0,07,000,00,0,4,00,A01
201000052163,0,07,000,00,0,0,00,B01
201000052164,0,33,000,03,0,2,21,A01
201000052165,0,07,000,00,1,1,19,A01
201000052166,0,07,000,00,2,4,02,B01
201000052166,0,13,000,00,2,1,02,A01
201000052167,0,07,000,00,2,3,13,A01
201000052167,0,07,000,00,2,3,13,B01
201000052168,0,07,000,00,0,1,01,A01
201000052169,0,07,000,00,1,2,01,A01
201000052170,0,30,000,00,1,1,01,A01
201000052171,2,07,000,00,2,1,02,C01
201000052171,0,07,000,00,2,4,04,A01
201000052171,0,07,000,00,2,9,02,B01
201000052172,0,07,000,01,2,1,02,A01
201000052172,0,07,000,00,2,1,09,B01
201000052173,0,31,000,00,0,7,01,A01
201000052174,0,07,000,00,2,3,01,B01
201000052174,0,30,000,00,2,1,01,A01
201000052175,0,07,000,14,2,8,01,B01
201000052175,0,07,000,00,2,1,01,A01
201000052176,0,34,000,00,2,1,21,B01
201000052176,0,07,000,00,2,8,15,A01
201000052177,0,07,000,00,0,1,15,A01
201000052177,0,07,000,00,2,3,21,B01
201000052178,0,07,000,00,1,3,02,A01
201000052179,0,07,000,00,9,1,01,A01
201000052179,0,01,000,00,2,7,19,B01
201000052180,0,07,000,00,0,7,15,A01
201000052180,0,07,000,00,0,2,01,B01
201000052181,0,07,000,00,1,2,01,A01
201000052182,0,02,000,00,2,1,17,A01
201000052182,0,07,000,00,2,3,15,B01
201000052183,0,07,000,00,2,3,13,A01
201000052183,0,02,000,00,0,2,17,B01
201000052184,0,07,000,00,2,6,22,A01
201000052184,0,34,000,00,2,1,17,B01
201000052185,0,34,000,00,2,2,17,B01
201000052185,0,07,000,00,2,3,09,A01
201000052186,0,07,000,00,1,0,01,A01
201000052187,0,33,000,01,0,1,01,A01
201000052188,0,07,000,00,0,3,15,A01
201000052188,0,30,000,00,2,1,17,B01
201000052189,0,07,000,00,2,2,01,B01
201000052189,0,07,000,00,2,3,09,A01
201000052190,0,33,000,00,2,7,00,B01
201000052190,0,07,000,00,2,3,15,A01
201000052191,0,32,000,00,0,5,02,B01
201000052191,0,07,000,00,0,2,02,A01
201000052192,0,07,000,00,2,2,12,A01
201000052192,0,30,000,00,2,1,01,B01
201000052193,0,07,000,00,2,2,10,A01
201000052193,0,33,000,00,2,1,01,B01
201000052194,0,07,000,00,2,1,15,A01
201000052194,0,02,000,00,2,5,01,B01
201000052195,0,07,000,00,1,2,01,A01
201000052196,0,10,000,00,1,1,15,A01
201000052197,0,33,000,00,2,8,01,B01
201000052197,0,07,000,00,2,1,01,A01
201000052198,0,07,000,00,1,3,15,A01
201000052199,0,07,000,00,2,3,09,A01
201000052199,0,02,000,00,2,1,01,B01
201000052200,0,07,000,00,1,3,05,A01
201000052201,0,10,000,00,2,5,16,B01
201000052201,0,07,000,00,2,3,02,A01
201000052202,0,07,000,00,2,1,02,A01
201000052202,0,30,000,00,0,4,01,B01
201000052203,0,07,000,00,2,1,01,A01
201000052203,0,02,000,00,0,4,01,B01
201000052204,0,07,000,00,2,1,02,A01
201000052204,0,07,000,00,2,4,23,C01
201000052204,0,07,000,00,2,4,23,B01
201000052205,0,07,000,00,2,8,17,A01
201000052205,0,30,000,00,2,2,17,B01
201000052206,0,07,000,00,1,1,17,A01
201000052207,0,07,000,00,1,2,01,A01
201000052208,0,07,000,06,0,1,01,A01
201000052209,0,07,000,11,0,2,01,A01
201000052210,0,07,000,08,0,2,09,B01
201000052211,0,07,000,00,2,8,01,B01
201000052211,0,07,000,00,2,1,01,A01
201000052212,0,10,000,00,1,1,01,A01
201000052213,0,07,000,00,1,1,01,A01
201000052214,0,07,000,00,2,4,04,A01
201000052214,0,01,000,00,2,1,01,B01
201000052215,0,07,000,00,1,1,15,A01
201000052216,0,07,000,00,2,3,15,B01
201000052216,0,02,000,00,2,8,17,A01
201000052217,0,07,000,01,9,9,01,A01
201000052218,0,07,000,00,1,2,13,A01
201000052219,0,37,001,00,1,2,01,A01
201000052220,0,07,000,00,2,3,15,A01
201000052220,0,33,000,00,2,1,01,B01
201000052221,0,30,000,00,2,1,01,B01
201000052221,0,07,000,00,2,5,15,A01
201000052222,0,07,000,00,0,6,15,A01
201000052222,0,34,000,00,2,1,17,B01
201000052223,0,07,000,06,0,1,01,A01
201000052224,0,07,000,00,2,4,02,B01
201000052224,0,07,000,00,2,1,02,A01
201000052225,0,33,000,00,2,1,02,A01
201000052225,0,07,000,00,2,4,02,B01
201000052226,0,07,000,02,0,1,01,A01
201000052227,0,02,000,00,2,1,01,B01
201000052227,0,07,000,00,2,2,15,A01
201000052228,0,07,000,00,1,1,01,A01
201000052229,0,07,000,09,2,1,01,A01
201000052229,0,07,000,00,2,3,15,B01
201000052230,0,07,000,00,2,8,10,A01
201000052230,0,31,000,00,2,1,17,B01
201000052231,0,33,000,16,0,8,01,A01
201000052232,2,32,000,00,2,1,17,B01
201000052232,0,07,000,00,2,3,09,A01
201000052233,0,07,000,02,0,1,01,A01
201000052234,0,10,000,00,2,1,02,A01
201000052234,0,07,000,00,2,1,23,C01
201000052234,0,07,000,00,2,1,11,B01
201000052235,0,31,000,04,0,1,18,A01
201000052235,0,07,000,00,2,2,01,B01
201000052236,0,02,000,01,0,2,01,B01
201000052236,0,10,000,00,0,3,22,A01
201000052237,0,07,000,00,2,6,17,A01
201000052237,0,07,000,00,2,2,01,B01
201000052238,0,07,000,00,0,4,01,A01
201000052238,0,10,000,00,2,1,02,B01
201000052239,0,07,000,00,2,1,01,B01
201000052239,0,07,000,00,2,2,15,A01
201000052240,0,10,000,00,1,1,17,A01
201000052241,0,07,000,00,2,3,19,A01
201000052241,0,07,000,00,2,3,01,B01
201000052242,0,07,000,00,1,0,01,A01
201000052243,0,07,000,00,2,6,01,B01
201000052243,1,07,000,00,2,0,01,A01
201000052244,0,07,000,00,1,2,01,A01
201000052245,0,07,000,15,0,2,01,A01
201000052246,0,07,000,09,0,2,01,A01
201000052247,0,07,000,00,1,1,01,A01
201000052248,0,37,002,00,2,2,21,A01
201000052248,0,14,000,00,2,6,23,B01
201000052249,0,30,000,00,2,1,01,B01
201000052249,0,30,000,00,0,1,01,A01
201000052250,0,07,000,00,2,1,21,B01
201000052250,0,02,000,00,2,7,05,A01
201000052251,0,10,000,00,1,3,01,A01
201000052252,0,30,000,00,2,7,17,A01
201000052252,0,07,000,00,2,8,15,B01
201000052253,0,07,000,00,2,1,01,B01
201000052253,0,07,000,00,2,2,15,A01
201000052254,0,32,000,12,0,7,01,A01
201000052255,0,07,000,00,2,8,01,B01
201000052255,0,07,000,14,2,1,05,A01
201000052256,2,10,000,00,2,1,15,A01
201000052256,0,02,000,00,2,7,01,B01
201000052257,1,30,000,00,1,2,01,A01
201000052258,0,30,000,00,2,3,01,A01
201000052258,0,37,001,00,2,8,01,B01
201000052259,0,07,000,00,1,1,02,A01
201000052260,0,13,000,00,0,8,11,A01
201000052260,0,33,000,00,2,7,17,B01
201000052261,0,37,001,00,0,6,24,B01
201000052261,0,31,000,01,,1,17,A01
201000052262,0,10,000,00,0,1,01,A01
201000052262,0,07,000,00,0,8,01,B01
201000052263,0,02,000,01,2,1,17,A01
201000052263,0,07,000,00,0,8,17,B01
201000052264,0,33,000,00,0,7,17,B01
201000052264,0,07,000,00,0,3,15,A01
201000052265,0,07,000,00,2,2,01,B01
201000052265,0,30,000,00,2,1,10,A01
201000052266,0,07,000,00,2,4,01,B01
201000052266,1,07,000,00,2,1,02,Z01
201000052267,0,07,000,00,2,7,04,A01
201000052267,0,31,000,00,2,1,01,B01
201000052268,0,34,000,00,2,1,01,A01
201000052268,0,07,000,00,2,3,01,B01
201000052269,0,07,000,00,2,3,15,A01
201000052269,0,33,000,00,2,1,01,B01
201000052270,0,33,000,00,2,1,01,A01
201000052270,0,10,000,00,2,4,10,B01
201000052271,0,07,000,00,2,7,15,B01
201000052271,0,02,000,00,0,7,01,A01
201000052272,0,07,000,00,2,1,02,A01
201000052272,0,07,000,00,2,4,02,B01
201000052273,0,07,000,15,0,1,01,A01
201000052274,0,07,000,00,0,4,00,B01
201000052274,0,07,000,00,0,1,02,A01
201000052275,0,07,000,14,0,6,01,A01
201000052276,0,07,000,00,1,1,16,A01
201000052277,0,01,000,00,2,5,17,A01
201000052277,0,37,058,00,2,3,01,B01
201000052278,0,07,000,00,2,3,01,B01
201000052278,0,10,000,00,2,6,15,A01
201000052279,0,07,000,02,0,1,01,A01
201000052280,0,01,000,00,2,4,19,B01
201000052280,0,37,001,00,2,3,01,A01
201000052281,0,07,000,00,2,2,10,A01
201000052281,0,33,000,00,2,8,21,B01
201000052282,0,01,000,00,2,3,01,B01
201000052282,0,07,000,00,2,2,01,A01
201000052283,0,02,000,00,2,3,01,B01
201000052283,0,30,000,00,2,3,17,A01
201000052284,0,07,000,04,0,1,01,A01
201000052285,0,07,000,00,2,1,02,A01
201000052285,0,07,000,00,2,4,01,B01
201000052286,0,33,000,00,2,1,01,B01
201000052286,0,07,000,00,2,3,15,A01
201000052287,0,32,000,00,2,7,01,B01
201000052287,0,10,000,15,4,1,17,A01
201000052288,0,07,000,00,2,2,09,A01
201000052288,0,33,000,00,2,1,01,B01
201000052289,0,07,000,00,2,4,04,A01
201000052290,0,02,000,00,2,1,01,A01
201000052290,0,07,000,00,2,2,15,B01
201000052291,0,07,000,00,2,1,01,B01
201000052291,0,07,000,00,2,8,15,A01
201000052292,0,07,000,00,2,1,02,A01
201000052292,0,07,000,00,1,1,23,B01
201000052293,0,10,000,00,2,2,01,A01
201000052293,0,07,000,00,2,3,17,B01
201000052294,0,33,000,00,0,1,01,A01
201000052295,0,07,000,00,2,2,01,B01
201000052295,0,01,000,00,2,2,15,A01
201000052296,0,07,000,00,1,1,01,A01
201000052297,0,33,000,00,2,1,01,B01
201000052297,1,07,000,00,2,2,15,A01
201000052298,0,33,000,00,1,1,01,A01
201000052299,0,30,000,02,0,1,01,A01
201000052300,0,02,000,00,2,1,17,A01
201000052300,0,07,000,00,2,3,15,B01
201000052301,0,07,000,00,2,4,01,B01
201000052301,0,07,000,00,2,1,02,A01
201000052302,0,07,000,00,9,1,01,B01
201000052302,0,07,000,00,0,6,01,A01
201000052303,0,33,000,00,2,1,17,A01
201000052303,0,07,000,00,2,3,15,B01
201000052304,0,07,000,00,2,8,15,A01
201000052304,0,07,000,00,2,3,01,B01
201000052305,0,02,000,00,2,1,13,A01
201000052305,0,07,000,00,2,1,01,B01
201000052306,0,07,000,00,2,8,11,A01
201000052306,0,31,000,00,2,3,01,B01
201000052307,0,07,000,00,2,1,13,A01
201000052307,0,10,000,00,2,1,01,B01
201000052308,0,07,000,04,0,1,01,A01
201000052309,0,07,000,00,2,1,01,B01
201000052309,0,07,000,00,2,7,13,A01
201000052310,0,32,000,00,2,3,19,A01
201000052310,0,07,000,00,2,2,01,B01
201000052311,0,07,000,00,2,3,16,A01
201000052311,0,07,000,00,2,3,15,B01
201000052312,0,07,000,00,1,2,01,A01
201000052313,0,07,000,00,1,1,20,A01
201000052314,0,31,000,00,0,0,01,A01
201000052314,0,07,000,00,0,0,01,B01
201000052315,0,02,000,14,0,7,01,A01
201000052316,1,07,000,00,0,0,01,B01
201000052316,0,33,000,00,0,7,21,A01
201000052317,0,07,000,00,2,1,01,B01
201000052317,0,07,000,00,2,7,01,A01
201000052318,0,07,000,00,2,2,01,B01
201000052318,0,07,000,00,2,3,15,A01
201000052319,0,10,000,00,2,6,01,B01
201000052319,0,07,000,00,2,2,01,A01
201000052320,0,07,000,00,2,1,01,B01
201000052320,0,07,000,00,2,1,01,A01
201000052321,0,07,000,00,2,1,01,B01
201000052321,0,07,000,08,2,1,01,A01
201000052322,0,07,000,12,0,1,09,A01
201000052323,0,07,000,00,2,1,02,A01
201000052323,0,07,000,00,2,4,02,C01
201000052323,0,07,000,00,2,4,23,D01
201000052323,0,07,000,00,2,4,02,B01
201000052324,0,07,000,01,0,2,17,A01
201000052325,0,07,000,11,0,1,01,A01
201000052326,0,33,000,00,2,2,02,B01
201000052326,0,07,000,00,2,6,15,A01
201000052327,0,30,000,00,2,1,01,A01
201000052327,0,07,000,00,2,3,01,B01
201000052328,0,07,000,00,1,2,01,A01
201000052329,0,30,000,00,2,1,18,A01
201000052329,0,07,000,00,2,6,16,B01
201000052330,0,07,000,00,2,1,01,A01
201000052330,0,07,000,00,2,4,01,B01
201000052331,0,07,000,00,2,3,01,A01
201000052331,0,02,000,00,2,4,15,B01
201000052332,0,07,000,00,1,1,01,A01
201000052333,0,07,000,00,1,1,01,A01
201000052334,0,10,000,00,2,4,15,B01
201000052334,0,33,000,00,2,1,01,A01
201000052335,0,07,000,00,1,1,01,A01
201000052336,0,07,000,00,2,6,10,A01
201000052336,0,33,000,00,2,7,01,B01
201000052337,0,07,000,00,2,4,18,A01
201000052337,0,37,003,00,2,1,01,B01
201000052338,0,07,000,00,2,1,02,A01
201000052338,0,07,000,00,0,4,01,B01
201000052339,0,07,000,00,1,1,01,A01
201000052340,0,34,000,04,0,1,01,A01
201000052341,0,10,000,00,2,4,23,B01
201000052341,0,07,000,00,2,4,23,C01
201000052341,0,07,000,00,2,1,02,A01
201000052342,0,07,000,00,1,2,01,A01
201000052343,0,07,000,08,2,8,01,B01
201000052343,0,10,000,00,2,1,01,A01
201000052344,0,07,000,00,2,4,01,B01
201000052344,0,07,000,00,2,1,01,A01
201000052345,0,07,000,00,2,1,17,A01
201000052345,0,07,000,00,2,1,01,B01
201000052346,0,07,000,00,2,8,10,B01
201000052346,0,30,000,00,2,2,17,A01
201000052347,0,07,000,00,2,3,13,B01
201000052347,0,33,000,00,2,2,17,A01
201000052348,0,07,000,00,2,2,01,A01
201000052348,0,01,000,00,2,4,01,B01
201000052349,0,07,000,00,2,1,01,B01
201000052349,0,34,000,00,2,4,01,A01
201000052350,0,30,000,11,0,1,19,A01
201000052351,0,07,000,00,2,3,09,A01
201000052351,0,30,000,00,2,2,01,B01
201000052352,0,07,000,00,2,2,10,A01
201000052352,0,33,000,00,2,1,01,B01
201000052353,0,07,000,00,2,9,09,A01
201000052353,0,07,000,00,2,1,01,C01
201000052353,0,07,000,00,2,3,01,D01
201000052353,0,07,000,00,2,8,01,B01
201000052354,0,07,000,08,1,2,20,A01
201000052355,0,14,000,00,1,1,01,A01
201000052356,0,07,000,00,1,3,01,A01
201000052357,0,07,000,00,2,5,12,A01
201000052357,0,34,000,00,2,1,01,B01
201000052358,0,14,000,00,2,2,09,A01
201000052358,0,10,000,00,0,3,01,B01
201000052359,0,07,000,00,2,3,09,A01
201000052359,0,33,000,00,2,8,09,B01
201000052360,0,07,000,00,1,2,01,A01
201000052361,0,10,000,00,2,3,15,A01
201000052361,0,33,000,00,2,1,17,B01
201000052362,0,30,000,00,2,1,01,B01
201000052362,0,07,000,00,2,3,10,A01
201000052363,0,07,000,00,9,1,01,A01
201000052363,0,01,000,00,2,1,01,B01
201000052363,0,01,000,00,2,2,01,C01
201000052364,0,07,000,00,2,1,01,B01
201000052364,0,99,000,00,2,1,21,A01
201000052365,0,07,000,00,1,3,01,A01
201000052366,0,33,000,00,2,1,01,B01
201000052366,0,07,000,00,2,3,01,A01
201000052367,0,07,000,00,2,3,01,B01
201000052367,0,07,000,00,2,2,01,A01
201000052368,0,07,000,00,2,3,01,B01
201000052368,0,07,000,00,2,2,01,A01
201000052369,1,02,000,00,2,2,17,A01
201000052369,0,02,000,00,2,3,01,B01
201000052370,0,07,000,00,2,4,15,B01
201000052370,0,02,000,00,2,1,01,A01
201000052371,1,20,000,00,1,0,01,A01
201000052372,0,07,000,00,2,1,01,A01
201000052372,0,07,000,00,2,1,01,B01
201000052373,0,07,000,00,2,6,01,B01
201000052373,0,07,000,00,2,1,15,A01
201000052374,0,30,000,00,2,1,01,B01
201000052374,0,07,000,00,2,3,09,A01
201000052375,0,37,001,00,1,1,01,A01
201000052376,0,10,000,16,0,0,01,A01
201000052377,0,07,000,00,1,2,01,A01
201000052378,0,13,000,00,2,8,22,A01
201000052378,0,01,000,01,0,1,01,B01
201000052379,0,02,000,00,1,1,01,A01
201000052380,0,07,000,00,1,1,10,A01
201000052381,0,07,000,00,1,4,04,A01
201000052382,0,33,000,00,1,1,01,A01
201000052383,0,07,000,00,1,3,01,A01
201000052384,0,07,000,00,1,2,15,A01
201000052385,0,30,000,00,1,1,01,A01
201000052386,0,36,000,00,1,1,01,A01
201000052387,0,33,000,00,2,2,01,B01
201000052387,0,07,000,00,2,0,11,A01
201000052388,0,07,000,00,1,1,16,A01
201000052389,0,07,000,00,2,1,13,A01
201000052389,0,07,000,00,2,3,01,B01
201000052390,0,07,000,00,2,2,01,A01
201000052390,0,02,000,00,2,1,01,B01
201000052391,0,07,000,00,2,1,01,A01
201000052391,0,07,000,00,2,4,01,B01
201000052392,0,07,000,00,2,4,23,C01
201000052392,0,07,000,00,2,4,23,B01
201000052392,0,07,000,00,2,1,01,A01
201000052393,0,07,000,00,2,7,15,A01
201000052393,0,32,000,00,2,7,01,B01
201000052394,0,07,000,00,1,3,09,A01
201000052395,0,07,000,00,2,1,01,A01
201000052395,0,30,000,00,2,8,01,B01
201000052396,0,37,001,00,0,1,01,A01
201000052396,0,07,000,00,0,4,01,B01
201000052397,0,07,000,00,2,8,15,B01
201000052397,0,02,000,00,2,1,17,A01
201000052398,0,30,000,00,2,1,01,B01
201000052398,0,07,000,00,2,2,01,A01
201000052399,0,07,000,00,2,1,01,A01
201000052399,0,07,000,00,2,1,01,B01
201000052400,0,07,000,00,2,2,15,A01
201000052400,0,01,000,00,2,1,01,B01
201000052401,0,07,000,00,2,1,01,B01
201000052401,0,10,000,00,2,2,01,A01
201000052402,0,07,000,00,2,3,15,B01
201000052402,0,02,000,00,2,2,17,A01
201000052403,0,10,000,00,2,3,11,A01
201000052403,0,30,000,00,2,2,01,B01
201000052404,0,07,000,01,2,3,17,A01
201000052404,0,30,000,00,2,2,17,B01
201000052404,0,07,000,01,2,3,01,C01
201000052405,0,07,000,00,1,4,20,A01
201000052406,0,10,000,06,2,4,01,A01
201000052406,0,07,000,00,2,1,01,B01
201000052407,0,02,000,00,2,3,01,A01
201000052407,0,07,000,00,2,2,17,B01
201000052408,0,07,000,00,2,4,20,A01
201000052408,0,32,000,00,2,8,01,B01
201000052409,0,10,000,00,0,6,04,A01
201000052409,0,01,000,00,2,1,01,B01
201000052410,0,07,000,00,2,3,10,A01
201000052410,0,31,000,00,2,1,01,B01
201000052411,0,07,000,00,2,4,23,B01
201000052411,0,07,000,00,2,1,01,A01
201000052412,0,07,000,00,1,2,15,A01
201000052413,0,07,000,12,0,1,01,A01
201000052414,0,07,000,00,2,3,15,B01
201000052414,0,07,000,00,2,1,17,A01
201000052415,0,07,000,00,1,7,01,A01
201000052416,0,07,000,01,2,3,01,A01
201000052416,0,07,000,00,2,5,12,B01
201000052417,0,07,000,00,2,3,01,B01
201000052417,0,07,000,00,2,3,13,A01
201000052418,0,07,000,00,0,0,15,A01
201000052418,0,33,000,00,2,7,21,B01
201000052419,0,30,000,00,2,1,01,A01
201000052419,0,07,000,00,2,3,01,B01
201000052420,0,07,000,00,2,2,01,A01
201000052420,0,07,000,01,2,3,13,B01
201000052421,0,33,000,00,1,1,01,A01
201000052422,0,02,000,00,2,8,09,A01
201000052422,0,07,000,00,2,1,01,B01
201000052423,0,33,000,00,2,1,18,A01
201000052423,0,07,000,00,2,2,16,B01
201000052424,0,07,000,00,1,2,01,A01
201000052425,0,02,000,00,2,1,05,A01
201000052425,0,07,000,00,2,1,01,B01
201000052426,0,07,000,00,2,7,15,A01
201000052426,0,01,000,00,2,8,13,B01
201000052427,1,07,000,00,1,0,00,Z01
201000052428,0,33,000,00,2,8,01,A01
201000052428,0,07,000,00,2,1,16,B01
201000052429,0,07,000,00,1,3,01,A01
201000052430,0,31,000,01,2,1,01,B01
201000052430,0,07,000,00,2,3,22,A01
201000052431,0,07,000,00,2,3,15,B01
201000052431,0,30,000,00,2,2,01,A01
201000052432,0,10,000,00,2,6,23,A01
201000052432,0,01,000,00,2,1,02,B01
201000052433,0,31,000,01,2,3,01,B01
201000052433,0,10,000,00,2,2,11,A01
201000052434,0,02,000,00,1,7,17,A01
201000052435,0,07,000,00,1,1,01,A01
201000052436,0,32,000,00,2,1,01,B01
201000052436,0,07,000,02,2,1,15,A01
201000052437,0,07,000,00,2,3,10,A01
201000052437,0,07,000,00,2,1,01,B01
201000052438,0,07,000,00,2,1,15,A01
201000052438,0,02,000,00,2,1,01,B01
201000052439,0,07,000,07,0,1,01,A01
201000052440,0,07,000,00,1,4,04,A01
201000052441,0,02,000,00,2,7,01,B01
201000052441,0,07,000,00,2,8,16,A01
201000052442,0,30,000,00,1,1,17,A01
201000052443,0,07,000,00,2,4,23,C01
201000052443,0,10,000,00,2,1,01,A01
201000052443,0,07,000,00,2,4,23,B01
201000052444,0,33,000,12,0,8,21,B01
201000052444,0,07,000,00,0,0,15,A01
201000052445,0,07,000,00,2,2,01,A01
201000052445,0,07,000,00,2,1,01,B01
201000052446,0,07,000,00,2,1,00,B01
201000052446,0,07,000,00,2,2,00,C01
201000052446,0,07,000,00,2,1,23,A01
201000052447,0,07,000,00,2,8,00,B01
201000052447,0,33,000,00,2,7,01,A01
201000052448,0,07,000,00,2,4,23,C01
201000052448,0,37,020,00,2,1,01,A01
201000052448,0,07,000,00,2,1,23,B01
201000052449,0,07,000,00,2,3,11,A01
201000052449,0,33,000,00,2,1,01,B01
201000052450,0,07,000,00,1,1,01,A01
201000052451,0,07,000,00,2,1,01,B01
201000052451,0,07,000,00,2,1,01,A01
201000052452,0,07,000,00,1,1,01,A01
201000052453,0,07,000,00,2,8,01,B01
201000052453,0,07,000,00,2,1,01,A01
201000052454,0,30,000,00,0,7,01,A01
201000052455,0,07,000,01,0,1,01,A01
201000052456,0,07,000,00,2,3,15,B01
201000052456,0,07,000,00,2,1,16,A01
201000052457,0,33,000,00,1,1,01,A01
201000052458,0,07,000,00,1,3,15,A01
201000052459,0,07,000,00,2,8,01,A01
201000052459,0,07,000,00,2,8,01,C01
201000052459,0,32,000,00,2,1,01,B01
201000052460,0,33,000,00,0,4,01,B01
201000052460,0,07,000,00,2,1,01,A01
201000052461,0,33,000,14,0,7,01,A01
201000052462,0,02,000,00,2,1,01,B01
201000052462,0,07,000,00,2,1,15,A01
201000052463,0,07,000,01,0,2,01,A01
201000052464,0,33,000,16,0,7,01,A01
201000052465,0,33,000,00,0,8,21,B01
201000052465,0,07,000,00,0,8,11,A01
201000052466,0,07,000,00,0,3,09,A01
201000052466,0,34,000,00,0,1,01,B01
201000052467,0,07,000,00,1,2,01,A01
201000052468,0,07,000,00,0,3,11,A01
201000052468,0,02,000,00,2,1,17,B01
201000052469,0,07,000,00,2,2,09,A01
201000052469,0,33,000,00,2,2,21,B01
201000052470,0,33,000,00,2,0,02,B01
201000052470,0,02,000,00,2,0,15,A01
201000052471,0,07,000,00,1,1,01,A01
201000052472,0,07,000,14,0,3,01,A01
201000052473,0,33,000,14,0,9,01,A01
201000052474,0,07,000,00,2,3,10,A01
201000052474,0,34,000,00,2,2,02,B01
201000052475,1,07,000,00,2,1,01,A01
201000052475,0,01,000,00,0,6,11,B01
201000052476,0,07,000,00,1,1,01,A01
201000052477,0,07,000,00,1,2,01,A01
201000052478,0,07,000,03,2,9,01,A01
201000052478,0,07,000,00,2,8,01,B01
201000052479,0,07,000,00,0,8,11,A01
201000052479,0,10,000,00,2,2,01,B01
201000052480,0,07,000,00,1,4,04,A01
201000052481,0,07,000,00,1,1,21,A01
201000052482,0,02,000,00,0,4,01,B01
201000052482,0,07,000,00,2,1,02,A01
201000052483,0,31,000,00,2,1,21,B01
201000052483,0,07,000,00,2,3,15,A01
201000052484,0,32,000,00,2,2,01,A01
201000052484,0,07,000,00,2,2,15,B01
201000052485,0,07,000,00,2,1,15,A01
201000052485,0,07,000,00,2,3,01,B01
201000052486,0,07,000,01,9,7,12,B01
201000052486,0,02,000,00,2,1,01,A01
201000052487,0,07,000,00,1,2,01,A01
201000052488,0,30,000,00,0,8,21,A01
201000052489,0,07,000,01,2,7,17,A01
201000052489,0,10,000,00,2,3,15,B01
201000052490,0,30,000,00,1,1,01,A01
201000052491,0,07,000,00,2,3,01,A01
201000052491,0,02,000,00,2,5,01,B01
201000052492,0,07,000,00,2,1,01,A01
201000052492,0,07,000,00,2,4,01,B01
201000052493,0,31,000,00,1,1,21,A01
201000052494,0,07,000,00,2,2,15,B01
201000052494,0,33,000,00,2,8,09,A01
201000052495,0,31,000,00,0,7,23,A01
201000052496,0,31,000,00,0,7,01,A01
201000052497,0,07,000,00,2,1,01,A01
201000052497,0,10,000,00,2,8,01,B01
201000052498,0,02,000,00,1,3,05,A01
201000052499,0,07,000,00,2,7,12,B01
201000052499,0,02,000,00,2,7,12,A01
201000052500,0,07,000,00,1,6,01,A01
201000052501,0,31,000,00,1,1,01,A01
201000052502,0,07,000,00,2,7,01,B01
201000052502,0,07,000,00,2,3,11,A01
201000052503,0,07,000,00,2,3,13,A01
201000052503,0,34,000,00,2,7,01,B01
201000052504,0,01,000,00,1,2,01,A01
201000052505,0,01,000,00,2,1,21,B01
201000052505,0,07,000,00,2,3,20,A01
201000052506,0,07,000,00,1,1,01,A01
201000052507,0,30,000,00,2,5,01,A01
201000052507,0,07,000,00,2,1,15,B01
201000052508,0,07,000,12,2,2,01,A01
201000052508,0,02,000,00,2,8,03,B01
201000052509,0,01,000,01,2,1,01,B01
201000052509,0,07,000,00,2,3,22,A01
201000052510,0,07,000,00,2,8,01,B01
201000052510,0,02,000,00,2,1,01,A01
201000052511,0,07,000,00,2,1,10,A01
201000052511,0,32,000,00,2,1,17,B01
201000052512,0,34,000,10,0,7,01,A01
201000052513,0,07,000,14,0,1,01,A01
201000052514,0,07,000,01,0,0,05,A01
201000052515,0,07,000,00,2,5,16,B01
201000052515,0,31,000,00,2,3,02,A01
201000052516,0,07,000,00,2,4,01,B01
201000052516,0,07,000,00,2,1,02,A01
201000052517,0,32,000,00,2,1,01,B01
201000052517,0,02,000,00,2,8,09,A01
201000052518,1,07,000,00,2,1,01,A01
201000052518,0,07,000,14,2,7,01,B01
201000052519,0,07,000,01,0,1,13,A01
201000052520,0,07,000,00,2,6,01,B01
201000052520,0,32,000,00,2,1,02,A01
201000052521,0,07,000,00,2,2,09,A01
201000052521,0,07,000,02,2,1,01,B01
201000052522,0,07,000,00,2,1,02,A01
201000052522,0,07,000,00,2,4,23,B01