Num_Acc,senc,catv,occutc,obs,obsm,choc,manv,num_veh
201000052889,0,07,000,00,1,1,01,A01
201000052890,0,07,000,00,2,1,02,A01
201000052890,0,07,000,00,2,4,23,C01
201000052890,0,07,000,00,2,4,23,B01
201000052891,0,07,000,00,2,1,15,A01
201000052891,0,32,000,00,2,1,01,B01
201000052892,0,07,000,00,2,3,15,B01
201000052892,0,33,000,00,2,7,17,A01
201000052893,0,07,000,00,2,4,01,B01
201000052893,0,14,000,00,2,1,02,A01
201000052894,0,07,000,00,0,3,01,B01
201000052894,0,07,000,00,2,3,01,A01
201000052895,0,07,000,00,2,3,01,B01
201000052895,0,07,000,00,2,3,01,A01
201000052896,0,01,000,00,2,7,01,B01
201000052896,0,07,000,00,2,1,09,A01
201000052897,0,07,000,00,2,3,02,A01
201000052897,0,33,000,00,2,1,02,B01
201000052898,0,37,001,00,2,8,01,B01
201000052898,0,07,000,00,2,3,15,A01
201000052899,0,07,000,00,1,2,01,A01
201000052900,0,07,000,00,1,4,04,A01
201000052901,0,07,000,00,2,4,23,B01
201000052901,0,30,000,00,2,1,02,A01
201000052902,0,07,000,00,1,1,01,A01
201000052903,0,07,000,00,2,1,15,A01
201000052903,0,07,000,00,2,1,01,B01
201000052904,0,01,000,00,2,8,01,B01
201000052904,0,07,000,00,9,1,15,A01
201000052905,0,07,000,00,2,4,01,B01
201000052905,0,07,000,00,2,1,02,A01
201000052906,0,07,000,00,2,3,09,B01
201000052906,0,07,000,00,2,5,01,A01
201000052907,0,07,000,00,1,1,01,A01
201000052908,1,07,000,00,2,1,02,Z01
201000052908,0,33,000,00,2,1,17,C01
201000052908,0,07,000,00,2,4,01,A01
201000052908,0,07,000,00,2,1,02,B01
201000052909,0,07,000,00,2,2,17,B01
201000052909,0,02,000,00,2,8,13,A01
201000052910,0,10,000,14,0,3,01,A01
201000052911,0,07,000,00,1,1,01,A01
201000052912,0,07,000,00,2,9,02,B01
201000052912,0,07,000,00,2,1,02,A01
201000052912,0,07,000,00,2,4,23,C01
201000052913,0,07,000,14,0,1,01,A01
201000052914,0,07,000,00,1,1,01,A01
201000052915,0,07,000,00,1,1,01,A01
201000052916,0,07,000,00,1,1,01,A01
201000052917,0,02,000,00,2,9,09,C01
201000052917,0,07,000,00,2,1,09,B01
201000052917,0,07,000,00,2,3,01,A01
201000052918,0,14,000,00,2,8,09,A01
201000052918,0,07,000,00,2,1,01,B01
201000052919,0,07,000,00,0,4,02,B01
201000052919,0,07,000,00,2,1,02,A01
201000052920,0,30,000,00,2,1,01,B01
201000052920,0,07,000,00,2,3,10,A01
201000052921,0,07,000,00,0,9,01,A01
201000052922,0,07,000,00,1,3,01,A01
201000052923,1,07,000,00,1,5,01,A01
201000052924,0,33,000,00,0,7,01,A01
201000052925,0,33,000,00,2,9,01,B01
201000052925,0,07,000,08,2,1,05,A01
201000052926,0,07,000,00,0,4,01,B01
201000052926,0,07,000,00,2,1,02,A01
201000052927,0,07,000,00,2,2,01,D01
201000052927,0,10,000,14,0,2,01,E01
201000052927,0,15,000,00,2,8,01,C01
201000052927,0,07,000,08,2,9,01,B01
201000052927,0,14,000,15,0,8,13,A01
201000052928,0,07,000,00,0,1,01,A01
201000052929,0,07,000,14,0,9,01,A01
201000052930,0,33,000,14,2,1,01,A01
201000052931,0,31,000,00,2,1,01,B01
201000052931,0,07,000,00,2,2,15,A01
201000052932,0,10,000,00,2,1,01,A01
201000052932,0,07,000,00,2,4,13,B01
201000052933,0,07,000,11,2,1,03,A01
201000052933,0,07,000,00,2,2,01,B01
201000052934,0,07,000,00,2,6,23,B01
201000052934,0,07,000,00,2,1,02,A01
201000052935,1,07,000,00,2,1,01,Z01
201000052935,0,01,000,00,2,4,01,A01
201000052936,0,07,000,00,1,1,01,A01
201000052937,0,32,000,01,0,7,01,A01
201000052938,0,07,000,14,0,1,01,A01
201000052939,0,07,000,00,2,1,09,A01
201000052939,0,07,000,00,2,2,01,B01
201000052940,0,02,000,16,0,9,01,A01
201000052941,0,07,000,00,0,3,01,C01
201000052941,0,07,000,00,2,1,01,A01
201000052941,0,07,000,00,0,3,01,B01
201000052942,0,07,000,00,2,5,01,A01
201000052942,0,07,000,00,2,6,19,B01
201000052942,0,13,000,00,2,3,01,C01
201000052943,0,07,000,00,1,3,15,A01
201000052944,0,07,000,08,0,1,01,A01
201000052945,0,07,000,01,0,1,01,A01
201000052945,0,07,000,14,0,9,01,B01
201000052946,0,07,000,00,1,2,13,A01
201000052947,0,07,000,00,1,1,01,A01
201000052948,0,07,000,00,1,1,17,A01
201000052949,0,32,000,00,1,1,01,A01
201000052950,0,33,000,00,2,7,01,B01
201000052950,0,07,000,00,0,8,11,A01
201000052951,0,07,000,00,2,1,01,A01
201000052951,0,07,000,00,2,3,15,B01
201000052952,0,30,000,01,2,7,01,A01
201000052952,1,07,000,00,2,8,14,Z01
201000052953,0,07,000,00,1,2,01,A01
201000052954,0,07,000,00,2,1,01,A01
201000052954,0,13,000,00,0,4,23,B01
201000052955,0,33,000,00,2,6,15,A01
201000052955,1,07,000,00,2,1,02,Z01
201000052956,0,07,000,00,1,3,01,A01
201000052957,0,33,000,01,0,1,01,A01
201000052958,0,07,000,00,2,3,15,B01
201000052958,0,33,000,00,2,1,01,C01
201000052959,0,02,000,00,2,1,01,B01
201000052959,0,07,000,00,2,3,15,A01
201000052960,0,07,000,00,2,6,01,B01
201000052960,0,33,000,00,2,2,02,A01
201000052961,0,07,000,00,2,3,01,B01
201000052961,0,02,000,00,2,1,01,A01
201000052962,0,07,000,00,1,1,09,A01
201000052963,0,07,000,00,2,5,01,A01
201000052963,0,02,000,00,2,1,01,B01
201000052964,0,07,000,00,2,1,01,B01
201000052964,0,07,000,00,2,2,01,A01
201000052965,0,07,000,00,2,1,02,A01
201000052965,0,07,000,00,2,4,01,B01
201000052966,0,02,000,00,2,1,05,A01
201000052966,0,07,000,00,2,1,01,B01
201000052967,0,07,000,00,2,6,01,B01
201000052967,0,30,000,00,2,1,17,A01
201000052968,0,07,000,03,1,3,15,A01
201000052969,0,07,000,00,2,6,01,B01
201000052969,0,07,000,00,2,2,02,A01
201000052970,0,07,000,00,2,8,15,A01
201000052970,0,07,000,00,2,2,01,B01
201000052971,0,30,000,00,2,1,01,A01
201000052971,0,07,000,00,2,5,01,B01
201000052972,2,07,000,15,0,1,01,A01
201000052973,0,07,000,00,2,4,02,B01
201000052973,0,30,000,00,2,1,02,A01
201000052973,0,07,000,00,9,1,01,C01
201000052974,0,30,000,00,2,1,13,A01
201000052974,0,07,000,00,2,1,01,B01
201000052975,0,07,000,00,2,4,10,B01
201000052975,0,33,000,00,2,1,01,A01
201000052976,0,07,000,00,2,2,16,B01
201000052976,0,07,000,00,2,1,05,A01
201000052977,0,07,000,00,1,2,01,A01
201000052978,0,32,000,00,2,1,02,B01
201000052978,0,07,000,00,2,6,15,A01
201000052979,0,07,000,00,2,2,15,A01
201000052979,0,30,000,00,2,3,01,B01
201000052980,0,31,000,00,2,3,15,B01
201000052980,0,07,000,00,2,1,01,A01
201000052981,0,07,000,00,2,8,15,B01
201000052981,0,02,000,00,2,5,17,A01
201000052982,0,07,000,01,2,2,02,A01
201000052982,1,07,000,,2,1,15,Z02
201000052983,0,33,000,00,1,1,01,A01
201000052984,0,33,000,00,2,8,01,B01
201000052984,0,07,000,00,2,5,01,A01
201000052985,0,07,000,,2,4,12,B01
201000052985,0,33,000,00,2,7,21,A01
201000052986,0,07,000,00,1,1,01,A01
201000052987,0,07,000,00,1,2,15,A01
201000052988,0,10,000,00,0,,20,A01
201000052988,0,33,000,12,0,8,21,B01
201000052989,0,01,000,00,2,8,05,A01
201000052989,0,07,000,00,2,8,16,B01
201000052990,0,07,000,00,1,1,01,A01
201000052991,0,07,000,00,1,1,01,A01
201000052992,0,07,000,00,2,3,01,A01
201000052992,0,02,000,00,2,1,01,B01
201000052993,0,07,000,01,1,8,15,A01
201000052994,0,07,000,03,1,3,01,A01
201000052995,0,30,000,15,0,7,01,A01
201000052996,0,33,000,00,1,2,01,A01
201000052997,0,07,000,00,2,4,15,B01
201000052997,0,07,000,00,2,1,02,A01
201000052998,0,37,001,00,1,7,07,A01
201000052999,0,30,000,08,0,1,21,A01
201000053000,0,33,000,00,0,1,01,A01
201000053000,0,07,000,00,0,2,15,B01
201000053001,0,01,000,00,0,1,01,B01
201000053001,0,33,000,00,0,1,01,A01
201000053002,0,07,000,00,2,3,09,A01
201000053002,0,31,000,00,2,2,01,B01
201000053003,0,07,000,00,2,5,15,A01
201000053003,0,30,000,00,2,3,01,B01
201000053004,0,10,000,00,1,8,01,A01
201000053005,0,07,000,00,2,3,02,B01
201000053005,0,07,000,00,2,1,09,A01
201000053006,0,07,000,00,0,1,02,B01
201000053006,0,07,000,00,2,4,02,A01
201000053007,0,33,000,00,0,0,01,B01
201000053007,0,07,000,00,0,0,15,A01
201000053008,0,07,000,00,1,0,01,A01
201000053009,0,07,000,00,1,4,04,A01
201000053010,0,07,000,01,0,9,01,A01
201000053011,0,07,000,00,2,1,10,A01
201000053011,0,34,000,00,2,1,01,B01
201000053012,0,07,000,00,2,1,01,A01
201000053012,0,07,000,00,2,4,02,B01
201000053012,0,07,000,00,2,4,02,C01
201000053013,0,07,000,00,2,2,01,B01
201000053013,0,07,000,00,2,1,09,A01
201000053014,1,10,000,00,2,1,02,Z01
201000053014,0,33,000,00,2,4,02,A01
201000053015,0,07,000,00,2,1,02,A01
201000053015,0,07,000,00,2,4,02,B01
201000053016,0,34,000,00,1,7,01,A01
201000053017,0,31,000,00,0,1,01,A01
201000053017,0,02,000,00,0,4,09,B01
201000053018,0,33,000,00,2,1,01,A01
201000053018,0,07,000,00,0,3,15,B01
201000053019,0,07,000,00,1,3,15,A01
201000053020,0,32,000,00,2,3,01,B01
201000053020,0,07,000,00,2,3,09,A01
201000053021,0,33,000,00,2,1,01,A01
201000053021,0,07,000,00,2,7,01,B01
201000053022,0,07,000,00,1,3,01,A01
201000053023,0,32,000,00,2,7,01,A01
201000053023,0,07,000,00,2,8,13,B01
201000053024,0,30,000,00,2,1,02,B01
201000053024,0,30,000,00,2,1,02,C01
201000053024,0,07,000,00,2,9,01,A01
201000053025,0,07,000,00,1,1,01,A01
201000053026,0,07,000,00,1,3,02,A01
201000053027,0,31,000,14,0,8,21,A01
201000053027,0,37,001,00,0,0,09,B01
201000053028,0,07,000,00,2,1,01,A01
201000053028,0,07,000,00,2,3,01,B01
201000053029,0,10,000,00,2,2,02,A01
201000053029,0,07,000,00,0,6,23,B01
201000053030,0,07,000,00,1,1,01,A01
201000053031,0,07,000,15,0,2,01,A01
201000053032,0,07,000,00,2,3,15,B01
201000053032,0,33,000,00,2,1,17,A01
201000053033,0,33,000,00,2,1,02,B01
201000053033,0,07,000,00,2,4,02,A01
201000053034,0,07,000,00,2,4,01,B01
201000053034,0,33,000,00,2,1,02,A01
201000053035,0,10,000,00,1,4,04,A01
201000053036,0,02,000,00,2,1,01,A01
201000053036,0,10,000,00,2,6,09,B01
201000053037,0,30,000,00,2,1,02,A01
201000053037,0,03,000,00,2,4,15,B01
201000053038,0,02,000,00,0,0,01,A01
201000053039,0,07,000,00,1,3,01,A01
201000053040,1,07,000,00,2,1,02,A01
201000053040,0,07,000,00,0,4,01,B01
201000053041,0,33,000,00,2,8,01,A01
201000053041,0,30,000,00,2,7,15,B01
201000053042,0,07,000,00,0,5,01,A01
201000053042,0,14,000,00,2,3,11,B01
201000053043,0,07,000,00,1,1,01,A01
201000053044,0,07,000,00,0,6,01,B01
201000053044,0,33,000,00,2,1,02,A01
201000053045,0,07,000,00,1,1,01,A01
201000053046,1,07,000,00,0,0,10,Z01
201000053046,0,33,000,00,2,8,01,A01
201000053047,0,07,000,16,2,1,01,A01
201000053047,0,01,000,00,0,7,19,B01
201000053048,0,10,000,00,2,2,01,B01
201000053048,0,10,000,00,2,3,10,A01
201000053049,0,10,000,00,2,1,11,A01
201000053049,0,10,000,00,0,4,01,C01
201000053049,0,10,000,00,2,5,01,B01
201000053050,0,31,000,00,2,2,17,A01
201000053050,0,07,000,00,0,8,15,B01
201000053051,0,02,000,00,0,1,21,A01
201000053052,0,07,000,00,2,2,10,A01
201000053052,0,30,000,00,2,6,01,B01
201000053053,0,07,000,01,2,3,01,B01
201000053053,0,07,000,00,0,2,01,A01
201000053054,0,07,000,00,2,1,01,B01
201000053054,0,07,000,00,0,4,01,A01
201000053055,0,07,000,00,1,1,01,A01
201000053056,0,07,000,00,2,1,15,A01
201000053056,0,32,000,00,2,1,01,B01
201000053057,0,07,000,00,0,3,01,B01
201000053057,0,33,000,08,2,7,17,A01
201000053058,0,10,000,00,1,4,04,A01
201000053059,0,07,000,00,1,1,01,A01
201000053060,0,07,000,00,2,3,15,B01
201000053060,0,30,000,00,2,2,17,A01
201000053061,0,07,000,00,2,3,01,A01
201000053061,0,07,000,00,0,5,02,B01
201000053062,0,30,000,00,2,1,01,B01
201000053062,0,07,000,00,0,2,01,A01
201000053063,0,07,000,00,2,1,01,B01
201000053063,0,07,000,00,2,1,15,A01
201000053064,1,30,000,00,0,0,01,A01
201000053065,0,07,000,00,2,1,01,B01
201000053065,0,07,000,00,2,2,15,A01
201000053066,0,07,000,00,2,2,01,A01
201000053066,0,07,000,00,2,6,01,B01
201000053067,0,13,000,00,0,6,23,B01
201000053067,0,33,000,00,0,1,21,A01
201000053068,0,33,000,00,2,3,01,A01
201000053068,1,36,000,00,0,0,01,Z01
201000053069,2,07,000,00,0,1,01,B01
201000053069,0,07,000,00,0,1,01,C01
201000053069,0,07,000,00,0,7,15,A01
201000053070,0,07,000,00,1,7,16,A01
201000053071,0,07,000,00,2,1,01,B01
201000053071,0,07,000,00,2,2,15,A01
201000053072,0,20,000,00,1,4,04,A01
201000053073,0,07,000,00,1,4,04,A01
201000053074,0,07,000,00,1,5,04,A01
201000053075,0,32,000,14,0,3,01,A01
201000053076,0,30,000,00,2,1,01,A01
201000053076,0,07,000,00,2,3,15,B01
201000053077,0,07,000,00,2,4,01,B01
201000053077,0,07,000,00,2,1,02,A01
201000053078,0,07,000,00,2,2,10,A01
201000053078,0,33,000,00,2,1,01,B01
201000053079,1,01,000,14,0,0,01,A01
201000053080,0,07,000,00,1,1,01,A01
201000053081,0,07,000,00,1,2,01,A01
201000053082,0,07,000,00,0,8,09,A01
201000053082,0,07,000,00,0,3,01,B01
201000053083,0,07,000,00,1,1,01,A01
201000053084,0,34,000,14,0,1,01,A01
201000053085,0,10,000,00,2,2,15,A01
201000053085,0,02,000,00,2,1,01,B01
201000053086,0,07,000,00,2,1,10,A01
201000053086,0,32,000,00,2,8,01,B01
201000053087,0,07,000,00,2,5,15,A01
201000053087,0,32,000,00,2,1,01,B01
201000053088,1,99,000,00,1,1,15,Z01
201000053089,2,07,000,09,0,1,01,A01
201000053090,0,07,000,01,0,1,01,A01
201000053091,0,07,000,00,2,3,15,A01
201000053091,0,30,000,00,2,1,01,B01
201000053092,0,07,000,00,2,1,02,A01
201000053092,0,02,000,00,2,4,01,B01
201000053093,0,07,000,00,2,1,15,A01
201000053093,0,07,000,00,2,3,01,B01
201000053094,0,07,000,00,2,1,02,A01
201000053094,0,07,000,00,2,4,01,B01
201000053095,0,30,000,00,2,1,17,A01
201000053095,0,07,000,00,2,8,13,B01
201000053096,0,07,000,00,2,4,02,D01
201000053096,0,07,000,00,2,4,02,B01
201000053096,0,07,000,00,2,4,02,C01
201000053096,0,07,000,00,2,1,02,A01
201000053097,0,01,000,00,2,3,21,B01
201000053097,0,10,000,00,2,5,16,A01
201000053098,0,33,000,01,2,1,01,B01
201000053098,0,07,000,00,2,2,15,A01
201000053099,0,32,000,00,2,1,23,B01
201000053099,0,07,000,00,2,6,04,A01
201000053100,0,30,000,00,2,1,02,A01
201000053100,0,07,000,00,2,5,23,B01
201000053101,0,07,000,00,1,1,15,A01
201000053102,0,10,000,02,0,1,20,A01
201000053103,0,33,000,00,9,8,21,A01
201000053104,0,07,000,00,2,3,01,B01
201000053104,0,07,000,00,2,3,13,A01
201000053105,0,32,000,14,0,8,06,A01
201000053106,0,13,000,00,1,8,15,A01
201000053107,0,10,000,00,2,3,15,A01
201000053107,0,31,000,00,2,7,01,B01
201000053108,0,07,000,08,0,1,01,A01
201000053109,0,32,000,00,2,1,01,B01
201000053109,0,07,000,00,2,2,15,A01
201000053110,0,07,000,00,2,1,15,B01
201000053110,0,07,000,00,2,3,01,A01
201000053111,0,30,000,00,2,2,12,A01
201000053111,0,07,000,00,2,6,11,B01
201000053112,0,10,000,11,0,2,10,A01
201000053113,0,30,000,00,2,1,17,A01
201000053113,0,07,000,00,2,3,15,B01
201000053114,0,07,000,00,1,1,01,A01
201000053115,1,02,000,00,1,1,01,Z01
201000053116,0,32,000,00,2,4,02,B01
201000053116,0,07,000,00,0,4,02,A01
201000053116,0,07,000,00,2,1,02,D01
201000053116,0,07,000,00,2,3,02,C01
201000053116,0,07,000,00,2,8,01,E01
201000053117,0,33,000,00,2,1,02,B01
201000053117,0,07,000,00,0,5,16,A01
201000053118,0,07,000,00,2,1,15,A01
201000053118,0,07,000,00,0,8,01,B01
201000053119,0,07,000,00,2,1,01,B01
201000053119,0,14,000,00,2,1,01,C01
201000053119,0,07,000,00,0,4,15,A01
201000053120,0,07,000,01,0,2,01,A01
201000053121,0,07,000,00,1,1,01,A01
201000053122,0,07,000,00,2,2,02,C01
201000053122,0,30,000,01,0,1,17,A01
201000053122,0,07,000,00,2,3,22,B01
201000053123,0,07,000,00,0,1,23,B01
201000053123,0,36,000,00,2,0,21,A01
201000053124,0,15,000,00,2,3,02,B01
201000053124,0,07,000,00,2,6,15,A01
201000053125,0,33,000,00,1,3,01,A01
201000053126,0,32,000,00,2,3,01,B01
201000053126,0,07,000,00,2,3,15,A01
201000053127,0,07,000,00,2,5,02,B01
201000053127,0,07,000,00,2,1,02,A01
201000053128,0,07,000,00,2,3,15,A01
201000053128,0,32,000,00,2,2,17,B02
201000053129,0,07,000,08,1,1,11,A01
201000053129,0,07,000,00,0,0,10,B01
201000053130,0,07,000,12,0,1,01,A01
201000053131,0,30,000,00,1,7,01,A01
201000053132,0,07,000,00,2,1,15,A01
201000053132,0,02,000,00,2,8,01,B01
201000053133,0,10,000,00,1,2,15,A01
201000053134,0,30,000,00,2,1,02,B01
201000053134,0,07,000,00,2,7,01,C01
201000053134,0,07,000,00,2,6,01,A01
201000053135,0,07,000,00,1,4,04,A01
201000053136,0,07,000,00,1,2,01,A01
201000053137,0,02,000,00,0,9,01,A01
201000053138,0,07,000,00,2,1,23,B01
201000053138,0,07,000,00,2,1,23,C01
201000053138,0,07,000,00,2,1,16,A01
201000053139,0,10,000,08,0,9,01,A01
201000053140,0,02,000,09,2,6,01,A01
201000053140,0,07,000,00,2,1,21,B01
201000053141,0,01,000,00,2,8,19,B02
201000053141,0,32,000,00,9,1,01,A01
201000053142,1,07,000,00,2,0,16,Z01
201000053142,0,02,000,00,2,7,15,A01
201000053143,0,07,000,00,1,1,15,A01
201000053144,0,30,000,00,0,1,21,B01
201000053144,0,07,000,00,0,3,15,A01
201000053145,0,07,000,00,2,1,15,B01
201000053145,0,30,000,00,2,1,01,A01
201000053146,0,30,000,00,2,1,01,B01
201000053146,0,07,000,00,2,8,15,A01
201000053147,0,07,000,02,0,1,01,A01
201000053148,0,33,000,00,1,1,09,A01
201000053149,0,07,000,00,2,4,23,B01
201000053149,0,15,000,00,2,1,02,A01
201000053150,0,07,000,00,2,8,15,A01
201000053150,0,31,000,00,2,1,01,B01
201000053151,0,30,000,00,2,8,02,B01
201000053151,0,07,000,00,2,2,16,A01
201000053152,0,07,000,00,2,3,13,A01
201000053152,0,02,000,00,2,1,17,B01
201000053153,0,07,000,00,2,1,01,B01
201000053153,0,02,000,00,2,1,01,A01
201000053154,0,31,000,00,1,2,17,A01
201000053155,0,07,000,00,2,3,09,A01
201000053155,0,32,000,00,2,1,01,B01
201000053156,0,07,000,00,1,1,01,A01
201000053157,0,33,000,00,2,1,01,B01
201000053157,0,07,000,00,2,1,01,A01
201000053158,0,20,000,00,2,1,15,A01
201000053158,0,02,000,00,2,1,17,B01
201000053159,0,01,000,00,2,4,09,A01
201000053159,0,32,000,00,2,2,14,B01
201000053160,0,07,000,00,1,6,04,A01
201000053161,0,10,000,01,1,8,01,A01
201000053162,0,07,000,00,2,4,23,B01
201000053162,0,10,000,00,2,1,02,A01
201000053163,0,07,000,00,,,14,A01
201000053163,0,01,000,00,2,1,01,B01
201000053164,0,30,000,00,1,4,21,A01
201000053165,0,33,000,00,2,1,01,B01
201000053165,0,07,000,00,0,2,15,A01
201000053166,0,32,000,00,0,8,01,A01
201000053167,0,07,000,00,1,1,01,A01
201000053168,0,07,000,00,2,6,12,B01
201000053168,0,37,045,00,2,2,02,A01
201000053169,0,30,000,00,2,8,05,A01
201000053169,0,07,000,00,0,8,01,B01
201000053170,0,07,000,00,2,1,02,B01
201000053170,0,07,000,00,2,4,23,C01
201000053170,0,07,000,00,2,1,02,A01
201000053171,0,32,000,00,2,2,01,B01
201000053171,0,07,000,00,2,3,17,A01
201000053172,0,33,000,00,2,1,01,B01
201000053172,0,07,000,00,2,3,01,A01
201000053173,0,30,000,00,2,1,01,B01
201000053173,0,07,000,00,2,1,15,A01
201000053174,0,10,000,00,1,1,15,A01
201000053175,0,34,000,00,2,3,01,B01
201000053175,0,37,001,00,2,2,01,A01
201000053176,0,07,000,00,1,2,01,A01
201000053177,0,07,000,00,2,1,15,A01
201000053177,0,34,000,00,2,1,01,B01
201000053178,0,07,000,01,0,2,01,A01
201000053179,0,07,000,00,2,3,01,B01
201000053179,0,07,000,00,2,2,15,A01
201000053180,0,07,000,00,1,2,01,A01
201000053181,0,33,000,00,1,1,01,A01
201000053182,0,33,000,00,0,1,03,A01
201000053182,0,07,000,00,0,4,11,B01
201000053183,0,31,000,00,2,8,01,B01
201000053183,0,07,000,00,2,2,16,A01
201000053184,0,30,000,08,0,1,01,A01
201000053185,0,07,000,00,1,2,01,A01
201000053186,0,02,000,00,1,2,01,A01
201000053187,0,07,000,00,2,2,15,A01
201000053187,0,31,000,00,2,7,03,B01
201000053188,0,32,000,00,2,2,17,A01
201000053188,0,07,000,00,2,8,15,B01
201000053189,1,07,000,00,1,4,04,A01
201000053190,0,07,000,00,2,2,11,A01
201000053190,0,34,000,00,2,8,02,B01
201000053191,0,07,000,00,2,3,02,C01
201000053191,0,07,000,00,2,3,01,A01
201000053191,0,32,000,00,2,9,17,B01
201000053192,0,01,000,00,0,8,17,B01
201000053192,0,14,000,00,0,0,01,A01
201000053193,0,30,000,00,0,7,16,A01
201000053194,0,07,000,00,2,1,02,A01
201000053194,0,01,000,00,2,4,23,B01
201000053195,0,30,000,00,0,7,14,A01
201000053196,0,34,000,00,2,1,17,B01
201000053196,0,07,000,00,2,3,15,A01
201000053197,0,07,000,00,2,1,01,A01
201000053197,0,07,000,00,2,4,23,B01
201000053198,0,32,000,00,2,8,02,B01
201000053198,0,07,000,00,2,1,15,A01
201000053199,0,07,000,00,2,4,23,B01
201000053199,0,07,000,00,2,1,02,A01
201000053200,0,32,000,16,0,8,01,A01
201000053201,0,07,000,00,1,1,01,A01
201000053202,0,07,000,00,1,1,01,A01
201000053203,0,07,000,00,1,1,17,A01
201000053204,0,10,000,00,0,1,02,A01
201000053204,0,07,000,00,0,4,01,B01
201000053205,0,07,000,00,1,3,04,A01
201000053206,0,14,000,00,1,4,09,A01
201000053207,0,30,000,00,0,0,10,B01
201000053207,0,15,000,00,0,6,10,A01
201000053208,1,07,000,00,1,2,01,Z01
201000053209,0,07,000,00,0,3,15,A01
201000053210,0,07,000,00,1,1,01,A01
201000053211,0,07,000,00,2,1,02,A01
201000053211,0,13,000,00,0,4,01,B01
201000053212,0,07,000,00,2,1,02,A01
201000053212,0,07,000,00,2,4,02,B01
201000053213,0,07,000,00,2,4,23,B01
201000053213,0,15,000,00,2,1,02,A01
201000053214,0,07,000,00,2,1,01,A01
201000053214,0,07,000,00,2,7,01,B01
201000053215,0,34,000,00,2,4,10,A01
201000053215,0,30,000,00,2,1,01,B01
201000053216,0,07,000,00,1,2,01,A01
201000053217,0,07,000,00,2,3,20,B01
201000053217,0,07,000,00,2,1,01,A01
201000053218,0,07,000,00,1,2,01,A01
201000053219,0,07,000,00,2,5,23,C01
201000053219,0,07,000,00,2,1,11,A01
201000053219,0,07,000,00,2,2,23,B01
201000053219,0,07,000,00,0,4,23,D01
201000053220,0,07,000,04,0,1,01,A01
201000053221,0,07,000,04,0,2,01,A01
201000053222,0,07,000,00,0,6,01,B01
201000053222,2,07,000,00,2,2,02,A01
201000053223,0,07,000,09,0,3,01,A01
201000053224,0,07,000,01,0,3,01,A01
201000053225,0,10,000,00,2,1,01,A01
201000053225,0,07,000,00,2,3,01,B01
201000053226,0,07,000,01,0,2,01,A01
201000053227,0,33,000,00,2,1,02,B01
201000053227,0,07,000,00,2,8,10,A01
201000053228,0,07,000,00,0,1,02,A01
201000053228,0,07,000,00,0,5,01,B01
201000053229,0,30,000,00,0,8,01,A01
201000053230,0,33,000,00,0,7,01,A01
201000053231,0,15,000,16,0,8,09,A01
201000053232,0,07,000,00,2,3,01,C01
201000053232,0,07,000,00,2,1,01,B01
201000053232,0,07,000,00,2,1,05,A01
201000053233,0,37,001,00,0,8,01,A01
201000053234,0,30,000,00,1,1,01,A01
201000053235,0,07,000,00,1,3,01,A01
201000053236,0,07,000,00,1,2,02,B01
201000053237,0,32,000,00,0,1,01,A01
201000053237,0,07,000,00,0,8,15,B01
201000053238,0,07,000,00,0,2,10,A01
201000053238,0,07,000,00,0,8,01,B01
201000053239,0,07,000,00,1,2,01,A01
201000053240,0,07,000,00,2,1,02,A01
201000053240,0,07,000,00,0,4,01,B01
201000053241,0,10,000,00,0,4,01,B01
201000053241,0,07,000,00,0,1,02,A01
201000053242,0,07,000,00,0,0,15,A01
201000053242,0,07,000,08,0,2,21,B01
201000053243,0,02,000,00,0,9,13,A01
201000053243,0,07,000,00,0,3,01,B01
201000053244,0,07,000,01,0,1,01,A01
201000053245,1,07,000,00,2,1,02,A01
201000053245,0,07,000,00,0,4,02,B01
201000053246,0,33,000,00,1,1,01,A01
201000053247,0,07,000,00,2,3,13,A01
201000053247,0,07,000,00,2,3,01,B01
201000053248,0,34,000,00,2,7,21,A01
201000053248,0,07,000,00,0,0,01,B01
201000053249,0,37,050,00,2,5,01,B01
201000053249,0,07,000,00,2,1,02,A01
201000053250,0,07,000,08,0,1,01,A01
201000053251,0,07,000,00,2,1,01,A01
201000053251,0,07,000,00,2,3,23,B01
201000053252,0,07,000,04,0,0,01,A01
201000053253,0,34,000,00,0,2,13,A01
201000053254,0,07,000,00,0,3,09,A01
201000053254,0,33,000,00,0,1,02,B01
201000053255,0,34,000,00,2,1,01,A01
201000053255,0,01,000,00,0,0,11,B01
201000053256,0,07,000,02,0,2,01,A01
201000053257,0,07,000,01,2,2,01,B01
201000053257,0,07,000,00,2,3,09,A01
201000053258,0,07,000,00,1,0,01,A01
201000053259,0,02,000,00,2,1,01,B01
201000053259,0,07,000,00,2,3,15,A01
201000053260,0,33,000,04,0,8,17,B01
201000053260,1,37,001,00,0,0,13,A01
201000053261,0,07,000,00,0,4,01,B01
201000053261,0,32,000,00,2,1,02,A01
201000053262,0,32,000,00,0,8,01,B01
201000053262,0,07,000,00,0,3,15,A01
201000053263,0,07,000,00,2,1,01,B01
201000053263,0,07,000,00,2,6,01,A01
201000053264,0,07,000,00,1,2,01,A01
201000053265,0,07,000,04,0,1,01,A01
201000053266,0,01,000,00,2,1,01,B01
201000053266,0,07,000,00,9,1,05,A01
201000053267,0,13,000,00,0,5,12,A01
201000053267,0,07,000,00,2,3,01,B01