Num_Acc,senc,catv,occutc,obs,obsm,choc,manv,num_veh
201000053643,0,10,000,00,0,3,10,A01
201000053644,0,07,000,00,2,7,15,A01
201000053644,0,30,000,00,2,1,01,B01
201000053645,0,30,000,00,2,8,01,A01
201000053645,0,07,000,00,2,1,01,B01
201000053646,0,07,000,00,2,8,01,B01
201000053646,0,02,000,00,2,5,15,A01
201000053647,1,07,000,00,1,0,16,A01
201000053648,0,31,000,00,2,7,16,B01
201000053648,0,07,000,00,2,8,09,A01
201000053649,0,07,000,00,2,7,15,A01
201000053649,0,30,000,00,2,8,01,B01
201000053650,0,31,000,00,2,1,01,B01
201000053650,0,07,000,00,2,8,06,A01
201000053651,0,07,000,00,2,1,02,A01
201000053651,0,07,000,00,2,4,00,B01
201000053652,0,07,000,00,2,1,01,B01
201000053652,0,07,000,00,2,8,19,A01
201000053653,0,31,000,00,2,7,17,B01
201000053653,0,07,000,00,2,3,17,A01
201000053654,0,30,000,00,2,7,17,A01
201000053654,0,07,000,00,2,8,19,B01
201000053655,1,07,000,00,2,0,01,Z01
201000053655,0,02,000,00,2,1,17,A01
201000053656,0,07,000,00,1,2,16,A01
201000053657,0,07,000,00,2,8,15,B01
201000053657,0,33,000,00,2,2,17,A01
201000053658,0,07,000,00,1,3,15,A01
201000053659,1,30,000,00,2,1,15,A01
201000053659,0,07,000,00,2,3,01,B01
201000053660,0,33,000,00,2,2,17,A01
201000053660,0,07,000,00,2,6,19,B01
201000053661,0,33,000,00,2,2,17,B01
201000053661,0,07,000,00,2,6,15,A01
201000053662,0,07,000,00,2,2,01,A01
201000053662,0,01,000,00,0,3,01,B01
201000053663,0,07,000,01,0,2,14,A01
201000053664,0,07,000,00,1,2,15,A01
201000053665,0,31,000,01,1,3,00,A01
201000053666,0,10,000,00,1,5,04,A01
201000053667,0,30,000,00,2,3,00,B01
201000053667,0,07,000,00,2,1,15,A01
201000053668,0,07,000,00,2,1,02,A01
201000053668,2,07,000,,,4,01,A02
201000053669,0,07,000,00,2,7,01,B01
201000053669,0,07,000,00,2,3,09,A01
201000053670,0,07,000,00,1,3,01,A01
201000053671,0,07,000,00,2,6,11,A01
201000053671,0,07,000,00,2,2,01,B01
201000053672,0,07,000,00,2,3,15,A01
201000053672,0,02,000,00,2,1,01,B01
201000053673,0,07,000,00,1,8,16,A01
201000053674,0,07,000,10,2,6,01,B01
201000053674,0,07,000,00,2,1,01,A01
201000053675,0,14,000,00,2,5,01,A01
201000053675,0,07,000,00,2,1,01,B01
201000053676,0,07,000,00,2,1,01,A01
201000053676,0,07,000,00,2,4,01,B01
201000053677,0,07,000,01,0,2,01,A01
201000053678,0,32,000,00,1,1,01,A01
201000053679,0,07,000,00,2,1,09,A01
201000053679,0,33,000,00,0,1,01,B01
201000053680,0,07,000,00,2,1,01,B01
201000053680,0,07,000,00,2,5,01,A01
201000053681,0,02,000,00,2,1,01,A01
201000053681,0,07,000,00,2,6,15,B01
201000053682,0,37,001,00,1,2,01,A01
201000053683,0,07,000,00,2,4,23,B01
201000053683,0,07,000,00,2,4,23,C01
201000053683,0,07,000,00,2,1,01,A01
201000053684,0,01,000,00,2,1,19,A01
201000053684,0,07,000,00,2,1,01,B01
201000053685,0,02,000,00,2,2,01,A01
201000053685,0,07,000,01,2,3,01,B01
201000053686,0,07,000,00,2,1,01,A01
201000053686,0,01,000,00,2,0,15,B01
201000053687,0,02,000,00,2,1,01,A01
201000053687,0,07,000,00,2,3,15,B01
201000053688,0,07,000,00,2,3,15,A01
201000053688,0,02,000,01,2,7,01,B01
201000053689,0,13,000,00,2,3,01,B01
201000053689,0,02,000,00,2,7,01,A01
201000053690,0,07,000,00,0,3,01,B01
201000053690,0,07,000,00,2,1,01,A01
201000053691,0,07,000,00,2,8,01,B01
201000053691,0,10,000,00,2,1,01,A01
201000053692,0,07,000,01,0,1,01,A01
201000053693,0,07,000,00,1,2,15,A01
201000053694,0,33,000,00,2,2,17,A01
201000053694,0,10,000,00,2,6,15,B01
201000053695,0,33,000,00,2,1,01,B01
201000053695,0,07,000,00,2,3,01,A01
201000053696,0,10,000,00,2,3,01,A01
201000053696,0,02,000,00,2,1,01,B01
201000053697,0,07,000,00,2,1,01,A01
201000053697,0,07,000,00,2,8,01,B01
201000053698,0,07,000,00,1,3,15,A01
201000053699,0,07,000,00,2,1,02,A01
201000053699,0,10,000,00,2,4,01,B01
201000053700,0,07,000,00,1,3,15,A01
201000053701,0,07,000,00,2,3,01,B01
201000053701,0,01,000,00,2,1,01,A01
201000053702,0,07,000,00,1,1,01,A01
201000053703,0,33,000,00,2,7,23,A01
201000053703,0,07,000,00,2,1,01,B01
201000053704,0,07,000,00,1,2,01,A01
201000053705,0,07,000,00,1,0,01,A01
201000053706,0,07,000,01,2,2,15,A01
201000053706,0,01,000,00,2,1,16,B01
201000053707,0,10,000,00,2,7,01,A01
201000053707,0,07,000,00,2,1,01,B01
201000053708,0,07,000,00,1,1,16,A01
201000053709,0,33,000,00,2,2,01,A01
201000053709,0,07,000,00,2,1,15,B01
201000053710,0,01,000,00,2,8,01,B01
201000053710,0,10,000,00,2,7,16,A01
201000053711,0,07,000,00,1,3,15,A01
201000053712,0,33,000,00,2,1,01,B01
201000053712,0,07,000,00,2,1,15,A01
201000053713,0,07,000,00,1,4,04,A01
201000053714,0,32,000,00,2,8,01,B01
201000053714,0,07,000,00,2,1,01,A01
201000053715,0,02,000,00,2,1,01,B01
201000053715,0,10,000,00,2,2,15,A01
201000053716,0,32,000,00,1,7,21,A01
201000053717,0,10,000,00,2,5,04,A01
201000053717,0,01,000,00,2,3,02,B01
201000053718,0,33,000,00,2,9,01,B01
201000053718,0,07,000,01,2,9,01,A01
201000053719,0,07,000,00,2,4,01,B01
201000053719,0,07,000,00,2,1,02,A01
201000053720,0,02,000,00,2,1,02,A01
201000053720,0,30,000,00,2,4,01,B01
201000053721,0,07,000,00,2,2,01,B01
201000053721,0,07,000,00,2,5,01,A01
201000053722,0,07,000,00,2,3,02,A01
201000053722,0,33,000,00,2,4,23,B01
201000053723,0,07,000,00,2,1,01,B01
201000053723,0,07,000,02,2,9,01,A01
201000053724,0,07,000,00,2,3,10,A01
201000053724,0,02,000,00,2,1,17,B01
201000053725,0,37,042,00,2,2,01,B01
201000053725,0,10,000,00,2,3,15,A01
201000053726,0,07,000,00,2,5,23,C01
201000053726,0,07,000,00,2,1,02,A01
201000053726,0,07,000,00,2,9,23,B01
201000053727,0,30,000,00,2,1,01,A01
201000053727,0,07,000,00,2,3,01,B01
201000053728,0,07,000,00,2,3,16,B01
201000053728,0,07,000,00,2,1,01,A01
201000053729,0,10,000,00,1,2,15,A01
201000053730,0,07,000,00,2,4,04,A01
201000053730,0,01,000,00,2,1,01,B01
201000053731,0,07,000,00,2,7,15,B01
201000053731,0,33,000,00,2,1,01,A01
201000053732,0,07,000,00,2,7,02,A01
201000053732,0,01,000,00,2,8,01,B01
201000053733,0,07,000,00,2,2,01,B01
201000053733,0,01,000,00,2,1,09,A01
201000053734,0,33,000,00,2,1,01,B01
201000053734,0,07,000,00,2,2,09,A01
201000053735,0,02,000,00,2,1,15,A01
201000053735,0,07,000,00,2,3,01,B01
201000053736,0,02,000,00,2,1,01,A01
201000053736,0,07,000,00,2,3,01,B01
201000053737,0,07,000,00,2,4,01,B01
201000053737,0,07,000,00,2,1,01,A01
201000053738,0,07,000,00,2,1,01,B01
201000053738,0,07,000,00,2,7,01,A01
201000053739,0,07,000,00,2,6,10,A01
201000053739,0,33,000,00,2,1,01,B01
201000053740,0,07,000,00,1,3,15,A01
201000053741,0,07,000,01,2,1,01,A01
201000053741,0,31,000,00,2,8,01,B01
201000053742,0,07,000,00,1,1,01,A01
201000053743,0,02,000,00,1,1,21,A01
201000053744,0,07,000,00,2,3,01,B01
201000053744,0,07,000,00,2,1,01,A01
201000053745,0,02,000,00,2,1,01,A01
201000053745,1,07,000,00,2,4,02,Z01
201000053746,0,07,000,08,2,7,01,A01
201000053746,0,07,000,00,2,1,01,B01
201000053747,0,07,000,00,2,1,01,B01
201000053747,0,07,000,00,2,5,01,A01
201000053748,0,02,000,00,2,1,01,B01
201000053748,0,07,000,00,2,2,15,A01
201000053749,0,30,000,01,2,1,01,B01
201000053749,0,10,000,00,2,2,15,A01
201000053750,0,02,000,00,2,2,01,A01
201000053750,0,07,000,00,2,1,15,B01
201000053751,0,07,000,00,2,2,02,A01
201000053751,0,07,000,00,2,4,01,B01
201000053752,0,07,000,00,2,4,02,C01
201000053752,0,07,000,00,2,4,23,B01
201000053752,0,07,000,00,2,1,02,A01
201000053752,0,07,000,00,2,4,23,D01
201000053753,0,30,000,00,2,1,17,A01
201000053753,0,07,000,00,2,3,15,B01
201000053754,0,07,000,00,2,2,01,A01
201000053754,0,07,000,00,2,1,01,B01
201000053755,0,02,000,01,2,1,02,B01
201000053755,0,07,000,00,2,3,15,A01
201000053756,0,30,000,00,2,1,02,A01
201000053756,0,07,000,00,2,6,15,B01
201000053757,0,30,000,00,2,7,01,A01
201000053757,0,30,000,00,2,7,02,B01
201000053758,0,01,000,00,2,7,01,A01
201000053758,0,07,000,00,2,1,17,B01
201000053759,0,07,000,00,2,4,01,B01
201000053759,0,30,000,00,2,1,03,A01
201000053760,0,07,000,00,2,8,15,A01
201000053760,0,31,000,00,2,2,01,B01
201000053761,0,07,000,00,2,1,01,B01
201000053761,0,07,000,06,2,9,01,A01
201000053762,0,02,000,00,2,6,01,B01
201000053762,0,07,000,00,2,1,15,A01
201000053763,0,01,000,00,2,1,02,A01
201000053763,0,07,000,00,2,5,16,B01
201000053764,0,07,000,00,2,1,02,A01
201000053764,0,07,000,00,2,4,01,B01
201000053765,0,07,000,00,2,1,01,B01
201000053765,0,07,000,00,2,7,01,A01
201000053766,0,33,000,08,0,1,01,A01
201000053767,0,10,000,00,2,2,01,B01
201000053767,0,07,000,00,2,1,01,A01
201000053768,0,10,000,00,2,6,24,B01
201000053768,0,02,000,01,0,1,01,A01
201000053769,0,10,000,00,2,2,01,B01
201000053769,0,01,000,00,2,1,09,A01
201000053770,0,07,000,16,0,1,15,A01
201000053771,0,07,000,00,1,1,01,A01
201000053772,0,02,000,01,0,1,01,A01
201000053773,0,07,000,00,1,1,15,A01
201000053774,0,07,000,00,2,3,01,B01
201000053774,0,07,000,00,2,2,01,A01
201000053775,0,34,000,00,2,7,17,B01
201000053775,0,07,000,00,2,3,13,A01
201000053776,0,07,000,00,2,5,04,A01
201000053776,0,32,000,00,2,3,02,B01
201000053777,0,07,000,00,2,7,01,B01
201000053777,0,07,000,07,2,1,15,A01
201000053778,0,37,001,00,1,1,01,A01
201000053779,0,07,000,14,2,1,01,A01
201000053779,0,20,000,00,2,8,15,B01
201000053780,0,07,000,00,2,2,01,A01
201000053780,0,07,000,15,2,6,01,B01
201000053781,0,07,000,00,2,1,01,B01
201000053781,0,33,000,00,2,2,15,A01
201000053782,0,14,000,00,2,2,01,A01
201000053782,0,30,000,00,2,8,01,B01
201000053783,0,07,000,00,2,1,01,B01
201000053783,0,07,000,00,2,2,01,A01
201000053784,0,33,000,00,2,9,01,B01
201000053784,0,07,000,12,2,5,15,A01
201000053785,0,07,000,02,0,1,01,A01
201000053786,0,07,000,15,0,1,01,A01
201000053787,0,07,000,11,0,1,01,A01
201000053788,0,07,000,00,1,1,01,A01
201000053789,0,07,000,00,2,1,02,A01
201000053789,0,07,000,00,2,4,01,B01
201000053790,0,07,000,00,2,1,02,A01
201000053790,0,07,000,00,2,4,02,D01
201000053790,0,07,000,00,2,4,02,B01
201000053790,0,07,000,00,2,4,02,C01
201000053791,0,07,000,00,1,1,15,A01
201000053792,0,07,000,00,2,3,01,A01
201000053792,0,07,000,00,2,2,01,B01
201000053793,0,07,000,00,1,7,16,A01
201000053794,0,07,000,00,1,2,17,A01
201000053795,2,07,000,00,2,1,17,A01
201000053795,0,07,000,00,2,8,15,B01
201000053796,0,07,000,00,2,1,01,A01
201000053796,0,01,000,00,2,3,19,B01
201000053797,0,02,000,00,2,1,01,B01
201000053797,0,07,000,00,2,2,01,A01
201000053798,0,14,000,00,2,4,01,B01
201000053798,0,07,000,00,2,1,12,A01
201000053799,0,07,000,00,0,4,23,B01
201000053799,0,10,000,00,2,1,02,A01
201000053800,0,07,000,00,1,3,01,A01
201000053801,0,07,000,00,2,1,01,A01
201000053801,0,07,000,00,2,4,01,C01
201000053801,0,07,000,00,2,6,01,B01
201000053802,0,07,000,00,1,1,15,A01
201000053803,0,10,000,00,1,4,04,A01
201000053804,0,07,000,08,0,1,01,A01
201000053805,0,07,000,00,2,1,02,A01
201000053805,0,07,000,00,0,4,01,B01
201000053806,0,07,000,00,2,7,15,B01
201000053806,1,07,000,00,2,1,01,A01
201000053807,0,31,000,00,2,7,01,A01
201000053807,0,07,000,00,2,8,01,B01
201000053808,0,07,000,00,1,3,01,A01
201000053809,0,33,000,01,2,1,01,B01
201000053809,0,07,000,00,2,2,09,A01
201000053810,0,07,000,00,2,7,15,A01
201000053810,0,10,000,00,2,1,01,B01
201000053811,0,14,000,00,2,1,09,A01
201000053811,0,31,000,00,2,7,01,B01
201000053812,0,07,000,00,1,1,01,A01
201000053813,1,07,000,00,1,1,01,A01
201000053814,0,33,000,00,2,2,02,A01
201000053814,0,07,000,00,2,4,01,B01
201000053815,0,33,000,00,2,1,02,A01
201000053815,0,07,000,00,0,4,15,B01
201000053816,0,07,000,00,2,1,01,A01
201000053816,0,07,000,00,2,3,01,B01
201000053817,0,07,000,00,1,1,01,A01
201000053818,0,07,000,00,2,7,16,A01
201000053818,0,33,000,00,2,8,01,B01
201000053819,0,01,000,00,2,1,17,B01
201000053819,0,07,000,00,2,8,15,A01
201000053820,0,33,000,00,2,1,01,B01
201000053820,0,10,000,00,2,1,09,A01
201000053821,0,07,000,00,2,4,01,B01
201000053821,0,13,000,00,2,4,01,D01
201000053821,0,07,000,00,2,4,01,C01
201000053821,0,07,000,00,2,1,02,A01
201000053822,0,07,000,00,2,2,15,A01
201000053822,0,33,000,00,2,1,01,B01
201000053823,0,34,000,00,2,1,01,A01
201000053823,0,07,000,00,2,1,15,B01
201000053824,0,07,000,00,2,1,02,A01
201000053824,0,07,000,00,2,4,23,B01
201000053825,0,07,000,00,2,3,15,B01
201000053825,0,02,000,00,2,1,17,A01
201000053826,0,32,000,14,0,1,16,A01
201000053827,0,07,000,00,2,3,15,A01
201000053827,0,32,000,00,2,1,01,B01
201000053828,0,07,000,00,2,3,15,B01
201000053828,0,30,000,00,2,1,17,A01
201000053829,0,02,000,00,1,8,01,A01
201000053830,0,02,000,00,2,1,18,A01
201000053830,0,07,000,00,2,7,01,B01
201000053831,0,07,000,00,2,1,13,A01
201000053831,0,07,000,00,2,1,01,B01
201000053832,0,07,000,08,0,1,01,A01
201000053833,0,07,000,00,1,1,01,A01
201000053834,0,33,000,00,1,2,03,A01
201000053834,0,07,000,00,2,8,01,B01
201000053835,0,07,000,00,2,3,01,B01
201000053835,0,07,000,00,2,1,15,A01
201000053836,0,07,000,00,2,1,02,A01
201000053836,0,07,000,00,2,4,02,B01
201000053837,0,07,000,00,2,4,01,C01
201000053837,0,33,000,00,2,1,03,A01
201000053837,0,07,000,00,2,5,01,B01
201000053838,0,07,000,00,2,3,01,B01
201000053838,0,07,000,00,2,1,01,A01
201000053839,0,07,000,14,2,1,02,A01
201000053839,0,07,000,14,0,4,02,B01
201000053839,0,07,000,00,0,4,02,C01
201000053840,0,33,000,00,2,1,17,A01
201000053840,0,07,000,00,2,3,15,B01
201000053841,1,07,000,00,1,1,01,Z01
201000053842,0,07,000,00,2,4,01,B01
201000053842,0,30,000,00,2,1,02,A01
201000053843,0,33,000,00,2,7,02,A01
201000053843,0,15,000,00,9,6,01,B01
201000053844,0,33,000,00,2,1,01,B01
201000053844,0,07,000,00,2,5,10,A01
201000053845,0,07,000,00,2,1,01,A01
201000053845,0,07,000,00,2,8,00,B01
201000053846,0,07,000,04,0,1,01,A01
201000053847,0,07,000,00,1,1,01,A01
201000053848,0,07,000,00,2,8,15,B01
201000053848,0,32,000,00,2,1,17,A01
201000053849,0,10,000,00,2,2,09,A01
201000053849,0,07,000,00,2,3,01,B01
201000053850,0,07,000,00,1,3,01,A01
201000053851,0,07,000,00,2,4,02,B01
201000053851,0,07,000,00,2,4,02,C01
201000053851,0,07,000,00,2,4,02,D01
201000053851,0,07,000,00,2,1,02,A01
201000053852,0,07,000,00,2,6,01,A01
201000053852,0,07,000,00,2,2,01,B01
201000053852,0,14,000,00,2,1,01,C01
201000053853,0,07,000,00,2,6,01,B01
201000053853,0,33,000,00,2,2,03,A01
201000053854,0,07,000,01,0,1,01,A01
201000053855,0,07,000,08,0,1,01,A01
201000053856,0,33,000,00,1,1,01,A01
201000053857,0,15,000,16,0,7,01,A01
201000053858,0,07,000,00,1,1,01,A01
201000053859,0,34,000,00,2,9,02,C01
201000053859,0,13,000,00,2,1,00,D01
201000053859,0,07,000,00,2,1,13,A01
201000053859,0,07,000,00,2,9,01,B01
201000053860,0,07,000,00,2,1,02,A01
201000053860,0,07,000,00,2,4,02,B01
201000053861,0,07,000,00,2,1,01,B01
201000053861,0,07,000,00,2,1,01,C01
201000053861,0,07,000,00,2,1,13,A01
201000053862,0,07,000,00,2,1,01,B01
201000053862,0,07,000,00,2,7,15,A01
201000053863,0,33,000,00,2,1,01,A01
201000053863,0,07,000,00,2,3,15,B01
201000053864,0,30,000,00,0,5,02,B01
201000053864,0,07,000,00,2,2,02,A01
201000053865,0,07,000,15,0,0,01,A01
201000053866,0,07,000,00,2,1,02,A01
201000053866,1,13,000,00,2,4,01,Z01
201000053867,0,32,000,00,2,1,01,B01
201000053867,0,07,000,00,2,8,15,A01
201000053868,0,33,000,00,2,1,01,B01
201000053868,0,07,000,00,2,8,10,A01
201000053869,0,07,000,00,2,8,16,B01
201000053869,0,07,000,00,2,1,01,A01
201000053870,0,07,000,00,2,1,02,A01
201000053870,0,07,000,00,2,4,01,B01
201000053871,0,07,000,00,2,4,10,A01
201000053871,0,33,000,00,2,1,01,B01
201000053872,0,30,000,00,0,7,01,A01
201000053873,1,07,000,00,1,0,01,Z01
201000053874,0,07,000,00,2,4,23,C01
201000053874,0,07,000,00,2,4,23,B01
201000053874,0,10,000,00,2,1,01,A01
201000053875,0,33,000,00,2,1,02,A01
201000053875,0,13,000,00,2,4,01,B01
201000053876,0,07,000,00,2,1,15,A01
201000053876,0,07,000,00,2,1,01,B01
201000053877,0,07,000,00,2,1,01,B01
201000053877,0,07,000,00,2,1,15,A01
201000053878,0,07,000,00,2,3,15,B01
201000053878,0,34,000,00,2,1,01,A01
201000053879,0,07,000,00,0,3,15,A01
201000053879,0,32,000,00,2,1,17,B01
201000053880,0,07,000,00,2,1,23,B01
201000053880,0,07,000,00,2,4,23,C01
201000053880,0,10,000,00,2,1,02,A01
201000053881,0,30,000,00,2,1,01,A01
201000053881,0,07,000,00,0,0,17,B01
201000053882,0,07,000,00,2,4,21,A01
201000053882,0,07,000,00,2,1,02,B01
201000053883,0,07,000,00,2,7,01,B01
201000053883,0,07,000,00,2,8,01,A01
201000053883,2,07,000,00,2,1,03,Z01
201000053884,0,07,000,00,2,1,01,B01
201000053884,0,07,000,00,2,1,01,A01
201000053885,0,10,000,00,2,5,12,A01
201000053885,0,34,000,00,2,8,01,B01
201000053886,0,07,000,00,1,1,01,A01
201000053887,0,33,000,00,2,1,01,A01
201000053887,0,07,000,00,2,2,16,B01
201000053888,0,07,000,00,2,2,01,A01
201000053888,0,01,000,00,2,3,01,B01
201000053889,0,33,000,00,2,1,01,B01
201000053889,0,07,000,00,2,3,01,C01
201000053889,0,07,000,00,2,2,15,A01
201000053890,0,07,000,00,2,4,16,B01
201000053890,0,33,000,00,2,1,01,A01
201000053891,0,07,000,01,2,6,01,B01
201000053891,0,15,000,00,2,1,17,A01
201000053892,0,10,000,06,0,1,01,A01
201000053893,0,07,000,00,2,1,05,B01
201000053893,0,03,000,00,2,3,01,A01
201000053894,0,07,000,00,2,1,01,B01
201000053894,0,07,000,12,2,1,06,A01
201000053895,0,07,000,00,1,4,04,A01
201000053896,0,30,000,00,2,1,01,A01
201000053896,0,07,000,00,2,4,23,B01
201000053897,0,07,000,00,2,3,01,B01
201000053897,0,02,000,00,2,2,01,A01
201000053898,0,07,000,12,0,7,01,A01
201000053899,0,10,000,00,1,1,01,A01
201000053900,0,07,000,00,0,4,02,B01
201000053900,0,07,000,00,2,1,02,A01
201000053901,0,07,000,00,2,4,01,B01
201000053901,0,34,000,00,2,1,02,A01
201000053902,0,07,000,00,2,1,01,B01
201000053902,0,07,000,00,2,3,01,A01
201000053903,0,07,000,03,0,1,21,A01
201000053904,0,07,000,00,2,1,01,A01
201000053904,0,07,000,00,2,4,01,B01
201000053904,0,07,000,00,0,4,01,C01
201000053905,0,07,000,00,0,8,15,B01
201000053905,0,30,000,00,2,9,17,A01
201000053906,0,07,000,00,2,8,05,B01
201000053906,0,07,000,00,2,1,01,A01
201000053907,0,30,000,00,2,1,01,A01
201000053907,0,10,000,00,2,8,00,B01
201000053908,0,07,000,00,2,6,11,A01
201000053908,0,33,000,00,2,1,01,B01
201000053909,0,07,000,00,2,2,12,A01
201000053909,0,34,000,00,0,4,01,B01
201000053910,0,07,000,00,1,2,01,A01
201000053911,0,07,000,00,2,1,01,A01
201000053912,0,07,000,00,2,4,01,B01
201000053912,0,07,000,00,2,1,01,A01
201000053913,0,33,000,00,2,1,01,B01
201000053913,0,07,000,00,2,2,01,A01
201000053914,0,07,000,00,2,2,01,B01
201000053914,0,03,000,00,2,1,15,A01
201000053915,0,07,000,00,2,1,01,A01
201000053915,0,07,000,00,2,8,01,B01
201000053916,0,07,000,00,1,1,01,A01
201000053917,0,13,000,00,2,1,01,A01
201000053917,0,10,000,00,2,4,23,C01
201000053917,0,07,000,00,2,4,23,B01
201000053918,0,07,000,00,2,4,02,C01
201000053918,0,07,000,00,2,1,02,A01
201000053918,0,07,000,00,2,4,02,B01
201000053918,0,07,000,00,2,4,23,D01
201000053919,0,07,000,00,2,1,01,B01
201000053919,0,07,000,00,2,3,01,A01
201000053920,0,07,000,00,2,7,15,A01
201000053920,0,07,000,00,2,1,01,B01
201000053921,0,07,000,01,0,1,21,A01
201000053922,0,36,000,16,0,1,01,A01
201000053923,0,07,000,00,1,1,01,A01
201000053924,0,07,000,05,0,1,01,A01
201000053925,0,07,000,00,9,3,15,A01
201000053925,0,01,000,00,2,1,19,B01
201000053926,1,07,000,00,1,2,01,Z01
201000053927,0,32,000,00,1,1,01,A01
201000053928,0,30,000,01,0,5,21,B01
201000053929,0,07,000,00,2,3,22,A01
201000053929,0,01,000,01,0,2,01,B01
201000053930,0,07,000,00,2,1,01,B01
201000053930,0,07,000,00,2,7,01,A01
201000053931,0,07,000,00,1,3,01,A01
201000053932,0,01,000,01,0,1,01,B01
201000053932,0,07,000,00,2,3,22,A01
201000053933,0,10,000,00,1,1,15,A01
201000053934,0,07,000,15,2,2,01,A01
201000053934,0,31,000,00,2,1,01,B01
201000053935,1,07,000,01,2,0,04,Z01
201000053935,0,30,000,00,2,1,01,B01
201000053936,0,02,000,00,2,1,17,B01
201000053936,0,07,000,00,2,3,15,A01
201000053937,0,07,000,00,2,5,01,A01
201000053937,0,32,000,00,2,1,01,B01
201000053938,0,07,000,00,2,3,15,A01
201000053938,0,31,000,00,2,1,01,B01
201000053939,0,33,000,00,2,3,01,B01
201000053939,0,07,000,00,2,3,20,A01
201000053940,0,07,000,00,2,4,23,C01
201000053940,0,07,000,00,2,1,10,A01
201000053940,0,34,000,00,2,4,17,B01
201000053941,0,07,000,00,1,2,04,A01
201000053942,0,33,000,00,2,2,03,A01
201000053942,0,10,000,00,2,2,09,B01
201000053943,0,01,000,00,1,1,01,A01
201000053944,0,07,000,00,2,8,01,A01
201000053944,0,07,000,00,2,1,01,B01
201000053945,0,32,000,00,2,8,21,A01
201000053946,0,30,000,00,2,7,17,B01
201000053946,0,07,000,00,2,3,15,A01
201000053947,0,07,000,00,2,1,15,A01
201000053947,0,30,000,00,2,1,01,B01
201000053948,0,07,000,00,2,1,01,B01
201000053948,0,07,000,00,2,1,15,A01
201000053949,0,14,000,00,2,6,01,A01
201000053949,0,30,000,00,2,7,23,B01
201000053950,0,07,000,00,2,3,01,A01
201000053950,0,07,000,00,2,1,01,B01
201000053951,0,07,000,01,0,3,02,A01
201000053952,0,10,000,00,2,6,17,A01
201000053952,0,02,000,00,2,7,01,B01
201000053953,0,07,000,00,2,7,09,A01
201000053953,0,02,000,00,2,1,01,B01
201000053954,0,32,000,00,2,7,01,A01
201000053954,0,07,000,00,2,3,15,C01
201000053954,0,07,000,00,2,1,01,B01
201000053955,0,33,000,00,2,7,17,B01
201000053955,0,07,000,00,2,8,13,A01
201000053956,0,14,000,00,2,2,01,A01
201000053956,0,07,000,00,2,8,11,B01
201000053957,0,30,000,00,2,1,01,A01
201000053957,0,07,000,00,2,3,15,B01
201000053958,0,07,000,00,1,1,01,A01
201000053959,0,07,000,00,1,3,15,A01
201000053960,0,02,000,00,0,7,21,B01
201000053960,0,07,000,00,0,0,15,A01
201000053961,0,01,000,00,2,7,15,A01
201000053961,0,07,000,00,2,1,01,B01
201000053962,0,07,000,00,1,3,01,A01
201000053963,0,07,000,00,1,1,01,A01
201000053964,0,07,000,00,0,4,23,B01
201000053964,0,01,000,00,2,1,01,A01
201000053965,0,31,000,00,2,1,01,B01
201000053965,0,10,000,00,2,5,09,A01
201000053966,0,32,000,01,0,1,18,A01
201000053967,0,07,000,00,2,1,02,A01
201000053967,0,02,000,00,2,4,01,B01
201000053968,0,32,000,00,2,2,01,B01
201000053968,0,07,000,00,2,6,01,A01
201000053969,0,07,000,00,2,1,02,A01
201000053969,0,07,000,00,0,4,01,B01
201000053970,0,34,000,01,0,8,01,A01
201000053971,1,07,000,00,1,1,15,Z01
201000053972,0,07,000,00,2,1,01,A01
201000053972,0,07,000,00,2,8,01,B01
201000053973,0,30,000,00,0,7,01,A01
201000053974,0,02,000,00,1,1,01,A01
201000053975,0,10,000,00,1,5,04,A01
201000053976,0,30,000,00,2,1,01,A01
201000053976,0,07,000,00,2,6,01,B01
201000053977,0,07,000,00,2,2,15,A01
201000053977,0,30,000,00,2,1,01,B01
201000053978,0,07,000,00,2,1,01,A01
201000053978,0,02,000,00,2,4,11,B01
201000053979,0,07,000,00,2,5,01,A01
201000053979,0,02,000,00,2,4,01,B01
201000053980,0,02,000,11,0,7,01,A01
201000053981,0,07,000,00,1,5,04,A01
201000053982,0,07,000,01,0,2,01,A01
201000053983,0,07,000,09,0,7,01,A01
201000053984,0,01,000,00,2,8,01,B01
201000053984,0,30,000,00,2,1,01,A01
201000053985,0,02,000,16,0,7,01,A01
201000053986,0,07,000,00,1,1,15,A01
201000053987,0,07,000,00,2,3,15,A01
201000053987,0,32,000,00,2,8,01,B01
201000053988,0,02,000,00,2,1,02,A01
201000053988,0,33,000,00,2,5,23,B01
201000053989,0,07,000,00,1,6,04,A01
201000053990,0,14,000,00,1,1,15,A01
201000053991,0,07,000,00,2,2,01,A01
201000053991,0,07,000,00,2,3,01,B01
201000053992,0,07,000,00,1,6,15,A01
201000053993,0,07,000,00,2,6,15,A01
201000053993,0,02,000,00,2,6,17,B01
201000053994,0,07,000,00,2,5,15,A01
201000053994,0,32,000,00,2,1,01,B01
201000053995,0,07,000,00,1,1,01,A01
201000053996,0,30,000,00,2,3,01,B01
201000053996,0,07,000,00,2,5,14,A01
201000053997,0,07,000,00,2,1,01,A01
201000053997,0,07,000,00,2,2,15,B01
201000053998,0,33,000,00,1,2,01,A01
201000053999,0,07,000,00,2,6,10,A01
201000053999,0,33,000,00,2,2,02,B01