Num_Acc,senc,catv,occutc,obs,obsm,choc,manv,num_veh
201000054000,0,07,000,00,0,3,16,A01
201000054000,0,30,000,00,2,1,01,B01
201000054001,0,32,000,16,0,7,21,A01
201000054001,0,07,000,00,0,0,01,B01
201000054002,0,07,000,00,1,3,01,A01
201000054003,0,01,000,00,1,1,01,A01
201000054004,0,07,000,00,2,2,01,C01
201000054004,0,10,000,00,2,3,09,A01
201000054004,0,07,000,00,2,4,01,B01
201000054005,1,07,000,00,2,0,17,A01
201000054005,0,01,000,00,2,7,01,B01
201000054006,1,33,000,00,1,7,01,Z01
201000054007,0,10,000,00,2,4,23,B01
201000054007,0,07,000,00,2,4,23,C01
201000054007,0,07,000,00,2,1,02,A01
201000054008,0,30,000,00,0,8,01,A01
201000054009,0,07,000,00,2,5,23,B01
201000054009,0,02,000,00,2,1,02,A01
201000054010,0,31,000,00,2,7,01,B01
201000054010,0,07,000,00,2,8,01,A01
201000054011,0,33,000,00,2,1,02,B01
201000054011,0,07,000,00,2,5,01,A01
201000054012,0,31,000,01,2,1,02,A01
201000054012,0,07,000,00,2,2,14,B01
201000054013,0,07,000,00,1,4,04,A01
201000054014,0,02,000,00,1,1,01,A01
201000054015,0,10,000,00,1,1,15,A01
201000054016,0,07,000,00,2,5,01,B01
201000054016,0,02,000,00,2,3,02,A01
201000054017,0,14,000,00,1,5,04,A01
201000054018,0,30,000,00,1,3,01,A01
201000054019,0,07,000,09,0,1,01,A01
201000054020,0,07,000,00,1,1,01,A01
201000054021,0,07,000,00,1,4,04,A01
201000054022,1,30,000,00,1,1,01,Z01
201000054023,0,07,000,00,1,2,15,A01
201000054024,0,10,000,00,1,1,01,A01
201000054025,0,07,000,00,2,1,01,A01
201000054025,0,33,000,00,2,8,01,B01
201000054026,0,07,000,00,2,1,02,A01
201000054026,0,07,000,00,2,6,23,B01
201000054027,0,07,000,00,1,2,01,A01
201000054028,0,07,000,01,0,2,01,A01
201000054029,0,07,000,00,2,8,01,A01
201000054029,0,07,000,00,0,7,15,B01
201000054030,0,07,000,00,1,1,01,A01
201000054031,0,07,000,06,0,9,01,A01
201000054032,0,07,000,00,2,1,01,A01
201000054032,0,07,000,00,2,3,01,B01
201000054033,0,07,000,00,2,8,15,B01
201000054033,0,30,000,00,2,3,17,A01
201000054034,0,07,000,00,1,4,04,A01
201000054035,0,07,000,00,1,1,01,A01
201000054036,0,01,000,00,2,1,01,A01
201000054036,0,07,000,00,9,7,16,B01
201000054037,0,07,000,06,2,8,01,B01
201000054037,0,07,000,00,2,3,13,A01
201000054038,0,07,000,00,1,2,01,A01
201000054039,0,07,000,00,1,7,01,A01
201000054040,0,07,000,00,1,2,01,A01
201000054041,0,02,000,00,2,3,01,C01
201000054042,0,37,060,00,1,1,01,A01
201000054043,0,07,000,00,1,7,01,A01
201000054044,0,07,000,00,1,1,01,A01
201000054045,0,07,000,00,0,4,23,B01
201000054045,0,02,000,00,2,1,01,A01
201000054046,0,07,000,00,2,2,01,A01
201000054046,0,07,000,00,2,1,01,B01
201000054047,0,07,000,00,1,1,01,A01
201000054048,0,07,000,00,2,5,01,A01
201000054048,0,99,000,00,2,3,01,B01
201000054049,0,07,000,01,2,1,01,A01
201000054049,0,07,000,00,2,7,24,B01
201000054050,0,37,045,00,1,1,01,A01
201000054051,0,07,000,05,2,2,01,A01
201000054051,0,07,000,00,2,3,01,B01
201000054052,0,07,000,00,1,1,01,A01
201000054053,0,37,005,00,0,0,01,B01
201000054053,0,07,000,00,0,0,10,A01
201000054054,0,07,000,00,1,1,01,A01
201000054055,2,07,000,00,2,1,01,A01
201000054055,0,07,000,01,2,8,15,B01
201000054056,0,07,000,00,1,3,01,A01
201000054057,0,01,000,00,2,1,18,A01
201000054057,0,14,000,00,2,7,16,B01
201000054058,0,07,000,00,1,2,01,A01
201000054059,0,34,000,00,2,1,01,B01
201000054059,0,07,000,00,9,2,15,A01
201000054060,0,07,000,00,0,5,01,A01
201000054060,0,07,000,00,0,1,09,B01
201000054061,0,07,000,00,2,6,15,B01
201000054061,0,34,000,00,2,1,17,A01
201000054062,0,07,000,00,2,1,01,B01
201000054062,0,30,000,00,2,7,01,A01
201000054063,0,37,060,00,1,1,01,A01
201000054064,0,33,000,00,2,1,02,A01
201000054064,0,07,000,00,0,6,15,B01
201000054065,0,07,000,01,0,2,14,A01
201000054066,0,30,000,00,2,7,01,A01
201000054066,0,07,000,00,2,1,01,B01
201000054067,0,07,000,00,2,4,23,A01
201000054067,1,07,000,14,0,1,01,Z01
201000054068,0,07,000,00,1,1,09,A01
201000054069,0,07,000,00,0,1,01,A01
201000054070,0,07,000,00,1,1,01,A01
201000054071,0,07,000,00,2,1,05,A01
201000054071,0,37,030,00,2,3,01,B01
201000054072,0,07,000,00,1,3,20,A01
201000054073,1,01,000,00,1,1,05,A01
201000054074,0,07,000,00,2,2,15,A01
201000054074,0,30,000,00,2,1,01,B01
201000054075,0,07,000,00,1,3,12,A01
201000054076,0,07,000,00,0,4,01,C01
201000054076,0,07,000,00,2,4,01,B01
201000054076,0,14,000,00,2,1,01,A01
201000054077,0,14,000,00,1,7,07,A01
201000054078,0,07,000,00,2,1,01,A01
201000054078,0,07,000,00,2,5,02,B01
201000054078,0,07,000,00,2,4,01,C01
201000054079,0,07,000,00,2,6,02,C01
201000054079,0,07,000,00,2,3,02,B01
201000054079,0,07,000,00,2,2,01,A01
201000054080,0,07,000,15,2,7,01,A01
201000054080,0,07,000,00,2,1,01,B01
201000054081,0,07,000,00,2,1,15,A01
201000054081,0,02,000,00,2,1,01,B01
201000054082,1,31,000,00,0,9,01,A01
201000054083,0,07,000,00,2,4,01,B01
201000054083,0,07,000,00,2,1,02,A01
201000054084,0,33,000,00,1,1,01,A01
201000054085,0,34,000,00,2,3,01,A01
201000054085,0,07,000,00,2,4,15,B01
201000054086,0,07,000,00,2,9,15,A01
201000054086,0,07,000,00,0,6,24,B01
201000054087,0,07,000,00,2,2,15,B01
201000054087,0,34,000,00,2,2,11,A01
201000054088,0,07,000,00,2,8,15,A01
201000054088,0,30,000,00,2,1,17,B01
201000054089,0,07,000,00,2,2,15,A01
201000054089,0,31,000,00,2,1,01,B01
201000054090,0,33,000,00,2,1,01,B01
201000054090,0,07,000,00,2,3,01,A01
201000054091,0,07,000,00,2,2,01,A01
201000054091,0,07,000,00,2,3,01,B01
201000054092,0,02,000,00,1,1,01,A01
201000054093,0,07,000,00,2,7,01,A01
201000054093,0,07,000,00,2,1,01,B01
201000054094,0,07,000,00,2,1,01,B02
201000054094,0,07,000,00,2,4,04,A01
201000054095,0,01,000,00,2,3,01,A01
201000054095,0,07,000,00,2,6,01,B01
201000054096,0,37,001,00,1,2,01,A01
201000054097,0,37,004,00,2,1,01,A01
201000054097,0,14,000,00,2,4,01,B01
201000054098,0,07,000,00,2,7,15,B01
201000054098,0,33,000,00,2,1,01,A01
201000054099,0,07,000,15,0,9,01,A01
201000054100,0,07,000,00,2,8,01,B01
201000054100,0,07,000,00,2,3,01,A01
201000054101,0,10,000,00,2,7,15,A01
201000054101,0,02,000,00,2,1,01,B01
201000054102,0,34,000,00,2,4,01,B01
201000054102,0,03,000,00,2,1,02,A01
201000054103,0,07,000,00,2,2,15,A01
201000054103,0,02,000,00,2,3,01,B01
201000054104,0,07,000,01,2,3,23,C01
201000054104,0,07,000,14,2,3,17,A01
201000054104,0,07,000,00,2,3,23,B01
201000054105,0,07,000,00,1,3,01,A01
201000054106,0,07,000,01,0,0,22,C01
201000054106,0,34,000,00,2,1,21,A01
201000054106,0,07,000,00,2,1,01,B01
201000054107,0,07,000,00,2,3,15,A01
201000054107,0,33,000,00,2,5,01,B01
201000054108,0,99,000,00,2,1,09,B01
201000054108,0,07,000,00,2,2,01,A01
201000054109,0,07,000,15,0,9,01,A01
201000054110,0,07,000,00,1,7,13,A01
201000054111,0,02,000,00,2,1,01,B01
201000054111,0,07,000,00,2,5,15,A01
201000054112,0,99,000,00,2,1,02,A01
201000054112,0,07,000,00,2,4,23,B01
201000054113,0,07,000,00,1,3,01,A01
201000054114,0,02,000,00,2,1,05,A01
201000054114,0,07,000,00,0,7,15,B01
201000054115,0,07,000,01,2,5,01,A01
201000054115,0,07,000,00,2,1,01,B01
201000054116,0,33,000,00,1,1,01,A01
201000054117,0,07,000,00,2,3,15,B01
201000054117,0,31,000,00,2,3,01,A01
201000054118,0,07,000,00,1,1,01,A01
201000054119,0,07,000,00,2,7,01,B01
201000054119,0,07,000,00,2,3,01,A01
201000054120,0,33,000,00,2,1,15,B01
201000054120,0,07,000,00,2,3,16,A01
201000054121,0,33,000,00,2,1,01,B01
201000054121,0,07,000,00,2,5,15,A01
201000054122,0,07,000,00,2,3,01,A01
201000054122,0,32,000,00,2,1,15,B01
201000054123,0,15,000,00,2,7,23,B01
201000054123,0,07,000,00,2,8,01,C01
201000054123,0,33,000,00,2,1,03,A01
201000054124,0,07,000,00,1,1,01,A01
201000054125,0,07,000,00,2,2,01,A01
201000054125,0,07,000,00,2,3,01,B01
201000054126,0,07,000,00,1,1,01,A01
201000054127,1,07,000,00,1,1,01,A01
201000054128,0,30,000,00,2,8,01,A01
201000054128,0,07,000,00,2,7,01,B01
201000054129,0,34,000,00,2,1,01,A01
201000054129,0,07,000,00,2,1,15,B01
201000054130,0,07,000,00,2,1,01,A01
201000054130,0,07,000,00,2,4,23,B01
201000054131,0,31,000,00,2,1,01,B01
201000054131,0,07,000,00,2,1,15,A01
201000054132,0,07,000,00,1,4,04,A01
201000054133,0,14,000,00,1,2,16,A01
201000054134,1,07,000,00,1,4,04,A01
201000054135,0,07,000,00,1,1,09,A01
201000054136,0,07,000,00,1,1,01,A01
201000054137,0,37,020,00,1,1,01,A01
201000054138,0,07,000,00,1,1,09,A01
201000054139,0,37,020,00,2,3,01,C01
201000054139,0,07,000,00,2,2,01,B01
201000054139,0,30,000,00,2,9,17,A01
201000054140,0,31,000,00,2,1,01,B02
201000054140,0,07,000,00,2,3,15,A01
201000054141,0,07,000,00,1,1,15,A01
201000054142,0,37,017,00,1,1,01,A01
201000054143,0,07,000,00,2,3,09,A01
201000054143,0,34,000,00,2,7,17,B01
201000054144,0,07,000,00,2,1,01,A01
201000054144,0,10,000,00,2,4,02,B01
201000054145,0,07,000,00,1,1,01,A01
201000054146,0,07,000,00,2,2,01,A01
201000054146,0,07,000,08,0,1,01,B01
201000054147,0,10,000,00,0,0,15,A01
201000054147,0,30,000,16,0,7,01,B01
201000054148,0,07,000,00,2,1,01,B01
201000054148,0,07,000,00,2,1,15,A01
201000054149,0,07,000,00,1,2,01,A01
201000054150,0,30,000,08,0,8,01,A01
201000054151,0,10,000,00,2,3,15,A01
201000054151,0,33,000,00,2,7,01,B01
201000054152,0,07,000,00,0,0,13,B01
201000054152,0,34,000,16,2,0,17,A01
201000054153,0,01,000,00,0,0,01,A01
201000054154,0,33,000,00,2,1,01,A01
201000054154,0,07,000,00,2,4,23,B01
201000054155,0,32,000,00,0,0,01,A01
201000054156,0,07,000,00,2,4,01,C01
201000054156,0,07,000,00,2,5,01,A01
201000054156,0,07,000,00,2,9,01,B01
201000054157,0,07,000,00,0,4,01,B01
201000054157,0,07,000,00,2,1,16,A01
201000054158,0,33,000,00,0,0,15,A01
201000054159,0,10,000,00,1,1,01,A01
201000054160,0,37,015,00,2,1,01,A01
201000054160,0,14,000,00,2,4,23,B01
201000054161,0,07,000,03,0,1,17,A01
201000054162,0,07,000,00,2,2,15,A01
201000054162,0,01,000,00,2,9,01,B01
201000054163,0,07,000,00,2,8,14,A01
201000054163,0,33,000,00,2,3,01,B01
201000054164,0,30,000,16,0,9,01,A01
201000054165,0,07,000,00,2,3,15,A01
201000054165,0,33,000,00,2,1,01,B01
201000054166,1,07,000,00,1,1,15,Z01
201000054167,0,07,000,00,0,8,01,A01
201000054167,0,13,000,00,2,1,01,B01
201000054168,2,10,000,00,2,1,02,A01
201000054168,0,07,000,00,0,6,23,C01
201000054168,0,07,000,00,2,1,01,B01
201000054169,0,07,000,02,0,1,01,A01
201000054170,0,07,000,00,1,1,01,A01
201000054171,0,37,025,00,0,0,01,A01
201000054172,0,07,000,08,0,1,13,A01
201000054173,0,10,000,00,2,3,15,A01
201000054173,0,07,000,00,2,1,01,B01
201000054174,0,07,000,00,2,8,01,B01
201000054174,0,07,000,00,2,3,01,A01
201000054175,0,30,000,00,1,1,01,A01
201000054176,0,07,000,00,1,7,01,A01
201000054177,0,07,000,00,0,2,19,A01
201000054177,0,31,000,00,2,1,01,B01
201000054178,0,03,000,01,0,1,05,A01
201000054179,0,07,000,00,1,1,18,A01
201000054180,0,02,000,08,0,1,01,A01
201000054181,0,07,000,00,2,2,09,A01
201000054181,0,33,000,00,2,1,01,B01
201000054182,0,02,000,00,2,1,17,B01
201000054182,0,07,000,00,2,8,15,A01
201000054183,0,10,000,00,1,1,15,A01
201000054184,0,07,000,01,2,1,01,B01
201000054184,0,10,000,00,2,1,01,A01
201000054185,0,07,000,00,2,4,01,D01
201000054185,0,07,000,00,2,1,01,A01
201000054185,0,07,000,00,2,4,02,B01
201000054185,0,07,000,00,2,4,02,C01
201000054186,0,07,000,00,0,5,01,B01
201000054186,0,07,000,00,2,3,02,A01
201000054187,0,10,000,06,0,1,14,A01
201000054188,0,30,000,00,0,0,16,A01
201000054189,0,02,000,08,0,3,13,A01
201000054190,0,02,000,00,0,1,02,A01
201000054191,0,33,000,12,0,1,17,A01
201000054192,0,01,000,00,1,1,01,A01
201000054193,0,07,000,00,1,1,01,A01
201000054194,0,07,000,05,0,7,14,A01
201000054195,0,07,000,00,1,1,01,A01
201000054196,0,07,000,00,2,2,15,A01
201000054196,0,07,000,00,2,1,01,B01
201000054197,0,10,000,00,2,5,15,C01
201000054197,0,07,000,00,2,8,23,B01
201000054197,0,07,000,09,2,2,17,A01
201000054198,0,01,000,00,1,1,01,A01
201000054199,0,07,000,00,2,6,10,A01
201000054199,0,32,000,00,2,8,17,B01
201000054200,0,07,000,00,1,2,01,A01
201000054201,0,34,000,01,2,1,01,A01
201000054201,0,07,000,00,2,3,15,B01
201000054202,1,07,000,00,0,0,01,Z01
201000054202,0,07,000,00,9,8,01,B01
201000054203,0,33,000,16,0,7,17,A01
201000054204,0,02,000,00,2,3,01,A01
201000054204,1,07,000,,2,,,Z01
201000054205,0,07,000,00,2,5,16,A01
201000054205,0,33,000,00,2,3,01,B01
201000054206,0,07,000,00,2,2,15,A01
201000054206,0,30,000,00,2,1,01,B01
201000054207,0,33,000,00,2,7,23,B01
201000054207,0,07,000,00,2,4,04,A01
201000054208,0,07,000,06,2,1,13,A01
201000054208,0,07,000,00,2,1,01,B01
201000054209,0,07,000,00,2,1,01,B01
201000054209,0,10,000,00,2,5,15,A01
201000054210,0,33,000,09,0,7,14,A01
201000054211,0,30,000,00,0,1,01,A01
201000054212,0,07,000,15,1,4,20,A01
201000054213,0,30,000,16,0,8,01,A01
201000054214,0,07,000,00,2,3,23,B01
201000054214,0,15,000,00,1,5,15,A01
201000054215,0,07,000,00,1,3,01,A01
201000054216,0,07,000,00,2,7,15,A01
201000054216,0,07,000,00,2,1,01,B01
201000054217,0,01,000,06,0,1,15,A01
201000054218,0,33,000,00,2,1,01,B01
201000054218,0,07,000,00,2,2,15,A01
201000054218,0,07,000,00,2,1,01,C01
201000054219,0,33,000,00,2,1,17,A01
201000054219,0,07,000,00,2,5,01,B01
201000054220,0,01,000,01,0,1,14,A01
201000054221,0,33,000,00,2,1,01,B01
201000054221,0,07,000,00,2,3,10,A01
201000054222,0,10,000,00,1,1,01,A01
201000054223,0,03,000,00,2,5,15,A01
201000054223,0,33,000,00,2,3,01,B01
201000054224,0,07,000,00,2,4,02,B01
201000054224,0,07,000,00,2,4,02,C01
201000054224,0,10,000,00,2,1,01,A01
201000054224,0,07,000,00,2,4,01,D01
201000054225,0,07,000,09,2,1,15,A01
201000054225,0,37,007,00,2,3,01,B01
201000054226,0,07,000,00,2,2,01,A01
201000054226,0,07,000,00,2,1,15,B01
201000054227,0,01,000,00,2,1,19,A01
201000054227,0,07,000,00,2,2,01,B01
201000054228,0,07,000,00,2,1,02,A01
201000054228,0,07,000,00,0,4,01,B01
201000054229,0,10,000,00,2,2,15,A01
201000054229,0,30,000,00,2,8,01,B01
201000054230,0,07,000,00,1,3,01,A01
201000054231,0,07,000,00,2,1,02,A01
201000054231,0,10,000,00,0,4,01,B01
201000054232,0,10,000,00,2,2,15,B01
201000054232,0,30,000,00,2,7,17,A01
201000054233,0,30,000,16,0,7,01,A01
201000054234,0,07,000,00,2,3,01,A01
201000054234,0,07,000,00,2,6,23,B01
201000054235,0,07,000,00,1,1,01,A01
201000054236,1,07,000,00,1,1,01,Z01
201000054237,1,07,000,00,1,1,01,Z01
201000054238,0,07,000,00,2,2,15,B01
201000054238,0,30,000,00,2,4,01,A01
201000054239,0,07,000,00,2,1,01,B01
201000054239,0,07,000,00,2,4,23,A01
201000054240,0,33,000,00,2,7,17,A01
201000054240,0,07,000,00,2,8,15,B01
201000054241,0,33,000,03,2,1,13,A01
201000054241,0,10,000,00,2,6,23,C01
201000054241,0,07,000,00,2,6,23,B01
201000054242,1,07,000,00,2,3,01,Z01
201000054242,0,07,000,00,2,2,01,A01
201000054243,0,30,000,00,2,1,17,A01
201000054243,0,07,000,00,2,3,01,C01
201000054243,0,07,000,00,0,6,16,B01
201000054244,0,07,000,01,2,3,09,A01
201000054244,0,07,000,00,2,2,01,B01
201000054245,0,07,000,00,1,1,01,A01
201000054246,0,07,000,00,1,1,13,A01
201000054247,0,07,000,00,2,4,24,B01
201000054247,0,30,000,01,0,1,01,A01
201000054248,0,32,000,00,1,1,01,A01
201000054249,0,07,000,00,0,4,23,C01
201000054249,0,07,000,00,2,4,23,B01
201000054249,0,10,000,00,2,1,02,A01
201000054250,0,10,000,00,1,4,04,A01
201000054251,0,32,000,00,2,1,01,B01
201000054251,0,07,000,00,2,3,15,A01
201000054252,0,34,000,00,2,3,18,A01
201000054252,0,07,000,00,2,2,23,B01
201000054253,0,14,000,06,0,1,01,A01
201000054254,0,07,000,00,1,1,01,A01
201000054255,0,07,000,00,1,1,01,A01
201000054256,0,07,000,00,1,2,01,A01
201000054257,0,07,000,00,2,8,15,B01
201000054257,0,30,000,00,2,2,17,A01
201000054258,0,10,000,00,2,3,01,B01
201000054258,0,10,000,00,0,2,01,A01
201000054259,0,10,000,00,2,1,01,A01
201000054259,0,30,000,00,0,4,15,B01
201000054260,0,07,000,01,0,1,01,A01
201000054261,0,37,050,00,2,7,01,B01
201000054261,0,01,000,00,2,8,13,A01
201000054262,0,07,000,00,2,8,01,A01
201000054262,0,32,000,00,2,2,01,B01
201000054263,0,07,000,00,2,1,01,A01
201000054263,0,07,000,00,2,5,01,B01
201000054264,0,07,000,00,2,3,24,A01
201000054264,0,33,000,00,2,1,01,B01
201000054265,0,30,000,12,0,7,01,A01
201000054266,0,07,000,00,2,1,01,A01
201000054266,0,07,000,00,2,4,23,B01
201000054267,0,02,000,00,2,1,01,A01
201000054267,0,07,000,00,2,6,23,B01
201000054268,0,33,000,16,0,0,01,A01
201000054269,0,07,000,00,2,1,01,B01
201000054269,0,01,000,00,2,8,13,A01
201000054270,2,33,000,00,1,1,01,Z01
201000054271,0,14,000,00,2,3,22,A01
201000054271,1,07,000,00,2,3,01,Z01
201000054272,0,07,000,00,1,5,20,A01
201000054273,0,37,029,00,2,1,01,A01
201000054274,0,32,000,00,2,8,01,B01
201000054274,0,07,000,00,2,2,01,A01
201000054275,0,07,000,00,2,3,22,A01
201000054275,0,01,000,00,2,1,01,B01
201000054276,0,01,000,00,2,1,01,A01
201000054276,0,07,000,00,2,3,01,B01
201000054277,0,10,000,00,1,1,15,A01
201000054278,0,30,000,08,0,8,14,A01
201000054279,0,32,000,00,2,4,23,B01
201000054279,0,07,000,00,2,1,01,A01
201000054280,0,17,000,00,1,2,01,A01
201000054281,0,01,000,00,2,1,01,B01
201000054281,0,07,000,00,2,3,09,A01
201000054282,0,07,000,00,1,2,01,A01
201000054283,0,07,000,01,2,1,01,B01
201000054283,0,02,000,00,2,1,13,A01
201000054284,0,07,000,00,2,3,16,A01
201000054284,0,07,000,00,2,1,01,B01
201000054285,0,10,000,00,2,1,02,A01
201000054285,0,10,000,00,0,4,23,C01
201000054285,0,10,000,00,2,4,23,B01
201000054286,0,07,000,12,0,1,16,A01
201000054287,0,33,000,00,2,2,01,B01
201000054287,0,07,000,00,0,2,12,A01
201000054288,0,07,000,00,2,1,15,A01
201000054288,0,33,000,00,2,1,01,B01
201000054289,0,07,000,03,0,3,01,A01
201000054290,0,07,000,00,2,4,02,B01
201000054290,0,07,000,00,2,1,01,A01
201000054290,0,07,000,00,2,4,16,C01
201000054291,0,07,000,00,1,0,00,A01
201000054292,1,31,000,06,0,1,00,Z01
201000054293,0,07,000,00,1,1,16,A01
201000054294,0,07,000,00,2,1,15,A01
201000054294,0,32,000,00,2,1,01,B01
201000054295,0,33,000,00,2,1,01,B01
201000054295,0,07,000,00,2,2,12,A01
201000054296,0,07,000,00,2,1,15,A01
201000054296,0,33,000,00,2,3,02,B01
201000054297,0,34,000,00,2,2,02,B01
201000054297,0,07,000,00,2,1,01,A01
201000054298,0,13,000,00,2,8,15,B01
201000054298,0,30,000,00,2,4,17,A01
201000054299,0,07,000,00,2,0,15,A01
201000054299,0,32,000,00,2,7,15,B01
201000054300,0,07,000,00,1,3,15,A01
201000054301,0,07,000,00,1,1,01,A01
201000054302,0,10,000,00,2,8,10,B01
201000054302,0,30,000,00,2,9,17,A01
201000054303,0,07,000,00,1,8,01,A01
201000054304,0,07,000,00,2,6,23,B01
201000054304,0,07,000,01,0,2,01,A01
201000054305,0,07,000,00,2,4,23,B01
201000054305,0,07,000,00,2,1,01,A01
201000054306,0,30,000,00,2,1,01,A01
201000054306,0,07,000,00,2,3,01,B01
201000054307,0,07,000,00,2,2,15,A01
201000054307,0,07,000,00,2,1,01,B01
201000054308,1,07,000,00,1,1,16,Z01
201000054309,0,07,000,00,1,3,01,A01
201000054310,0,30,000,00,2,1,01,B01
201000054310,0,07,000,00,2,3,10,A01
201000054311,0,10,000,00,2,5,15,A01
201000054311,0,33,000,00,2,9,01,B01
201000054312,0,02,000,00,2,1,02,B01
201000054312,0,07,000,00,2,3,02,A01
201000054313,0,07,000,01,0,2,02,A01
201000054314,0,07,000,00,2,4,02,B01
201000054314,0,10,000,00,2,1,02,A01
201000054315,0,07,000,12,2,8,24,B01
201000054315,0,14,000,01,0,2,02,A01
201000054316,0,07,000,00,2,1,01,B01
201000054316,0,10,000,00,2,1,15,A01
201000054317,0,07,000,00,2,1,01,B01
201000054317,0,07,000,06,2,5,01,A01
201000054318,0,30,000,16,0,8,02,A01
201000054319,0,10,000,15,1,1,13,A01
201000054320,0,07,000,00,2,6,10,A01
201000054320,0,32,000,00,2,1,01,B01
201000054321,0,10,000,00,1,2,02,A01
201000054322,0,07,000,00,2,1,01,A01
201000054322,0,07,000,05,2,3,01,B01
201000054323,0,02,000,00,2,1,01,B01
201000054323,0,07,000,00,2,2,15,A01
201000054324,0,07,000,00,2,4,02,B01
201000054324,0,30,000,00,2,1,02,A01
201000054325,0,07,000,00,2,3,02,A01
201000054325,1,07,000,00,2,1,02,Z01
201000054326,0,07,000,01,0,1,14,A01
201000054327,0,33,000,00,2,1,01,B01
201000054327,0,07,000,00,2,1,15,A01
201000054328,0,33,000,16,0,7,02,A01
201000054329,0,30,000,00,1,1,00,A01
201000054330,0,07,000,00,1,3,15,A01
201000054331,0,10,000,00,2,5,01,A01
201000054331,0,07,000,00,2,1,15,B01
201000054332,0,07,000,00,2,5,01,A01
201000054332,0,07,000,00,2,1,01,B01
201000054333,0,07,000,00,2,1,01,B01
201000054333,0,07,000,00,2,2,01,A01
201000054334,0,07,000,08,0,1,09,A01
201000054335,0,07,000,00,1,2,17,A01
201000054336,0,07,000,00,1,1,02,A01
201000054337,1,07,000,00,1,0,00,Z01
201000054338,0,30,000,16,0,8,01,B01
201000054338,0,10,000,00,0,0,15,A01
201000054339,0,02,000,00,2,2,01,B01
201000054339,0,07,000,00,2,3,01,A01
201000054340,0,07,000,00,1,2,02,A01
201000054341,0,07,000,00,1,3,02,A01
201000054342,0,02,000,00,1,1,02,A01
201000054343,0,07,000,15,2,4,23,C01
201000054343,0,07,000,00,2,1,01,A01
201000054343,0,33,000,00,2,4,23,B01
201000054344,0,07,000,00,2,1,01,A01
201000054344,0,07,000,00,2,4,23,B01
201000054344,0,07,000,00,2,4,23,C01
201000054345,0,32,000,00,1,1,02,A01
201000054346,0,07,000,00,2,6,16,A01
201000054346,0,31,000,00,2,1,01,B01
201000054347,0,07,000,00,9,0,01,A01
201000054347,0,01,000,00,2,0,01,B01
201000054348,0,02,000,00,2,3,19,B01
201000054348,0,07,000,00,2,1,02,A01
201000054349,0,07,000,00,2,8,01,B01
201000054349,0,10,000,10,2,3,06,A01
201000054350,0,33,000,00,2,8,01,B01
201000054350,0,10,000,00,2,8,13,A01
201000054351,0,07,000,00,2,2,01,B01
201000054351,0,37,001,00,2,1,23,C01
201000054351,0,07,000,00,2,1,01,A01
201000054352,0,02,000,00,2,1,01,B01
201000054352,0,07,000,00,2,7,01,A01
201000054353,0,30,000,00,2,3,01,B01
201000054353,0,07,000,00,2,2,15,A01
201000054354,0,07,000,00,2,3,01,B01
201000054354,0,07,000,00,2,1,15,A01
201000054355,0,07,000,01,0,8,01,A01
201000054356,0,10,000,00,2,4,23,B01
201000054356,0,33,000,00,2,1,03,A01
201000054357,0,07,000,00,1,1,02,A01
201000054358,0,07,000,00,2,1,01,A01
201000054358,0,10,000,01,2,2,01,B01
201000054359,0,07,000,00,2,3,01,B01
201000054359,0,30,000,00,2,8,15,A01
201000054360,1,07,000,00,1,1,,Z01
201000054361,0,02,000,00,2,8,01,B01
201000054361,0,07,000,00,2,1,16,A01
201000054362,0,07,000,00,1,2,01,A01
201000054363,0,07,000,00,1,1,02,A01
201000054364,0,07,000,00,1,1,01,A01
201000054365,0,07,000,00,1,1,01,A01
201000054366,0,07,000,00,1,1,01,A01
201000054367,0,02,000,01,,7,01,A01
201000054368,0,01,000,00,2,4,11,B01
201000054368,0,33,000,00,2,8,03,A01
201000054369,0,07,000,00,2,1,13,A01
201000054369,0,07,000,00,2,1,02,B01
201000054370,1,10,000,00,1,1,15,Z01
201000054371,0,10,000,00,1,1,01,A01
201000054372,0,10,000,11,0,1,13,A01
201000054373,0,07,000,00,1,2,17,A01
201000054374,0,33,000,00,1,1,01,A01
201000054375,0,07,000,00,1,1,16,A01
201000054376,0,07,000,00,1,4,04,A01
201000054377,0,10,000,00,2,3,10,A01
201000054377,0,07,000,00,2,2,01,B01
201000054378,0,07,000,00,1,1,15,A01
201000054379,0,34,000,00,2,1,01,B01
201000054379,0,07,000,00,2,8,10,A01
201000054380,0,33,000,14,0,1,02,A01
201000054381,0,32,000,00,2,1,01,B02
201000054381,0,07,000,00,2,3,21,A01
201000054382,0,33,000,00,2,3,16,B01
201000054382,1,07,000,00,2,5,16,Z01
201000054383,0,15,000,00,2,7,00,B01
201000054383,0,30,000,00,2,8,18,A01
201000054384,0,07,000,00,2,1,01,B01
201000054384,0,07,000,00,2,1,01,A01
201000054385,0,07,000,00,2,1,02,A01
201000054385,0,07,000,00,2,1,15,B01
201000054385,0,31,000,00,2,1,23,C01
201000054386,0,32,000,00,2,8,14,B01
201000054386,0,07,000,00,2,2,19,A01
201000054387,0,07,000,00,0,2,15,A01
201000054387,0,33,000,00,2,1,00,B01
201000054388,0,07,000,00,1,8,00,A01
201000054389,0,07,000,00,1,3,01,A01
201000054390,1,07,000,12,1,1,01,Z01
201000054391,0,07,000,12,1,2,01,A01