Num_Acc,senc,catv,occutc,obs,obsm,choc,manv,num_veh
201000054392,0,07,000,00,1,3,01,A01
201000054393,0,07,000,09,1,2,01,A01
201000054394,0,07,000,12,2,7,13,A01
201000054394,0,07,000,,2,1,01,B01
201000054395,1,07,000,00,1,2,01,Z01
201000054396,0,30,000,00,2,1,01,A01
201000054396,0,07,000,00,0,2,01,B01
201000054397,0,07,000,00,2,8,11,A01
201000054397,0,31,000,00,2,2,11,B01
201000054397,0,07,000,00,0,0,00,C01
201000054398,0,07,000,05,0,0,02,A01
201000054399,0,33,000,00,2,8,01,B01
201000054399,0,07,000,00,2,2,15,A01
201000054400,0,10,000,00,1,3,01,A01
201000054401,0,33,000,00,2,1,01,B01
201000054401,0,07,000,00,2,5,15,A01
201000054402,0,07,000,08,0,1,16,A01
201000054403,0,07,000,00,2,1,01,B01
201000054403,0,10,000,00,2,1,15,A01
201000054404,0,33,000,00,2,7,01,B01
201000054404,0,07,000,00,2,3,01,A01
201000054405,0,07,000,00,2,3,02,A01
201000054405,0,07,000,00,2,6,10,B01
201000054406,0,31,000,15,0,1,00,A01
201000054407,0,07,000,00,1,1,02,A01
201000054408,0,07,000,00,1,4,04,A01
201000054409,0,07,000,00,2,3,02,A01
201000054409,0,02,000,00,0,4,13,B01
201000054410,0,31,000,12,2,1,00,A01
201000054411,0,07,000,00,0,2,21,A01
201000054412,0,33,000,00,2,2,17,B01
201000054412,0,07,000,00,2,3,11,A01
201000054413,0,07,000,00,2,3,01,A01
201000054413,0,07,000,00,2,4,15,B01
201000054414,1,02,000,00,1,0,00,Z01
201000054415,0,07,000,00,2,1,01,A01
201000054415,0,07,000,00,2,4,23,B01
201000054416,0,07,000,14,0,3,00,A01
201000054417,0,07,000,00,2,4,01,B01
201000054417,0,02,000,00,2,1,13,A01
201000054418,0,07,000,00,2,3,01,A01
201000054418,0,01,000,00,2,1,19,B01
201000054419,2,07,000,01,0,3,16,A01
201000054419,0,07,000,00,2,3,23,B01
201000054420,0,07,000,00,0,4,15,B01
201000054420,0,07,000,00,2,1,02,C01
201000054420,0,07,000,00,2,1,02,A01
201000054421,0,07,000,00,1,3,01,A01
201000054422,0,07,000,00,2,1,01,A01
201000054422,0,01,000,00,0,0,00,B01
201000054423,0,33,000,00,2,8,18,B01
201000054423,0,07,000,00,2,7,16,A01
201000054424,0,07,000,00,2,1,02,A01
201000054424,0,07,000,00,2,4,02,B01
201000054425,0,07,000,00,1,3,15,A01
201000054426,0,07,000,00,2,5,00,B01
201000054426,0,07,000,00,2,3,00,A01
201000054427,0,07,000,00,0,1,01,A01
201000054427,0,01,000,00,2,1,01,B01
201000054428,0,02,000,00,2,1,01,B01
201000054428,0,99,000,00,2,1,09,A01
201000054429,0,33,000,00,2,0,00,A01
201000054429,0,07,000,00,2,1,02,B01
201000054430,0,07,000,00,1,1,02,A01
201000054431,0,01,000,00,2,3,02,A01
201000054431,0,07,000,00,9,5,16,B01
201000054432,0,33,000,16,2,1,01,A01
201000054432,1,07,000,00,2,7,15,Z01
201000054433,0,14,000,00,2,8,15,A01
201000054433,0,30,000,00,2,1,17,B01
201000054434,1,07,000,,,,,Z01
201000054434,0,07,000,00,2,1,01,A01
201000054435,0,33,000,14,0,5,17,A01
201000054436,0,33,000,00,2,7,11,A01
201000054436,0,07,000,00,2,7,24,C01
201000054436,0,07,000,00,2,3,11,B01
201000054437,0,07,000,00,1,1,01,A01
201000054438,0,07,000,00,1,1,01,A01
201000054439,0,07,000,00,2,6,02,B01
201000054439,0,07,000,00,2,2,02,A01
201000054439,0,07,000,00,0,4,02,C01
201000054440,0,07,000,00,2,1,16,A01
201000054440,0,38,001,00,2,0,01,B01
201000054441,0,07,000,00,0,6,10,A01
201000054441,0,07,000,00,0,2,01,B01
201000054442,0,07,000,00,1,1,01,A01
201000054443,0,07,000,00,1,1,01,A01
201000054444,0,07,000,00,1,3,01,A01
201000054445,0,01,000,00,2,1,01,B01
201000054445,0,07,000,00,9,3,15,A01
201000054446,0,07,000,00,2,1,15,A01
201000054446,0,07,000,00,2,1,01,B01
201000054447,0,07,000,00,1,3,01,A01
201000054448,0,07,000,00,1,1,01,A01
201000054449,1,07,000,00,1,7,14,Z01
201000054450,0,33,000,00,2,7,02,B01
201000054450,0,33,000,00,2,7,18,A01
201000054451,0,37,006,00,2,4,02,B01
201000054451,0,37,001,00,2,1,02,A01
201000054452,0,01,000,00,2,8,19,A01
201000054452,0,33,000,00,2,1,01,B01
201000054453,0,20,000,00,2,2,02,A01
201000054453,0,33,000,00,2,7,15,B01
201000054454,0,31,000,00,9,3,01,A01
201000054454,0,01,000,00,2,7,19,B01
201000054455,0,07,000,00,2,1,00,B01
201000054455,0,07,000,00,2,1,02,C01
201000054455,0,33,000,00,2,9,00,A01
201000054456,0,07,000,00,1,1,01,A01
201000054457,0,07,000,00,2,1,01,A01
201000054457,0,07,000,00,2,4,01,B02
201000054458,0,07,000,00,2,7,11,B02
201000054458,0,33,000,00,2,8,01,A01
201000054459,0,07,000,00,2,3,15,A01
201000054459,0,32,000,00,2,3,01,B02
201000054460,0,01,000,00,2,1,01,A01
201000054460,0,01,000,00,2,7,02,B02
201000054461,0,31,000,00,1,1,18,B02
201000054461,0,14,000,00,0,0,24,A01
201000054462,0,07,000,,2,1,12,A01
201000054462,0,33,000,,2,9,01,B02
201000054463,0,07,000,00,1,1,01,A01
201000054464,0,02,000,00,2,1,01,A01
201000054464,0,07,000,00,2,4,23,B02
201000054465,0,07,000,00,1,1,01,A01
201000054466,0,07,000,00,1,1,16,A01
201000054467,0,07,000,,2,9,01,C01
201000054467,0,07,000,,2,9,01,B01
201000054467,1,07,000,,2,1,01,A01
201000054467,0,07,000,,2,4,01,D01
201000054468,0,03,000,00,1,2,16,A01
201000054469,0,07,000,00,1,2,01,A01
201000054470,0,30,000,00,2,7,17,B02
201000054470,0,07,000,,2,3,15,A01
201000054471,0,33,000,,2,8,01,B02
201000054471,0,07,000,,2,2,15,A01
201000054472,0,07,000,,2,7,01,A01
201000054472,0,34,000,,2,1,01,B01
201000054473,0,32,000,00,2,1,17,A01
201000054473,0,07,000,00,2,1,15,B01
201000054474,0,07,000,00,2,1,01,B01
201000054474,0,02,000,00,2,7,01,A01
201000054475,0,33,000,11,,1,17,A01
201000054476,0,33,000,00,2,1,01,A01
201000054476,0,07,000,00,2,8,15,B01
201000054477,0,01,000,00,2,1,01,B01
201000054477,0,07,000,00,2,1,09,A01
201000054478,0,03,000,00,2,3,15,A01
201000054478,0,33,000,00,2,1,01,B01
201000054479,0,07,000,00,2,1,15,A01
201000054479,0,32,000,00,2,7,01,B01
201000054480,0,07,000,00,1,1,01,A01
201000054481,0,32,000,00,1,3,01,A01
201000054482,0,10,000,00,2,3,10,A01
201000054482,0,34,000,00,2,1,17,B02
201000054483,0,07,000,00,1,3,01,A01
201000054484,0,07,000,00,1,8,01,A01
201000054485,0,07,000,00,2,2,01,B01
201000054485,0,07,000,06,2,1,17,A01
201000054486,0,34,000,12,0,9,02,A01
201000054487,0,07,000,00,2,8,01,B01
201000054487,0,07,000,00,2,2,10,A01
201000054488,0,33,000,00,2,1,01,B01
201000054488,0,07,000,00,2,2,10,A01
201000054489,0,07,000,00,1,2,01,A01
201000054490,0,07,000,02,0,2,01,A01
201000054491,0,07,000,00,2,1,01,B01
201000054491,0,33,000,15,2,1,01,A01
201000054492,0,07,000,00,1,2,01,A01
201000054493,0,32,000,00,2,1,01,B01
201000054493,0,07,000,00,2,5,15,A01
201000054494,0,30,000,00,2,8,01,A01
201000054494,0,07,000,00,2,1,01,B01
201000054495,0,07,000,00,1,6,04,A01
201000054496,0,07,000,00,2,3,16,A01
201000054496,0,38,001,00,2,1,01,B01
201000054497,0,07,000,00,2,8,01,B02
201000054497,0,07,000,00,2,2,10,A01
201000054498,0,03,000,00,2,4,10,A01
201000054498,1,07,000,00,2,1,01,Z01
201000054499,0,07,000,00,1,7,01,A01
201000054500,0,07,000,00,2,4,01,A01
201000054500,0,02,000,00,2,1,01,B01
201000054501,0,07,000,00,1,1,01,A01
201000054502,0,37,000,00,2,8,01,B01
201000054502,0,33,000,16,0,7,01,A01
201000054503,0,30,000,00,2,1,01,B01
201000054503,0,07,000,00,2,2,16,A01
201000054504,0,07,000,00,9,0,01,B01
201000054504,0,01,000,00,2,4,19,A01
201000054505,0,02,000,01,0,1,01,A01
201000054506,0,07,000,00,2,7,01,B01
201000054506,0,07,000,00,2,1,01,A01
201000054507,0,30,000,00,2,1,01,A01
201000054507,0,07,000,00,0,4,00,B01
201000054508,0,07,000,00,2,1,01,A01
201000054508,0,07,000,00,2,3,01,B01
201000054509,1,07,000,00,1,7,01,Z01
201000054510,0,07,000,00,1,7,01,A01
201000054511,0,32,000,00,1,1,01,A01
201000054512,0,07,000,00,2,1,16,B01
201000054512,0,07,000,00,2,1,13,A01
201000054513,0,07,000,00,2,6,15,A01
201000054513,0,33,000,00,2,1,01,B01
201000054514,0,30,000,00,2,4,01,A01
201000054514,0,07,000,00,2,4,01,B01
201000054515,0,30,000,00,2,4,01,B01
201000054515,0,07,000,00,2,4,01,A01
201000054516,0,07,000,00,2,2,23,B01
201000054516,0,30,000,00,2,1,01,A01
201000054517,0,07,000,00,1,1,01,A01
201000054518,0,07,000,00,2,1,16,A01
201000054518,0,07,000,00,2,1,23,B01
201000054518,0,07,000,00,2,1,23,C01
201000054519,1,07,000,00,2,4,01,Z01
201000054519,0,01,000,00,2,0,01,B01
201000054520,0,01,000,00,2,1,01,B01
201000054520,0,07,000,00,2,8,01,A01
201000054521,0,07,000,00,2,4,01,B01
201000054521,0,07,000,00,2,1,01,A01
201000054522,0,07,000,00,1,3,01,A01
201000054523,1,33,000,12,0,1,13,Z01
201000054523,0,14,000,00,0,0,01,A01
201000054524,0,07,000,00,1,1,15,A01
201000054525,0,33,000,00,2,2,01,A01
201000054525,0,01,000,00,2,1,16,B01
201000054526,0,30,000,00,2,7,01,A01
201000054526,0,10,000,00,2,3,15,B01
201000054527,0,33,000,00,2,1,01,B01
201000054527,0,07,000,00,2,1,15,A01
201000054528,0,07,000,00,2,8,15,A01
201000054528,0,33,000,00,2,1,01,B01
201000054529,0,07,000,00,2,7,13,A01
201000054529,0,01,000,00,2,8,00,B01
201000054530,0,07,000,00,2,3,09,A01
201000054530,0,32,000,00,2,1,01,B01
201000054531,0,01,000,00,2,1,01,B01
201000054531,0,07,000,00,2,5,04,A01
201000054532,0,07,000,00,2,8,15,B01
201000054532,0,32,000,00,2,7,01,A01
201000054533,0,07,000,00,1,1,16,A01
201000054534,0,07,000,00,2,1,16,A01
201000054534,0,01,000,00,2,7,01,B01
201000054535,0,07,000,00,2,3,15,A01
201000054535,0,07,000,00,2,3,01,B01
201000054536,0,07,000,00,1,1,01,A01
201000054537,0,07,000,00,2,8,00,B01
201000054537,0,07,000,00,2,1,00,A01
201000054538,0,07,000,00,2,9,01,A01
201000054538,0,07,000,00,2,6,01,B01
201000054539,0,31,000,00,2,3,01,B01
201000054539,0,33,000,00,2,9,01,A01
201000054540,0,33,000,08,0,8,01,A01
201000054541,0,01,000,00,2,7,01,B01
201000054541,0,07,000,00,2,8,22,A01
201000054542,0,07,000,00,2,1,01,A01
201000054542,0,07,000,00,2,4,01,B01
201000054543,0,07,000,00,2,6,01,B01
201000054543,0,07,000,00,2,2,01,A01
201000054544,0,07,000,00,2,1,02,A01
201000054544,0,07,000,00,2,4,02,B01
201000054545,0,07,000,00,2,1,02,A01
201000054545,0,30,000,00,2,4,02,B01
201000054546,0,01,000,00,2,8,13,B01
201000054546,0,07,000,00,2,6,01,A01
201000054547,0,30,000,00,2,2,17,B01
201000054547,0,07,000,00,2,8,15,A01
201000054548,0,07,000,00,2,3,01,A01
201000054548,0,07,000,00,2,3,01,B01
201000054549,0,01,000,00,2,1,15,B01
201000054549,0,07,000,00,2,1,09,A01
201000054550,0,07,000,00,2,1,01,A01
201000054550,0,01,000,00,2,1,01,B01
201000054551,0,33,000,14,9,1,01,A01
201000054552,0,07,000,00,2,2,23,A01
201000054552,0,07,000,00,2,3,01,B01
201000054553,0,07,000,00,2,6,17,B01
201000054553,0,30,000,00,2,8,15,A01
201000054554,0,32,000,00,1,1,09,A01
201000054555,0,07,000,00,2,8,09,A01
201000054555,0,01,000,00,2,0,15,B01
201000054556,0,07,000,00,1,0,00,A01
201000054557,0,01,000,12,0,1,19,A01
201000054558,0,07,000,00,2,3,15,A01
201000054558,0,07,000,,2,2,01,B01
201000054559,0,01,000,00,2,1,01,B01
201000054559,0,07,000,00,2,8,01,A01
201000054560,0,07,000,00,1,1,17,A01
201000054561,0,07,000,02,0,1,01,A01
201000054562,0,30,000,01,2,1,14,A01
201000054563,0,07,000,00,2,3,01,B01
201000054563,0,30,000,00,2,8,01,A01
201000054564,0,07,000,00,1,8,01,A01
201000054565,0,30,000,00,2,1,01,B01
201000054565,0,07,000,00,2,3,16,A01
201000054566,0,01,000,00,2,1,01,B01
201000054566,0,07,000,00,2,3,01,A01
201000054567,0,07,000,00,1,3,01,A01
201000054568,0,07,000,00,2,2,10,A01
201000054568,0,32,000,00,2,1,01,B01
201000054569,0,33,000,00,2,6,01,B01
201000054569,0,07,000,00,2,2,09,A01
201000054570,0,07,000,00,1,2,20,A01
201000054571,0,07,000,00,2,3,01,B01
201000054571,0,02,000,00,2,1,01,A01
201000054572,0,07,000,01,0,1,01,A01
201000054573,0,33,000,06,0,1,20,A01
201000054574,0,07,000,08,0,1,01,A01
201000054575,0,07,000,00,1,1,01,A01
201000054576,0,07,000,00,1,4,04,A01
201000054577,0,01,000,00,2,1,01,B01
201000054577,0,07,000,00,2,4,04,A01
201000054578,0,07,000,00,1,1,01,A01
201000054579,0,07,000,00,1,3,01,A01
201000054580,0,07,000,00,2,1,01,B01
201000054580,0,30,000,00,2,1,01,A01
201000054581,0,07,000,00,1,1,01,A01
201000054582,0,07,000,00,1,1,01,A01
201000054583,0,07,000,14,0,1,01,A01
201000054584,0,37,001,00,1,1,00,A01
201000054585,0,37,010,00,1,7,14,A01
201000054586,0,14,000,00,0,0,15,A01
201000054586,1,33,000,12,,,,Z02
201000054587,0,07,000,00,1,1,01,A01
201000054588,0,33,000,,2,1,01,B02
201000054588,0,32,000,,2,5,15,A01
201000054589,0,01,000,00,2,1,01,A01
201000054589,0,01,000,00,2,1,01,B01
201000054590,0,07,000,00,1,8,15,A01
201000054591,0,30,000,00,2,4,02,A01
201000054591,1,07,000,00,2,1,02,Z01
201000054592,0,30,000,00,2,3,01,B01
201000054592,0,07,000,00,2,2,01,A01
201000054593,0,07,000,00,2,1,01,B01
201000054593,0,07,000,00,2,1,01,A01
201000054594,0,07,000,00,2,2,12,A01
201000054594,0,34,000,00,2,8,01,B01
201000054595,1,07,000,00,1,1,01,Z01
201000054596,0,07,000,00,1,1,01,A01
201000054597,0,07,000,00,2,3,15,B01
201000054597,0,33,000,00,2,3,01,A01
201000054598,0,14,000,12,0,2,15,A01
201000054599,0,33,000,,2,2,01,B02
201000054599,0,07,000,,2,7,15,A01
201000054600,0,10,000,00,1,4,04,A01
201000054601,0,07,000,00,0,2,01,B01
201000054601,0,32,000,00,2,1,15,A01
201000054602,0,07,000,00,2,3,13,A01
201000054602,0,33,000,00,2,1,21,B02
201000054603,0,33,000,12,0,9,01,A01
201000054604,0,37,001,00,2,3,09,A01
201000054604,1,07,000,00,2,,,Z02
201000054605,0,10,000,00,2,1,02,A01
201000054605,0,99,000,00,2,8,15,B01
201000054606,0,07,000,00,2,2,12,A01
201000054606,0,33,000,00,2,1,01,B01
201000054607,0,07,000,00,1,1,02,A01
201000054608,0,07,000,00,2,7,01,A01
201000054609,0,10,000,00,1,4,04,A01
201000054610,0,07,000,00,2,7,00,B01
201000054610,0,07,000,00,2,1,00,A01
201000054611,0,07,000,00,0,0,00,A01
201000054611,0,07,000,00,0,1,01,B01
201000054612,0,07,000,00,2,4,01,B01
201000054612,0,07,000,00,0,1,01,A01
201000054613,0,07,000,00,2,4,01,B01
201000054613,0,07,000,00,2,1,01,A01
201000054614,0,07,000,00,1,1,01,A01
201000054615,0,07,000,00,1,1,01,A01
201000054616,0,07,000,00,2,9,01,B01
201000054616,0,07,000,00,2,1,01,A01
201000054616,0,07,000,00,2,4,01,C01
201000054617,0,07,000,00,1,1,01,A01
201000054618,0,07,000,01,0,0,01,A01
201000054619,0,07,000,00,2,1,01,A01
201000054619,0,07,000,00,2,9,23,B01
201000054619,0,07,000,00,2,4,23,C01
201000054620,0,07,000,00,2,4,01,B01
201000054620,0,07,000,00,2,1,01,A01
201000054621,0,07,000,16,0,9,01,A01
201000054622,0,07,000,00,2,8,24,A01
201000054622,0,30,000,00,2,7,21,B01
201000054623,0,07,000,00,2,6,01,A01
201000054623,0,07,000,00,2,1,01,B01
201000054624,0,07,000,00,2,1,00,A01
201000054624,0,07,000,00,2,3,16,B01
201000054625,0,32,000,00,2,3,21,B01
201000054625,0,07,000,00,2,3,15,A01
201000054626,0,07,000,06,0,1,01,A01
201000054627,0,07,000,00,1,2,00,A01
201000054628,0,07,000,00,2,1,00,B01
201000054628,0,07,000,00,2,5,00,A01
201000054629,0,07,000,00,2,3,00,A01
201000054629,0,07,000,00,2,6,00,B01
201000054630,0,07,000,06,0,1,00,A01
201000054631,0,30,000,00,0,0,00,A01
201000054632,0,07,000,,0,1,01,A01
201000054633,0,07,000,00,2,3,00,A01
201000054633,2,07,000,00,2,2,00,Z01
201000054633,0,07,000,00,2,2,00,B01
201000054634,0,07,000,00,2,3,00,B01
201000054634,0,31,000,00,2,1,00,A01
201000054635,0,07,000,00,2,1,02,A01
201000054635,0,33,000,00,2,4,00,B01
201000054636,0,07,000,00,2,1,00,B01
201000054636,0,30,000,00,2,2,00,A01
201000054637,0,07,000,00,2,1,00,B01
201000054637,0,07,000,00,2,7,01,A01
201000054638,0,07,000,00,2,2,01,A01
201000054638,0,07,000,00,2,8,01,B01
201000054639,0,32,000,00,2,9,01,B01
201000054639,0,07,000,00,2,1,01,A01
201000054640,0,07,000,00,2,1,02,B01
201000054640,0,07,000,00,2,7,01,A01
201000054641,0,07,000,00,1,7,01,A01
201000054642,0,07,000,00,1,2,01,A01
201000054643,0,33,000,00,2,1,01,B01
201000054643,0,07,000,00,2,1,01,A01
201000054644,0,13,000,00,1,8,01,A01
201000054645,0,07,000,00,1,7,00,A01
201000054646,0,02,000,00,2,1,00,B01
201000054646,0,07,000,00,2,3,00,A01
201000054647,0,37,000,00,2,1,01,B01
201000054647,0,07,000,00,2,1,13,A01
201000054648,0,02,000,00,0,7,00,B01
201000054648,0,07,000,00,2,8,09,A01
201000054649,0,07,000,00,0,7,15,A01
201000054649,0,07,000,00,2,2,01,B01
201000054650,0,07,000,00,2,8,04,A01
201000054650,0,30,000,00,2,1,00,B01
201000054651,0,07,000,00,2,2,19,A01
201000054651,0,32,000,00,0,1,00,B01
201000054652,0,07,000,00,0,0,01,B01
201000054652,0,30,000,00,0,0,01,A01
201000054653,0,33,000,00,2,1,01,B01
201000054653,0,07,000,00,2,3,10,A01
201000054654,0,07,000,00,1,7,00,A01
201000054655,0,30,000,00,2,3,01,B01
201000054655,0,07,000,00,2,2,15,A01
201000054656,0,07,000,08,0,1,06,A01
201000054657,0,33,000,00,2,1,17,A01
201000054657,0,07,000,00,0,3,15,B01
201000054658,0,07,000,00,2,1,01,B01
201000054658,0,07,000,00,2,2,00,A01
201000054659,0,07,000,08,0,2,00,A01
201000054660,0,33,000,00,2,1,00,B01
201000054660,0,07,000,00,2,2,10,A01
201000054661,0,10,000,00,2,2,15,A01
201000054661,0,33,000,00,2,3,01,B01
201000054662,0,07,000,00,2,4,02,C01
201000054662,0,07,000,00,2,1,02,A01
201000054662,0,07,000,00,2,4,02,B01
201000054663,0,31,000,00,2,1,00,B01
201000054663,0,07,000,00,2,1,00,A01
201000054664,0,01,000,00,2,0,00,B01
201000054664,0,30,000,00,2,1,00,A01
201000054665,0,07,000,00,2,1,00,A01
201000054665,0,07,000,00,2,1,00,B01
201000054666,0,07,000,00,2,4,00,B01
201000054666,2,07,000,00,2,1,00,A01
201000054667,0,30,000,00,2,1,00,A01
201000054667,0,07,000,00,2,4,00,B01
201000054668,0,07,000,01,0,2,01,A01
201000054669,0,07,000,00,1,0,01,A01
201000054670,0,07,000,00,2,4,00,B01
201000054670,0,07,000,00,2,4,02,A01
201000054671,0,34,000,00,2,7,00,A01
201000054671,0,07,000,00,2,3,15,B01
201000054672,0,37,030,00,2,3,09,A01
201000054672,0,07,000,00,2,2,02,B01
201000054673,0,07,000,00,1,1,15,A01
201000054674,0,07,000,01,0,1,01,A01
201000054675,0,33,000,12,0,1,15,A01
201000054676,0,07,000,00,2,4,00,B01
201000054676,0,02,000,00,2,1,00,A01
201000054677,0,07,000,00,1,1,16,A01
201000054678,0,07,000,15,0,0,01,A01
201000054679,0,02,000,00,2,2,00,A01
201000054679,0,10,000,00,2,3,01,B01
201000054680,0,07,000,00,2,1,01,B01
201000054680,0,01,000,00,2,1,05,A01
201000054681,0,07,000,00,1,1,01,A01
201000054682,0,07,000,00,2,5,01,A01
201000054682,0,07,000,00,2,3,15,B01
201000054683,0,07,000,00,2,1,02,A01
201000054683,0,07,000,00,2,4,02,B01
201000054684,0,07,000,01,0,2,00,B01
201000054684,0,07,000,01,0,2,00,A01
201000054684,0,07,000,01,0,2,00,C01
201000054685,0,01,000,00,2,7,00,B01
201000054685,0,07,000,00,2,3,00,A01
201000054686,0,07,000,01,1,2,01,A01
201000054687,0,07,000,00,1,1,00,A01
201000054688,0,07,000,00,2,0,00,A01
201000054688,0,07,000,00,2,1,00,B01
201000054688,0,07,000,00,2,0,00,C01
201000054689,0,07,000,00,1,3,01,A01
201000054690,0,07,000,00,1,1,01,A01
201000054691,0,07,000,00,2,3,15,A01
201000054691,0,01,000,00,2,2,17,B01
201000054692,0,07,000,00,2,3,10,A01
201000054692,0,33,000,00,2,7,01,B01
201000054693,0,07,000,00,2,2,02,A01
201000054693,0,33,000,00,2,4,02,B01
201000054694,0,07,000,00,1,3,01,A01
201000054695,0,07,000,00,0,4,23,C01
201000054695,0,07,000,00,2,1,02,A01
201000054695,0,07,000,00,0,4,23,B01
201000054696,1,07,000,00,1,0,00,Z01
201000054697,0,07,000,00,2,2,02,A01
201000054697,0,07,000,00,2,4,01,B01
201000054698,0,07,000,00,1,2,01,A01
201000054699,0,07,000,00,1,3,01,A01
201000054699,0,01,000,00,2,1,15,B02
201000054700,0,07,000,00,1,2,17,A01
201000054701,0,07,000,00,1,2,01,A01
201000054702,0,33,000,02,0,9,01,A01
201000054703,0,02,000,00,0,1,01,A01
201000054704,0,07,000,00,1,2,15,A01
201000054705,0,07,000,00,2,3,01,B01
201000054705,0,31,000,08,2,4,12,A01
201000054706,0,31,000,00,2,7,16,A01
201000054706,0,14,000,00,2,3,01,B01
201000054707,0,01,000,00,2,1,05,B02
201000054707,0,07,000,00,1,2,01,A01
201000054708,0,07,000,00,2,1,19,A01
201000054708,0,07,000,00,2,8,01,B01
201000054709,0,07,000,00,2,6,15,A01
201000054709,0,01,000,00,2,1,17,B01
201000054710,0,07,000,11,2,8,02,B01
201000054710,0,33,000,00,2,1,12,A01
201000054711,0,07,000,00,2,6,10,A01
201000054711,0,33,000,00,2,1,17,B01
201000054712,0,07,000,00,1,3,15,A01
201000054713,0,07,000,00,1,3,01,A01
201000054714,0,10,000,00,2,7,15,A01
201000054714,0,33,000,00,2,6,01,B01
201000054715,0,30,000,00,0,7,21,A01
201000054716,0,07,000,00,1,3,01,A01
201000054717,0,07,000,00,2,3,01,A01
201000054717,0,33,000,00,2,1,01,B01
201000054718,0,07,000,00,2,6,15,A01
201000054718,0,33,000,00,2,1,01,B01
201000054719,0,07,000,00,0,4,02,C01
201000054719,0,07,000,00,2,1,02,A01
201000054719,0,07,000,00,2,4,02,B01
201000054720,0,07,000,00,1,1,02,A01
201000054721,0,07,000,00,1,1,00,A01
201000054721,0,10,000,00,0,4,00,B01
201000054721,0,07,000,00,0,1,00,C01
201000054722,0,07,000,03,2,3,00,B01
201000054722,0,07,000,03,2,1,05,A01
201000054723,0,33,000,00,2,8,23,B01
201000054723,0,17,000,14,0,8,16,A01
201000054724,1,07,000,00,0,0,17,Z01
201000054724,0,07,000,00,2,1,01,B01
201000054724,0,07,000,07,2,2,21,A01
201000054725,0,99,000,00,0,6,00,A01
201000054725,0,33,000,14,0,1,01,B01
201000054726,0,07,000,00,1,6,04,A01
201000054727,0,07,000,03,0,4,02,B01
201000054727,0,07,000,00,2,1,02,A01
201000054728,0,07,000,01,0,4,24,B01
201000054728,0,13,000,03,0,4,00,A01
201000054729,0,10,000,00,2,1,02,A01
201000054729,0,07,000,00,0,6,02,B01
201000054730,0,14,000,00,0,1,00,A01
201000054730,0,07,000,00,0,4,00,B01
201000054731,0,33,000,00,2,1,00,B01
201000054731,0,07,000,00,0,2,19,A01
201000054732,0,07,000,00,1,1,01,A01
201000054733,0,07,000,00,1,1,15,A01
201000054734,0,07,000,00,2,3,15,B01
201000054734,0,07,000,00,2,1,01,A01
201000054735,0,07,000,00,1,2,15,A01
201000054736,0,07,000,00,2,4,01,B01
201000054736,0,07,000,00,2,1,01,A01
201000054737,0,07,000,00,2,4,01,A01
201000054737,1,13,000,00,2,1,01,Z01
201000054738,0,07,000,00,2,4,01,C01
201000054738,0,07,000,00,2,4,01,B01
201000054738,0,07,000,00,2,1,01,A01
201000054739,1,15,000,00,1,7,01,A01
201000054740,0,07,000,00,0,9,00,C01
201000054740,0,07,000,00,2,3,00,A01
201000054740,0,07,000,00,2,3,00,B01
201000054741,0,07,000,00,1,4,04,A01
201000054742,0,07,000,02,0,7,01,A01
201000054743,0,07,000,00,1,3,01,A01
201000054744,0,33,000,00,2,1,02,A01
201000054744,0,07,000,00,2,4,02,B01
201000054745,0,07,000,00,1,3,01,A01
201000054746,0,07,000,00,2,7,01,B01
201000054746,0,07,000,00,2,3,01,A01
201000054747,0,07,000,00,2,8,02,B01
201000054747,0,07,000,00,2,3,02,A01
201000054748,0,10,000,00,1,2,16,A01
201000054749,0,07,000,00,2,4,01,B01
201000054749,0,07,000,00,2,2,01,A01
201000054749,0,07,000,00,9,6,01,C01
201000054750,0,30,000,00,2,7,01,A01
201000054750,0,07,000,00,2,1,09,B01
201000054751,0,07,000,00,1,2,16,A01
201000054752,0,07,000,00,1,1,01,A01
201000054753,0,37,001,00,1,0,01,A01
201000054754,0,07,000,00,1,3,01,A01
201000054755,0,07,000,00,2,2,16,B01
201000054755,0,07,000,00,2,2,09,A01
201000054756,0,07,000,00,1,6,04,A01
201000054757,0,07,000,00,2,3,15,A01
201000054757,0,07,000,00,2,8,01,B01
201000054758,0,07,000,00,2,1,01,A01
201000054758,0,07,000,00,2,2,15,B01
201000054759,2,33,000,06,1,1,01,A01
201000054760,0,10,000,00,2,7,16,A01
201000054760,0,33,000,00,2,8,01,B01
201000054761,0,07,000,00,2,4,01,B01
201000054761,2,32,000,00,2,1,01,A01
201000054762,0,10,000,00,2,2,02,A01
201000054762,0,30,000,00,2,7,01,B01
201000054763,0,07,000,00,1,1,01,A01
201000054764,0,30,000,00,2,1,16,A01
201000054764,1,07,000,00,2,0,17,Z01
201000054765,0,10,000,00,2,1,13,A01
201000054765,0,07,000,00,2,1,01,B01
201000054766,0,37,001,00,1,0,01,A01
201000054767,0,07,000,00,2,1,01,B01
201000054767,0,10,000,00,2,8,01,A01
201000054768,0,07,000,00,1,1,01,A01
201000054769,0,07,000,00,1,1,15,A01
201000054770,1,10,000,00,2,0,18,A01
201000054770,0,07,000,00,2,1,01,C01
201000054770,0,07,000,00,2,1,13,B01
201000054771,0,33,000,00,2,1,01,B01