Num_Acc,senc,catv,occutc,obs,obsm,choc,manv,num_veh
201000054771,0,07,000,00,2,3,15,A01
201000054772,0,07,000,00,1,2,15,A01
201000054773,0,07,000,00,1,7,01,A01
201000054774,0,07,000,00,2,1,00,A01
201000054774,0,01,000,00,2,7,01,B01
201000054775,0,07,000,00,0,4,01,B01
201000054775,0,33,000,00,2,1,01,A01
201000054776,0,10,000,00,2,5,01,B01
201000054776,0,30,000,00,2,1,01,A01
201000054777,0,13,000,00,2,1,13,A01
201000054777,0,14,000,00,2,1,01,B01
201000054778,0,07,000,00,2,4,01,B01
201000054778,0,07,000,00,2,1,01,A01
201000054779,0,07,000,00,1,1,01,A01
201000054780,0,07,000,00,1,1,01,A01
201000054781,0,07,000,00,0,4,01,B01
201000054781,0,07,000,00,2,1,01,A01
201000054782,0,07,000,00,0,1,01,A01
201000054783,0,07,000,08,0,1,01,A01
201000054784,0,07,000,09,0,9,01,A01
201000054785,0,01,000,00,2,1,01,B01
201000054785,0,07,000,00,2,1,15,A01
201000054786,0,07,000,00,2,1,01,A01
201000054786,0,07,000,00,2,4,01,B01
201000054787,0,07,000,00,2,4,01,C01
201000054787,0,07,000,00,2,4,01,D01
201000054787,0,07,000,00,2,1,01,A01
201000054787,0,07,000,00,2,4,01,B01
201000054788,0,07,000,00,1,1,17,A01
201000054789,0,07,000,06,0,1,01,A01
201000054790,0,02,000,00,1,1,01,A01
201000054791,0,07,000,00,2,4,23,B01
201000054791,0,07,000,00,2,1,01,A01
201000054792,0,07,000,00,2,4,01,B01
201000054792,0,07,000,00,2,4,23,C01
201000054792,0,07,000,00,2,1,00,A01
201000054793,0,07,000,00,1,1,15,A01
201000054794,0,07,000,00,2,2,16,B01
201000054794,0,01,000,00,2,2,01,A01
201000054795,0,07,000,00,1,4,20,A01
201000054796,0,07,000,12,0,1,01,A01
201000054797,0,07,000,00,2,1,01,C01
201000054797,0,07,000,00,2,4,01,B01
201000054797,0,07,000,00,2,4,01,A01
201000054798,0,02,000,00,2,8,01,A01
201000054798,0,07,000,00,2,2,17,B01
201000054799,0,07,000,00,2,4,23,B01
201000054799,0,10,000,00,2,1,01,A01
201000054800,0,07,000,00,2,1,15,A01
201000054800,0,07,000,00,2,1,01,B01
201000054801,0,33,000,00,2,1,01,B01
201000054801,0,07,000,00,2,7,15,A01
201000054802,0,07,000,00,2,1,01,A01
201000054802,0,07,000,00,2,2,01,B01
201000054803,0,07,000,09,0,1,01,A01
201000054804,0,30,000,00,2,1,01,B01
201000054804,0,07,000,00,2,1,16,A01
201000054805,0,07,000,00,1,1,01,A01
201000054806,0,07,000,00,2,1,16,A01
201000054806,0,33,000,00,2,1,01,B01
201000054807,0,10,000,00,1,1,15,A01
201000054808,0,01,000,00,2,1,19,B01
201000054808,0,07,000,00,2,1,01,A01
201000054809,1,07,000,00,0,0,00,Z01
201000054809,0,33,000,00,2,2,01,A01
201000054810,0,02,000,00,2,1,01,B01
201000054810,0,07,000,00,2,1,01,A01
201000054811,0,07,000,00,0,3,01,B01
201000054811,0,07,000,00,2,1,17,A01
201000054812,0,07,000,00,2,1,05,A01
201000054812,0,07,000,00,2,1,01,B01
201000054813,0,07,000,00,1,1,15,A01
201000054814,0,07,000,00,1,1,01,A01
201000054815,0,07,000,00,2,1,15,A01
201000054815,0,30,000,00,2,8,01,B01
201000054816,0,07,000,00,1,1,01,A01
201000054817,0,07,000,00,2,4,01,C01
201000054817,0,07,000,00,2,1,01,B01
201000054817,0,07,000,00,2,1,01,A01
201000054818,0,07,000,00,2,1,15,A01
201000054818,0,07,000,00,2,1,01,B01
201000054819,0,07,000,00,1,1,01,A01
201000054820,0,07,000,00,2,1,01,A01
201000054820,0,07,000,00,2,7,15,B01
201000054821,0,07,000,00,2,1,02,A01
201000054821,0,07,000,00,2,4,02,B01
201000054822,0,07,000,00,2,2,09,A01
201000054822,0,30,000,00,2,0,17,B01
201000054823,0,07,000,00,2,8,09,B01
201000054823,0,07,000,00,2,7,01,A01
201000054824,0,10,000,00,2,8,09,A01
201000054824,0,31,000,00,2,1,01,B01
201000054825,0,10,000,00,1,1,01,A01
201000054826,0,07,000,08,0,1,01,A01
201000054827,0,02,000,00,2,8,02,B01
201000054827,0,02,000,00,2,1,02,A01
201000054828,0,07,000,01,1,1,01,A01
201000054829,0,33,000,00,1,5,01,A01
201000054830,0,33,000,00,1,1,01,A01
201000054831,0,30,000,00,2,1,02,A01
201000054831,0,07,000,00,0,4,02,B01
201000054832,0,02,000,00,1,0,01,A01
201000054833,0,07,000,00,1,7,01,A01
201000054834,0,07,000,00,2,1,02,A01
201000054834,0,10,000,00,2,4,02,B01
201000054835,0,07,000,01,0,1,01,A01
201000054835,0,07,000,00,2,4,24,B01
201000054836,0,07,000,00,2,4,23,B01
201000054836,0,30,000,00,2,1,01,A01
201000054837,0,07,000,00,2,8,15,B01
201000054837,0,07,000,00,2,3,15,A01
201000054838,0,02,000,00,2,0,12,A01
201000054838,0,07,000,00,2,3,01,B01
201000054839,0,02,000,00,2,3,17,A01
201000054839,0,07,000,00,2,2,01,B01
201000054840,0,30,000,00,2,8,09,B01
201000054840,0,30,000,00,2,1,01,A01
201000054841,0,07,000,00,2,0,00,B01
201000054841,1,07,000,00,2,1,01,Z01
201000054842,0,07,000,00,1,0,15,A01
201000054843,0,07,000,00,1,0,00,A01
201000054844,0,31,000,00,2,3,17,A01
201000054844,0,07,000,00,2,6,09,B01
201000054845,0,02,000,00,2,0,18,B01
201000054845,0,07,000,00,2,7,15,A01
201000054846,0,07,000,00,2,4,02,B01
201000054846,0,07,000,00,2,1,02,A01
201000054847,0,07,000,00,2,6,23,B01
201000054847,0,07,000,00,2,1,02,A01
201000054848,0,07,000,00,2,2,01,B01
201000054848,0,10,000,00,2,1,01,A01
201000054849,0,10,000,00,2,7,09,A01
201000054849,0,07,000,00,2,3,01,B01
201000054850,0,07,000,00,2,1,01,A01
201000054850,0,33,000,00,2,4,02,B01
201000054851,0,07,000,00,2,8,09,A01
201000054851,0,31,000,00,2,1,01,B01
201000054852,0,30,000,00,2,2,17,A01
201000054852,0,07,000,00,2,3,15,B01
201000054853,0,33,000,00,2,1,02,B01
201000054853,0,07,000,00,2,3,01,A01
201000054854,0,31,000,00,2,1,02,A01
201000054854,0,07,000,00,2,6,02,B01
201000054855,0,33,000,00,2,2,01,B01
201000054855,0,07,000,00,2,1,15,A01
201000054856,0,07,000,00,2,6,24,B01
201000054856,0,07,000,01,0,1,00,A01
201000054857,0,02,000,00,2,3,03,A01
201000054857,0,10,000,00,2,3,21,B01
201000054858,0,07,000,00,2,3,15,A01
201000054858,0,30,000,00,2,2,17,B01
201000054859,0,07,000,00,2,4,01,B01
201000054859,0,07,000,00,2,1,01,A01
201000054860,0,07,000,00,2,1,15,B01
201000054860,0,07,000,00,2,2,01,A01
201000054861,0,31,000,00,2,0,02,B01
201000054861,0,07,000,00,2,3,01,A01
201000054862,0,33,000,00,1,7,17,A01
201000054863,0,07,000,00,2,1,01,B01
201000054863,0,07,000,00,2,1,01,A01
201000054864,0,07,000,00,2,2,02,B01
201000054864,0,07,000,00,2,3,09,A01
201000054865,0,07,000,00,2,2,16,B01
201000054865,0,33,000,00,2,3,07,A01
201000054866,0,30,000,00,1,2,17,A01
201000054867,0,07,000,08,0,1,00,A01
201000054868,0,07,000,00,1,2,01,A01
201000054869,0,07,000,09,1,1,00,A01
201000054870,0,07,000,00,2,2,02,B01
201000054870,0,32,000,00,2,2,03,A01
201000054870,0,07,000,00,2,3,01,C01
201000054871,0,07,000,00,2,3,01,B01
201000054871,0,07,000,00,2,1,13,A01
201000054872,0,07,000,00,2,2,01,B01
201000054872,0,07,000,00,2,3,09,A01
201000054873,0,07,000,00,1,0,01,A01
201000054874,0,07,000,00,1,3,01,A01
201000054875,0,07,000,08,0,1,01,A01
201000054876,0,07,000,00,2,2,01,A01
201000054876,0,07,000,00,2,6,01,B01
201000054877,0,07,000,00,2,5,09,A01
201000054877,0,31,000,00,2,8,01,B01
201000054878,0,07,000,00,1,2,01,A01
201000054879,0,02,000,00,2,3,13,A01
201000054879,0,07,000,00,2,3,01,B01
201000054880,0,02,000,00,2,1,01,A01
201000054880,0,07,000,00,2,6,23,B01
201000054881,0,07,000,00,2,4,02,B01
201000054881,1,07,000,00,2,0,02,Z01
201000054881,0,07,000,00,2,4,02,A01
201000054882,0,33,000,00,2,1,01,B01
201000054882,0,02,000,00,2,2,15,A01
201000054883,0,07,000,00,2,4,15,B01
201000054883,0,07,000,00,2,1,02,A01
201000054884,0,07,000,00,2,2,01,A01
201000054884,0,07,000,00,2,3,01,B01
201000054885,0,02,000,00,1,1,01,A01
201000054886,0,31,000,00,2,1,01,A01
201000054886,0,10,000,00,2,5,01,B01
201000054887,0,31,000,00,2,3,01,B01
201000054887,0,07,000,00,2,3,19,A01
201000054888,0,31,000,00,2,4,23,B01
201000054888,0,07,000,00,2,3,15,A01
201000054889,0,07,000,00,2,3,15,A01
201000054889,0,31,000,00,2,2,01,B01
201000054890,0,07,000,00,2,3,01,B01
201000054890,0,02,000,00,2,2,01,A01
201000054891,0,07,000,00,2,3,05,A01
201000054891,0,07,000,00,2,3,01,B01
201000054892,0,10,000,00,2,6,07,A01
201000054892,0,07,000,00,2,2,16,B01
201000054892,0,07,000,00,2,4,01,C01
201000054893,0,33,000,00,2,8,13,A01
201000054893,0,07,000,00,2,1,16,B01
201000054894,0,07,000,00,1,3,16,A01
201000054895,0,31,000,00,2,2,17,B01
201000054895,0,07,000,00,2,3,17,A01
201000054896,0,07,000,00,2,0,13,A01
201000054896,0,33,000,00,2,8,16,B01
201000054897,0,07,000,00,2,2,01,A01
201000054897,0,02,000,00,2,2,09,B01
201000054898,0,31,000,00,2,0,17,B01
201000054898,0,15,000,00,2,0,01,A01
201000054899,0,07,000,00,1,1,15,A01
201000054900,0,07,000,00,1,2,01,A01
201000054901,0,07,000,00,2,5,02,B01
201000054901,0,10,000,00,2,1,02,A01
201000054902,0,07,000,00,2,3,01,A01
201000054902,0,10,000,00,2,3,01,B01
201000054903,0,33,000,00,2,7,01,B01
201000054903,0,07,000,00,2,4,09,A01
201000054904,0,33,000,00,2,2,17,A01
201000054904,0,07,000,00,2,3,09,B01
201000054905,0,10,000,00,2,4,02,C01
201000054905,0,07,000,00,2,6,02,B01
201000054905,0,07,000,00,2,2,02,A01
201000054906,0,07,000,00,2,2,15,A01
201000054906,0,02,000,00,2,2,01,B01
201000054907,0,33,000,00,2,0,01,A01
201000054907,0,07,000,00,2,0,23,B01
201000054908,0,07,000,00,2,3,05,A01
201000054908,0,07,000,00,2,3,01,B01
201000054909,0,02,000,00,1,1,01,A01
201000054910,0,07,000,00,2,4,02,B01
201000054910,0,07,000,00,2,1,02,A01
201000054910,0,07,000,00,2,4,02,C01
201000054911,0,02,000,00,2,0,17,B01
201000054911,0,07,000,00,2,3,01,A01
201000054912,0,30,000,00,2,1,01,A01
201000054912,0,07,000,00,2,4,23,B01
201000054913,0,31,000,00,2,1,01,B01
201000054913,0,30,000,09,2,1,01,A01
201000054914,0,31,000,00,2,3,01,B01
201000054914,0,07,000,00,2,2,09,A01
201000054915,0,07,000,06,0,2,01,A01
201000054916,0,33,000,00,2,7,17,A01
201000054916,0,07,000,00,2,8,01,B01
201000054917,0,07,000,00,1,1,01,A01
201000054918,0,02,000,00,2,1,01,A01
201000054918,0,07,000,00,2,4,23,B01
201000054919,0,07,000,00,2,3,09,B01
201000054919,0,02,000,00,2,1,17,A01
201000054920,0,30,000,00,2,4,23,B01
201000054920,0,33,000,00,2,1,02,A01
201000054921,0,07,000,00,2,3,09,A01
201000054921,0,31,000,00,2,1,01,B01
201000054922,0,07,000,00,2,1,02,A01
201000054922,0,07,000,00,2,4,23,B01
201000054923,0,07,000,00,1,1,15,A01
201000054924,0,10,000,00,1,0,01,A01
201000054925,0,07,000,00,1,0,01,A01
201000054926,0,07,000,00,2,1,01,A01
201000054926,0,07,000,00,2,3,15,B01
201000054927,0,31,000,00,1,1,00,A01
201000054928,0,07,000,00,2,3,01,A01
201000054928,0,02,000,00,2,1,17,B01
201000054929,0,31,000,00,1,1,01,A01
201000054930,0,30,000,00,2,1,01,B01
201000054930,0,07,000,00,2,8,15,A01
201000054931,0,07,000,00,2,7,00,A01
201000054931,0,31,000,00,2,8,01,B01
201000054932,0,10,000,00,2,3,01,B01
201000054932,0,33,000,00,1,1,00,A01
201000054933,0,02,000,00,2,0,01,A01
201000054933,0,07,000,00,2,1,01,B01
201000054934,0,34,000,00,1,1,05,A01
201000054935,0,30,000,00,2,1,01,B01
201000054935,0,07,000,00,2,3,09,A01
201000054936,0,31,000,00,0,0,01,A01
201000054937,0,10,000,00,2,3,15,B01
201000054937,0,31,000,00,2,1,17,A01
201000054938,0,07,000,00,9,5,16,A01
201000054939,0,07,000,00,2,4,02,B01
201000054939,0,31,000,00,2,1,02,A01
201000054940,0,07,000,00,2,3,01,A01
201000054940,0,31,000,00,2,6,02,B01
201000054941,0,14,000,06,0,0,01,A01
201000054942,0,07,000,00,2,1,02,A01
201000054942,0,07,000,00,2,4,23,B01
201000054943,0,02,000,00,2,1,01,B01
201000054943,0,07,000,00,2,8,09,A01
201000054944,0,02,000,00,2,7,17,A01
201000054944,0,31,000,00,2,6,01,B01
201000054945,0,31,000,00,2,1,01,B01
201000054945,0,07,000,00,2,1,09,A01
201000054946,0,07,000,00,1,3,01,A01
201000054947,0,07,000,00,1,1,11,A01
201000054948,0,07,000,00,2,7,12,A01
201000054948,0,33,000,00,2,8,01,B01
201000054948,0,07,000,00,2,4,01,C01
201000054949,0,37,001,00,2,3,15,A01
201000054950,0,07,000,00,2,3,17,A01
201000054950,0,33,000,00,2,0,01,B01
201000054951,0,99,000,00,0,0,00,A01
201000054952,0,07,000,00,2,6,09,A01
201000054952,0,02,000,00,2,1,09,B01
201000054953,0,07,000,00,2,3,01,B01
201000054953,0,07,000,00,2,3,15,A01
201000054954,0,07,000,00,2,1,02,A01
201000054954,0,07,000,00,0,4,02,B01
201000054955,0,07,000,00,2,2,01,A01
201000054955,0,07,000,00,2,2,00,B01
201000054956,0,07,000,00,2,2,15,B01
201000054956,0,07,000,00,2,2,01,A01
201000054957,0,02,000,00,2,2,01,A01
201000054957,0,07,000,00,2,3,16,B01
201000054958,0,07,000,00,2,3,01,B01
201000054958,0,07,000,00,2,6,09,A01
201000054959,0,07,000,00,2,3,13,A01
201000054959,0,07,000,00,2,3,01,B01
201000054960,0,07,000,00,2,4,02,B01
201000054960,0,10,000,00,2,1,02,A01
201000054961,0,07,000,00,2,8,09,A01
201000054961,0,02,000,00,2,2,01,B01
201000054962,0,07,000,00,1,0,01,A01
201000054963,0,07,000,00,2,1,02,A01
201000054963,0,07,000,00,0,4,02,C01
201000054963,0,07,000,00,2,4,02,B01
201000054964,0,07,000,00,1,1,01,A01
201000054965,0,07,000,00,2,2,01,B01
201000054965,0,07,000,00,2,3,01,A01
201000054966,0,07,000,00,2,2,01,B01
201000054966,1,07,000,,,,,A01
201000054967,0,07,000,00,2,1,02,A01
201000054967,0,07,000,00,2,4,23,B01
201000054968,0,07,000,00,2,1,13,A01
201000054968,0,02,000,00,2,0,01,B01
201000054969,1,07,000,00,1,0,00,Z01
201000054970,0,07,000,00,2,4,01,B01
201000054970,0,07,000,00,2,1,09,A01
201000054971,0,07,000,00,1,6,04,A01
201000054972,0,32,000,00,2,4,01,B01
201000054972,1,07,000,00,2,0,00,Z01
201000054973,0,07,000,00,0,2,15,B01
201000054973,0,01,000,00,2,1,01,A01
201000054974,0,07,000,08,0,1,04,A01
201000054975,0,07,000,00,1,4,04,A01
201000054976,0,07,000,00,2,3,23,A01
201000054976,0,01,000,00,2,1,00,B01
201000054977,0,07,000,00,1,0,00,A01
201000054978,0,07,000,00,1,6,01,A01
201000054979,0,07,000,00,1,4,04,A01
201000054980,0,01,000,00,2,1,05,A01
201000054980,0,07,000,00,2,1,01,B01
201000054981,0,07,000,00,2,1,02,A01
201000054981,0,07,000,00,2,4,02,B01
201000054981,0,07,000,00,0,4,02,C01
201000054982,0,07,000,00,2,6,02,B01
201000054982,0,07,000,00,2,1,02,A01
201000054982,0,07,000,00,2,4,02,C01
201000054982,0,07,000,00,2,4,02,D01
201000054983,0,07,000,00,2,6,09,A01
201000054983,0,32,000,00,2,1,01,B01
201000054984,0,07,000,01,0,1,01,A01
201000054985,0,34,000,00,0,0,00,A01
201000054986,0,30,000,14,0,1,05,A01
201000054987,0,07,000,00,1,4,04,A01
201000054988,0,31,000,12,0,1,21,A01
201000054989,0,07,000,00,0,3,01,A01
201000054989,0,32,000,00,0,6,23,B01
201000054990,0,30,000,00,1,5,16,A01
201000054991,0,07,000,00,2,7,01,A01
201000054991,0,30,000,00,2,1,01,B01
201000054992,0,07,000,15,1,2,21,A01
201000054993,0,15,000,00,0,0,01,A01
201000054994,0,07,000,00,1,1,00,A01
201000054995,0,07,000,00,1,1,15,A01
201000054996,0,07,000,00,2,3,15,A01
201000054996,0,02,000,00,2,1,01,B01
201000054997,0,07,000,00,1,7,16,A01
201000054998,0,07,000,00,5,2,01,A01
201000054998,0,07,000,00,0,4,01,D01
201000054998,0,07,000,00,0,2,21,C01
201000054998,0,07,000,00,0,1,01,E01
201000054998,0,07,000,00,0,1,01,B01
201000054999,0,07,000,03,2,7,01,A01
201000054999,0,17,000,00,2,2,12,B01
201000055000,0,07,000,00,0,0,02,A01
201000055001,0,07,000,00,2,1,02,B01
201000055001,0,07,000,00,2,4,01,A01
201000055002,0,07,000,04,0,2,01,A01
201000055003,0,07,000,04,0,2,01,A01
201000055004,0,07,000,00,2,1,02,B01
201000055004,0,10,000,00,0,4,02,A01
201000055005,0,07,000,07,0,4,01,B01
201000055005,0,07,000,00,2,1,17,A01
201000055006,0,07,000,00,0,4,01,C01
201000055006,0,07,000,00,0,1,02,B01
201000055006,0,07,000,00,0,9,02,A01
201000055006,0,07,000,00,0,1,01,D01
201000055007,0,10,000,00,2,6,24,A01
201000055007,0,10,000,01,0,1,14,B01
201000055008,0,07,000,03,0,8,01,A01
201000055009,0,07,000,00,2,2,01,A01
201000055009,0,07,000,00,2,6,01,B01
201000055010,0,15,000,03,0,3,02,A01
201000055011,0,07,000,00,2,1,02,B01
201000055011,0,07,000,00,2,7,14,A01
201000055012,0,07,000,13,0,9,14,A01
201000055013,0,07,000,00,0,8,01,B01
201000055013,0,10,000,00,0,6,01,A01
201000055014,0,33,000,00,2,7,01,B01
201000055014,0,07,000,00,2,3,13,A01
201000055015,0,07,000,00,2,3,01,B01
201000055015,0,07,000,04,2,9,01,A01
201000055016,0,33,000,00,0,0,21,A01
201000055017,0,14,000,00,2,2,12,B01
201000055017,0,07,000,00,0,8,01,A01
201000055018,0,07,000,00,2,8,00,A01
201000055018,0,07,000,00,2,1,00,B01
201000055019,0,07,000,04,2,2,00,B01
201000055019,0,07,000,00,2,9,00,A01
201000055020,0,07,000,00,0,4,02,A01
201000055020,0,07,000,00,2,1,01,B01
201000055021,0,10,000,00,2,8,11,A01
201000055021,0,33,000,00,2,1,03,B01
201000055022,0,31,000,00,2,1,17,B01
201000055022,0,07,000,00,0,6,11,A01
201000055023,0,10,000,00,0,5,11,B01
201000055023,0,33,000,03,2,1,01,A01
201000055024,0,07,000,00,0,4,01,A01
201000055024,0,07,000,00,2,1,02,B01
201000055025,0,07,000,00,2,7,01,A01
201000055025,0,32,000,00,2,8,11,B01
201000055026,0,33,000,14,0,3,21,A01
201000055027,0,10,000,14,0,9,01,A01
201000055028,0,07,000,00,2,3,01,A01
201000055028,0,07,000,00,2,7,14,B01
201000055029,0,07,000,04,0,3,00,A01
201000055030,0,32,000,00,0,7,09,A01
201000055031,0,33,000,00,2,7,03,B01
201000055031,0,07,000,00,2,8,11,A01
201000055032,0,33,000,00,2,1,03,B01
201000055032,0,07,000,00,0,6,12,A01
201000055033,0,32,000,00,0,7,01,A01
201000055034,0,33,000,00,2,8,18,B01
201000055034,0,07,000,00,2,7,12,A01
201000055035,0,07,000,00,0,4,01,A01
201000055035,0,07,000,00,2,1,02,B01
201000055036,0,07,000,04,0,1,00,A01
201000055037,0,07,000,00,0,8,01,A01
201000055037,0,07,000,00,2,2,14,B01
201000055038,0,33,000,00,2,3,03,B01
201000055038,0,07,000,00,0,7,01,A01
201000055039,0,31,000,00,2,1,02,C01
201000055039,0,15,000,00,0,6,01,A01
201000055039,0,15,000,00,2,1,02,B01
201000055040,0,14,000,00,0,4,02,A01
201000055040,0,10,000,00,2,1,02,B01
201000055041,0,14,000,00,0,4,01,A01
201000055041,0,14,000,00,0,1,02,B01
201000055042,0,07,000,04,0,1,01,A01
201000055043,0,07,000,04,0,1,01,A01
201000055044,0,07,000,00,0,0,11,A01
201000055045,0,13,000,00,2,6,01,B01
201000055045,0,33,000,00,2,1,01,A01
201000055046,0,07,000,03,0,1,09,A01
201000055047,0,16,000,03,0,3,21,A01
201000055048,0,31,000,00,6,1,02,A01
201000055048,0,07,000,00,2,2,01,C01
201000055048,0,07,000,00,6,0,01,B01
201000055049,0,07,000,00,2,7,01,B01
201000055049,0,10,000,00,2,1,13,A01
201000055050,0,07,000,00,2,6,11,B01
201000055050,0,33,000,00,2,7,01,A01
201000055051,0,33,000,00,2,1,03,A01
201000055051,0,07,000,00,2,7,12,B01
201000055052,0,07,000,03,0,2,00,A01
201000055053,0,15,000,00,2,7,12,B01
201000055053,0,07,000,00,2,8,02,A01
201000055054,0,07,000,00,0,5,01,A01
201000055054,0,31,000,00,2,1,03,C01
201000055054,0,07,000,00,0,7,12,B01
201000055055,0,31,000,00,2,7,01,B01
201000055055,0,07,000,00,2,8,11,A01
201000055056,0,07,000,04,0,1,01,A01
201000055057,0,33,000,00,2,7,01,A01
201000055057,0,07,000,00,2,8,11,B01
201000055058,0,33,000,04,0,8,01,A01
201000055059,0,07,000,00,2,8,01,B01
201000055059,0,15,000,00,2,7,12,A01
201000055060,0,07,000,00,2,1,02,A01
201000055060,0,07,000,00,2,4,01,B01
201000055061,0,07,000,00,2,1,02,C01
201000055061,0,07,000,00,2,4,01,A01
201000055061,0,07,000,00,2,4,02,B01
201000055062,0,07,000,13,0,1,00,A01
201000055063,0,07,000,00,2,4,23,D01
201000055063,0,10,000,00,2,1,02,E01
201000055063,0,07,000,00,2,4,23,B01
201000055063,0,07,000,00,2,4,23,A01
201000055063,0,07,000,00,2,4,23,C01
201000055064,0,07,000,00,2,1,02,A01
201000055064,0,07,000,00,0,4,01,D01
201000055064,0,07,000,00,2,4,02,B01
201000055064,0,07,000,00,2,4,02,C01
201000055065,0,34,000,00,0,6,03,B01
201000055065,0,07,000,00,2,1,12,A01
201000055066,0,33,000,00,2,1,11,B01
201000055066,0,33,000,00,2,8,03,A01
201000055066,0,07,000,00,2,8,01,D01
201000055066,0,07,000,00,2,7,01,C01
201000055067,0,07,000,00,2,4,02,D01
201000055067,0,07,000,00,2,4,02,B01
201000055067,0,07,000,00,2,4,02,C01
201000055067,0,07,000,00,2,1,02,A01
201000055068,0,34,000,00,2,8,03,D01
201000055068,0,07,000,00,0,6,01,B01
201000055068,0,10,000,00,0,7,12,C01
201000055068,0,07,000,00,0,7,01,A01
201000055069,0,07,000,03,6,8,21,A01
201000055070,0,07,000,00,2,1,14,A01
201000055070,0,10,000,00,2,8,01,B01
201000055071,0,15,000,00,2,8,02,A01
201000055071,0,07,000,00,2,2,21,C01
201000055071,0,07,000,00,2,6,02,B01
201000055072,0,33,000,00,2,1,01,B01
201000055072,0,07,000,00,2,4,01,A01
201000055072,0,07,000,00,2,4,01,C01
201000055073,0,15,000,00,0,4,02,A01
201000055073,0,10,000,03,2,1,02,B01
201000055074,0,33,000,00,2,6,03,A01
201000055074,0,10,000,00,0,6,00,B01
201000055075,0,07,000,00,2,1,02,B01
201000055075,0,07,000,00,2,4,01,A01
201000055076,0,33,000,04,0,1,01,A01
201000055077,0,07,000,03,0,1,01,A01
201000055078,0,07,000,00,0,3,21,A01
201000055078,0,31,000,00,2,7,01,B01
201000055079,0,31,000,14,0,5,01,A01
201000055080,0,07,000,01,1,1,00,B01
201000055080,0,07,000,00,0,6,00,A01
201000055081,0,07,000,00,2,5,02,C01
201000055081,0,07,000,00,2,3,19,B01
201000055081,0,33,000,00,2,1,03,A01
201000055082,0,07,000,00,2,4,02,B01
201000055082,0,07,000,00,2,4,02,C01
201000055082,0,07,000,00,2,1,02,D01
201000055082,0,07,000,00,2,4,02,A01
201000055083,0,33,000,03,0,6,00,A01
201000055084,0,07,000,00,2,3,01,C01
201000055084,0,14,000,00,2,3,11,A01
201000055084,0,07,000,00,2,7,01,B01
201000055085,0,07,000,03,0,3,11,A01
201000055086,0,34,000,00,0,7,01,A01
201000055087,0,07,000,00,0,4,02,B01
201000055087,0,10,000,00,2,1,02,A01
201000055088,0,33,000,00,0,0,01,A01
201000055088,0,15,000,00,0,0,01,B01
201000055089,0,17,000,00,2,8,22,B01
201000055089,0,33,000,00,2,7,03,A01
201000055090,0,07,000,00,2,2,12,B01
201000055090,0,32,000,00,2,4,03,A01
201000055091,0,07,000,00,0,4,02,C01
201000055091,0,07,000,00,0,4,02,B01
201000055091,0,07,000,00,0,1,02,A01
201000055092,0,07,000,03,0,1,00,A01
201000055093,0,33,000,00,2,1,01,B01
201000055093,0,07,000,00,2,6,11,A01
201000055094,0,07,000,00,2,4,01,A01
201000055094,0,33,000,00,2,8,03,C01
201000055094,0,07,000,00,2,7,12,B01
201000055095,0,07,000,00,0,0,02,A01
201000055096,0,07,000,00,2,1,13,C01
201000055096,0,07,000,00,2,1,13,B01
201000055096,0,07,000,04,0,1,15,A01
201000055097,0,33,000,00,2,7,01,A01
201000055097,0,07,000,00,2,8,01,B01
201000055098,0,14,000,03,0,2,01,A01
201000055099,0,33,000,00,2,1,21,B01
201000055099,0,07,000,00,2,4,02,A01
201000055100,0,07,000,00,2,4,01,A01
201000055100,0,07,000,00,2,1,02,B01
201000055101,0,33,000,04,2,7,03,C01
201000055101,0,07,000,00,2,8,11,B01
201000055101,0,07,000,00,0,4,02,A01
201000055102,0,33,000,04,0,1,21,A01
201000055103,0,10,000,03,0,7,12,B01
201000055103,0,07,000,00,2,5,01,A01
201000055104,0,10,000,00,0,7,14,B01
201000055104,0,33,000,00,0,8,03,A01
201000055105,0,33,000,04,0,8,01,A01
201000055106,0,07,000,00,2,3,01,A01
201000055106,0,10,000,00,2,2,17,B01
201000055107,0,07,000,15,0,9,01,A01
201000055108,0,34,000,16,0,8,01,A01
201000055109,0,33,000,00,0,1,17,B01
201000055109,0,07,000,00,0,6,01,A01
201000055110,0,07,000,00,1,4,01,D01
201000055110,0,07,000,00,1,1,01,C01
201000055110,0,07,000,00,1,3,01,A01
201000055110,0,07,000,00,1,1,01,B01
201000055111,0,07,000,03,2,1,00,A01
201000055111,0,07,000,00,0,4,00,B01
201000055112,0,33,000,03,0,0,09,A01
201000055113,0,07,000,00,0,4,01,A01
201000055113,0,33,000,00,0,4,01,B01
201000055113,0,33,000,00,0,1,21,C01
201000055114,0,07,000,00,2,1,02,A01
201000055114,0,07,000,00,2,4,02,B01
201000055115,0,07,000,00,0,4,01,A01
201000055116,0,07,000,00,2,7,12,A01
201000055116,0,13,000,00,2,8,01,B01
201000055116,0,07,000,00,2,3,01,C01
201000055117,0,07,000,00,2,4,23,A01
201000055117,0,07,000,01,0,1,02,B01
201000055118,0,07,000,04,1,2,21,B01
201000055118,0,31,000,00,0,0,23,A01
201000055119,0,33,000,00,2,1,01,A01
201000055119,0,07,000,00,0,6,11,B01
201000055120,0,07,000,00,2,3,13,A01
201000055121,0,07,000,06,2,4,01,B01
201000055121,0,07,000,00,2,1,01,C01