Num_Acc,senc,catv,occutc,obs,obsm,choc,manv,num_veh
201000055121,0,07,000,06,0,1,01,A01
201000055122,0,32,000,00,0,8,03,B01
201000055122,0,07,000,00,0,7,12,A01
201000055123,0,33,000,00,2,1,03,D01
201000055123,0,07,000,00,0,6,02,B01
201000055123,0,07,000,00,0,7,01,A01
201000055123,0,34,000,00,2,6,09,E01
201000055123,0,07,000,00,0,6,02,C01
201000055124,0,07,000,00,0,4,23,A01
201000055124,0,14,000,01,0,1,02,B01
201000055125,0,07,000,00,2,4,02,A01
201000055125,0,33,000,00,2,1,02,B01
201000055126,0,33,000,00,2,8,03,A01
201000055126,0,07,000,00,2,5,01,B01
201000055127,0,07,000,00,2,8,13,B01
201000055127,0,33,000,00,2,7,13,A01
201000055128,0,10,000,00,0,8,11,A01
201000055128,0,33,000,00,0,7,01,B01
201000055129,0,10,000,03,0,2,01,B01
201000055129,0,10,000,03,2,1,12,A01
201000055130,0,33,000,14,9,1,01,B01
201000055130,0,10,000,00,0,0,01,A01
201000055131,0,07,000,00,2,1,02,B01
201000055131,0,07,000,00,0,0,02,A01
201000055132,0,07,000,00,2,1,02,B01
201000055132,0,07,000,00,0,4,01,A01
201000055133,0,33,000,00,2,1,01,A01
201000055133,0,07,000,00,0,6,02,B01
201000055134,0,07,000,04,0,1,01,A01
201000055135,0,33,000,00,2,1,02,A01
201000055135,0,10,000,00,0,4,01,B01
201000055136,0,33,000,00,2,1,00,B01
201000055136,0,07,000,00,2,5,01,A01
201000055137,0,07,000,00,2,6,02,D01
201000055137,0,33,000,00,2,2,03,C01
201000055137,0,07,000,00,2,5,02,A01
201000055137,0,07,000,00,9,4,12,B01
201000055138,0,07,000,03,0,1,02,A01
201000055139,0,07,000,04,0,1,01,A01
201000055140,0,14,000,00,2,1,02,C01
201000055140,0,07,000,00,2,4,02,A01
201000055140,0,07,000,00,2,4,02,B01
201000055141,0,07,000,00,0,6,01,A01
201000055141,0,31,000,00,2,1,02,B01
201000055142,0,07,000,00,2,8,13,A01
201000055142,0,33,000,00,2,7,17,B01
201000055143,0,07,000,00,2,5,02,A01
201000055143,0,33,000,03,2,9,01,C01
201000055143,0,07,000,00,2,7,02,B01
201000055144,0,07,000,00,2,8,23,B01
201000055144,0,17,000,01,0,5,01,A01
201000055145,0,07,000,00,4,8,13,A01
201000055145,0,31,000,00,2,2,03,B01
201000055146,0,33,000,00,2,2,03,B01
201000055146,0,10,000,00,2,8,11,A01
201000055147,0,33,000,00,2,8,01,A01
201000055147,0,07,000,00,2,7,12,B01
201000055147,0,07,000,00,0,8,01,C01
201000055148,0,33,000,00,2,3,03,B01
201000055148,0,07,000,00,2,2,12,A01
201000055149,0,33,000,00,2,7,03,B01
201000055149,0,07,000,00,2,6,01,A01
201000055150,0,07,000,00,0,4,01,A01
201000055150,0,33,000,00,0,6,01,B01
201000055150,0,07,000,00,2,2,12,C01
201000055151,0,15,000,00,0,8,01,A01
201000055151,0,10,000,00,0,6,11,B01
201000055151,0,33,000,00,2,1,03,C01
201000055152,0,07,000,00,2,1,01,B01
201000055152,0,07,000,00,0,4,23,A01
201000055153,0,07,000,00,0,4,02,A01
201000055153,0,07,000,00,2,1,02,B01
201000055154,0,07,000,00,2,4,01,A01
201000055154,0,07,000,00,2,1,02,F01
201000055154,0,07,000,00,2,1,02,E01
201000055154,0,07,000,00,2,4,02,B01
201000055154,0,07,000,00,2,4,02,D01
201000055154,0,07,000,00,2,4,02,C01
201000055155,0,07,000,00,0,4,02,A01
201000055155,0,07,000,00,2,1,02,B01
201000055155,0,07,000,00,2,1,02,C01
201000055156,1,07,000,00,2,1,01,Z01
201000055156,0,07,000,04,2,4,01,A01
201000055157,0,07,000,00,0,8,11,A01
201000055157,0,07,000,00,0,4,01,B01
201000055157,0,31,000,00,0,7,03,C01
201000055158,0,15,000,00,0,0,02,A01
201000055158,0,10,000,00,2,4,02,B01
201000055158,0,15,000,00,2,1,02,C01
201000055159,0,33,000,04,9,8,02,A01
201000055160,0,07,000,00,2,6,01,A01
201000055160,0,16,000,00,2,2,12,B01
201000055161,0,33,000,00,0,7,01,A01
201000055162,0,32,000,00,0,2,17,B01
201000055162,0,13,000,00,0,4,01,A01
201000055163,0,37,066,00,2,1,02,B01
201000055163,0,07,000,00,0,4,02,A01
201000055164,0,33,000,00,0,7,01,A01
201000055165,0,07,000,00,2,4,01,B01
201000055165,0,07,000,00,2,5,01,D01
201000055165,0,07,000,06,2,9,21,A01
201000055165,0,07,000,00,2,4,01,C01
201000055166,0,07,000,00,0,4,02,A01
201000055166,0,07,000,00,2,1,02,B01
201000055167,0,15,000,00,0,7,12,B01
201000055167,0,07,000,00,0,8,01,A01
201000055168,0,34,000,00,2,8,03,A01
201000055168,0,07,000,00,2,5,12,B01
201000055169,0,33,000,00,2,8,12,A01
201000055169,0,33,000,00,2,7,01,B01
201000055170,0,07,000,13,0,4,19,A01
201000055171,0,15,000,00,2,2,02,B01
201000055171,0,07,000,00,2,8,11,A01
201000055172,0,15,000,00,2,2,12,B01
201000055172,0,07,000,00,0,6,01,A01
201000055173,0,33,000,00,2,2,03,A01
201000055173,0,07,000,00,2,8,11,B01
201000055174,0,10,000,00,2,1,21,B01
201000055174,0,13,000,04,0,1,01,A01
201000055175,0,07,000,00,2,5,12,A01
201000055175,0,33,000,00,2,1,01,B01
201000055176,0,07,000,00,2,1,02,C01
201000055176,0,07,000,00,2,4,02,B01
201000055176,0,07,000,00,2,4,02,A01
201000055177,0,07,000,03,0,2,12,A01
201000055178,0,07,000,00,2,8,11,A01
201000055178,0,32,000,00,2,2,03,B01
201000055179,0,32,000,00,2,2,01,B01
201000055179,0,07,000,00,2,6,11,A01
201000055180,0,07,000,00,2,3,11,B01
201000055180,0,34,000,00,0,5,01,A01
201000055181,0,10,000,00,0,6,01,A01
201000055181,0,13,000,00,2,2,12,B01
201000055182,0,33,000,00,2,8,01,B01
201000055182,0,07,000,00,2,5,12,A01
201000055183,0,07,000,00,0,4,23,C01
201000055183,0,07,000,00,0,4,23,B01
201000055183,0,07,000,00,0,4,23,A01
201000055183,0,07,000,01,0,1,02,D01
201000055184,0,33,000,14,0,7,01,A01
201000055185,0,33,000,00,2,1,01,A01
201000055185,0,07,000,00,2,4,11,B01
201000055186,0,07,000,00,2,4,01,B01
201000055186,0,07,000,00,2,1,02,A01
201000055187,0,07,000,04,0,3,21,A01
201000055187,0,07,000,04,0,1,21,B01
201000055188,0,07,000,00,2,7,12,A01
201000055188,0,31,000,00,2,8,03,B01
201000055189,0,33,000,00,2,8,03,B01
201000055189,0,07,000,00,2,7,12,A01
201000055190,0,33,000,00,2,1,03,C01
201000055190,0,07,000,00,0,8,01,B01
201000055190,0,07,000,00,0,7,01,A01
201000055191,0,10,000,00,2,2,01,A01
201000055191,0,31,000,00,2,8,01,B01
201000055192,0,31,000,00,2,1,03,B01
201000055192,0,07,000,00,0,5,14,A01
201000055193,0,07,000,00,2,1,02,B01
201000055193,0,07,000,00,2,4,02,A01
201000055194,0,33,000,00,2,6,01,A01
201000055194,1,07,000,00,2,7,12,Z01
201000055195,0,10,000,06,0,1,00,A01
201000055196,0,07,000,00,2,2,01,C01
201000055196,0,33,000,00,2,8,03,A01
201000055196,0,07,000,00,2,7,12,B01
201000055197,0,07,000,00,2,4,01,A01
201000055197,0,07,000,04,2,9,11,B01
201000055198,0,10,000,00,2,5,01,A01
201000055198,0,07,000,00,2,8,11,B01
201000055198,0,31,000,00,2,2,03,C01
201000055199,0,07,000,00,0,4,02,A01
201000055199,0,07,000,00,2,1,02,B01
201000055200,0,31,000,00,2,3,03,A01
201000055200,0,07,000,00,0,7,01,B01
201000055201,0,33,000,00,2,1,02,B01
201000055201,0,07,000,00,0,4,02,A01
201000055202,0,07,000,00,0,6,01,A01
201000055202,0,07,000,00,0,2,12,B01
201000055202,0,34,000,00,2,1,03,C01
201000055203,0,07,000,00,0,9,00,A01
201000055204,1,14,000,00,0,6,13,Z01
201000055204,0,33,000,00,2,2,03,A01
201000055205,0,07,000,00,0,2,02,A01
201000055205,0,07,000,01,0,1,01,B01
201000055206,0,07,000,00,2,4,01,C01
201000055206,0,10,000,00,2,1,02,A01
201000055206,0,07,000,00,2,4,02,B01
201000055207,0,31,000,00,2,8,03,B01
201000055207,0,07,000,00,2,7,12,A01
201000055208,1,15,000,00,2,2,01,Z01
201000055208,0,07,000,03,2,4,01,A01
201000055209,0,31,000,00,0,2,01,A01
201000055210,0,07,000,00,0,4,02,A01
201000055210,0,10,000,00,2,1,02,B01
201000055211,0,07,000,00,2,4,12,A01
201000055211,0,33,000,00,2,1,03,B01
201000055212,0,17,000,00,0,5,12,A01
201000055212,0,07,000,00,0,8,01,B01
201000055213,0,07,000,00,2,5,02,A01
201000055213,0,31,000,00,2,1,02,B01
201000055214,0,31,000,14,0,7,03,A01
201000055214,0,33,000,14,0,7,03,B01
201000055215,0,10,000,00,2,6,01,A01
201000055215,0,33,000,00,2,1,17,B01
201000055216,0,32,000,04,0,3,01,A01
201000055217,0,07,000,00,2,2,01,B01
201000055217,0,07,000,00,2,6,13,A01
201000055218,0,07,000,00,2,4,01,A01
201000055218,0,07,000,00,2,4,01,B01
201000055218,0,07,000,00,2,1,01,C01
201000055219,0,14,000,00,0,3,13,A01
201000055220,0,07,000,04,0,1,12,A01
201000055221,0,10,000,00,2,3,11,B01
201000055221,0,07,000,00,2,7,02,A01
201000055222,0,15,000,00,2,5,19,C01
201000055222,0,07,000,00,2,6,02,A01
201000055222,0,15,000,00,2,2,12,B01
201000055223,0,33,000,00,2,1,03,C01
201000055223,0,07,000,00,2,6,13,A01
201000055223,0,07,000,00,0,7,01,B01
201000055224,0,07,000,04,0,3,13,A01
201000055225,0,07,000,00,2,3,11,B01
201000055225,0,07,000,00,2,7,21,A01
201000055226,0,07,000,00,2,2,11,C01
201000055226,0,07,000,00,2,4,01,A01
201000055226,0,33,000,00,2,1,01,B01
201000055227,0,33,000,00,2,1,01,B01
201000055227,0,07,000,00,0,4,12,A01
201000055228,0,07,000,00,2,7,01,B01
201000055228,0,33,000,00,2,8,17,A01
201000055229,0,33,000,04,0,8,13,A01
201000055230,0,07,000,00,2,5,12,A01
201000055230,0,33,000,00,2,8,03,B01
201000055231,0,07,000,00,2,8,01,A01
201000055231,0,14,000,00,2,2,01,B01
201000055231,0,07,000,00,2,8,01,C01
201000055232,0,31,000,00,2,1,02,B01
201000055232,0,07,000,00,2,5,02,A01
201000055233,0,33,000,00,0,0,01,A01
201000055233,0,07,000,00,2,4,13,B01
201000055234,0,14,000,00,2,5,12,A01
201000055234,0,07,000,00,2,7,01,B01
201000055235,0,07,000,00,2,1,14,B01
201000055235,0,07,000,04,0,4,01,A01
201000055236,0,07,000,00,2,1,02,B01
201000055236,0,15,000,00,0,4,02,A01
201000055237,0,33,000,00,2,1,21,A01
201000055237,0,07,000,00,2,4,11,B01
201000055238,0,07,000,13,0,1,14,A01
201000055239,0,07,000,04,0,2,01,A01
201000055240,0,15,000,00,2,2,12,B01
201000055240,0,07,000,00,2,8,18,A01
201000055241,0,13,000,03,0,9,01,A01
201000055242,0,07,000,04,0,9,21,A01
201000055243,0,07,000,04,0,3,02,A01
201000055244,0,15,000,00,2,2,14,B01
201000055244,0,07,000,00,2,6,01,A01
201000055245,0,14,000,00,0,6,01,A01
201000055245,0,07,000,00,0,3,01,C01
201000055245,0,07,000,00,0,1,01,B01
201000055245,0,07,000,00,2,1,15,D01
201000055246,0,34,000,00,2,8,01,B01
201000055246,0,07,000,00,2,7,12,A01
201000055247,0,07,000,04,0,4,16,A01
201000055248,0,07,000,01,0,7,14,B01
201000055248,0,07,000,00,2,8,23,A01
201000055249,0,07,000,00,2,1,02,B01
201000055249,0,15,000,00,2,4,23,A01
201000055250,0,07,000,03,0,3,13,A01
201000055251,0,07,000,00,2,5,02,C01
201000055251,0,31,000,00,2,7,02,A01
201000055251,0,33,000,00,2,3,02,B01
201000055252,0,07,000,00,2,6,11,A01
201000055252,0,34,000,00,2,2,03,B01
201000055253,0,07,000,00,2,4,17,A01
201000055254,0,07,000,00,2,7,14,A01
201000055254,0,33,000,00,2,3,21,B01
201000055255,0,07,000,00,2,4,01,B01
201000055255,0,07,000,00,2,6,01,A01
201000055256,0,07,000,04,0,2,01,A01
201000055257,0,07,000,08,2,2,01,A01
201000055257,0,07,000,00,2,3,11,B01
201000055258,0,07,000,00,2,4,01,A01
201000055258,0,07,000,04,2,9,18,B01
201000055259,0,34,000,00,2,3,03,C01
201000055259,0,07,000,00,2,5,12,A01
201000055259,0,07,000,00,0,5,01,B01
201000055260,0,33,000,00,2,2,02,B01
201000055260,0,07,000,00,2,6,02,A01
201000055260,0,07,000,00,2,0,02,C01
201000055261,0,07,000,00,2,2,17,B01
201000055261,0,07,000,00,2,6,12,A01
201000055262,0,07,000,00,0,5,02,B01
201000055262,0,07,000,00,2,4,02,D02
201000055262,0,07,000,00,2,4,02,E01
201000055262,0,07,000,00,2,6,02,C01
201000055262,0,07,000,00,0,4,02,A01
201000055262,0,07,000,00,2,1,02,F01
201000055263,0,07,000,00,2,5,01,A01
201000055263,0,07,000,04,2,7,01,B01
201000055263,0,33,000,00,2,1,02,C01
201000055263,1,07,000,00,2,1,02,Z01
201000055264,0,07,000,00,2,1,02,B01
201000055264,0,07,000,00,0,4,02,A01
201000055265,0,34,000,00,2,5,14,A01
201000055265,0,07,000,00,2,3,01,B01
201000055266,0,07,000,00,2,5,12,A01
201000055266,0,07,000,00,2,8,01,C01
201000055266,0,33,000,00,2,3,01,B01
201000055267,0,07,000,03,0,2,12,A01
201000055268,0,07,000,00,2,7,00,B01
201000055268,0,15,000,00,2,6,00,A01
201000055269,0,07,000,00,0,5,01,A01
201000055269,0,13,000,00,2,3,12,B01
201000055270,0,32,000,00,2,3,03,B01
201000055270,0,07,000,00,2,7,12,A01
201000055271,0,07,000,00,2,4,01,A01
201000055271,0,13,000,00,2,3,01,C01
201000055271,0,10,000,00,2,3,14,B01
201000055272,0,07,000,00,2,4,01,A01
201000055272,0,07,000,00,2,1,02,B01
201000055273,0,07,000,04,0,8,21,A01
201000055274,0,07,000,00,2,5,12,A01
201000055274,0,33,000,00,2,3,18,B01
201000055275,0,10,000,00,0,0,23,B01
201000055275,0,07,000,00,1,2,14,C01
201000055276,0,07,000,00,2,8,01,C01
201000055276,0,07,000,00,2,2,14,A01
201000055276,0,33,000,00,2,1,01,B01
201000055277,0,07,000,00,2,4,01,A01
201000055277,2,07,000,00,2,9,00,B01
201000055278,0,13,000,00,2,1,02,A01
201000055278,0,07,000,00,2,4,23,B01
201000055279,0,07,000,02,0,7,00,A01
201000055280,0,07,000,01,2,7,21,B01
201000055280,0,07,000,01,0,3,21,C01
201000055280,0,07,000,00,2,5,23,A01
201000055281,0,07,000,00,0,5,01,A01
201000055281,0,33,000,00,2,1,09,B01
201000055282,0,07,000,00,2,6,11,C01
201000055282,0,33,000,00,2,2,03,B01
201000055282,0,10,000,00,2,5,01,A01
201000055283,0,33,000,00,2,7,03,B01
201000055283,0,07,000,00,2,8,11,A01
201000055284,0,31,000,00,0,7,21,A01
201000055285,0,07,000,00,2,4,23,A01
201000055285,0,07,000,00,2,4,23,C01
201000055285,0,07,000,00,2,1,02,D01
201000055285,0,07,000,00,2,4,23,B01
201000055286,0,33,000,00,9,7,03,A01
201000055287,0,07,000,00,0,4,01,A01
201000055287,0,33,000,00,2,1,03,B01
201000055288,0,07,000,00,2,5,12,B01
201000055288,0,33,000,00,2,1,03,A01
201000055289,0,33,000,00,2,1,02,B01
201000055289,0,07,000,00,2,4,02,A01
201000055290,0,31,000,03,0,2,14,A01
201000055291,0,10,000,00,0,4,02,A01
201000055291,0,07,000,00,0,4,02,B01
201000055291,1,15,000,00,2,1,02,C01
201000055292,0,10,000,00,0,6,09,B01
201000055292,0,31,000,00,2,1,01,A01
201000055293,0,07,000,00,2,8,01,A01
201000055293,0,15,000,00,2,2,12,B01
201000055294,0,07,000,00,2,1,02,D01
201000055294,0,07,000,00,2,2,02,C01
201000055294,0,07,000,00,2,6,11,B01
201000055294,0,15,000,00,2,8,02,A01
201000055295,0,31,000,16,0,7,21,A01
201000055296,0,07,000,00,0,0,11,B01
201000055296,0,33,000,16,0,8,21,A01
201000055297,0,15,000,00,2,3,12,A01
201000055297,0,07,000,00,2,8,01,B01
201000055297,0,07,000,00,2,1,01,C01
201000055298,0,07,000,00,0,4,02,A01
201000055298,0,33,000,00,0,1,02,B01
201000055299,0,07,000,00,2,7,12,B01
201000055299,0,14,000,00,2,8,11,A01
201000055300,0,15,000,00,2,4,23,A01
201000055300,0,07,000,00,2,4,23,B01
201000055300,0,07,000,00,2,1,02,C01
201000055301,0,31,000,00,2,0,02,B01
201000055301,0,07,000,00,0,0,12,A01
201000055302,0,07,000,04,0,1,01,A01
201000055303,0,33,000,00,0,7,01,A01
201000055304,0,31,000,00,2,5,01,A01
201000055304,0,33,000,00,2,3,02,B01
201000055305,0,07,000,00,2,6,00,B01
201000055305,0,15,000,00,2,1,00,A01
201000055306,0,33,000,00,2,2,01,B01
201000055306,0,07,000,00,2,3,11,A01
201000055307,0,31,000,00,2,1,01,A01
201000055307,0,10,000,00,2,5,11,B01
201000055308,0,34,000,00,0,0,01,A01
201000055309,0,07,000,00,2,4,14,A01
201000055309,0,33,000,00,2,1,01,B01
201000055310,0,07,000,00,2,6,11,A01
201000055310,0,33,000,00,2,1,02,B01
201000055311,0,33,000,00,2,7,01,B01
201000055311,0,07,000,00,2,8,11,A01
201000055312,0,07,000,00,0,8,01,A01
201000055312,0,15,000,00,2,2,12,B01
201000055313,0,07,000,00,2,4,01,A01
201000055313,0,07,000,00,2,1,02,B01
201000055314,0,07,000,00,0,4,01,A01
201000055314,0,07,000,00,2,1,02,B01
201000055315,0,07,000,04,0,7,01,A01
201000055316,0,07,000,04,0,6,09,A01
201000055317,0,07,000,04,0,1,01,A01
201000055318,0,07,000,00,2,8,11,B01
201000055318,0,33,000,00,2,1,03,C01
201000055318,0,07,000,00,2,5,02,A01
201000055319,0,33,000,00,0,8,01,A01
201000055320,0,07,000,01,2,1,02,B01
201000055320,0,07,000,00,2,4,01,A01
201000055321,0,33,000,00,2,1,12,B01
201000055321,0,07,000,00,2,4,23,A01
201000055322,0,07,000,00,2,4,01,A01
201000055322,0,33,000,00,2,1,03,B01
201000055323,0,33,000,00,0,8,01,A01
201000055324,0,33,000,00,2,4,01,C01
201000055324,0,10,000,00,0,6,01,B01
201000055324,0,07,000,00,0,4,01,A01
201000055324,0,33,000,00,2,1,03,D01
201000055325,0,07,000,00,2,5,00,A01
201000055325,0,33,000,00,2,1,00,B01
201000055326,0,07,000,00,2,8,11,B01
201000055326,0,33,000,00,2,7,17,A01
201000055327,0,07,000,00,2,1,02,B01
201000055327,0,07,000,00,0,4,02,A01
201000055328,0,10,000,00,0,0,02,B01
201000055328,0,10,000,00,0,4,02,C01
201000055328,0,10,000,00,0,4,02,A01
201000055328,0,07,000,00,0,1,02,D01
201000055329,0,07,000,00,2,4,02,B01
201000055329,0,17,000,00,2,1,02,C01
201000055329,0,07,000,00,0,4,01,A01
201000055330,0,33,000,00,0,8,13,A01
201000055330,1,07,000,00,2,7,12,Z01
201000055331,0,07,000,00,0,4,02,A01
201000055331,0,07,000,00,2,1,02,B01
201000055332,0,31,000,00,0,9,03,A01
201000055333,0,07,000,00,0,4,01,A01
201000055333,0,07,000,00,2,7,12,B01
201000055333,0,33,000,00,2,8,03,C01
201000055334,0,10,000,00,2,6,01,B01
201000055334,0,10,000,00,2,4,01,C01
201000055334,0,33,000,00,2,1,03,A01
201000055335,0,15,000,03,0,8,21,A01
201000055336,0,07,000,00,2,4,02,B01
201000055336,0,07,000,00,2,4,02,A01
201000055336,0,07,000,00,2,1,02,C01
201000055337,0,07,000,00,2,5,01,D01
201000055337,0,33,000,00,2,8,03,A01
201000055337,0,07,000,00,2,4,01,C01
201000055337,0,07,000,00,2,7,12,B01
201000055338,0,07,000,00,2,6,01,C01
201000055338,0,07,000,00,2,5,12,B01
201000055338,0,33,000,00,2,3,03,A01
201000055339,0,31,000,00,2,1,01,B01
201000055339,0,07,000,00,2,4,01,A01
201000055340,0,32,000,00,2,1,03,B01
201000055340,0,14,000,00,0,4,01,A01
201000055341,0,33,000,00,2,1,03,A01
201000055341,0,07,000,00,2,6,11,B01
201000055342,0,07,000,06,0,1,12,A01
201000055343,0,07,000,00,2,1,01,B01
201000055343,0,10,000,00,2,4,23,A01
201000055344,0,33,000,00,2,8,03,B01
201000055344,0,07,000,00,2,7,12,A01
201000055345,0,14,000,00,2,2,12,B01
201000055345,0,07,000,04,2,8,01,A01
201000055346,0,07,000,03,2,1,12,B01
201000055346,0,10,000,00,0,6,01,A01
201000055347,0,07,000,00,0,7,01,A01
201000055348,0,07,000,00,2,4,01,A01
201000055348,0,07,000,00,2,1,01,C01
201000055348,0,07,000,00,2,9,01,B01
201000055349,0,07,000,01,2,1,02,B01
201000055349,0,07,000,00,2,4,23,A01
201000055350,0,07,000,00,2,8,11,A01
201000055350,0,34,000,00,2,7,17,B01
201000055351,0,07,000,00,0,5,01,C01
201000055351,0,10,000,00,2,3,11,A01
201000055351,0,33,000,00,2,2,03,B01
201000055352,0,07,000,00,2,4,02,B01
201000055352,0,07,000,00,2,4,02,A01
201000055352,0,07,000,00,2,1,02,E01
201000055352,0,07,000,00,2,4,02,C01
201000055352,0,07,000,00,2,4,02,D01
201000055353,0,34,000,00,2,1,02,B01
201000055353,0,07,000,00,2,4,01,A01
201000055354,0,33,000,00,2,2,03,B01
201000055354,0,33,000,00,2,3,11,A01
201000055354,0,07,000,00,2,6,02,C01
201000055354,0,07,000,00,2,2,01,D01
201000055355,1,10,000,00,2,6,11,Z01
201000055355,0,07,000,04,2,2,01,A01
201000055356,0,07,000,04,0,3,00,A01
201000055357,0,07,000,00,0,4,02,A01
201000055357,0,07,000,00,2,4,02,B01
201000055357,0,07,000,00,2,1,02,C01
201000055358,0,33,000,00,2,1,03,B01
201000055358,0,07,000,00,2,7,12,A01
201000055359,0,07,000,00,2,6,01,A01
201000055359,0,15,000,00,2,2,12,B01
201000055360,0,07,000,04,0,1,01,A01
201000055361,0,07,000,00,0,6,00,A01
201000055362,0,07,000,13,6,2,21,A01
201000055363,0,10,000,00,2,1,02,A01
201000055363,0,07,000,00,2,4,02,C01
201000055363,0,07,000,00,2,4,02,B01
201000055364,0,33,000,00,2,1,03,B01
201000055364,0,07,000,00,2,8,11,A01
201000055365,0,33,000,00,2,1,02,B01
201000055365,0,07,000,00,2,6,01,A01
201000055366,0,07,000,04,0,1,00,A01
201000055367,0,34,000,00,2,9,01,B01
201000055367,0,07,000,00,2,6,01,A01
201000055368,0,07,000,04,0,1,01,A01
201000055369,0,07,000,00,0,6,01,C01
201000055369,0,32,000,00,2,3,03,A01
201000055369,0,10,000,00,0,5,01,B01
201000055370,0,17,000,00,2,4,02,C01
201000055370,0,07,000,00,2,2,00,A01
201000055370,0,07,000,00,2,1,02,D01
201000055370,0,17,000,00,2,1,01,B01
201000055371,0,07,000,00,2,1,13,A01
201000055371,0,07,000,00,2,8,02,B01
201000055372,0,32,000,00,0,8,03,A01
201000055373,0,07,000,04,0,1,01,A01
201000055374,0,33,000,00,2,9,21,A01
201000055374,0,07,000,00,1,1,01,B01
201000055375,0,32,000,00,2,7,03,B01
201000055375,0,07,000,00,2,8,11,A01
201000055376,0,33,000,00,2,2,02,C01
201000055376,0,07,000,00,0,6,11,A01
201000055376,0,15,000,00,2,2,00,B01
201000055377,0,10,000,04,0,5,01,A01
201000055378,0,10,000,00,2,8,11,B01
201000055378,0,33,000,00,2,7,01,A01
201000055379,0,07,000,04,2,3,21,A01
201000055379,0,07,000,01,0,1,02,C01
201000055379,0,07,000,00,2,9,23,B01
201000055380,0,31,000,00,2,7,01,A01
201000055381,0,07,000,00,2,7,00,B01
201000055381,0,07,000,00,2,8,00,A01
201000055382,0,33,000,00,2,1,03,A01
201000055382,0,07,000,00,2,6,11,B01
201000055383,0,07,000,01,0,3,11,B01
201000055383,0,33,000,00,2,1,01,A01
201000055384,0,07,000,04,0,8,00,A01
201000055384,0,07,000,14,0,1,00,B01
201000055385,0,07,000,00,2,2,13,A01
201000055385,0,14,000,00,2,6,13,B01
201000055386,0,07,000,04,0,8,12,A01
201000055387,0,07,000,04,2,3,12,A01
201000055387,0,07,000,00,2,5,01,B01
201000055388,0,07,000,04,0,1,01,A01
201000055389,0,07,000,00,2,1,02,B01
201000055389,0,07,000,00,0,6,01,A01
201000055390,0,10,000,14,2,4,02,A01
201000055390,0,33,000,00,2,1,02,B01
201000055391,0,07,000,00,2,6,01,B01
201000055391,0,33,000,00,2,5,03,A01
201000055392,0,33,000,00,2,7,01,A01
201000055392,0,07,000,00,0,4,01,C01
201000055392,0,07,000,00,2,3,09,B01
201000055393,0,07,000,00,2,8,02,B01
201000055393,0,32,000,00,2,2,03,A01
201000055393,0,10,000,00,2,4,02,C01
201000055394,0,31,000,06,0,0,01,A01
201000055395,0,07,000,00,0,5,01,A01
201000055395,0,32,000,00,2,1,03,B01
201000055396,0,07,000,00,2,5,01,A01
201000055396,0,33,000,00,0,1,02,B01
201000055397,0,10,000,00,0,4,02,A01
201000055397,0,07,000,00,2,1,02,B01
201000055398,0,07,000,04,2,6,13,A01
201000055398,0,07,000,04,2,6,01,B01
201000055399,0,07,000,04,0,3,01,A01
201000055400,0,07,000,04,0,3,01,A01
201000055401,0,07,000,04,0,3,01,A01
201000055402,0,07,000,04,0,1,01,A01
201000055403,0,07,000,00,2,5,21,B01
201000055403,0,07,000,00,2,1,02,E01
201000055403,0,07,000,00,2,1,02,D01
201000055403,0,07,000,00,2,4,02,A01
201000055403,0,33,000,00,2,3,21,C01
201000055404,0,10,000,00,2,5,12,B01
201000055404,0,33,000,00,2,1,01,A01
201000055405,0,34,000,07,0,1,21,A01
201000055406,0,34,000,00,2,9,03,A01
201000055406,1,07,000,00,2,1,11,Z01
201000055406,0,07,000,00,2,5,01,B01
201000055407,0,33,000,00,2,8,03,A01
201000055407,0,07,000,00,2,7,12,B01
201000055408,0,33,000,00,0,7,01,A01
201000055408,0,07,000,00,0,8,11,B01
201000055409,0,33,000,00,0,0,01,A01
201000055410,0,07,000,04,0,3,01,A01
201000055411,0,07,000,04,0,2,14,A01
201000055412,0,07,000,04,0,7,01,A01
201000055413,0,07,000,00,2,4,01,A01
201000055413,0,31,000,00,2,1,02,B01
201000055414,0,10,000,00,2,3,02,A01
201000055414,0,33,000,00,2,4,01,B01
201000055415,0,33,000,00,0,8,01,A01
201000055416,0,07,000,00,2,4,11,A01
201000055416,0,33,000,00,2,1,03,B01
201000055417,0,07,000,04,0,3,01,A01
201000055418,0,07,000,00,2,1,11,D01
201000055418,0,07,000,04,,4,23,A01
201000055418,0,07,000,00,2,2,23,B01
201000055418,0,07,000,00,2,6,23,C01
201000055419,0,07,000,04,0,8,01,A01
201000055420,0,31,000,00,2,2,02,B01
201000055420,0,07,000,00,0,4,01,A01
201000055421,0,07,000,00,2,6,01,B01
201000055421,0,15,000,00,2,2,12,A01
201000055422,0,31,000,00,2,3,03,A01
201000055422,0,07,000,00,2,7,12,B01
201000055423,0,07,000,00,2,1,02,A01
201000055423,0,13,000,00,0,4,02,B01
201000055424,0,07,000,00,0,0,21,B01
201000055424,0,07,000,00,0,0,21,C01
201000055424,0,15,000,03,0,1,21,A01
201000055425,0,07,000,00,2,6,01,A01
201000055425,0,31,000,00,2,1,02,B01
201000055426,0,07,000,00,2,3,11,A01
201000055426,0,07,000,00,2,5,01,B01
201000055427,0,07,000,01,0,2,21,B01
201000055427,0,15,000,00,2,6,23,A01