Num_Acc,senc,catv,occutc,obs,obsm,choc,manv,num_veh
201000056477,0,07,000,00,0,0,02,C01
201000056477,0,07,000,00,2,1,09,A01
201000056477,0,07,000,00,0,0,02,B01
201000056478,0,07,000,00,2,1,02,A01
201000056478,0,07,000,00,2,4,02,B01
201000056478,0,07,000,00,2,1,02,C01
201000056478,1,07,000,00,0,4,02,Z01
201000056479,0,32,000,00,0,0,03,A01
201000056480,0,07,000,04,2,8,01,C01
201000056480,0,07,000,00,2,6,13,A01
201000056480,0,07,000,00,2,2,01,B01
201000056481,0,07,000,13,2,5,17,A01
201000056481,1,07,000,00,2,3,13,Z01
201000056482,0,10,000,00,0,2,01,A01
201000056483,0,07,000,00,2,1,02,A01
201000056483,0,07,000,00,2,4,02,B01
201000056483,0,07,000,00,2,4,02,C01
201000056484,0,07,000,11,0,3,00,A01
201000056485,0,07,000,00,0,2,12,B01
201000056485,0,15,000,00,0,6,01,C01
201000056485,0,33,000,00,2,6,11,A01
201000056486,0,31,000,00,0,7,00,A01
201000056487,0,10,000,04,0,3,13,A01
201000056488,0,07,000,03,0,1,01,A01
201000056489,0,10,000,03,0,3,13,A01
201000056490,0,07,000,00,2,4,02,C01
201000056490,0,07,000,00,2,4,02,B01
201000056490,0,07,000,00,2,1,02,A01
201000056491,0,07,000,16,0,2,01,A01
201000056492,0,10,000,00,2,6,01,B01
201000056492,0,07,000,00,2,2,17,A01
201000056493,0,07,000,04,0,1,01,A01
201000056494,0,33,000,00,0,8,03,A01
201000056495,0,33,000,04,2,7,21,B01
201000056495,0,07,000,00,2,6,11,A01
201000056496,0,07,000,03,0,3,13,A01
201000056497,0,33,000,00,2,2,03,A01
201000056497,0,07,000,00,2,6,02,B01
201000056498,0,33,000,00,0,0,01,A01
201000056499,0,31,000,00,0,8,03,A01
201000056500,0,07,000,04,0,1,16,A01
201000056501,0,07,000,00,2,8,11,B01
201000056501,0,07,000,04,2,1,00,A01
201000056502,0,10,000,00,2,3,02,B01
201000056502,0,07,000,00,2,1,01,A01
201000056503,0,07,000,00,2,4,01,B01
201000056503,0,07,000,00,2,1,01,A01
201000056504,0,07,000,04,0,3,01,A01
201000056505,0,34,000,00,2,1,01,A01
201000056505,0,07,000,00,2,7,12,B01
201000056506,0,07,000,00,2,3,09,A01
201000056506,0,07,000,00,2,6,00,C01
201000056506,0,33,000,00,2,2,01,B01
201000056507,0,33,000,00,2,1,03,A01
201000056507,0,07,000,00,2,5,14,B01
201000056508,0,07,000,00,2,4,02,B01
201000056508,0,07,000,00,2,4,02,C01
201000056508,0,07,000,00,2,1,02,A01
201000056509,0,07,000,00,1,1,01,E01
201000056509,0,07,000,00,1,1,01,D01
201000056509,0,07,000,00,1,1,01,B02
201000056509,0,07,000,00,1,1,01,G01
201000056509,0,07,000,00,1,1,01,C02
201000056509,0,07,000,00,1,1,01,F01
201000056509,0,07,000,00,1,1,01,A01
201000056510,0,07,000,00,2,1,02,A01
201000056510,0,07,000,00,2,4,02,B01
201000056511,0,33,000,00,0,8,00,A01
201000056512,0,07,000,00,2,5,12,B01
201000056512,0,07,000,00,2,1,01,A01
201000056513,0,07,000,03,0,1,01,A01
201000056514,0,07,000,00,2,4,02,B01
201000056514,0,07,000,00,2,1,02,A01
201000056514,0,07,000,00,0,4,02,C01
201000056515,0,07,000,00,0,4,02,C01
201000056515,0,07,000,00,2,1,02,A01
201000056515,0,07,000,00,0,4,02,D01
201000056515,0,07,000,00,2,4,02,B01
201000056516,0,07,000,04,0,3,01,A01
201000056517,0,07,000,03,0,2,01,A01
201000056518,0,07,000,04,0,3,13,A01
201000056519,0,07,000,00,2,8,00,A01
201000056519,0,33,000,00,2,7,00,B01
201000056520,0,07,000,06,0,1,00,A01
201000056521,1,07,000,00,2,5,02,B01
201000056521,0,33,000,00,2,3,03,A01
201000056522,0,33,000,00,0,2,02,A01
201000056523,0,07,000,04,0,3,21,A01
201000056524,0,07,000,00,2,3,11,B01
201000056524,0,33,000,00,2,1,03,A01
201000056525,0,07,000,03,0,9,21,A01
201000056526,0,07,000,03,0,1,00,A01
201000056527,0,07,000,04,0,3,21,A01
201000056528,0,07,000,00,2,4,02,B01
201000056528,0,07,000,00,2,1,01,A01
201000056528,0,10,000,00,2,4,02,C01
201000056529,0,07,000,00,2,8,11,B01
201000056529,0,32,000,00,2,2,03,A01
201000056530,0,07,000,05,0,2,21,A01
201000056531,0,33,000,00,0,0,03,A01
201000056532,0,07,000,04,2,8,21,C01
201000056532,0,10,000,00,2,6,01,A01
201000056532,0,07,000,00,2,1,17,B01
201000056533,0,07,000,04,0,3,21,A01
201000056534,0,07,000,11,0,1,01,A01
201000056535,0,07,000,00,2,4,02,B01
201000056535,0,07,000,00,2,1,02,A01
201000056535,0,07,000,00,2,4,02,C01
201000056536,0,15,000,00,0,4,02,B01
201000056536,0,07,000,14,0,1,01,A01
201000056537,0,07,000,03,0,1,19,A01
201000056537,0,07,000,00,2,2,01,B01
201000056538,0,07,000,04,0,9,01,A01
201000056539,0,07,000,14,0,1,02,A01
201000056539,0,07,000,00,0,4,02,C01
201000056539,0,07,000,14,0,4,02,B01
201000056540,0,07,000,04,0,3,17,A01
201000056541,0,07,000,00,2,4,12,A01
201000056541,0,33,000,00,2,1,01,B01
201000056542,0,07,000,00,0,5,01,B01
201000056542,0,15,000,00,0,0,01,C01
201000056542,0,34,000,00,2,3,03,A01
201000056542,0,07,000,00,0,5,01,D01
201000056543,0,32,000,00,2,8,01,A01
201000056543,0,07,000,00,2,8,12,B01
201000056544,0,07,000,04,0,9,00,A01
201000056545,0,07,000,06,2,6,01,B01
201000056545,0,17,000,00,2,2,12,A01
201000056545,0,07,000,00,2,1,01,C01
201000056546,0,15,000,00,2,4,02,B01
201000056546,0,07,000,00,2,1,02,A01
201000056547,0,07,000,00,2,0,12,A01
201000056547,0,07,000,00,2,3,01,B01
201000056548,0,07,000,00,2,1,00,B01
201000056548,0,07,000,00,2,1,00,A01
201000056548,0,07,000,00,2,4,00,C01
201000056549,0,07,000,03,0,1,21,A01
201000056550,0,33,000,00,0,4,02,B01
201000056550,0,07,000,00,2,1,02,A01
201000056551,0,07,000,00,2,2,00,B01
201000056551,0,14,000,00,2,2,12,A01
201000056552,0,33,000,00,0,0,21,A01
201000056553,0,07,000,00,0,5,02,B01
201000056553,0,33,000,00,2,1,02,A01
201000056554,0,07,000,00,2,1,02,A01
201000056554,0,07,000,00,0,4,02,B01
201000056555,0,33,000,00,2,4,03,B01
201000056555,0,33,000,00,2,1,03,A01
201000056556,0,07,000,00,0,4,02,B01
201000056556,0,07,000,00,2,1,02,A01
201000056557,0,07,000,16,0,0,01,A01
201000056558,0,07,000,04,0,1,00,A01
201000056559,0,07,000,00,2,4,24,B01
201000056559,0,14,000,01,0,2,14,A01
201000056560,0,32,000,00,0,7,01,A01
201000056561,0,32,000,00,0,8,01,A01
201000056562,0,07,000,00,2,1,02,A01
201000056562,0,07,000,00,0,4,02,B01
201000056563,0,10,000,04,0,3,13,A01
201000056564,0,07,000,00,2,7,12,B01
201000056564,0,34,000,00,2,8,01,A01
201000056565,0,15,000,00,2,2,01,B01
201000056565,0,07,000,00,2,3,09,A01
201000056566,0,07,000,04,0,3,02,A01
201000056567,0,07,000,00,2,4,02,B01
201000056567,0,07,000,00,2,1,02,A01
201000056568,0,33,000,00,0,2,21,A01
201000056569,0,07,000,00,0,4,11,B01
201000056569,0,33,000,00,0,1,21,A01
201000056570,0,07,000,00,2,4,02,C01
201000056570,0,07,000,00,2,1,02,A01
201000056570,0,10,000,00,2,4,02,B01
201000056571,0,30,000,06,0,3,00,A01
201000056572,0,07,000,03,0,2,01,A01
201000056573,0,02,000,00,0,2,02,A01
201000056574,0,10,000,06,0,3,21,A01
201000056575,0,07,000,00,2,0,11,A01
201000056575,0,31,000,00,2,7,00,B01
201000056576,0,07,000,04,2,3,02,A01
201000056576,0,14,000,00,2,1,02,B01
201000056577,0,07,000,00,0,4,02,B01
201000056577,0,07,000,00,2,1,02,A01
201000056578,0,07,000,00,2,4,01,C01
201000056578,0,07,000,00,2,1,01,A01
201000056578,0,07,000,00,2,4,01,B01
201000056579,0,10,000,00,2,1,02,A01
201000056579,0,07,000,00,2,4,02,B01
201000056579,0,07,000,00,2,4,02,C01
201000056580,0,07,000,00,2,4,01,B01
201000056580,0,07,000,00,2,1,11,A01
201000056581,0,34,000,14,0,1,00,A01
201000056582,0,07,000,00,2,1,02,B01
201000056582,0,33,000,00,2,1,02,A01
201000056583,0,07,000,00,2,2,12,A01
201000056583,0,33,000,00,2,3,03,B01
201000056584,1,32,000,00,2,7,03,A01
201000056584,0,33,000,00,2,7,02,B01
201000056584,0,07,000,00,0,7,02,C01
201000056585,0,07,000,00,0,6,23,B01
201000056585,0,07,000,01,0,2,14,A01
201000056586,0,07,000,00,0,9,09,A01
201000056587,0,07,000,03,0,1,01,A01
201000056588,0,07,000,00,2,2,12,B01
201000056588,0,33,000,00,2,1,03,A01
201000056589,0,10,000,00,2,1,02,A01
201000056589,0,07,000,00,2,6,02,C01
201000056589,0,07,000,00,2,4,02,B01
201000056590,0,33,000,00,2,1,03,A01
201000056590,0,07,000,00,2,6,12,B01
201000056591,0,07,000,04,0,1,02,B01
201000056591,0,07,000,14,0,1,17,A01
201000056592,0,31,000,00,2,8,13,B01
201000056592,0,07,000,00,2,5,12,A01
201000056593,0,33,000,00,0,7,03,A01
201000056593,0,03,000,00,0,0,11,B01
201000056594,0,07,000,00,0,5,12,B01
201000056594,0,34,000,00,2,3,03,A01
201000056595,0,07,000,00,2,8,11,B01
201000056595,0,33,000,00,2,2,03,A01
201000056596,0,07,000,00,2,5,01,B01
201000056596,0,33,000,00,2,1,03,A01
201000056596,0,33,000,00,0,0,00,C01
201000056597,0,07,000,00,2,4,02,C01
201000056597,0,07,000,00,2,1,02,A01
201000056597,0,07,000,00,2,1,02,B01
201000056598,0,07,000,00,0,1,02,A01
201000056599,0,33,000,00,2,3,02,B01
201000056599,0,33,000,00,2,7,14,A01
201000056600,0,33,000,00,0,0,01,A01
201000056601,0,07,000,00,2,1,14,A01
201000056601,0,07,000,00,2,4,24,B01
201000056602,0,07,000,00,9,2,00,A01
201000056603,0,07,000,00,2,3,12,A01
201000056603,0,07,000,00,0,6,02,B01
201000056604,0,34,000,00,2,2,02,A01
201000056604,0,07,000,00,0,6,02,B01
201000056605,0,07,000,00,2,1,02,A01
201000056605,0,07,000,00,0,4,02,C01
201000056605,0,10,000,00,0,4,02,B01
201000056606,0,07,000,00,2,6,01,B01
201000056606,0,31,000,00,2,1,03,A01
201000056607,0,33,000,00,0,7,14,A01
201000056608,0,07,000,00,2,1,21,A01
201000056608,0,07,000,00,2,4,23,B01
201000056609,0,07,000,00,2,5,02,B01
201000056609,0,07,000,00,2,3,02,A01
201000056610,0,07,000,00,2,7,14,A01
201000056610,0,07,000,00,2,7,16,C01
201000056610,0,33,000,00,2,3,14,B01
201000056611,0,07,000,00,2,1,02,A01
201000056611,0,07,000,00,2,4,02,B01
201000056611,0,10,000,00,0,4,02,C01
201000056612,0,10,000,00,2,6,11,B01
201000056612,0,33,000,00,2,7,03,A01
201000056613,0,33,000,00,2,7,03,A01
201000056613,0,07,000,00,2,4,00,C01
201000056613,0,07,000,00,2,8,11,B01
201000056614,0,07,000,00,2,4,02,D01
201000056614,0,07,000,00,0,4,02,C01
201000056614,0,07,000,00,2,1,02,A01
201000056614,0,07,000,00,2,4,02,B01
201000056615,0,07,000,00,2,7,12,A01
201000056615,0,07,000,00,2,3,01,B01
201000056616,0,07,000,00,2,4,02,B01
201000056616,0,07,000,00,2,1,02,A01
201000056616,0,07,000,00,0,4,02,C01
201000056617,0,07,000,15,0,1,09,A01
201000056618,0,07,000,00,2,5,01,B01
201000056618,0,07,000,13,2,3,11,A01
201000056619,0,33,000,04,0,8,02,A01
201000056620,0,07,000,00,0,6,02,B01
201000056620,0,33,000,00,2,1,03,A01
201000056620,0,07,000,00,0,5,02,C01
201000056621,0,33,000,00,2,1,03,A01
201000056621,0,07,000,00,2,5,02,C01
201000056621,0,33,000,00,2,4,02,B01
201000056622,0,07,000,00,2,1,02,A01
201000056622,0,15,000,00,0,4,01,C01
201000056622,0,07,000,00,2,4,01,B01
201000056623,0,33,000,00,0,7,01,A01
201000056624,0,07,000,00,2,4,02,B01
201000056624,0,07,000,00,2,4,02,D01
201000056624,0,07,000,00,2,1,02,A01
201000056624,0,07,000,00,2,4,02,C01
201000056625,0,07,000,00,2,4,02,B01
201000056625,2,07,000,00,2,1,02,A01
201000056626,0,07,000,00,1,4,01,C01
201000056626,0,32,000,00,2,3,03,A01
201000056626,0,10,000,00,2,2,14,B01
201000056627,0,07,000,00,2,1,02,B01
201000056627,0,07,000,00,0,4,02,C01
201000056627,0,07,000,00,2,1,02,A01
201000056628,0,33,000,00,2,1,13,A01
201000056628,0,07,000,00,0,6,02,B01
201000056629,0,10,000,00,2,3,02,A01
201000056629,0,07,000,00,2,5,23,C01
201000056629,0,33,000,00,2,1,03,B01
201000056630,0,33,000,00,2,1,01,A01
201000056630,0,07,000,00,0,4,02,B01
201000056631,0,33,000,00,0,0,00,A01
201000056632,0,07,000,04,0,3,02,A01
201000056633,0,07,000,06,0,1,00,A01
201000056634,0,07,000,04,0,9,00,A01
201000056635,0,07,000,00,2,6,02,A01
201000056635,0,33,000,00,2,2,12,B01
201000056636,0,33,000,00,2,7,02,A01
201000056636,0,07,000,00,2,6,02,B01
201000056637,0,07,000,00,2,0,11,B01
201000056637,0,07,000,00,2,9,12,A01
201000056638,0,34,000,00,2,7,03,A01
201000056638,0,07,000,00,0,7,01,B01
201000056639,0,07,000,00,2,1,02,A01
201000056639,0,07,000,00,0,4,02,C01
201000056639,0,07,000,00,2,4,02,B01
201000056639,0,07,000,00,0,4,02,D01
201000056640,0,32,000,00,2,1,02,A01
201000056640,0,07,000,00,0,5,12,B01
201000056641,1,07,000,00,2,8,11,Z01
201000056641,0,07,000,00,2,6,02,B01
201000056641,0,33,000,04,2,7,02,A01
201000056642,0,07,000,04,0,2,14,A01
201000056643,0,07,000,00,2,4,02,B01
201000056643,0,33,000,00,2,1,02,A01
201000056644,0,20,000,00,2,4,01,B01
201000056644,0,07,000,00,2,1,02,A01
201000056645,0,07,000,00,2,2,21,A01
201000056645,0,10,000,04,2,6,02,B01
201000056646,0,17,000,04,0,1,02,A01
201000056647,0,07,000,00,0,6,11,B01
201000056647,0,32,000,00,0,7,01,A01
201000056648,0,07,000,00,2,1,11,A01
201000056648,0,07,000,00,2,4,00,C01
201000056648,0,07,000,00,2,2,02,B01
201000056649,0,07,000,00,2,7,12,B01
201000056649,0,33,000,00,2,8,03,A01
201000056650,0,33,000,00,2,3,03,A01
201000056650,0,07,000,00,2,2,02,B01
201000056651,0,07,000,00,2,4,02,B01
201000056651,0,07,000,00,2,1,02,A01
201000056652,0,07,000,00,2,5,02,B01
201000056652,0,33,000,00,2,1,03,A01
201000056653,0,07,000,00,2,5,00,B01
201000056653,0,07,000,00,2,3,21,A01
201000056654,0,33,000,00,0,0,03,B01
201000056654,0,07,000,00,0,0,03,A01
201000056655,0,32,000,00,2,1,01,A01
201000056655,0,33,000,00,2,1,01,B01
201000056655,0,15,000,00,0,6,01,C01
201000056656,0,07,000,00,2,1,02,A01
201000056656,0,07,000,00,2,1,02,B01
201000056656,0,10,000,00,0,4,02,C01
201000056657,0,07,000,00,2,4,02,C01
201000056657,0,07,000,00,2,1,02,A01
201000056657,0,07,000,00,2,4,02,B01
201000056658,0,07,000,00,0,4,02,C01
201000056658,0,07,000,00,2,1,02,A01
201000056658,0,07,000,00,2,0,02,B01
201000056659,0,07,000,00,2,4,02,B01
201000056659,0,07,000,00,2,5,02,C01
201000056659,0,07,000,00,2,1,02,A01
201000056660,0,34,000,00,2,3,03,A01
201000056660,1,07,000,00,2,5,02,Z01
201000056661,0,07,000,01,0,5,02,A01
201000056661,0,07,000,00,2,4,02,C01
201000056661,0,07,000,00,2,6,02,B01
201000056662,0,07,000,00,2,1,02,A01
201000056662,0,07,000,00,2,6,02,C01
201000056662,1,07,000,00,2,5,02,B01
201000056663,0,07,000,04,0,2,00,A01
201000056663,1,33,000,00,0,0,01,Z01
201000056664,0,07,000,00,9,5,01,B01
201000056664,0,17,000,00,0,0,01,A01
201000056664,0,07,000,00,9,3,06,C01
201000056665,0,07,000,00,2,4,02,B01
201000056665,0,07,000,00,2,1,02,A01
201000056665,0,07,000,00,2,4,02,C01
201000056666,0,07,000,00,2,7,14,B01
201000056666,0,33,000,03,2,8,01,A01
201000056667,0,07,000,00,2,1,01,F01
201000056667,0,07,000,00,0,4,02,D01
201000056667,0,07,000,00,0,2,02,B02
201000056667,0,07,000,00,2,3,02,A02
201000056667,0,07,000,00,2,4,17,C01
201000056667,1,07,000,00,0,5,01,Z01
201000056667,0,07,000,00,2,9,02,E01
201000056668,0,33,000,00,0,8,01,A01
201000056669,0,07,000,00,0,0,13,B01
201000056669,0,33,000,00,2,1,03,A01
201000056669,0,07,000,00,0,4,01,C01
201000056670,0,07,000,00,0,4,01,C01
201000056670,0,07,000,00,0,4,01,B01
201000056670,2,07,000,00,2,1,01,A01
201000056671,0,07,000,00,0,5,01,B01
201000056671,0,07,000,00,2,1,11,A01
201000056672,0,15,000,00,2,4,02,B01
201000056672,0,07,000,00,2,1,02,A01
201000056673,0,07,000,00,0,5,09,A01
201000056674,0,33,000,00,0,1,21,A01
201000056675,0,07,000,04,0,3,17,A01
201000056676,0,07,000,04,0,3,02,A01
201000056677,0,07,000,00,0,6,00,B01
201000056677,0,33,000,00,2,2,03,A01
201000056678,0,07,000,04,0,1,02,A01
201000056679,0,33,000,00,0,7,16,A01
201000056680,0,07,000,00,0,5,01,B01
201000056680,0,07,000,00,2,3,12,A01
201000056681,0,10,000,00,0,5,02,B01
201000056681,0,32,000,00,2,1,02,A01
201000056682,0,07,000,00,2,2,02,B01
201000056682,0,32,000,00,2,1,02,A01
201000056683,0,14,000,00,0,2,00,A01
201000056683,0,07,000,00,2,6,11,B01
201000056684,0,32,000,00,2,1,01,B01
201000056684,0,07,000,00,2,2,12,A01
201000056685,0,07,000,00,0,6,00,B01
201000056685,0,31,000,00,2,7,00,A01
201000056686,0,07,000,00,2,1,02,A01
201000056686,0,10,000,00,2,4,02,B01
201000056687,0,07,000,00,2,8,02,C01
201000056687,0,10,000,00,2,4,02,B01
201000056687,0,33,000,00,2,1,02,A01
201000056688,0,07,000,00,2,1,02,A01
201000056688,0,31,000,00,2,4,02,B01
201000056688,0,07,000,00,0,4,02,C01
201000056689,2,07,000,00,2,3,05,A01
201000056689,0,33,000,00,2,1,01,B01
201000056690,0,07,000,00,0,4,00,B01
201000056690,0,07,000,00,2,1,02,A01
201000056691,0,07,000,00,2,1,02,F02
201000056691,0,07,000,00,2,4,02,E01
201000056691,0,07,000,00,2,1,02,B01
201000056691,0,07,000,00,0,4,02,A01
201000056691,0,07,000,00,2,4,02,D01
201000056691,0,07,000,00,2,4,02,C01
201000056692,0,32,000,00,2,0,02,A01
201000056692,1,07,000,00,2,0,09,Z01
201000056692,0,32,000,00,2,0,02,B01
201000056693,0,07,000,04,0,1,01,A01
201000056694,0,10,000,13,0,1,00,A01
201000056695,0,07,000,00,2,1,02,A01
201000056695,0,07,000,00,0,4,02,B01
201000056696,0,07,000,04,0,1,01,A01
201000056697,0,33,000,00,0,0,02,A01
201000056698,0,07,000,00,2,1,02,A01
201000056698,0,14,000,00,2,6,02,C01
201000056698,0,07,000,00,2,4,02,B01
201000056699,0,33,000,03,0,9,02,C01
201000056699,0,07,000,00,0,4,02,B01
201000056699,0,33,000,00,2,1,02,A01
201000056700,0,07,000,04,0,1,00,A01
201000056701,0,07,000,00,2,8,11,A01
201000056701,0,07,000,00,0,2,01,B01
201000056702,0,07,000,00,0,8,02,A01
201000056703,0,07,000,00,2,2,12,B01
201000056703,0,33,000,00,2,1,03,A01
201000056704,0,07,000,00,2,4,23,B01
201000056704,0,07,000,00,2,4,23,C01
201000056704,0,07,000,00,2,1,21,A01
201000056705,0,34,000,00,2,7,03,A01
201000056705,0,07,000,00,2,3,11,B01
201000056706,0,33,000,00,2,2,17,B01
201000056706,0,07,000,00,2,3,11,A01
201000056707,0,07,000,00,2,1,02,A01
201000056707,0,07,000,00,2,4,02,B01
201000056707,0,07,000,00,2,4,02,C01
201000056708,0,07,000,00,2,4,11,B01
201000056708,0,07,000,01,2,4,02,C01
201000056708,0,34,000,01,2,1,03,A01
201000056709,0,33,000,00,2,7,01,B01
201000056709,0,07,000,00,2,8,13,A01
201000056710,0,07,000,00,0,5,01,B01
201000056710,0,07,000,00,2,3,11,A01
201000056711,0,07,000,04,2,4,00,B01
201000056711,1,07,000,00,2,1,02,A01
201000056712,0,07,000,00,2,3,00,B01
201000056712,0,07,000,00,2,5,17,A01
201000056713,0,33,000,00,2,8,03,A01
201000056713,0,07,000,00,2,8,11,B01
201000056714,1,07,000,00,2,3,11,Z01
201000056714,0,33,000,00,2,1,03,A01
201000056715,0,07,000,00,2,2,12,A01
201000056715,1,15,000,00,2,6,01,Z01
201000056716,0,33,000,00,2,1,00,A01
201000056716,0,10,000,00,0,4,00,B01
201000056717,0,34,000,06,0,0,01,A01
201000056718,0,07,000,00,2,6,01,C01
201000056718,0,07,000,00,1,4,02,D01
201000056718,0,07,000,00,2,4,02,B01
201000056718,0,31,000,00,2,1,03,A01
201000056718,0,07,000,00,2,8,01,E01
201000056719,0,31,000,00,0,7,01,A01
201000056720,0,14,000,06,0,8,00,A01
201000056721,0,07,000,00,0,7,01,B01
201000056721,0,33,000,00,2,8,03,A01
201000056722,0,07,000,00,0,7,12,B01
201000056722,0,33,000,00,2,1,03,A01
201000056722,0,07,000,00,0,4,01,C01
201000056723,0,07,000,04,0,1,21,A01
201000056724,0,07,000,00,2,1,02,A01
201000056724,0,07,000,00,2,4,02,B01
201000056725,0,10,000,04,0,1,00,A01
201000056726,0,07,000,04,0,6,02,A01
201000056726,1,99,000,00,2,1,00,Z01
201000056727,0,07,000,00,0,5,01,B01
201000056727,0,07,000,00,2,1,11,A01
201000056728,0,07,000,04,0,9,01,A01
201000056729,0,07,000,00,0,4,02,B01
201000056729,0,07,000,00,2,1,01,A01
201000056730,0,07,000,00,2,3,11,A01
201000056730,0,07,000,00,2,7,23,C01
201000056730,0,33,000,00,2,3,03,B01
201000056731,0,34,000,00,0,2,00,A01
201000056732,0,14,000,00,1,5,02,B01
201000056732,0,33,000,00,0,0,01,A01
201000056733,0,07,000,00,0,1,00,A01
201000056734,0,33,000,00,2,1,02,B01
201000056734,0,07,000,00,2,5,02,C01
201000056734,0,07,000,00,2,2,12,A01
201000056735,0,07,000,00,2,4,02,D01
201000056735,0,07,000,00,2,4,02,C01
201000056735,0,07,000,00,2,4,02,B01
201000056735,0,07,000,00,2,4,02,A01
201000056736,0,10,000,00,4,1,02,A01
201000056736,0,10,000,00,2,4,02,B01
201000056736,0,07,000,00,2,1,02,C01
201000056737,0,17,000,00,2,5,12,B01
201000056737,0,07,000,00,2,6,18,A01
201000056738,0,33,000,00,0,8,01,A01
201000056739,0,33,000,00,0,7,03,A01
201000056740,0,07,000,00,2,6,11,B01
201000056740,0,10,000,00,2,2,01,A01
201000056741,0,07,000,00,2,6,11,B01
201000056741,0,33,000,00,2,2,03,A01
201000056742,1,14,000,00,2,6,12,Z01
201000056742,0,07,000,00,2,3,01,A01
201000056743,0,07,000,00,1,3,00,A01
201000056744,0,33,000,14,0,7,00,A01
201000056745,0,07,000,00,2,1,02,A01
201000056745,0,07,000,00,2,4,02,B01
201000056746,0,31,000,00,2,1,03,B01
201000056746,0,07,000,00,0,7,01,D01
201000056746,0,34,000,00,0,5,00,A01
201000056746,0,10,000,00,0,8,11,C01
201000056747,0,07,000,00,2,5,00,A01
201000056747,0,07,000,00,2,3,00,B01
201000056748,0,07,000,00,2,4,00,B01
201000056748,0,07,000,00,2,1,00,A01
201000056749,0,07,000,00,2,4,02,C01
201000056749,0,07,000,00,2,1,02,A01
201000056749,0,07,000,00,2,4,02,B01
201000056750,0,33,000,00,2,1,02,A01
201000056750,0,33,000,00,2,4,02,B01
201000056751,0,07,000,00,2,5,00,B01
201000056751,0,34,000,00,2,3,00,A01
201000056752,0,07,000,00,2,2,02,A01
201000056752,0,15,000,00,0,6,02,B01
201000056753,0,07,000,03,2,1,01,A01
201000056753,0,15,000,00,0,6,01,B01
201000056754,0,33,000,00,2,8,01,B01
201000056754,0,07,000,00,2,2,12,A01
201000056755,0,07,000,00,0,6,11,B01
201000056755,0,33,000,00,2,1,03,A01
201000056756,0,07,000,00,2,2,02,D01
201000056756,0,07,000,00,2,5,01,C01
201000056756,0,07,000,00,2,5,12,B01
201000056756,0,33,000,00,2,3,03,A01
201000056757,0,33,000,00,2,1,03,A01
201000056757,0,07,000,00,0,4,01,C01
201000056757,0,07,000,00,0,3,11,B01
201000056758,0,07,000,00,2,4,01,B01
201000056758,0,07,000,00,2,5,02,D01
201000056758,0,10,000,03,2,4,01,C01
201000056758,0,07,000,00,2,1,00,A01
201000056759,0,07,000,00,2,1,02,A01
201000056759,0,07,000,00,0,4,02,C01
201000056759,0,07,000,00,2,4,02,B01
201000056760,0,33,000,00,0,0,01,A01
201000056761,0,10,000,03,2,8,02,B01
201000056761,0,07,000,04,2,7,02,A01
201000056762,0,07,000,00,0,9,21,A01
201000056763,0,07,000,00,2,4,01,B01
201000056763,0,33,000,00,2,1,00,A01
201000056764,0,07,000,00,9,1,00,E01
201000056764,0,07,000,00,0,5,01,B01
201000056764,0,17,000,04,2,2,11,A01
201000056764,0,07,000,00,2,1,00,C01
201000056764,0,07,000,00,9,1,00,D01
201000056765,0,33,000,00,2,7,01,B01
201000056765,0,07,000,00,2,8,09,A01
201000056766,0,07,000,00,2,3,11,A01
201000056766,0,33,000,00,2,2,01,B01
201000056767,0,32,000,00,0,8,00,A01
201000056768,0,07,000,03,0,1,13,A01
201000056769,0,07,000,00,2,4,02,B01
201000056769,0,07,000,09,2,1,01,A01
201000056770,0,07,000,03,0,8,01,A01
201000056771,0,10,000,00,2,1,02,A01
201000056771,0,07,000,00,2,4,02,B01
201000056772,0,14,000,00,2,8,13,B01
201000056772,0,33,000,00,2,1,03,A01
201000056773,0,07,000,04,0,2,21,A01
201000056774,0,07,000,00,0,4,01,B01
201000056774,0,33,000,00,2,1,01,A01
201000056775,0,07,000,00,2,4,12,B01
201000056775,0,33,000,04,2,1,02,A01
201000056776,0,07,000,00,0,0,01,A01
201000056777,0,33,000,14,0,1,16,A01
201000056778,0,07,000,00,2,2,02,C01
201000056778,0,07,000,00,2,3,11,A01
201000056778,0,07,000,00,2,5,02,B01
201000056779,0,07,000,00,0,9,01,A01
201000056780,0,07,000,03,0,3,13,A01
201000056781,0,32,000,00,0,3,02,A01
201000056782,0,33,000,00,2,1,03,A01
201000056782,0,33,000,00,2,2,12,B01
201000056783,0,07,000,00,0,4,02,B01
201000056783,0,10,000,00,2,1,02,A01
201000056784,0,07,000,03,0,3,00,A01
201000056785,0,07,000,04,2,8,11,A01
201000056785,0,07,000,00,2,2,01,B01
201000056786,0,07,000,00,0,4,01,B01
201000056786,0,33,000,00,2,0,02,A01
201000056787,0,07,000,04,0,3,01,A01
201000056788,0,07,000,00,2,4,02,A01
201000056788,0,07,000,00,2,1,02,B01
201000056789,0,32,000,00,2,1,02,A01
201000056789,0,07,000,00,2,4,02,B01
201000056790,0,14,000,00,2,1,01,B01
201000056790,0,07,000,00,0,6,13,A01
201000056791,0,07,000,03,0,2,00,A01
201000056792,0,07,000,04,0,3,11,A01
201000056793,0,07,000,04,0,3,16,A01
201000056794,0,33,000,04,0,2,00,A01