Num_Acc,senc,catv,occutc,obs,obsm,choc,manv,num_veh
201000057478,0,07,000,00,2,4,02,B01
201000057479,0,10,000,00,0,0,00,A01
201000057480,0,31,000,00,0,0,00,A01
201000057481,0,07,000,00,0,0,00,A01
201000057481,0,07,000,00,0,0,00,B01
201000057482,0,15,000,06,0,0,00,A01
201000057483,0,07,000,04,2,7,00,A01
201000057483,0,07,000,00,2,7,01,B01
201000057484,0,07,000,00,0,0,00,A01
201000057485,0,07,000,00,2,4,02,B01
201000057485,0,10,000,00,2,1,02,A01
201000057486,0,33,000,00,2,7,03,B01
201000057486,0,07,000,00,2,8,11,A01
201000057487,0,10,000,00,2,4,02,A01
201000057487,0,07,000,00,2,5,02,B01
201000057487,0,07,000,00,2,1,02,C01
201000057488,0,07,000,16,2,2,12,B01
201000057488,0,33,000,16,2,8,03,A01
201000057489,0,07,000,00,2,3,19,A01
201000057489,0,15,000,00,0,5,01,B01
201000057490,0,07,000,00,0,5,00,A01
201000057490,0,30,000,00,0,3,00,B01
201000057490,0,07,000,00,0,1,00,C01
201000057491,0,17,000,00,0,6,00,A01
201000057491,0,07,000,00,0,6,00,C01
201000057491,0,33,000,03,0,7,00,B01
201000057492,0,33,000,03,2,2,03,A01
201000057492,1,15,000,00,0,0,11,Z01
201000057493,0,07,000,00,0,4,02,A01
201000057493,0,07,000,00,0,1,02,B01
201000057493,0,07,000,00,0,1,02,C01
201000057494,0,33,000,00,2,2,00,B01
201000057494,0,07,000,00,2,8,11,A01
201000057495,0,07,000,00,0,5,01,A01
201000057495,0,07,000,00,2,7,12,C01
201000057495,0,32,000,00,0,8,03,B01
201000057496,0,07,000,00,2,4,02,B01
201000057496,0,33,000,00,2,1,02,A01
201000057497,0,07,000,00,0,4,02,B01
201000057497,0,33,000,00,2,1,02,A01
201000057498,0,07,000,04,0,3,01,A01
201000057499,0,07,000,00,2,4,01,B01
201000057499,0,07,000,00,2,1,02,C01
201000057499,0,07,000,00,0,4,01,A01
201000057500,0,31,000,00,2,8,01,B01
201000057500,0,07,000,00,2,3,15,A01
201000057501,0,07,000,00,2,1,01,B01
201000057501,0,07,000,00,2,1,05,A01
201000057502,0,14,000,00,0,8,01,A01
201000057502,0,07,000,00,2,2,12,B01
201000057503,0,07,000,00,0,0,11,A01
201000057503,0,33,000,04,0,0,01,B01
201000057504,0,32,000,00,0,2,09,A01
201000057505,0,33,000,03,0,1,21,A01
201000057506,0,07,000,03,0,0,00,A01
201000057507,0,07,000,00,0,4,02,A01
201000057507,0,07,000,00,2,1,02,B01
201000057507,0,02,000,00,2,1,02,C01
201000057508,0,34,000,03,0,1,14,A01
201000057509,0,33,000,00,2,1,03,A01
201000057509,0,07,000,00,2,3,11,B01
201000057510,0,07,000,00,2,1,02,B01
201000057510,0,07,000,00,0,4,02,A01
201000057511,0,07,000,00,0,8,02,A01
201000057512,0,07,000,00,2,5,01,B01
201000057512,0,33,000,00,2,3,18,A01
201000057513,0,07,000,00,2,7,14,A01
201000057513,0,33,000,00,2,1,03,B01
201000057514,0,07,000,00,2,1,02,B01
201000057514,0,07,000,00,0,4,02,A01
201000057515,0,07,000,03,0,1,21,A01
201000057516,0,07,000,13,0,0,00,A01
201000057517,0,33,000,00,0,7,01,A01
201000057518,0,07,000,15,0,1,11,A01
201000057519,0,07,000,03,2,4,01,B01
201000057519,0,15,000,00,2,3,01,A01
201000057520,0,10,000,03,0,1,14,A01
201000057521,0,07,000,00,2,4,02,C01
201000057521,0,07,000,00,2,4,02,B01
201000057521,0,07,000,00,2,1,02,D01
201000057521,0,07,000,00,2,4,02,A01
201000057522,0,10,000,00,0,4,02,B01
201000057522,0,07,000,00,2,1,02,A01
201000057523,0,07,000,00,0,5,01,A01
201000057523,0,07,000,00,2,1,21,B01
201000057524,0,07,000,03,0,1,01,A01
201000057525,0,07,000,03,0,1,01,A01
201000057526,0,07,000,00,0,7,01,A01
201000057527,0,14,000,00,2,7,01,B01
201000057527,0,07,000,00,2,8,11,A01
201000057528,0,07,000,04,0,8,01,A01
201000057529,0,07,000,02,0,1,00,A01
201000057530,0,07,000,05,0,1,16,A01
201000057531,0,33,000,00,2,1,03,A01
201000057531,0,07,000,00,2,7,14,B01
201000057532,0,15,000,00,2,8,02,B01
201000057532,0,07,000,00,2,7,02,A01
201000057533,0,10,000,00,2,3,02,B01
201000057533,0,07,000,00,2,5,02,A01
201000057534,0,07,000,00,1,7,21,A01
201000057535,0,07,000,00,2,1,02,B01
201000057535,0,07,000,00,2,4,02,A01
201000057536,0,07,000,03,0,1,00,A01
201000057537,0,07,000,00,6,1,01,A01
201000057538,0,07,000,00,2,1,14,B01
201000057538,0,07,000,02,2,6,01,A01
201000057539,0,07,000,03,0,1,11,A01
201000057540,0,34,000,00,0,0,01,A01
201000057541,0,07,000,04,0,1,01,A01
201000057542,0,07,000,00,0,2,02,A01
201000057542,0,07,000,00,0,0,03,C01
201000057542,0,33,000,00,2,8,03,B01
201000057543,0,10,000,00,2,6,11,A01
201000057543,0,33,000,00,2,1,03,B01
201000057544,0,07,000,04,0,1,00,A01
201000057545,0,07,000,00,0,4,11,A01
201000057545,0,32,000,00,2,1,03,B01
201000057546,0,07,000,00,0,4,01,A01
201000057546,0,07,000,00,2,1,01,B01
201000057547,0,07,000,04,0,1,00,A01
201000057548,0,07,000,04,0,3,02,A01
201000057549,0,07,000,00,0,0,02,B01
201000057549,0,07,000,00,0,0,02,C01
201000057549,0,07,000,00,0,4,02,A01
201000057550,0,07,000,00,0,9,02,C01
201000057550,0,07,000,00,0,9,02,B01
201000057550,0,07,000,00,0,1,02,D01
201000057550,0,07,000,00,0,4,02,A01
201000057551,0,07,000,00,2,1,02,A01
201000057551,0,07,000,00,0,4,02,B01
201000057552,0,07,000,00,2,1,02,B01
201000057552,0,07,000,00,2,4,02,A01
201000057553,0,07,000,03,0,1,01,A01
201000057554,0,07,000,03,0,3,01,A01
201000057555,0,07,000,03,0,8,01,A01
201000057556,0,07,000,03,0,8,00,A01
201000057557,0,33,000,00,0,5,01,A01
201000057557,0,07,000,00,2,3,11,B01
201000057558,0,31,000,00,0,8,02,A01
201000057559,0,32,000,00,0,0,01,A01
201000057560,0,07,000,00,2,2,00,A01
201000057560,0,07,000,03,2,3,01,B01
201000057561,0,10,000,13,0,8,01,A01
201000057562,0,32,000,14,0,7,21,A01
201000057563,0,07,000,00,0,7,00,C01
201000057563,0,33,000,00,2,7,03,A01
201000057563,0,10,000,00,0,6,00,D01
201000057563,0,07,000,00,2,8,11,B01
201000057564,0,07,000,00,0,2,00,A01
201000057565,0,07,000,03,2,1,09,A01
201000057565,0,15,000,00,0,8,00,B01
201000057566,0,07,000,00,0,4,00,C01
201000057566,0,07,000,00,2,1,00,B01
201000057566,0,07,000,00,2,1,00,A01
201000057567,0,31,000,00,0,1,01,B01
201000057567,0,15,000,00,2,2,12,A01
201000057568,0,14,000,00,0,1,12,B01
201000057568,0,07,000,03,0,3,02,A01
201000057569,1,13,000,00,2,0,00,Z01
201000057569,0,07,000,00,0,8,00,A01
201000057570,0,07,000,00,2,7,12,A01
201000057570,0,33,000,00,0,8,01,B01
201000057571,0,07,000,00,0,1,00,A01
201000057572,0,07,000,04,0,8,01,A01
201000057573,0,07,000,00,0,0,00,A01
201000057574,0,07,000,13,0,4,11,A01
201000057575,0,14,000,00,2,5,12,A01
201000057575,0,07,000,00,2,6,00,B01
201000057576,0,17,000,00,1,3,01,A01
201000057577,0,07,000,00,0,1,00,A01
201000057578,0,10,000,04,0,1,14,A01
201000057579,0,07,000,04,0,1,14,A01
201000057580,0,07,000,03,0,9,00,A01
201000057581,0,07,000,04,0,1,01,A01
201000057582,0,07,000,12,0,8,00,A01
201000057583,0,33,000,00,2,1,02,B01
201000057583,0,07,000,00,2,2,12,A01
201000057584,0,14,000,00,0,2,12,B01
201000057584,0,07,000,00,0,8,11,A01
201000057585,0,33,000,00,2,1,03,A01
201000057585,0,07,000,00,2,4,11,B01
201000057586,0,31,000,00,2,3,03,A01
201000057586,0,07,000,00,2,7,12,B01
201000057587,0,15,000,00,2,1,01,B01
201000057587,0,10,000,00,2,5,09,A01
201000057588,0,15,000,01,0,2,12,A01
201000057588,0,07,000,00,2,8,01,B01
201000057589,0,07,000,00,0,4,02,A01
201000057589,0,07,000,00,0,1,02,B01
201000057590,0,33,000,00,2,1,03,B01
201000057590,0,07,000,00,2,7,12,A01
201000057591,0,07,000,00,2,4,02,B01
201000057591,0,10,000,00,2,1,12,A01
201000057592,0,07,000,00,2,7,02,B01
201000057592,0,07,000,00,2,8,11,A01
201000057593,0,07,000,00,0,2,01,A01
201000057594,0,07,000,04,0,5,01,A01
201000057595,0,07,000,03,0,2,11,A01
201000057596,0,07,000,00,0,2,00,A01
201000057597,0,07,000,03,0,2,01,A01
201000057598,0,33,000,00,2,1,03,B01
201000057598,0,07,000,00,0,4,11,A01
201000057599,0,07,000,00,2,8,02,B01
201000057599,0,10,000,00,2,1,05,A01
201000057600,0,07,000,04,2,7,01,A01
201000057600,1,15,000,00,0,0,00,B01
201000057601,0,07,000,00,2,1,02,B01
201000057601,0,07,000,00,2,4,02,A01
201000057602,0,07,000,00,2,1,01,C01
201000057602,0,07,000,00,2,1,01,B01
201000057602,0,32,000,00,2,4,14,A01
201000057603,0,07,000,03,0,0,00,A01
201000057604,0,33,000,00,0,0,00,A01
201000057605,0,33,000,00,2,1,03,B01
201000057605,0,07,000,00,2,6,11,A01
201000057606,0,07,000,00,2,4,01,B01
201000057606,0,07,000,00,2,1,01,A01
201000057606,0,07,000,00,0,4,01,C01
201000057607,0,33,000,00,0,8,01,A01
201000057608,0,07,000,00,0,1,01,A01
201000057608,0,13,000,00,0,4,01,B01
201000057609,0,07,000,04,0,1,00,A01
201000057610,0,07,000,00,0,5,02,B01
201000057610,0,33,000,00,2,1,03,A01
201000057611,0,32,000,00,2,2,03,B01
201000057611,0,07,000,00,2,6,11,A01
201000057612,0,07,000,00,0,0,00,A01
201000057612,0,07,000,00,0,0,00,B01
201000057612,2,07,000,00,0,0,00,Z01
201000057613,0,07,000,04,0,1,01,A01
201000057614,0,07,000,13,0,2,02,A01
201000057615,0,07,000,00,2,8,02,B01
201000057615,0,17,000,00,2,2,14,A01
201000057616,0,07,000,00,2,1,02,B01
201000057616,0,07,000,00,2,4,01,A01
201000057617,0,07,000,04,0,2,01,A01
201000057618,0,07,000,00,2,1,02,D01
201000057618,0,07,000,00,2,4,02,B01
201000057618,0,07,000,00,2,4,02,A01
201000057618,0,07,000,00,2,4,02,C01
201000057619,0,07,000,00,0,2,02,A01
201000057619,0,33,000,00,0,3,03,B01
201000057620,0,07,000,00,0,6,02,A01
201000057620,0,07,000,00,2,2,02,B01
201000057621,0,07,000,00,0,3,11,A01
201000057621,0,33,000,00,0,2,03,B01
201000057622,0,10,000,00,2,8,11,A01
201000057622,0,33,000,00,2,7,02,B01
201000057623,0,07,000,04,0,8,11,A01
201000057623,0,15,000,04,0,0,12,B01
201000057624,0,07,000,04,0,6,01,A01
201000057625,0,07,000,00,2,6,09,A01
201000057625,0,32,000,00,2,3,01,B01
201000057626,0,10,000,04,0,3,00,A01
201000057627,0,07,000,00,2,1,01,B01
201000057627,0,07,000,00,2,1,13,A01
201000057627,0,14,000,00,2,2,02,C01
201000057628,0,07,000,00,0,9,00,A01
201000057629,0,07,000,03,0,2,01,A01
201000057629,0,33,000,00,2,8,03,B01
201000057630,0,07,000,00,2,1,02,B01
201000057630,0,99,000,00,2,4,01,A01
201000057631,0,33,000,00,0,2,01,A01
201000057632,0,10,000,00,2,2,16,B01
201000057632,0,07,000,00,2,6,01,A01
201000057633,0,07,000,04,2,3,01,B01
201000057633,0,15,000,00,2,2,01,A01
201000057634,0,33,000,00,0,0,01,A01
201000057635,0,07,000,00,2,6,02,A01
201000057635,1,07,000,00,0,2,02,Z01
201000057636,0,07,000,00,2,1,00,A01
201000057636,0,07,000,00,2,1,00,B01
201000057637,0,07,000,00,0,4,02,B01
201000057637,0,07,000,00,2,1,02,A01
201000057638,0,07,000,04,2,6,13,B01
201000057638,0,10,000,04,2,3,14,A01
201000057639,0,07,000,00,2,3,02,B01
201000057639,0,14,000,00,2,2,12,A01
201000057639,0,07,000,00,2,1,02,C01
201000057640,0,33,000,00,2,7,21,B01
201000057640,0,07,000,00,2,8,11,A01
201000057641,0,07,000,00,0,9,00,A01
201000057642,0,07,000,03,0,2,01,A01
201000057643,0,07,000,04,0,1,00,A01
201000057644,0,07,000,00,0,9,01,A01
201000057645,0,07,000,00,0,4,00,C01
201000057645,0,07,000,00,2,2,00,A01
201000057645,0,07,000,00,9,4,00,B01
201000057646,0,07,000,00,0,0,00,A01
201000057647,0,07,000,00,0,4,01,B01
201000057647,0,07,000,00,0,1,02,A01
201000057648,0,07,000,00,0,0,00,B01
201000057648,0,07,000,00,0,0,00,A01
201000057649,0,07,000,00,1,1,01,B01
201000057649,0,07,000,00,1,8,01,A01
201000057650,0,07,000,00,2,9,14,A01
201000057651,0,07,000,00,2,1,01,B01
201000057651,0,31,000,00,2,9,05,A01
201000057652,0,07,000,00,2,4,01,B01
201000057652,0,13,000,00,2,1,01,A01
201000057653,0,07,000,00,2,4,01,B01
201000057653,0,07,000,00,2,1,01,A01
201000057654,0,07,000,00,1,1,01,A01
201000057655,0,13,000,00,1,1,01,A01
201000057656,0,33,000,00,2,1,01,B01
201000057656,0,07,000,00,2,5,12,A01
201000057657,0,07,000,00,2,3,01,A01
201000057657,0,07,000,00,2,8,01,B01
201000057657,0,07,000,00,2,8,01,C01
201000057658,0,07,000,00,2,1,01,A01
201000057658,0,07,000,00,2,4,01,B01
201000057659,0,07,000,00,1,0,01,A01
201000057660,0,33,000,00,1,0,01,A01
201000057661,0,07,000,00,1,7,01,A01
201000057662,0,07,000,00,2,8,01,B01
201000057662,0,02,000,00,2,1,01,A01
201000057663,0,07,000,00,0,9,01,A01
201000057664,0,07,000,00,0,4,23,B01
201000057664,0,07,000,00,0,0,23,C01
201000057664,0,07,000,00,2,1,01,A01
201000057665,0,07,000,00,2,4,02,C01
201000057665,0,07,000,00,2,1,02,A01
201000057665,0,07,000,00,2,9,02,B01
201000057666,0,07,000,00,1,1,01,A01
201000057667,0,07,000,00,2,4,01,C01
201000057667,0,07,000,00,2,4,01,B01
201000057667,0,07,000,00,2,4,01,D01
201000057667,0,07,000,00,2,1,01,A01
201000057668,0,07,000,00,2,1,01,A01
201000057668,0,07,000,00,2,8,01,B01
201000057669,0,07,000,08,0,1,01,A01
201000057670,0,07,000,00,2,9,11,A01
201000057670,0,07,000,00,2,7,01,B01
201000057670,0,07,000,00,2,8,23,C01
201000057671,0,07,000,00,2,7,01,A01
201000057672,0,07,000,00,1,1,01,A01
201000057673,0,07,000,00,2,1,02,A01
201000057673,0,07,000,00,2,4,02,B01
201000057674,0,02,000,00,2,1,01,A01
201000057675,2,07,000,00,2,1,11,B01
201000057675,0,31,000,01,0,3,17,A01
201000057676,0,07,000,06,0,9,02,A01
201000057677,0,07,000,00,2,1,01,A01
201000057677,0,07,000,00,4,4,02,B01
201000057678,0,07,000,00,2,4,01,C01
201000057678,0,07,000,00,2,4,01,B01
201000057678,0,07,000,00,2,1,01,A01
201000057679,0,30,000,00,2,2,01,A01
201000057679,0,07,000,00,4,4,01,B01
201000057680,0,07,000,00,2,1,01,A01
201000057680,0,07,000,00,2,5,01,B01
201000057681,0,07,000,00,1,0,01,A01
201000057682,0,07,000,00,1,1,01,A01
201000057683,0,07,000,00,2,1,02,A01
201000057683,0,07,000,00,2,4,01,B01
201000057684,0,07,000,00,2,7,01,B01
201000057684,0,07,000,00,2,1,02,A01
201000057685,0,07,000,00,1,1,01,A01
201000057686,0,07,000,00,2,1,01,A01
201000057686,0,07,000,00,2,4,01,C01
201000057686,0,07,000,00,2,4,01,B01
201000057687,0,07,000,00,2,3,11,A01
201000057687,0,34,000,00,4,1,17,B01
201000057688,0,14,000,00,1,0,01,A01
201000057689,0,07,000,00,1,0,20,A01
201000057690,0,07,000,00,0,0,20,C01
201000057690,0,07,000,00,0,0,20,B01
201000057690,0,07,000,01,1,0,20,D01
201000057690,0,07,000,01,0,1,01,A01
201000057691,0,02,000,00,2,1,18,A01
201000057691,0,07,000,00,2,8,16,B01
201000057692,0,07,000,04,0,2,02,A01
201000057693,0,07,000,08,0,1,01,A01
201000057694,0,07,000,00,2,1,01,C01
201000057694,0,07,000,00,2,2,01,B01
201000057694,0,07,000,00,2,1,01,D01
201000057694,0,07,000,00,2,1,01,A01
201000057695,0,10,000,00,2,8,11,A01
201000057695,0,33,000,00,2,1,01,B01
201000057696,0,07,000,00,2,4,01,B01
201000057696,0,07,000,00,2,4,02,C01
201000057696,0,07,000,00,2,1,01,A01
201000057697,2,07,000,01,0,9,01,A01
201000057697,0,07,000,00,1,4,20,D01
201000057697,0,10,000,00,0,4,20,C01
201000057697,0,07,000,00,0,9,20,B01
201000057698,0,32,000,00,2,1,17,B01
201000057698,0,07,000,00,2,8,11,A01
201000057699,0,33,000,14,0,1,01,A01
201000057700,0,10,000,15,0,9,01,A01
201000057701,0,33,000,00,2,1,01,A01
201000057701,0,07,000,00,2,3,01,B01
201000057702,0,07,000,00,2,1,01,B01
201000057702,0,07,000,00,2,1,01,A01
201000057703,0,02,000,09,0,1,01,A01
201000057704,0,07,000,00,2,9,01,B01
201000057704,0,07,000,00,2,1,02,A01
201000057705,0,07,000,00,2,3,11,A01
201000057705,0,33,000,00,2,1,17,B01
201000057706,0,07,000,00,2,1,01,A01
201000057706,0,07,000,00,2,4,01,B01
201000057707,0,07,000,00,2,4,01,B01
201000057707,0,07,000,00,2,4,01,A01
201000057708,0,07,000,00,2,4,02,B01
201000057708,0,07,000,00,2,1,02,A01
201000057709,0,07,000,00,1,4,01,A01
201000057710,0,07,000,00,2,1,01,A01
201000057710,0,31,000,00,2,4,02,B01
201000057711,0,07,000,00,2,1,02,A01
201000057711,0,14,000,00,2,4,01,B01
201000057712,0,07,000,00,4,1,01,A01
201000057712,0,07,000,00,2,4,01,B01
201000057713,0,07,000,00,2,4,02,B01
201000057713,0,07,000,00,2,1,02,A01
201000057714,0,07,000,04,5,3,21,A01
201000057715,0,30,000,00,1,1,03,A01
201000057716,0,07,000,00,2,1,09,A01
201000057716,0,07,000,00,2,8,01,B01
201000057717,0,07,000,00,2,1,02,A01
201000057717,0,07,000,00,2,4,02,B01
201000057718,0,07,000,00,1,2,01,A01
201000057719,0,07,000,00,2,8,13,A01
201000057719,0,07,000,00,2,9,01,B01
201000057720,0,07,000,08,0,9,00,A01
201000057721,0,07,000,00,2,9,13,A01
201000057721,0,07,000,00,2,2,01,B01
201000057722,0,07,000,00,1,1,01,A01
201000057723,0,32,000,13,0,0,01,A01
201000057724,0,07,000,00,2,7,01,B01
201000057724,0,07,000,00,2,1,09,A01
201000057725,0,07,000,00,2,8,01,B01
201000057725,0,07,000,00,2,8,01,C01
201000057725,0,07,000,00,2,8,03,A01
201000057726,0,32,000,00,2,9,02,B01
201000057726,0,07,000,00,2,1,02,A01
201000057726,0,07,000,00,2,4,02,C01
201000057727,0,07,000,00,2,1,09,A01
201000057728,0,07,000,00,2,8,15,B01
201000057728,0,32,000,00,2,1,17,A01
201000057729,0,07,000,00,2,1,02,A01
201000057729,0,07,000,00,2,4,02,B01
201000057730,0,07,000,00,1,1,09,A01
201000057731,0,07,000,00,2,1,02,A01
201000057731,0,07,000,00,2,4,02,C01
201000057731,0,33,000,00,2,9,02,B01
201000057732,0,02,000,06,0,1,01,A01
201000057733,0,07,000,00,2,1,13,A01
201000057733,0,07,000,00,2,1,01,B01
201000057733,0,07,000,00,2,1,01,C01
201000057734,0,02,000,16,0,1,01,A01
201000057735,0,07,000,00,1,1,01,A01
201000057736,0,07,000,00,2,4,11,B01
201000057736,0,02,000,00,2,1,01,A01
201000057737,0,07,000,00,1,1,01,A01
201000057738,0,07,000,00,2,1,01,B01
201000057738,0,07,000,00,2,1,13,A01
201000057739,0,07,000,00,2,4,01,C01
201000057739,0,07,000,00,2,1,01,A01
201000057739,0,07,000,00,2,4,01,B01
201000057740,0,07,000,00,2,0,01,B01
201000057740,0,07,000,00,2,1,01,A01
201000057741,0,02,000,00,0,9,00,A01
201000057742,0,07,000,00,2,4,11,A01
201000057742,0,30,000,00,2,1,01,B01
201000057743,0,30,000,00,2,9,09,B01
201000057743,0,07,000,00,2,7,01,A01
201000057744,0,33,000,00,2,1,13,A01
201000057744,0,07,000,00,2,1,01,B01
201000057745,0,07,000,00,2,7,15,A01
201000057745,0,33,000,00,2,1,01,B01
201000057746,0,07,000,00,2,1,01,A01
201000057746,0,07,000,00,2,4,01,B01
201000057747,0,07,000,00,2,0,00,B01
201000057747,0,33,000,00,2,0,17,A01
201000057748,0,07,000,00,1,1,01,A01
201000057749,0,02,000,00,2,1,01,A01
201000057749,0,07,000,00,2,4,01,B01
201000057750,0,07,000,00,2,1,01,A01
201000057750,0,07,000,00,2,4,01,B01
201000057751,0,07,000,00,2,4,01,B01
201000057751,0,07,000,00,2,1,01,A01
201000057752,0,16,000,00,2,1,01,B01
201000057752,0,07,000,00,2,9,00,A01
201000057753,0,34,000,00,1,1,01,A01
201000057754,0,07,000,00,1,1,09,A01
201000057755,0,30,000,00,2,7,00,B01
201000057755,0,07,000,00,2,8,09,A01
201000057756,0,07,000,00,2,4,01,B01
201000057756,0,07,000,00,2,1,01,A01
201000057757,0,31,000,00,2,2,01,B01
201000057757,0,30,000,00,2,1,18,A01
201000057758,0,07,000,00,2,7,09,B01
201000057758,0,30,000,00,2,1,03,A01
201000057759,0,07,000,00,2,9,02,E01
201000057759,0,07,000,00,2,4,02,D01
201000057759,0,07,000,00,2,9,02,C01
201000057759,0,07,000,00,2,1,02,A01
201000057759,0,07,000,00,2,9,02,B01
201000057760,0,07,000,16,0,9,01,A01
201000057761,0,07,000,00,1,1,01,A01
201000057762,0,07,000,00,2,1,02,A01
201000057762,0,07,000,00,2,4,02,B01
201000057763,0,07,000,00,0,1,01,A01
201000057764,0,07,000,00,1,1,01,A01
201000057765,0,01,000,00,2,0,02,B01
201000057765,1,14,000,00,2,0,01,A01
201000057766,0,07,000,00,2,8,15,B01
201000057766,0,32,000,00,2,9,03,A01
201000057767,0,07,000,00,2,1,01,A01
201000057768,0,33,000,00,2,9,09,A01
201000057768,0,07,000,00,2,7,01,B01
201000057769,0,07,000,00,2,1,02,A01
201000057769,0,07,000,00,2,4,02,B01
201000057770,0,07,000,00,2,8,01,B01
201000057770,0,07,000,00,2,9,13,A01
201000057771,0,07,000,00,2,1,02,A01
201000057771,0,07,000,00,2,4,02,B01
201000057772,0,07,000,00,2,1,13,A01
201000057772,0,07,000,00,2,1,01,C01
201000057772,0,07,000,00,2,9,01,B01
201000057773,0,31,000,00,2,9,01,A01
201000057773,0,99,000,00,2,9,01,B01
201000057774,1,02,000,00,2,9,09,A01
201000057774,0,07,000,00,2,7,15,B01
201000057775,0,07,000,00,2,9,01,A01
201000057776,0,07,000,00,2,7,01,B01
201000057776,0,07,000,00,2,9,09,A01
201000057777,0,32,000,00,2,1,01,C01
201000057777,0,07,000,00,5,1,01,A01
201000057777,0,07,000,00,0,4,23,B01
201000057778,0,07,000,00,2,8,01,B01
201000057778,0,07,000,00,2,1,20,A01
201000057779,0,07,000,00,2,4,01,B01
201000057779,0,07,000,00,2,4,02,C01
201000057779,0,07,000,00,2,1,01,A01
201000057780,0,07,000,00,2,3,00,B01
201000057780,0,07,000,00,2,1,00,A01
201000057781,0,32,000,00,2,1,01,A01
201000057781,0,07,000,00,2,4,01,B01
201000057782,0,07,000,00,2,4,13,A01
201000057782,0,07,000,00,2,1,01,B01
201000057783,0,33,000,00,2,1,01,B01
201000057783,0,07,000,00,2,8,11,A01
201000057784,0,32,000,01,2,1,01,A01
201000057784,0,07,000,00,2,4,00,B01
201000057785,0,07,000,00,2,0,01,A01
201000057785,0,07,000,00,2,0,01,B01
201000057785,0,07,000,00,2,0,01,C01
201000057786,0,07,000,00,0,0,00,A01
201000057787,0,31,000,02,2,1,01,A01
201000057788,0,07,000,00,2,1,01,A01
201000057788,0,34,000,00,2,1,01,B01
201000057789,0,07,000,04,2,2,01,B01
201000057789,0,14,000,00,2,3,11,A01
201000057790,0,07,000,00,2,1,01,B01
201000057790,0,07,000,09,2,1,11,A01
201000057791,0,07,000,00,2,4,02,B01
201000057791,0,07,000,00,2,1,02,A01
201000057792,0,07,000,00,1,1,01,A01
201000057793,0,34,000,00,0,9,00,A01
201000057794,0,07,000,00,2,9,00,B01
201000057794,0,07,000,00,2,9,02,C01
201000057794,0,07,000,00,2,9,00,A01
201000057795,0,31,000,14,0,1,00,A01
201000057796,0,07,000,00,2,1,01,A01
201000057796,0,07,000,00,2,4,01,B01
201000057796,0,07,000,00,2,4,01,C01
201000057797,0,07,000,04,0,1,01,A01
201000057798,0,07,000,00,2,1,01,B01
201000057798,0,07,000,00,2,1,13,A01
201000057799,0,07,000,00,2,8,13,A01
201000057799,0,07,000,00,2,7,01,B01
201000057800,0,02,000,00,2,9,01,C01
201000057800,0,35,000,00,2,9,13,A01
201000057800,0,30,000,00,2,9,01,B01
201000057801,0,10,000,00,2,1,02,A01
201000057801,0,07,000,00,2,4,02,B01
201000057802,0,14,000,00,2,4,02,B01
201000057802,0,07,000,00,2,1,02,A01
201000057803,1,07,000,00,2,7,01,A01
201000057803,0,33,000,00,2,8,01,B01
201000057804,0,32,000,00,2,1,02,A01
201000057804,0,07,000,00,2,4,02,B01
201000057805,0,07,000,00,2,0,00,A01
201000057805,0,07,000,00,2,0,00,B01
201000057806,0,07,000,00,2,9,02,A01
201000057806,0,30,000,00,2,4,02,B01
201000057807,0,34,000,00,2,1,01,B01
201000057807,0,07,000,00,0,1,01,C01
201000057807,0,07,000,00,2,1,13,A01
201000057808,0,07,000,00,2,1,00,B01
201000057808,1,07,000,00,2,0,00,Z01
201000057809,0,10,000,00,2,1,02,A01
201000057809,0,07,000,00,2,9,02,B01
201000057809,0,07,000,00,2,4,02,C01
201000057810,0,32,000,00,2,1,13,A01
201000057810,0,07,000,00,2,1,01,B01
201000057811,0,07,000,00,2,1,02,A01
201000057811,0,07,000,00,2,4,02,B01
201000057812,1,07,000,00,1,1,00,Z01
201000057813,0,38,003,00,2,4,02,B01
201000057813,0,07,000,00,2,1,02,A01
201000057814,0,07,000,00,2,9,02,B01
201000057814,0,07,000,00,2,1,02,A01
201000057814,0,07,000,00,2,4,02,C01
201000057815,0,07,000,00,2,1,01,B01
201000057815,0,07,000,00,2,1,13,A01
201000057816,0,07,000,00,2,1,13,A01
201000057816,0,38,003,00,2,1,01,B01
201000057817,0,07,000,06,0,9,16,A01
201000057818,0,07,000,00,2,9,09,A01
201000057818,0,07,000,00,2,9,01,B01
201000057819,0,07,000,00,1,0,01,A01
201000057820,0,33,000,00,0,0,01,A01
201000057821,0,07,000,00,2,4,02,C01
201000057821,0,07,000,00,2,9,02,B01
201000057821,0,07,000,00,2,1,02,A01
201000057822,0,07,000,00,2,9,02,A01
201000057822,0,07,000,00,2,8,02,B01
201000057823,0,07,000,00,1,1,01,A01
201000057824,0,07,000,00,1,1,00,A01
201000057825,0,07,000,00,1,1,01,A01
201000057826,0,07,000,00,0,4,01,D01
201000057826,0,07,000,00,2,1,01,A01
201000057826,0,07,000,00,2,4,01,B01
201000057826,0,07,000,00,2,4,01,C01
201000057827,0,07,000,00,1,4,04,A01
201000057828,0,07,000,00,1,7,01,A01
201000057829,0,07,000,00,2,7,22,B01
201000057829,0,33,000,00,2,1,18,A01
201000057830,0,07,000,00,2,4,23,A01
201000057830,0,07,000,01,0,1,01,B01
201000057831,0,07,000,00,2,4,04,A01