Num_Acc,senc,catv,occutc,obs,obsm,choc,manv,num_veh
201000057831,0,34,000,00,2,1,01,B01
201000057832,0,07,000,00,2,1,01,B01
201000057832,0,07,000,00,4,1,13,A01
201000057833,0,07,000,00,2,1,01,B01
201000057833,0,07,000,00,2,1,13,A01
201000057834,0,07,000,00,2,4,02,B01
201000057834,0,07,000,00,2,1,02,A01
201000057835,0,07,000,00,2,4,02,B01
201000057835,0,07,000,00,2,1,02,A01
201000057836,0,07,000,16,0,1,01,A01
201000057837,0,07,000,00,2,1,01,A01
201000057837,0,02,000,00,2,1,01,B01
201000057838,0,07,000,00,0,4,01,C01
201000057838,0,07,000,00,2,1,01,B01
201000057838,0,07,000,00,2,1,01,A01
201000057839,0,07,000,00,2,1,02,A01
201000057839,0,07,000,00,2,4,02,B01
201000057840,0,07,000,00,2,8,15,B01
201000057840,0,33,000,00,2,1,02,A01
201000057841,0,07,000,00,2,1,01,B01
201000057841,0,07,000,00,2,1,01,A01
201000057842,0,07,000,00,2,1,11,A01
201000057842,0,33,000,00,2,1,01,B01
201000057843,0,10,000,08,0,1,01,A01
201000057844,0,07,000,00,2,1,02,A01
201000057844,0,07,000,00,2,4,02,B01
201000057845,0,07,000,00,1,1,01,A01
201000057846,0,07,000,00,0,9,00,A01
201000057847,0,07,000,00,2,4,02,B01
201000057847,0,07,000,00,2,1,02,A01
201000057848,1,33,000,00,2,0,00,Z01
201000057848,0,07,000,00,2,1,01,B01
201000057849,0,07,000,00,2,4,01,C01
201000057849,0,07,000,00,2,4,01,B01
201000057849,0,07,000,00,2,1,01,A01
201000057850,0,07,000,00,1,1,01,A01
201000057851,0,07,000,00,1,1,01,A01
201000057852,0,07,000,00,2,9,19,A01
201000057852,0,07,000,00,2,9,01,B01
201000057852,0,07,000,00,2,1,01,C01
201000057853,0,07,000,00,2,8,01,B01
201000057853,0,07,000,00,2,1,13,A01
201000057854,0,07,000,00,0,1,01,A01
201000057854,0,07,000,00,2,8,01,B01
201000057855,0,07,000,00,2,1,01,A01
201000057855,0,07,000,00,2,4,01,B01
201000057855,0,07,000,00,2,4,01,C01
201000057856,0,07,000,00,1,1,01,A01
201000057857,0,07,000,04,0,1,01,A01
201000057858,0,33,000,08,0,9,00,A01
201000057859,0,07,000,00,1,1,01,A01
201000057860,0,07,000,00,2,8,13,A01
201000057860,2,07,000,00,2,8,01,B01
201000057861,0,07,000,00,2,1,01,B01
201000057861,0,07,000,00,2,1,19,A01
201000057862,0,01,000,00,2,5,02,B01
201000057862,0,07,000,00,2,1,02,A01
201000057863,0,07,000,04,1,2,01,A01
201000057864,0,07,000,00,1,3,00,A01
201000057865,1,07,000,00,1,1,00,A01
201000057866,0,07,000,00,1,4,04,A01
201000057867,0,30,000,00,2,6,01,B01
201000057867,0,07,000,00,9,2,01,A01
201000057868,0,07,000,00,9,2,01,A01
201000057868,0,01,000,00,2,4,02,B01
201000057869,0,07,000,00,2,1,02,A01
201000057869,0,07,000,00,2,4,02,B01
201000057870,0,07,000,00,1,2,00,A01
201000057871,0,07,000,00,2,3,01,B01
201000057871,0,02,000,00,2,1,00,A01
201000057872,0,07,000,00,2,5,16,A01
201000057872,0,37,001,00,2,3,01,B01
201000057873,0,07,000,00,1,1,15,A01
201000057874,0,07,000,00,2,8,11,A01
201000057874,0,07,000,00,2,1,01,B01
201000057875,0,07,000,00,1,1,01,A01
201000057876,0,07,000,00,1,5,00,A01
201000057877,0,07,000,06,2,3,16,A01
201000057877,0,07,000,06,2,2,01,B01
201000057878,0,07,000,01,0,3,02,A01
201000057879,0,32,000,00,1,8,02,A01
201000057880,0,30,000,00,2,1,18,A01
201000057880,0,07,000,00,2,5,12,B01
201000057881,0,07,000,00,1,4,20,A01
201000057882,0,02,000,00,1,1,02,A01
201000057883,0,07,000,00,2,1,02,A01
201000057883,0,33,000,00,0,4,23,B01
201000057884,2,07,000,08,0,1,01,A01
201000057885,0,01,000,00,2,8,19,B01
201000057885,0,07,000,00,2,1,01,A01
201000057886,0,20,000,00,1,2,02,A01
201000057887,0,14,000,00,0,4,16,A01
201000057887,0,07,000,00,2,2,01,B01
201000057888,0,30,000,00,2,6,00,A01
201000057888,0,07,000,00,2,6,15,B01
201000057889,0,07,000,12,0,3,13,A01
201000057890,0,32,000,12,0,1,02,B01
201000057890,0,07,000,05,0,6,02,A01
201000057891,1,07,000,00,1,1,00,Z01
201000057892,0,33,000,00,2,7,01,A01
201000057892,0,07,000,00,2,3,01,B01
201000057893,0,37,010,00,1,7,16,A01
201000057894,0,33,000,00,2,3,01,B01
201000057894,0,07,000,00,2,2,12,A01
201000057895,1,07,000,00,1,1,01,Z01
201000057896,0,07,000,00,2,3,09,A01
201000057896,0,14,000,00,2,2,01,B01
201000057897,0,07,000,00,2,1,02,A01
201000057897,0,07,000,00,2,4,01,B01
201000057898,0,07,000,08,0,1,17,A01
201000057899,0,07,000,00,1,7,01,A01
201000057900,0,07,000,00,2,2,01,A01
201000057900,0,32,000,00,2,6,01,B01
201000057901,0,07,000,00,1,1,00,B01
201000057902,0,10,000,00,2,2,12,A01
201000057902,0,33,000,00,2,1,01,B01
201000057903,0,07,000,00,1,1,01,A01
201000057904,0,07,000,00,9,2,01,A01
201000057904,0,01,000,00,2,8,19,B01
201000057905,0,07,000,00,2,4,02,A01
201000057905,0,07,000,00,2,4,02,C01
201000057905,0,07,000,00,2,1,02,B01
201000057906,0,07,000,15,2,2,02,A01
201000057906,0,07,000,00,2,1,02,B01
201000057907,0,07,000,00,0,0,00,A01
201000057907,0,07,000,00,0,0,00,B01
201000057908,0,32,000,00,2,3,02,B01
201000057908,0,07,000,00,0,5,02,A01
201000057909,0,07,000,00,2,4,02,B01
201000057909,0,33,000,00,2,1,02,A01
201000057910,0,30,000,00,2,1,02,B01
201000057910,0,07,000,00,2,3,02,A01
201000057911,0,07,000,00,2,2,01,A01
201000057911,0,07,000,00,2,6,23,B01
201000057911,0,07,000,00,2,6,23,C01
201000057911,1,07,000,00,2,1,19,Z01
201000057912,0,07,000,00,2,6,15,B01
201000057912,0,31,000,00,2,1,01,A01
201000057913,0,32,000,00,1,5,01,A01
201000057914,0,07,000,01,0,4,00,B01
201000057914,0,02,000,00,2,4,02,A01
201000057915,0,33,000,00,2,1,01,B01
201000057915,0,07,000,00,2,2,15,A01
201000057916,0,34,000,00,2,1,01,B01
201000057916,0,10,000,00,9,6,04,A01
201000057917,0,40,001,00,9,2,02,B01
201000057917,0,01,000,00,4,1,01,A01
201000057918,0,07,000,00,1,6,04,A01
201000057919,0,07,000,12,2,2,12,A01
201000057919,0,07,000,00,2,3,01,B01
201000057920,0,37,002,00,2,3,01,B01
201000057921,0,07,000,00,2,3,01,B01
201000057921,0,07,000,00,2,1,19,A01
201000057922,1,10,000,00,9,1,02,A01
201000057922,0,01,000,00,2,4,02,B01
201000057923,0,07,000,00,9,3,01,A01
201000057923,0,32,000,00,2,2,01,B01
201000057924,0,10,000,00,1,1,00,A01
201000057925,0,33,000,00,2,1,01,B01
201000057925,0,07,000,00,2,3,19,A01
201000057926,0,07,000,00,2,8,09,B01
201000057926,0,07,000,04,2,2,09,A01
201000057926,0,07,000,00,2,9,01,C01
201000057927,0,07,000,00,2,1,02,A01
201000057927,0,07,000,00,2,5,02,B01
201000057928,0,01,000,00,1,1,01,A01
201000057929,0,07,000,00,1,6,20,A01
201000057930,0,07,000,12,0,1,21,A01
201000057931,0,07,000,00,1,2,16,A01
201000057932,0,33,000,00,9,1,15,B01
201000057932,0,32,000,00,9,1,12,A01
201000057933,0,10,000,00,1,1,00,A01
201000057934,0,07,000,00,1,4,04,A01
201000057935,0,07,000,00,2,2,01,A01
201000057935,0,07,000,00,2,0,01,B01
201000057936,0,30,000,00,2,6,01,B01
201000057936,0,32,000,00,2,1,19,A01
201000057937,0,15,000,00,2,1,01,A01
201000057937,0,10,000,00,2,4,01,B01
201000057938,0,07,000,00,2,3,01,B01
201000057938,0,07,000,00,0,2,01,A01
201000057939,0,07,000,01,0,1,01,A01
201000057940,0,07,000,00,1,1,16,A01
201000057941,0,07,000,00,0,2,02,B01
201000057941,0,32,000,00,2,2,01,A01
201000057942,0,10,000,00,1,2,00,A01
201000057943,1,07,000,00,1,0,00,A01
201000057944,0,02,000,00,2,1,01,B01
201000057944,0,07,000,00,2,7,02,A01
201000057945,0,10,000,00,2,4,01,B01
201000057945,0,10,000,00,2,4,01,C01
201000057945,0,10,000,00,2,1,02,A01
201000057946,0,07,000,00,2,2,01,A01
201000057946,0,07,000,00,2,3,01,B01
201000057947,0,07,000,00,2,1,01,B01
201000057947,0,30,000,00,2,2,01,A01
201000057948,0,07,000,00,2,1,01,A01
201000057948,0,07,000,00,2,5,01,B01
201000057948,0,07,000,00,2,6,01,C01
201000057949,0,07,000,00,2,4,01,B01
201000057949,0,07,000,00,2,1,01,A01
201000057950,0,10,000,00,2,1,01,A01
201000057950,0,07,000,00,0,4,01,B01
201000057951,0,07,000,00,2,1,01,C01
201000057951,0,07,000,00,2,1,01,B01
201000057951,0,07,000,00,2,1,05,A01
201000057952,0,17,000,01,0,1,14,A01
201000057952,0,07,000,00,2,6,24,B01
201000057953,0,07,000,03,0,9,00,A01
201000057954,0,07,000,00,0,0,00,A01
201000057955,0,07,000,00,0,9,02,A01
201000057956,0,17,000,00,2,4,02,B01
201000057956,0,99,000,00,2,2,12,A01
201000057957,0,14,000,00,2,7,12,A01
201000057957,0,07,000,00,2,8,02,B01
201000057958,0,07,000,03,0,1,06,A01
201000057958,0,07,000,13,0,1,06,B01
201000057959,0,07,000,00,2,4,02,B01
201000057959,1,07,000,00,2,1,02,A01
201000057960,0,07,000,00,0,4,23,B01
201000057960,0,07,000,00,2,1,02,A01
201000057961,0,07,000,00,0,0,00,A01
201000057962,0,07,000,00,2,0,09,A01
201000057962,0,07,000,00,2,0,01,B01
201000057962,0,07,000,00,2,0,01,C01
201000057963,0,07,000,00,2,1,02,A01
201000057963,0,07,000,00,0,4,02,B01
201000057964,0,07,000,04,0,3,21,A01
201000057965,0,07,000,00,2,4,02,A01
201000057966,0,07,000,01,0,1,02,A01
201000057966,0,07,000,00,0,4,24,B01
201000057967,0,07,000,00,2,4,02,D01
201000057967,0,07,000,00,2,4,02,F02
201000057967,0,07,000,00,2,4,02,E01
201000057967,0,07,000,00,2,4,02,B01
201000057967,0,15,000,00,2,1,02,A01
201000057967,0,17,000,00,2,4,02,C01
201000057968,0,07,000,00,2,0,02,B01
201000057968,0,07,000,03,2,1,00,A01
201000057969,0,07,000,00,9,0,00,B01
201000057969,0,07,000,03,0,8,13,A01
201000057970,0,17,000,03,2,1,00,B01
201000057970,0,07,000,03,2,1,00,A01
201000057971,0,07,000,00,2,1,02,B01
201000057971,1,07,000,00,2,1,02,A01
201000057971,0,07,000,00,2,1,03,C01
201000057971,0,07,000,00,2,4,02,D01
201000057972,0,07,000,00,0,8,00,A01
201000057973,0,07,000,03,0,0,13,A01
201000057974,0,17,000,00,0,8,13,A01
201000057975,0,07,000,04,2,1,00,A01
201000057975,0,10,000,00,2,6,01,B01
201000057976,0,33,000,15,0,0,14,A01
201000057977,0,07,000,04,0,0,13,A01
201000057978,0,17,000,00,2,0,00,A01
201000057978,0,07,000,00,2,0,01,B01
201000057979,0,07,000,04,2,1,00,A01
201000057979,0,17,000,00,2,4,01,B01
201000057980,0,07,000,04,0,3,02,A01
201000057981,0,07,000,00,2,0,00,A01
201000057981,1,07,000,00,2,0,00,Z01
201000057982,0,07,000,00,2,9,01,A01
201000057983,0,17,000,00,2,8,11,A01
201000057983,0,07,000,00,2,7,01,B01
201000057984,0,07,000,03,2,0,00,A01
201000057984,0,07,000,00,2,0,00,B01
201000057984,0,07,000,00,2,0,00,C01
201000057985,0,17,000,00,0,4,02,D01
201000057985,0,17,000,03,2,4,02,B01
201000057985,0,17,000,03,2,1,02,A01
201000057985,0,17,000,00,0,4,02,C01
201000057986,0,17,000,00,0,0,02,A01
201000057987,0,33,000,00,0,0,02,A01
201000057988,0,17,000,02,0,1,14,A01
201000057989,0,10,000,00,2,0,02,A01
201000057990,0,20,000,01,0,4,23,C01
201000057990,0,07,000,00,2,7,02,B01
201000057990,0,07,000,01,0,1,18,A01
201000057991,0,07,000,01,0,4,01,A01
201000057991,0,07,000,03,0,2,02,B01
201000057992,0,17,000,09,0,1,14,A01
201000057993,0,07,000,13,2,4,01,B01
201000057993,0,07,000,00,2,1,00,A01
201000057994,0,33,000,00,0,7,16,A01
201000057995,0,07,000,00,2,0,00,A01
201000057995,0,17,000,00,2,0,01,B01
201000057996,0,34,000,00,2,4,02,C01
201000057996,0,07,000,00,2,4,02,B01
201000057996,0,33,000,00,2,4,02,A01
201000057997,0,33,000,00,0,7,16,A01
201000057998,0,33,000,00,2,4,01,A01
201000057998,0,07,000,00,0,4,02,B01
201000057999,0,07,000,00,2,4,01,A01
201000057999,0,07,000,00,2,4,02,B01
201000058000,0,07,000,00,2,0,02,C01
201000058000,0,07,000,00,2,1,21,A01
201000058000,0,07,000,00,2,4,02,B01
201000058001,0,34,000,00,0,0,01,A01
201000058002,0,17,000,00,2,7,12,A01
201000058002,0,38,001,00,2,8,02,B01
201000058003,0,07,000,00,2,8,02,B01
201000058003,0,07,000,00,2,7,17,A01
201000058004,0,07,000,00,2,7,17,A01
201000058004,0,07,000,00,2,8,02,B01
201000058004,0,15,000,00,2,4,02,C01
201000058005,0,07,000,00,2,4,02,B01
201000058005,0,33,000,00,2,9,14,A01
201000058006,0,07,000,00,2,8,02,A01
201000058006,2,07,000,00,2,7,12,Z01
201000058007,0,07,000,00,2,1,02,A01
201000058007,0,07,000,00,2,4,02,B01
201000058008,0,07,000,13,0,9,00,A01
201000058009,0,07,000,00,2,7,17,B01
201000058009,0,07,000,00,2,4,02,C01
201000058009,0,34,000,00,2,8,13,A01
201000058010,0,07,000,00,2,8,11,A01
201000058010,0,34,000,00,2,7,12,B01
201000058011,0,33,000,00,2,4,02,C01
201000058011,0,07,000,00,2,1,02,A01
201000058011,0,07,000,00,2,4,02,B01
201000058012,0,33,000,00,2,4,02,C01
201000058012,0,07,000,00,2,1,02,A01
201000058012,0,07,000,00,2,4,02,B01
201000058013,0,07,000,00,2,1,02,A01
201000058013,0,07,000,00,2,4,02,B01
201000058014,0,07,000,00,2,4,02,C01
201000058014,0,17,000,00,2,4,02,D01
201000058014,0,17,000,00,2,4,02,B01
201000058014,0,17,000,00,2,1,02,A01
201000058015,1,33,000,00,2,4,02,B01
201000058015,0,07,000,00,2,1,02,C01
201000058016,0,32,000,00,2,1,19,A01
201000058016,0,07,000,00,2,3,24,B01
201000058017,0,07,000,00,2,4,02,C01
201000058017,0,07,000,00,2,1,02,A01
201000058017,0,07,000,00,2,4,02,B01
201000058018,0,33,000,00,2,7,02,A01
201000058018,0,07,000,00,2,8,11,B01
201000058019,0,10,000,04,0,1,02,A01
201000058019,0,10,000,04,0,4,02,B01
201000058020,2,07,000,00,2,7,12,A01
201000058020,0,07,000,00,2,8,01,B01
201000058021,0,15,000,10,0,7,06,A01
201000058022,0,15,000,00,2,4,02,B01
201000058022,0,10,000,00,2,4,02,C01
201000058022,0,15,000,00,2,1,02,A01
201000058023,0,07,000,04,0,8,17,A01
201000058024,0,07,000,00,2,4,02,A01
201000058025,0,07,000,00,0,0,11,B01
201000058025,0,33,000,00,9,1,02,A01
201000058026,0,07,000,00,2,1,02,C01
201000058026,0,07,000,00,2,4,02,A01
201000058026,0,07,000,00,2,4,02,B01
201000058027,0,33,000,00,0,1,00,A01
201000058028,0,15,000,00,0,0,00,C01
201000058028,0,10,000,00,2,0,00,A01
201000058028,0,07,000,00,0,6,01,B01
201000058029,0,03,000,00,0,3,02,A01
201000058030,0,33,000,00,0,1,01,A01
201000058031,0,33,000,00,0,1,02,A01
201000058032,0,15,000,14,1,1,02,A01
201000058033,0,33,000,00,9,1,02,A01
201000058034,0,37,001,02,0,2,02,A01
201000058035,0,07,000,00,2,2,02,B01
201000058035,0,07,000,00,2,3,01,A01
201000058036,0,07,000,00,2,4,02,A01
201000058036,0,07,000,00,0,4,02,B01
201000058037,0,33,000,00,2,1,00,A01
201000058037,0,07,000,00,2,6,01,B01
201000058038,0,07,000,00,2,3,10,A01
201000058038,0,33,000,00,2,1,21,B01
201000058039,0,07,000,00,2,4,02,C01
201000058039,0,07,000,00,2,1,02,A01
201000058039,0,07,000,00,2,4,02,B01
201000058040,0,33,000,00,0,2,01,A01
201000058041,0,07,000,00,2,4,02,E01
201000058041,0,15,000,00,2,4,02,G02
201000058041,0,07,000,00,2,4,02,C01
201000058041,0,07,000,00,2,6,02,F01
201000058041,0,07,000,00,2,4,02,B01
201000058041,0,07,000,00,2,1,01,A02
201000058041,0,07,000,00,2,4,02,D01
201000058042,0,33,000,00,0,0,01,A01
201000058043,0,07,000,00,0,4,00,B01
201000058043,0,07,000,00,2,1,01,A01
201000058044,0,07,000,02,0,1,01,A01
201000058045,0,15,000,00,2,2,12,A01
201000058045,0,07,000,00,9,6,21,B01
201000058046,0,33,000,00,0,1,02,A01
201000058047,0,07,000,00,1,1,02,A01
201000058048,0,07,000,03,0,1,00,A01
201000058049,0,07,000,00,2,4,02,B01
201000058049,0,07,000,00,2,1,01,A01
201000058049,0,07,000,00,2,4,02,C01
201000058049,0,07,000,00,2,4,02,D01
201000058050,0,07,000,00,0,1,02,A01
201000058051,0,07,000,00,2,4,02,B01
201000058051,0,33,000,00,2,1,02,A01
201000058052,0,07,000,00,2,4,00,C01
201000058052,0,07,000,00,2,1,03,A01
201000058052,0,07,000,00,2,4,02,B01
201000058053,0,07,000,00,2,1,00,A01
201000058053,0,07,000,00,2,3,00,B01
201000058053,0,07,000,00,2,4,01,C01
201000058054,0,07,000,00,2,0,02,H02
201000058054,0,07,000,00,9,1,02,G02
201000058054,0,07,000,00,9,1,02,I02
201000058054,0,07,000,00,9,1,02,B01
201000058054,0,07,000,00,9,1,02,C01
201000058054,0,10,000,00,9,2,02,F02
201000058054,0,07,000,00,9,1,02,D01
201000058054,0,07,000,00,9,1,02,A01
201000058054,0,07,000,00,9,1,02,E01
201000058054,0,07,000,00,9,1,02,J02
201000058055,0,07,000,00,2,4,02,D01
201000058055,0,07,000,00,2,1,02,A01
201000058055,0,07,000,00,2,4,02,E01
201000058055,0,07,000,00,2,4,02,C01
201000058055,0,07,000,00,2,4,02,B01
201000058055,0,07,000,00,2,4,02,F02
201000058056,0,07,000,00,2,1,02,A01
201000058056,0,07,000,00,2,4,02,B01
201000058057,0,33,000,00,2,2,01,A01
201000058057,0,07,000,00,2,3,01,B01
201000058058,0,33,000,00,9,0,02,A01
201000058059,0,10,000,01,2,4,01,B01
201000058059,0,07,000,00,2,1,02,A01
201000058060,0,07,000,00,9,9,02,C01
201000058060,0,07,000,04,2,4,01,A01
201000058060,0,07,000,00,2,1,02,B01
201000058061,1,07,000,00,2,1,02,A01
201000058061,0,07,000,00,2,4,02,B01
201000058061,0,07,000,00,2,4,02,C01
201000058062,0,07,000,03,0,1,01,A01
201000058063,0,07,000,04,0,1,01,A01
201000058064,0,33,000,00,2,4,02,B01
201000058064,0,07,000,00,2,2,02,A01
201000058065,0,07,000,00,2,1,02,A01
201000058065,0,07,000,00,2,4,02,B01
201000058065,0,07,000,00,2,4,02,E01
201000058065,0,03,000,00,2,4,02,D01
201000058065,0,07,000,00,2,4,02,C01
201000058066,0,07,000,00,0,1,01,A01
201000058067,0,33,000,00,0,0,02,A01
201000058068,0,07,000,00,2,1,02,A01
201000058068,0,07,000,00,2,4,02,B01
201000058069,0,07,000,00,0,1,02,A01
201000058069,1,07,000,00,2,1,02,Z01
201000058070,0,07,000,00,0,0,01,A01
201000058071,0,07,000,00,2,1,02,A01
201000058071,0,07,000,00,2,4,02,B01
201000058072,0,07,000,00,2,4,02,B01
201000058072,0,07,000,00,2,6,02,D01
201000058072,0,07,000,00,2,4,02,C01
201000058072,0,07,000,00,2,1,02,A01
201000058073,0,07,000,00,2,4,02,D01
201000058073,0,10,000,00,2,4,02,B01
201000058073,0,07,000,00,2,4,02,C01
201000058073,0,07,000,00,2,1,02,A01
201000058073,0,17,000,00,2,4,02,E01
201000058074,0,07,000,00,2,4,02,B01
201000058074,0,10,000,00,2,1,02,A01
201000058074,0,17,000,00,2,4,02,C01
201000058074,0,07,000,00,2,4,00,D01
201000058074,0,07,000,00,2,4,02,E01
201000058075,0,07,000,00,2,1,02,A01
201000058075,0,07,000,00,2,4,02,B01
201000058076,0,33,000,00,0,0,01,A01
201000058077,0,07,000,00,2,4,02,B01
201000058077,0,07,000,00,2,1,02,A01
201000058078,0,07,000,04,0,1,11,A01
201000058078,0,07,000,00,2,4,02,B01
201000058079,0,07,000,00,2,4,02,B01
201000058079,0,07,000,00,2,4,02,C01
201000058079,0,07,000,00,2,1,02,A01
201000058080,0,17,000,00,2,1,00,A01
201000058080,0,07,000,00,2,4,23,B01
201000058081,0,07,000,04,0,1,11,A01
201000058082,0,07,000,00,2,1,05,A01
201000058082,0,17,000,00,2,1,01,B01
201000058083,0,07,000,00,2,4,02,B01
201000058083,0,17,000,00,2,1,02,A01
201000058083,0,07,000,00,2,4,02,D01
201000058083,0,07,000,00,2,4,02,C01
201000058084,0,17,000,00,0,6,01,B01
201000058084,0,07,000,00,2,1,01,A01
201000058085,0,17,000,00,2,1,01,A01
201000058085,0,17,000,00,0,4,01,C01
201000058085,0,07,000,00,2,4,02,B01
201000058086,0,15,000,00,0,4,00,C01
201000058086,0,07,000,01,0,1,01,A01
201000058086,0,07,000,14,0,2,11,B01
201000058087,0,17,000,00,2,1,02,A01
201000058087,0,07,000,03,0,4,02,B01
201000058088,0,07,000,00,0,4,02,B01
201000058088,0,07,000,00,2,1,02,A01
201000058089,0,17,000,03,0,3,01,A01
201000058090,0,07,000,00,2,4,16,B01
201000058090,1,38,001,00,2,1,16,Z01
201000058091,0,07,000,00,2,3,02,A01
201000058091,0,07,000,00,2,5,02,B01
201000058092,0,07,000,00,2,2,21,A01
201000058092,0,07,000,00,2,1,15,B01
201000058093,0,07,000,00,2,1,01,B01
201000058093,0,07,000,00,2,2,01,A01
201000058094,0,07,000,00,2,2,01,A01
201000058094,0,07,000,00,2,3,01,B01
201000058095,0,01,000,00,0,1,01,B01
201000058095,0,07,000,00,2,1,01,A01
201000058096,0,07,000,00,1,2,01,A01
201000058097,0,07,000,00,2,2,01,A01
201000058097,0,07,000,00,2,1,01,B01
201000058098,0,01,000,00,2,7,07,B01
201000058098,0,07,000,00,9,2,15,A01
201000058099,0,33,000,00,2,7,01,B01
201000058099,0,07,000,00,2,1,01,A01
201000058100,0,07,000,01,0,1,01,A01
201000058101,0,07,000,00,1,3,15,A01
201000058102,0,07,000,06,2,8,15,B01
201000058102,0,07,000,01,2,1,17,A01
201000058103,0,01,000,00,2,7,01,B01
201000058103,1,07,000,00,9,0,01,Z01
201000058104,0,07,000,00,2,4,02,B01
201000058104,0,07,000,00,2,1,02,A01
201000058105,0,07,000,00,2,6,15,B01
201000058105,0,30,000,00,2,1,01,A01
201000058106,0,37,001,00,2,1,02,A01
201000058106,0,07,000,00,2,4,23,B01
201000058107,0,07,000,00,9,2,17,A01
201000058107,0,01,000,00,2,0,02,B01
201000058108,0,14,000,00,2,5,23,B01
201000058108,0,33,000,01,0,3,01,A01
201000058109,1,07,000,00,1,0,16,A01
201000058110,0,07,000,00,1,1,01,A01
201000058111,0,07,000,00,2,1,02,B01
201000058111,0,07,000,00,2,7,02,A01
201000058112,0,30,000,00,2,2,08,B01
201000058112,0,07,000,00,2,8,15,A01
201000058113,0,07,000,00,2,1,01,B01
201000058113,0,07,000,01,2,7,01,A01
201000058114,0,30,000,00,2,2,01,A01
201000058114,0,02,000,00,2,0,01,B01
201000058115,0,02,000,01,2,3,01,A01
201000058115,0,07,000,00,0,5,01,B01
201000058116,0,07,000,00,1,3,15,A01
201000058117,0,07,000,00,2,1,01,A01
201000058117,0,07,000,00,2,2,15,B01
201000058118,0,37,001,00,1,5,01,A01
201000058119,0,07,000,00,1,1,15,A01
201000058120,0,07,000,00,1,1,01,A01
201000058121,0,40,000,00,2,7,01,B01
201000058121,0,07,000,00,2,8,01,C01
201000058121,0,07,000,00,4,6,13,A01
201000058122,0,07,000,00,2,2,11,A01
201000058122,0,32,000,00,2,7,01,B01
201000058123,0,07,000,00,1,1,16,A01
201000058124,0,07,000,00,1,0,01,A01
201000058125,0,37,075,00,1,2,07,A01
201000058126,0,40,000,00,1,5,01,A01
201000058127,0,07,000,00,1,3,15,A01
201000058128,0,07,000,00,1,0,00,A01
201000058129,0,07,000,00,1,2,02,A01
201000058130,0,07,000,00,2,8,01,B01
201000058130,0,07,000,00,2,3,01,A01
201000058131,0,07,000,00,1,1,01,A01
201000058132,0,07,000,00,1,3,01,A01
201000058133,0,07,000,04,2,3,01,A01
201000058134,0,07,000,01,2,8,01,B01
201000058134,0,07,000,00,2,1,01,A01
201000058135,0,07,000,00,2,2,15,A01
201000058135,0,32,000,00,2,3,01,B01
201000058136,0,07,000,00,1,2,01,A01
201000058137,0,07,000,00,2,4,13,A01
201000058137,0,30,000,00,2,1,01,B01
201000058138,0,07,000,08,2,3,16,A01
201000058138,0,01,000,00,2,8,01,B01
201000058139,0,07,000,00,2,4,02,B01
201000058139,0,07,000,00,2,1,02,A01
201000058140,0,07,000,00,1,1,15,A01
201000058141,0,07,000,00,2,0,15,A01
201000058141,0,07,000,00,2,0,02,B01
201000058142,0,07,000,00,1,8,15,A01
201000058143,0,07,000,00,1,3,15,A01
201000058144,0,07,000,00,2,2,16,A01
201000058144,0,34,000,00,2,3,02,B01
201000058145,0,07,000,00,1,7,01,A01
201000058146,0,02,000,00,2,0,01,A01
201000058146,0,07,000,00,2,8,14,B01
201000058147,0,33,000,00,2,8,01,B01
201000058147,0,01,000,00,2,2,01,A01
201000058148,0,30,000,00,2,8,01,B01
201000058148,0,07,000,00,2,2,12,A01
201000058149,0,07,000,00,2,1,01,A01
201000058149,0,01,000,00,2,7,01,B01
201000058150,0,30,000,00,2,1,02,A01
201000058150,0,07,000,00,2,4,02,B01
201000058151,0,30,000,00,2,1,01,B01
201000058151,0,07,000,00,2,2,01,A01
201000058152,0,07,000,00,2,2,01,A01
201000058152,0,10,000,00,2,3,01,B01
201000058153,0,07,000,00,1,7,01,A01
201000058154,0,07,000,00,2,1,16,B01
201000058154,0,07,000,00,2,7,01,A01
201000058155,0,07,000,00,2,2,01,A01
201000058155,0,32,000,00,2,2,01,B01
201000058156,0,07,000,00,2,8,22,A01
201000058156,0,01,000,01,0,1,01,B01
201000058157,0,07,000,00,1,3,15,A01
201000058158,0,07,000,00,2,1,01,C01
201000058158,0,10,000,00,2,3,15,A01
201000058158,0,01,000,00,2,0,19,B01
201000058159,0,07,000,00,2,1,02,A01
201000058159,0,07,000,00,2,4,02,C01
201000058159,0,07,000,00,2,4,02,B01
201000058160,0,33,000,00,2,1,01,B01
201000058160,0,07,000,00,2,7,09,A01
201000058161,0,30,000,00,2,8,01,B01
201000058161,0,07,000,00,2,7,14,A01
201000058162,0,30,000,00,2,0,14,B01
201000058163,0,37,000,00,1,7,02,B01
201000058164,0,07,000,00,2,3,02,A01
201000058164,0,33,000,00,0,5,23,B01
201000058165,0,07,000,00,2,1,02,A01
201000058165,0,07,000,00,2,4,02,B01
201000058166,0,01,000,00,2,7,05,A01
201000058166,0,10,000,00,2,1,01,B01
201000058167,0,01,000,00,2,6,19,A01
201000058167,0,10,000,00,2,1,01,B01
201000058168,0,07,000,01,0,8,24,A01
201000058168,0,01,000,01,0,1,01,B01
201000058169,0,07,000,00,2,8,24,A01
201000058169,0,01,000,01,0,1,01,B01
201000058170,0,07,000,00,1,2,01,A01