Num_Acc,senc,catv,occutc,obs,obsm,choc,manv,num_veh
201000059861,0,07,000,00,0,4,02,B01
201000059862,0,13,000,00,2,8,02,B01
201000059862,0,07,000,03,2,3,13,A01
201000059863,0,07,000,00,2,4,02,A01
201000059863,0,07,000,00,2,1,02,B01
201000059864,0,32,000,14,0,1,02,A01
201000059865,0,10,000,14,2,2,12,A01
201000059865,0,07,000,00,0,6,01,B01
201000059866,0,07,000,00,0,4,02,A01
201000059866,0,10,000,00,2,1,02,B01
201000059867,0,07,000,00,2,1,02,C01
201000059867,0,07,000,00,2,4,02,A01
201000059867,0,07,000,00,2,1,02,B01
201000059868,0,33,000,00,2,1,01,B01
201000059868,0,33,000,00,2,1,12,A01
201000059869,0,07,000,00,2,1,02,B01
201000059869,0,10,000,00,0,5,02,A01
201000059870,0,07,000,00,2,2,14,B01
201000059870,0,07,000,04,2,6,01,A01
201000059871,0,07,000,00,0,0,01,A01
201000059872,0,10,000,03,0,3,00,A01
201000059873,0,33,000,00,0,1,01,A01
201000059874,0,07,000,00,2,1,11,A01
201000059874,0,07,000,00,0,2,01,B01
201000059875,0,33,000,05,0,8,13,A01
201000059876,0,07,000,13,2,3,02,A01
201000059876,0,07,000,00,2,2,17,B01
201000059877,0,07,000,00,2,2,02,B01
201000059877,0,07,000,00,0,6,00,A01
201000059878,0,07,000,00,0,4,02,A01
201000059878,0,10,000,00,0,1,02,B01
201000059879,0,07,000,03,0,7,00,A01
201000059880,0,07,000,00,2,1,02,B01
201000059880,0,07,000,00,0,4,01,A01
201000059881,0,07,000,00,0,4,12,A01
201000059881,0,33,000,03,2,3,11,B01
201000059882,0,07,000,00,2,6,02,A01
201000059882,1,14,000,00,2,2,14,Z01
201000059883,0,10,000,00,2,3,02,B01
201000059884,0,07,000,04,2,2,01,A01
201000059885,0,07,000,00,2,3,02,A01
201000059885,0,07,000,00,0,5,02,B01
201000059886,0,07,000,00,0,4,23,A01
201000059886,0,07,000,00,0,4,23,B01
201000059886,0,07,000,00,2,1,02,C01
201000059887,0,99,000,00,2,1,01,B01
201000059887,0,07,000,00,0,4,01,A01
201000059888,0,32,000,00,9,1,01,A01
201000059889,0,07,000,00,2,4,01,B01
201000059889,0,07,000,00,0,4,01,A01
201000059889,0,07,000,00,2,1,02,C01
201000059890,0,07,000,07,0,1,09,A01
201000059891,0,07,000,03,0,1,13,A01
201000059891,0,07,000,00,2,1,01,B01
201000059892,0,15,000,13,0,7,02,A01
201000059893,0,07,000,00,2,1,02,E01
201000059893,0,10,000,00,2,4,02,C01
201000059893,0,07,000,00,0,4,02,A01
201000059893,0,07,000,00,2,4,02,B01
201000059893,0,07,000,00,2,4,02,D01
201000059894,0,07,000,00,0,4,00,A01
201000059894,0,07,000,14,0,2,02,C01
201000059894,0,07,000,01,0,3,02,B01
201000059895,0,10,000,14,0,1,01,A01
201000059896,1,13,000,00,2,4,02,Z01
201000059896,0,07,000,00,2,1,00,A01
201000059897,0,33,000,00,0,1,02,B01
201000059897,0,10,000,00,0,5,02,A01
201000059898,0,07,000,00,0,6,01,A01
201000059898,0,07,000,00,2,2,02,B01
201000059899,0,07,000,04,0,7,01,A01
201000059900,0,34,000,00,2,2,12,B01
201000059900,0,07,000,00,0,4,01,A01
201000059901,0,07,000,00,0,4,01,B01
201000059901,0,10,000,00,2,1,01,C01
201000059901,0,07,000,00,0,4,01,A01
201000059902,0,34,000,00,0,7,01,A01
201000059903,0,31,000,04,2,3,09,A01
201000059904,1,07,000,00,0,0,09,Z01
201000059904,0,07,000,03,0,1,21,A01
201000059905,0,10,000,02,0,1,06,A01
201000059906,0,07,000,00,0,4,11,A01
201000059906,0,33,000,00,2,1,12,B01
201000059907,0,07,000,00,0,4,02,A01
201000059907,0,07,000,00,2,1,02,B01
201000059908,0,34,000,00,9,1,02,A01
201000059908,1,10,000,00,0,0,02,B01
201000059909,0,33,000,00,0,0,01,A01
201000059910,0,07,000,04,0,1,21,A01
201000059911,0,07,000,13,0,9,21,A01
201000059912,0,07,000,03,0,8,00,A01
201000059913,0,10,000,03,2,2,14,B01
201000059913,0,07,000,03,2,3,01,A01
201000059914,0,07,000,03,0,1,00,A01
201000059915,0,07,000,03,0,2,21,A01
201000059915,1,07,000,00,0,0,14,Z01
201000059916,0,07,000,04,0,1,11,A01
201000059917,0,07,000,00,2,3,02,C01
201000059917,0,07,000,00,2,4,02,A01
201000059917,0,07,000,04,2,5,02,B01
201000059918,0,33,000,00,2,1,02,B01
201000059918,0,07,000,00,0,4,02,A01
201000059919,0,07,000,03,0,1,00,A01
201000059920,0,33,000,16,0,7,00,A01
201000059921,0,16,000,03,0,1,00,A01
201000059922,0,07,000,03,0,1,01,A01
201000059922,0,07,000,00,2,1,14,B01
201000059923,0,33,000,00,2,3,02,A01
201000059923,0,07,000,00,2,2,02,B01
201000059924,0,07,000,00,2,4,02,B01
201000059924,0,07,000,00,2,1,02,D01
201000059924,0,07,000,00,2,4,02,C01
201000059924,0,07,000,00,0,4,02,A01
201000059925,0,07,000,03,0,1,00,A01
201000059926,0,07,000,00,2,4,02,A01
201000059926,0,07,000,00,2,1,02,B01
201000059927,0,31,000,00,2,1,03,B01
201000059927,0,07,000,00,2,5,12,A01
201000059928,0,07,000,00,0,1,14,A01
201000059929,0,07,000,00,2,1,02,C01
201000059929,0,07,000,00,2,1,02,B01
201000059929,0,07,000,00,0,4,02,A01
201000059930,0,10,000,04,0,3,01,A01
201000059931,0,10,000,00,0,4,02,A01
201000059931,0,10,000,00,2,1,02,B01
201000059932,0,07,000,03,0,1,01,A01
201000059933,0,07,000,13,0,1,12,A01
201000059934,0,32,000,00,2,3,21,B01
201000059934,0,38,001,00,9,6,01,C01
201000059934,0,07,000,00,0,5,01,A01
201000059935,0,07,000,03,0,0,00,A01
201000059936,0,33,000,00,0,0,01,A01
201000059937,0,07,000,03,0,3,21,A01
201000059938,0,07,000,00,2,1,01,B01
201000059938,0,10,000,00,2,4,01,A01
201000059939,0,07,000,03,2,3,02,A01
201000059939,1,13,000,00,2,2,14,Z01
201000059940,0,07,000,00,0,4,02,A01
201000059940,0,07,000,00,2,1,02,B01
201000059941,0,10,000,00,2,1,02,B01
201000059941,0,07,000,00,2,4,01,A01
201000059942,0,07,000,04,0,1,01,A01
201000059943,0,07,000,00,2,1,02,C01
201000059943,0,07,000,00,0,6,00,A01
201000059943,0,07,000,00,2,1,02,B01
201000059944,0,07,000,00,0,1,00,A01
201000059945,0,07,000,00,2,3,01,A01
201000059945,0,07,000,03,2,7,14,B01
201000059946,0,07,000,00,0,9,00,A01
201000059947,0,07,000,03,0,6,01,A01
201000059948,0,10,000,00,0,0,23,A01
201000059949,0,07,000,00,0,6,01,A01
201000059949,0,32,000,00,2,4,01,B01
201000059949,0,99,000,00,2,3,01,D01
201000059949,0,07,000,00,2,1,01,C01
201000059950,0,07,000,00,2,7,17,A01
201000059950,0,07,000,13,0,8,01,B01
201000059951,0,31,000,15,0,1,14,A01
201000059952,0,32,000,00,2,3,03,A01
201000059953,0,07,000,13,0,1,02,A01
201000059954,0,07,000,00,2,7,12,B01
201000059954,0,07,000,00,2,8,01,A01
201000059955,0,07,000,00,0,4,01,A01
201000059955,0,07,000,00,2,1,02,B01
201000059956,0,07,000,04,0,2,01,A01
201000059957,0,07,000,00,2,4,02,A01
201000059957,0,33,000,00,2,4,23,B01
201000059957,0,07,000,00,2,1,02,D01
201000059957,0,07,000,00,2,4,02,C01
201000059958,0,10,000,00,2,4,02,B01
201000059958,0,07,000,00,2,1,02,C01
201000059958,0,07,000,00,0,4,02,A01
201000059959,0,07,000,00,2,4,01,A01
201000059959,1,07,000,00,2,1,02,B01
201000059960,0,07,000,00,0,4,02,A01
201000059960,0,07,000,00,2,1,02,B01
201000059961,0,07,000,00,2,4,02,A01
201000059961,0,07,000,00,2,4,02,B01
201000059961,0,10,000,00,2,1,02,D01
201000059961,0,07,000,00,2,4,02,C01
201000059962,0,07,000,03,0,9,01,A01
201000059963,0,07,000,04,0,1,01,A01
201000059964,0,07,000,00,0,4,01,A01
201000059964,0,07,000,00,2,1,02,B01
201000059965,0,07,000,00,2,4,02,C01
201000059965,0,07,000,00,2,4,02,A01
201000059965,0,07,000,00,2,4,02,B01
201000059966,0,33,000,00,0,7,02,A01
201000059967,0,34,000,00,2,1,21,B01
201000059967,0,07,000,00,0,5,23,A01
201000059968,0,07,000,02,0,3,13,A01
201000059969,0,07,000,03,2,2,01,A01
201000059969,1,07,000,00,2,6,11,Z01
201000059970,0,07,000,00,2,1,01,B01
201000059970,0,07,000,00,2,4,01,A01
201000059970,0,07,000,00,2,1,02,C01
201000059971,0,07,000,00,2,4,02,A01
201000059971,0,10,000,00,2,1,02,B01
201000059972,0,33,000,00,0,7,01,A01
201000059973,1,07,000,00,0,0,02,B01
201000059973,0,33,000,00,0,7,02,A01
201000059974,0,07,000,00,2,1,02,B01
201000059974,0,07,000,00,2,1,02,C01
201000059974,0,07,000,00,2,4,02,A01
201000059975,0,07,000,00,2,1,02,C01
201000059975,0,07,000,00,0,4,23,A01
201000059975,0,07,000,01,0,4,01,B01
201000059976,0,07,000,03,0,2,21,A01
201000059977,0,07,000,00,0,4,02,A01
201000059977,0,07,000,00,2,1,02,B01
201000059978,0,07,000,00,0,4,02,A01
201000059978,0,33,000,00,2,1,01,B01
201000059979,0,07,000,00,2,1,02,C01
201000059979,0,07,000,04,2,8,11,A01
201000059979,0,07,000,04,2,1,11,B01
201000059980,0,07,000,00,0,9,01,A01
201000059981,0,07,000,00,2,1,02,B01
201000059981,0,07,000,00,2,1,02,A01
201000059982,0,33,000,14,0,1,01,B01
201000059983,0,07,000,03,0,3,01,A01
201000059984,0,13,000,00,2,2,01,A01
201000059984,0,07,000,00,0,2,11,B01
201000059985,0,07,000,00,0,4,02,A01
201000059985,0,07,000,00,0,1,02,B01
201000059986,0,10,000,00,2,3,02,F01
201000059986,0,07,000,00,0,4,01,D01
201000059986,0,07,000,00,2,4,02,B01
201000059986,0,10,000,00,0,4,01,A02
201000059986,0,07,000,00,2,6,02,C01
201000059986,0,07,000,00,2,5,02,E01
201000059987,0,07,000,00,0,4,02,A01
201000059987,0,07,000,00,2,4,02,B01
201000059987,0,07,000,00,2,1,02,C01
201000059988,0,07,000,00,2,4,01,A01
201000059988,0,07,000,00,2,1,02,B01
201000059989,0,07,000,00,2,4,02,A01
201000059989,0,07,000,00,2,1,02,B01
201000059990,0,07,000,00,0,0,13,B01
201000059990,0,34,000,00,0,8,01,A01
201000059991,0,07,000,00,2,1,02,B01
201000059991,0,07,000,00,2,4,02,A01
201000059992,0,07,000,00,0,4,02,A01
201000059992,0,16,000,00,0,1,02,B01
201000059993,0,07,000,03,0,3,02,A01
201000059994,0,07,000,00,2,4,01,C01
201000059994,0,07,000,00,2,1,01,A01
201000059994,0,07,000,00,2,4,01,B01
201000059995,0,07,000,00,0,4,02,A01
201000059995,0,07,000,00,2,1,02,B01
201000059996,0,32,000,00,2,8,11,B01
201000059996,0,07,000,00,2,7,01,A01
201000059997,0,33,000,00,2,0,12,C01
201000059997,0,07,000,00,2,7,01,A01
201000059997,0,33,000,00,2,1,00,B01
201000059998,0,07,000,00,2,1,02,B01
201000059998,0,07,000,00,0,4,00,A01
201000059998,0,07,000,00,2,1,02,C01
201000059999,0,10,000,00,0,0,06,A01
201000059999,0,10,000,00,2,4,01,B01
201000059999,0,10,000,00,2,1,02,C01
201000060000,0,33,000,00,2,1,00,B01
201000060000,0,07,000,00,2,5,00,A01
201000060001,0,07,000,00,2,3,01,A01
201000060001,1,07,000,00,2,0,12,Z01
201000060002,0,17,000,00,0,6,02,A01
201000060002,0,10,000,00,2,1,02,B01
201000060003,0,07,000,04,2,8,01,A01
201000060003,0,07,000,04,2,3,01,B01
201000060004,0,07,000,04,0,1,00,A01
201000060005,0,15,000,01,0,4,02,B01
201000060005,0,15,000,00,2,1,02,C01
201000060005,0,14,000,01,0,4,02,A01
201000060006,0,07,000,04,0,3,02,A01
201000060007,0,07,000,04,2,3,01,A01
201000060008,0,10,000,13,0,2,01,A01
201000060009,0,07,000,05,0,0,00,A01
201000060010,0,10,000,13,0,9,09,A01
201000060011,0,07,000,04,0,3,13,A01
201000060012,0,07,000,04,2,1,01,A01
201000060012,0,10,000,00,2,1,02,B01
201000060013,0,32,000,00,2,7,14,A01
201000060013,0,07,000,00,0,8,01,B01
201000060014,0,14,000,04,0,1,02,A01
201000060015,0,10,000,04,0,3,02,A01
201000060016,0,07,000,00,2,4,02,A01
201000060016,0,07,000,00,2,1,02,B01
201000060017,0,07,000,00,2,1,02,B01
201000060017,0,15,000,00,2,6,02,A01
201000060018,0,07,000,00,2,1,02,B01
201000060018,0,07,000,00,0,4,02,A01
201000060019,0,07,000,04,0,1,12,A01
201000060020,0,07,000,00,2,5,20,C01
201000060020,0,07,000,00,2,6,01,A01
201000060020,0,07,000,04,2,8,00,B01
201000060021,0,07,000,14,9,1,11,C01
201000060021,0,07,000,00,2,1,00,B01
201000060021,0,07,000,03,0,4,00,A01
201000060022,0,07,000,00,2,4,02,A01
201000060022,0,07,000,00,2,4,02,B01
201000060022,0,07,000,00,2,2,02,C01
201000060023,0,07,000,03,6,1,02,A01
201000060024,0,10,000,00,2,2,12,B01
201000060024,0,07,000,00,2,6,01,A01
201000060025,0,33,000,00,0,0,01,A01
201000060026,0,10,000,04,2,3,11,A01
201000060026,0,07,000,04,2,2,02,B01
201000060027,0,07,000,00,2,6,01,A01
201000060027,0,07,000,04,2,7,21,B01
201000060028,0,07,000,06,0,5,01,A01
201000060029,0,07,000,02,0,1,00,A01
201000060030,0,10,000,00,2,4,02,B01
201000060030,0,10,000,00,2,2,02,C01
201000060030,0,10,000,00,0,4,02,A01
201000060030,0,10,000,00,2,1,02,D01
201000060031,0,33,000,00,2,3,01,B01
201000060031,0,07,000,00,2,5,12,A01
201000060032,0,10,000,00,2,1,02,C01
201000060032,0,10,000,00,0,6,02,A01
201000060032,0,10,000,00,2,5,02,B01
201000060033,0,07,000,03,0,1,15,A01
201000060034,0,07,000,05,0,1,02,A01
201000060035,0,07,000,02,0,2,00,A01
201000060036,0,07,000,00,0,4,23,A01
201000060036,0,07,000,01,0,1,02,B01
201000060037,0,07,000,04,0,1,01,A01
201000060038,0,07,000,00,0,4,02,A01
201000060038,0,07,000,00,2,1,02,B01
201000060039,0,33,000,00,2,3,01,A01
201000060039,0,07,000,00,2,2,14,B01
201000060040,0,07,000,00,2,4,02,A01
201000060040,0,07,000,00,2,2,02,D01
201000060040,0,07,000,00,2,1,01,B01
201000060040,0,07,000,00,2,3,02,C01
201000060041,0,07,000,00,2,4,23,B01
201000060041,0,07,000,00,0,4,23,A01
201000060041,0,07,000,00,2,1,02,C01
201000060042,0,07,000,00,0,1,02,A01
201000060043,0,07,000,00,2,2,12,A01
201000060043,0,32,000,00,2,8,16,B01
201000060044,0,07,000,00,2,4,02,A01
201000060044,0,07,000,00,2,1,02,B01
201000060045,0,07,000,00,2,1,02,A01
201000060045,0,07,000,00,2,4,02,B01
201000060046,0,07,000,00,2,1,09,C01
201000060046,0,99,000,00,2,4,01,A01
201000060046,0,07,000,00,2,1,01,B01
201000060047,0,07,000,04,0,1,11,B01
201000060047,0,15,000,00,0,2,12,A01
201000060048,0,07,000,00,0,9,02,A01
201000060049,0,07,000,03,0,2,14,A01
201000060050,0,07,000,00,2,4,02,C01
201000060050,0,07,000,00,2,1,02,D01
201000060050,0,07,000,00,2,4,02,A01
201000060050,0,07,000,00,2,0,02,B01
201000060051,0,10,000,00,2,1,02,B01
201000060051,0,10,000,00,2,4,02,A01
201000060052,0,07,000,00,2,1,02,B01
201000060052,0,07,000,00,0,4,01,A01
201000060053,0,07,000,03,0,1,02,A01
201000060054,0,07,000,00,0,4,02,A01
201000060054,0,07,000,00,0,4,01,B01
201000060054,0,07,000,00,0,4,02,C01
201000060054,0,07,000,00,0,1,02,D01
201000060055,0,07,000,00,2,4,02,C01
201000060055,0,07,000,00,2,4,01,A01
201000060055,0,07,000,00,2,1,02,E01
201000060055,0,07,000,00,2,4,02,D01
201000060055,0,07,000,00,2,4,02,B01
201000060056,0,07,000,00,2,1,01,A01
201000060056,0,07,000,00,2,4,01,B01
201000060057,0,07,000,04,0,2,01,A01
201000060058,0,07,000,04,0,1,01,A01
201000060058,0,07,000,00,2,1,01,B01
201000060059,0,07,000,13,0,2,01,A01
201000060060,0,07,000,08,0,1,00,A01
201000060061,1,07,000,00,2,1,01,Z01
201000060061,0,07,000,00,2,4,01,A01
201000060062,0,07,000,00,0,0,01,A01
201000060063,0,07,000,02,0,6,21,A01
201000060064,0,07,000,00,2,4,01,A01
201000060064,0,07,000,00,2,1,01,B01
201000060065,0,07,000,00,2,1,01,D01
201000060065,0,07,000,00,2,1,02,B01
201000060065,0,07,000,00,2,4,01,A01
201000060065,0,07,000,00,2,7,01,C01
201000060066,0,07,000,02,0,9,00,A01
201000060067,0,07,000,04,0,3,01,A01
201000060068,0,34,000,00,2,1,02,B01
201000060068,0,07,000,00,0,4,02,A01
201000060069,0,07,000,00,2,4,01,C01
201000060069,0,15,000,00,2,1,12,B01
201000060069,0,07,000,00,2,5,01,A01
201000060070,0,07,000,00,9,2,01,A01
201000060070,0,31,000,00,2,3,11,B01
201000060071,0,07,000,03,0,1,21,A01
201000060072,0,07,000,12,0,2,01,A01
201000060073,0,07,000,00,0,3,02,A01
201000060074,0,07,000,00,2,1,02,C01
201000060074,0,07,000,00,2,1,02,B01
201000060074,0,07,000,00,2,4,02,A01
201000060075,0,33,000,00,0,2,01,A01
201000060076,0,07,000,00,2,4,01,A01
201000060076,0,07,000,00,2,1,01,B01
201000060077,0,07,000,09,0,1,13,A01
201000060078,0,07,000,00,0,8,11,A01
201000060079,0,07,000,00,0,4,02,A01
201000060079,0,07,000,00,2,1,02,B01
201000060080,0,07,000,03,0,3,02,A01
201000060081,0,07,000,00,0,2,01,A01
201000060082,0,33,000,03,0,8,02,A01
201000060083,0,07,000,03,0,1,02,A01
201000060084,0,07,000,04,2,5,18,A01
201000060084,0,07,000,00,0,8,01,B01
201000060085,0,07,000,02,0,9,01,A01
201000060086,0,07,000,00,0,7,02,B01
201000060086,0,07,000,00,2,7,05,A01
201000060087,0,07,000,04,0,1,02,A01
201000060088,0,07,000,00,2,4,02,C01
201000060088,0,07,000,00,2,6,02,B01
201000060088,0,07,000,00,0,4,02,A01
201000060088,0,07,000,00,2,1,02,D01
201000060089,0,07,000,00,0,9,17,A01
201000060090,0,07,000,04,0,1,01,A01
201000060091,0,07,000,03,0,9,00,A01
201000060092,0,07,000,03,0,3,13,A01
201000060093,0,07,000,00,2,1,12,B01
201000060093,0,07,000,00,0,3,01,A01
201000060094,0,07,000,03,0,1,02,A01
201000060095,0,07,000,00,2,1,01,B01
201000060095,0,07,000,00,0,4,01,A01
201000060096,0,07,000,00,2,4,23,A01
201000060096,0,07,000,00,2,1,02,C01
201000060096,0,07,000,00,2,4,23,B01
201000060097,0,07,000,00,2,8,01,A01
201000060097,0,07,000,00,2,2,21,B01
201000060098,0,07,000,00,2,1,02,A01
201000060098,0,07,000,00,2,1,02,B01
201000060099,0,07,000,04,0,1,02,A01
201000060100,0,07,000,00,2,3,01,B01
201000060100,0,07,000,04,2,5,00,A01
201000060101,0,07,000,03,0,6,02,A01
201000060101,0,10,000,00,2,2,02,B01
201000060102,0,07,000,00,2,5,02,B01
201000060102,0,07,000,00,2,3,02,C01
201000060102,0,07,000,00,0,4,02,A01
201000060103,0,07,000,00,2,4,02,I01
201000060103,0,07,000,00,2,4,02,G02
201000060103,0,07,000,00,2,4,02,C03
201000060103,0,07,000,00,2,3,02,M01
201000060103,0,17,000,00,2,2,02,L01
201000060103,0,07,000,00,2,4,02,F02
201000060103,0,07,000,00,2,4,02,E03
201000060103,0,10,000,00,2,4,02,B01
201000060103,0,10,000,00,2,4,02,J02
201000060103,0,07,000,00,2,4,02,A02
201000060103,0,10,000,00,2,4,02,H02
201000060103,0,07,000,00,2,4,02,K01
201000060103,0,07,000,00,2,4,02,D03
201000060104,0,07,000,00,0,4,02,A01
201000060104,0,07,000,00,2,1,02,B01
201000060105,0,07,000,00,1,2,01,A01
201000060106,0,07,000,00,2,4,02,B01
201000060106,0,07,000,00,2,1,02,C01
201000060106,0,07,000,00,0,4,02,A01
201000060107,0,07,000,03,2,9,17,A01
201000060107,0,07,000,00,0,1,12,B01
201000060108,0,07,000,04,0,2,15,A01
201000060109,0,10,000,00,2,2,01,B01
201000060109,0,10,000,00,2,8,11,A01
201000060110,0,07,000,00,0,0,20,A01
201000060110,0,10,000,00,1,7,21,B01
201000060111,1,07,000,00,0,0,09,Z01
201000060111,0,07,000,03,2,8,01,A01
201000060111,0,99,000,03,2,7,12,B01
201000060112,0,17,000,00,2,8,13,A01
201000060112,0,07,000,00,2,2,01,B01
201000060113,0,07,000,03,0,9,01,A01
201000060113,0,07,000,00,9,3,11,B01
201000060114,0,07,000,04,0,1,10,A01
201000060114,0,07,000,01,0,5,02,B01
201000060115,0,07,000,00,0,4,02,A01
201000060115,0,07,000,00,2,1,02,B01
201000060116,0,07,000,00,0,4,20,A01
201000060116,0,30,000,00,2,1,02,B01
201000060117,0,07,000,00,0,3,01,A01
201000060117,0,07,000,00,2,1,14,B01
201000060118,0,07,000,00,2,1,02,B01
201000060118,0,07,000,00,2,4,02,A01
201000060119,0,07,000,00,2,4,02,B01
201000060119,2,07,000,00,2,1,02,C01
201000060119,0,07,000,00,0,4,01,A01
201000060120,0,31,000,00,2,1,02,B01
201000060120,0,07,000,00,0,6,23,A01
201000060121,0,34,000,00,0,8,01,A01
201000060122,0,07,000,00,2,1,00,I02
201000060122,0,07,000,00,2,2,05,A03
201000060122,0,07,000,00,2,3,00,E01
201000060122,0,07,000,00,2,1,00,G02
201000060122,0,07,000,00,2,7,00,J02
201000060122,0,07,000,04,2,2,00,B01
201000060122,0,07,000,04,2,2,00,C01
201000060122,0,07,000,00,2,3,00,F01
201000060122,0,07,000,00,2,8,21,D01
201000060122,0,33,000,00,2,7,00,H02
201000060122,0,07,000,00,2,7,00,K02
201000060123,0,07,000,04,0,8,01,A01
201000060123,0,07,000,00,2,1,12,B01
201000060124,1,02,000,00,2,2,17,Z01
201000060124,0,07,000,04,2,6,02,A01
201000060125,0,10,000,03,2,2,01,B01
201000060125,0,07,000,00,2,6,13,A01
201000060126,0,07,000,03,0,3,01,A01
201000060127,0,30,000,00,2,4,23,A01
201000060127,1,07,000,00,2,1,02,Z01
201000060128,0,31,000,00,2,1,18,B01
201000060128,0,07,000,00,2,2,22,A01
201000060129,0,10,000,00,1,7,04,A01
201000060130,0,33,000,01,2,2,02,A01
201000060130,0,07,000,00,2,8,23,B01
201000060130,0,07,000,00,2,4,02,C01
201000060131,0,02,000,00,1,0,01,A01
201000060132,0,07,000,00,2,1,02,B01
201000060132,0,07,000,00,2,6,23,A01
201000060133,0,30,000,00,1,3,21,A01
201000060134,0,33,000,00,1,1,01,A01
201000060135,1,07,000,00,2,0,14,Z01
201000060135,0,34,000,00,2,6,01,A01
201000060136,0,07,000,00,1,2,01,A01
201000060137,0,01,000,00,1,2,15,A01
201000060138,0,32,000,00,0,0,01,A01
201000060139,0,07,000,00,1,1,15,A01
201000060140,0,07,000,00,2,4,11,B01
201000060140,0,07,000,00,2,1,01,A01
201000060141,0,34,000,00,0,8,01,A01
201000060142,0,07,000,00,2,1,01,B01
201000060142,0,07,000,14,2,7,01,A01
201000060143,0,32,000,00,2,7,05,A01
201000060143,0,07,000,00,2,3,01,B01
201000060144,0,32,000,14,0,2,14,A01
201000060145,0,33,000,00,0,0,15,A01
201000060146,0,01,000,00,1,1,01,A01
201000060147,0,07,000,00,2,5,01,B01
201000060147,0,33,000,00,2,1,17,A01
201000060147,0,33,000,00,2,1,01,C01
201000060148,0,07,000,15,2,3,13,A01
201000060148,0,10,000,00,2,2,01,B01
201000060149,0,10,000,00,2,3,23,B01
201000060149,0,01,000,00,2,5,14,A01
201000060150,0,07,000,00,1,5,04,A01
201000060151,0,32,000,00,2,4,23,B01
201000060151,0,07,000,00,2,1,14,A01
201000060151,0,07,000,00,2,6,23,C01
201000060152,0,34,000,00,2,7,01,A01
201000060152,0,07,000,00,2,8,01,B01
201000060153,1,07,000,00,2,2,17,Z01
201000060153,0,30,000,00,2,6,01,A01
201000060154,0,07,000,00,2,2,16,A01
201000060154,0,01,000,00,2,1,01,B01
201000060155,0,01,000,00,1,3,01,A01
201000060156,0,07,000,00,2,3,10,A01
201000060156,0,02,000,00,2,3,01,B01
201000060157,0,30,000,14,0,1,13,A01
201000060158,0,30,000,00,2,1,01,A01
201000060158,0,07,000,00,2,2,15,B01
201000060159,2,07,000,14,0,1,14,Z01
201000060160,0,32,000,00,0,1,01,A01
201000060161,0,10,000,00,1,5,04,A01
201000060162,0,33,000,12,0,1,17,A01
201000060163,0,07,000,00,2,5,02,B01
201000060163,0,30,000,00,2,2,02,A01
201000060164,0,07,000,00,1,4,04,A01
201000060165,0,37,002,00,2,1,02,B01
201000060165,0,07,000,00,2,4,23,A01
201000060166,1,07,000,00,1,0,01,Z01
201000060167,0,07,000,00,2,1,02,A01
201000060167,0,07,000,00,2,4,23,B01
201000060168,0,33,000,00,0,4,01,A01
201000060169,0,03,000,12,0,2,14,A01
201000060170,0,07,000,00,2,2,17,A01
201000060170,0,01,000,00,2,3,13,B01
201000060171,0,33,000,00,2,8,01,A01
201000060171,1,07,000,00,2,0,13,Z01
201000060172,0,07,000,00,1,1,15,A01
201000060173,0,01,000,01,0,1,05,A01
201000060174,0,33,000,00,0,0,11,A01
201000060175,0,32,000,00,2,6,15,A01
201000060175,0,07,000,00,2,2,01,B01
201000060176,0,32,000,00,2,6,21,A01
201000060176,0,07,000,00,2,2,01,B01
201000060176,0,10,000,00,2,3,14,C01
201000060177,0,07,000,00,0,3,01,A01
201000060177,0,07,000,00,0,5,23,B01
201000060178,0,34,000,00,2,1,01,B01
201000060178,0,10,000,00,2,0,15,A01
201000060179,0,07,000,00,2,6,23,B01
201000060179,0,30,000,00,2,1,02,A01
201000060180,0,07,000,00,2,1,02,A01
201000060180,0,07,000,00,2,9,23,B01
201000060181,0,33,000,00,1,1,01,A01
201000060182,0,02,000,00,2,2,17,A01
201000060182,0,14,000,00,2,8,15,B01
201000060183,0,01,000,00,2,0,01,B01
201000060183,0,33,000,00,2,1,16,A01
201000060184,0,33,000,00,1,1,15,A01
201000060185,0,07,000,00,1,3,15,A01
201000060186,0,07,000,00,1,3,00,A01
201000060187,0,07,000,00,0,2,15,A01
201000060187,0,02,000,00,2,3,01,B01
201000060188,0,07,000,00,0,3,01,B01
201000060188,0,34,000,00,0,2,16,A01
201000060189,0,30,000,00,0,7,01,A01
201000060190,0,07,000,00,2,0,15,A01
201000060190,0,32,000,00,2,2,17,B01
201000060191,0,34,000,14,2,7,01,B01
201000060191,0,34,000,00,1,1,13,A01
201000060192,0,01,000,00,0,0,01,A01
201000060193,0,07,000,00,2,7,15,A01
201000060193,0,02,000,00,2,2,16,B01
201000060194,0,07,000,00,2,3,01,B01
201000060194,0,07,000,00,2,1,01,A01
201000060195,0,30,000,12,0,1,01,A01
201000060196,0,10,000,00,0,5,24,B01
201000060196,0,32,000,00,2,1,01,A01
201000060197,0,07,000,00,2,7,01,C01
201000060197,0,07,000,00,2,8,22,A01
201000060197,0,01,000,00,2,0,01,B01
201000060198,0,02,000,00,2,2,17,A01
201000060198,0,07,000,00,2,8,15,B01
201000060199,0,31,000,11,0,1,15,A01
201000060200,0,02,000,00,2,8,15,B01
201000060200,0,32,000,00,2,7,17,A01
201000060201,0,32,000,00,0,2,01,A01
201000060202,0,10,000,00,2,8,12,A01