Num_Acc,senc,catv,occutc,obs,obsm,choc,manv,num_veh
201000060202,0,32,000,00,2,7,23,B01
201000060203,0,30,000,00,2,3,01,B01
201000060203,0,07,000,00,2,2,01,A01
201000060204,0,33,000,00,2,3,01,B01
201000060204,0,07,000,00,2,5,16,A01
201000060205,0,02,000,00,1,1,07,A01
201000060206,0,07,000,00,1,3,01,A01
201000060207,0,10,000,00,1,1,01,A01
201000060208,0,01,000,00,2,2,01,B01
201000060208,0,07,000,00,2,3,22,A01
201000060209,0,07,000,00,2,1,01,B01
201000060209,0,32,000,00,2,7,01,A01
201000060210,0,07,000,12,0,0,14,A01
201000060211,0,07,000,00,2,5,01,B01
201000060211,0,02,000,00,2,3,13,A01
201000060212,0,32,000,00,2,2,17,A01
201000060212,0,07,000,00,2,3,15,B01
201000060213,0,07,000,00,1,4,04,A01
201000060214,0,34,000,00,2,8,01,A01
201000060214,1,07,000,00,2,0,12,Z01
201000060215,0,10,000,00,2,2,01,B01
201000060215,0,38,000,00,2,8,23,C01
201000060215,0,02,000,00,2,5,03,A01
201000060216,0,02,000,14,0,1,14,A01
201000060217,0,07,000,00,2,3,22,A01
201000060217,0,01,000,00,2,2,01,B01
201000060218,0,03,000,00,1,3,15,A01
201000060219,0,30,000,00,1,8,01,A01
201000060220,0,13,000,00,2,2,16,A01
201000060220,0,07,000,08,2,9,07,B01
201000060221,0,07,000,00,2,3,15,A01
201000060221,0,32,000,00,2,2,01,B01
201000060222,0,07,000,00,2,2,23,A01
201000060222,0,30,000,00,2,3,21,B01
201000060223,0,32,000,00,2,1,01,B01
201000060223,0,07,000,00,2,8,15,A01
201000060224,0,34,000,00,0,0,01,A01
201000060225,0,07,000,00,2,3,15,A01
201000060225,0,32,000,00,2,3,01,B01
201000060226,0,30,000,04,0,3,13,A01
201000060227,0,37,000,00,2,1,02,B01
201000060227,0,07,000,00,2,4,02,A01
201000060228,0,33,000,00,0,0,15,A01
201000060229,0,13,000,00,2,4,23,A01
201000060229,0,33,000,00,2,3,17,B01
201000060230,0,02,000,00,0,7,01,A01
201000060231,0,01,000,00,1,1,01,A01
201000060232,0,14,000,00,1,2,01,A01
201000060233,0,34,000,00,0,7,01,A01
201000060234,0,33,000,00,1,1,01,A01
201000060235,0,01,000,00,0,4,07,B01
201000060235,0,37,004,00,0,1,17,A01
201000060236,0,33,000,00,1,1,01,A01
201000060237,0,01,000,00,1,0,01,A01
201000060238,0,14,000,00,2,2,16,A01
201000060238,0,01,000,00,2,9,07,B01
201000060239,0,01,000,00,2,0,19,A01
201000060239,0,07,000,00,2,3,01,B01
201000060240,0,33,000,00,0,7,03,A01
201000060241,0,07,000,00,1,2,01,A01
201000060242,0,34,000,00,0,6,23,B01
201000060242,0,07,000,00,0,1,01,A01
201000060243,0,30,000,00,0,0,13,A01
201000060244,0,10,000,00,1,7,01,A01
201000060245,0,07,000,00,1,7,01,A01
201000060246,0,07,000,00,1,1,15,A01
201000060247,0,34,000,00,0,0,21,A01
201000060248,0,01,000,00,0,0,07,A01
201000060249,0,37,010,00,1,1,01,A01
201000060250,0,02,000,00,1,3,01,A01
201000060251,0,30,000,00,2,7,01,B01
201000060251,0,10,000,00,2,8,15,A01
201000060252,0,02,000,00,0,0,21,A01
201000060253,0,07,000,00,0,6,15,B01
201000060253,0,32,000,00,0,1,17,A01
201000060254,0,02,000,00,0,1,17,A01
201000060254,0,07,000,00,0,3,15,B01
201000060255,0,37,001,00,1,2,07,A01
201000060256,0,07,000,00,2,4,10,A01
201000060256,0,32,000,00,2,8,01,B01
201000060257,0,07,000,00,1,2,16,A01
201000060258,0,32,000,00,2,1,02,B01
201000060258,0,07,000,00,2,4,02,A01
201000060259,0,32,000,00,0,2,01,A01
201000060260,0,07,000,00,1,1,15,A01
201000060261,0,32,000,00,2,8,03,A01
201000060261,0,38,001,00,2,7,01,B01
201000060262,0,02,000,12,0,1,01,A01
201000060263,0,07,000,00,0,5,01,B01
201000060263,0,01,000,00,2,5,01,A01
201000060264,0,07,000,00,1,5,20,A01
201000060265,0,33,000,00,2,6,01,B01
201000060265,0,14,000,00,2,2,15,A01
201000060266,0,34,000,00,2,1,02,B01
201000060266,0,33,000,00,2,0,02,A01
201000060267,0,07,000,00,1,3,01,A01
201000060268,0,07,000,00,2,1,01,A01
201000060268,0,07,000,00,2,1,01,B01
201000060269,0,07,000,00,1,1,01,A01
201000060270,0,07,000,12,0,2,14,A01
201000060271,0,07,000,00,2,4,16,B01
201000060271,0,30,000,00,2,8,18,A01
201000060272,0,31,000,00,0,0,01,A01
201000060273,0,32,000,00,1,3,01,A01
201000060274,0,07,000,00,1,7,15,A01
201000060275,0,33,000,00,0,8,10,A01
201000060276,0,07,000,00,2,5,22,A01
201000060276,0,33,000,14,2,1,18,B01
201000060277,0,30,000,00,0,5,17,A01
201000060277,0,32,000,00,0,1,15,B01
201000060278,0,07,000,00,0,7,10,A01
201000060278,0,33,000,00,0,5,01,B01
201000060279,0,07,000,00,2,3,15,A01
201000060279,0,33,000,00,2,3,17,B01
201000060280,0,32,000,00,2,4,11,A01
201000060280,0,32,000,00,2,1,01,B01
201000060281,0,37,001,00,2,6,01,B01
201000060281,0,01,000,00,2,0,05,A01
201000060282,0,07,000,00,1,0,01,A01
201000060283,0,07,000,00,1,2,15,A01
201000060284,0,01,000,00,2,1,01,B01
201000060284,0,07,000,00,2,8,22,A01
201000060285,0,07,000,06,0,2,16,A01
201000060286,0,32,000,00,0,0,21,A01
201000060287,0,30,000,00,2,3,01,A01
201000060287,0,07,000,00,2,2,15,B01
201000060288,0,32,000,00,0,0,01,A01
201000060289,0,07,000,11,0,1,13,A01
201000060290,0,10,000,00,1,4,04,A01
201000060291,0,10,000,00,1,8,01,A01
201000060292,0,07,000,00,2,4,15,A01
201000060292,0,30,000,00,2,7,17,B01
201000060293,1,38,000,00,1,1,16,Z01
201000060294,0,37,000,00,1,2,07,A01
201000060295,0,10,000,00,2,2,15,B01
201000060295,0,30,000,00,2,7,17,A01
201000060296,0,01,000,00,0,0,01,A01
201000060297,0,30,000,00,1,3,01,A01
201000060298,0,07,000,00,1,1,15,A01
201000060299,0,32,000,00,2,1,02,A01
201000060299,0,10,000,00,2,5,02,B01
201000060300,0,37,001,00,1,2,07,A01
201000060301,0,33,000,00,2,1,07,A01
201000060301,0,07,000,00,2,3,07,B01
201000060301,0,07,000,00,2,2,01,C01
201000060302,0,07,000,00,2,7,12,A01
201000060302,0,34,000,00,2,3,01,B01
201000060303,0,07,000,00,2,5,15,A01
201000060303,0,30,000,00,2,1,01,B01
201000060304,0,33,000,00,1,1,01,A01
201000060305,0,32,000,00,2,2,01,A01
201000060305,0,10,000,00,2,3,15,B01
201000060306,0,30,000,00,1,2,01,A01
201000060307,0,07,000,00,1,8,16,A01
201000060308,1,10,000,00,1,0,16,Z01
201000060309,0,30,000,00,2,7,01,A01
201000060309,0,10,000,00,2,3,01,B01
201000060310,0,10,000,00,1,7,16,A01
201000060311,0,07,000,00,1,2,17,A01
201000060312,0,32,000,01,2,7,01,B01
201000060312,0,01,000,00,2,8,01,A01
201000060313,0,01,000,00,0,0,21,A01
201000060314,0,07,000,00,1,2,07,A01
201000060315,1,34,000,00,0,1,01,Z01
201000060316,0,07,000,00,1,6,04,A01
201000060317,0,30,000,00,1,1,15,A01
201000060318,0,02,000,14,0,1,14,A01
201000060319,0,30,000,00,1,2,16,A01
201000060320,0,30,000,11,0,1,13,A01
201000060321,0,01,000,01,2,1,05,A01
201000060321,0,10,000,00,2,2,01,B01
201000060322,0,34,000,00,2,2,01,A01
201000060322,0,07,000,00,2,2,01,B01
201000060323,0,07,000,00,1,1,01,A01
201000060324,0,32,000,14,0,8,01,A01
201000060325,0,10,000,00,1,1,01,A01
201000060326,0,01,000,00,1,1,07,A01
201000060327,0,30,000,00,2,2,15,A01
201000060327,0,30,000,00,2,8,01,B01
201000060328,0,07,000,00,1,2,01,A01
201000060329,0,07,000,00,1,0,16,A01
201000060330,0,07,000,00,1,2,15,A01
201000060331,0,07,000,00,2,5,01,A01
201000060331,0,32,000,00,2,1,01,B01
201000060332,0,07,000,00,2,1,01,A01
201000060332,0,33,000,01,2,9,01,B01
201000060332,1,07,000,00,0,4,01,Z01
201000060333,0,32,000,00,0,7,01,A01
201000060334,1,01,000,00,1,0,01,Z01
201000060335,0,07,000,00,2,6,22,A01
201000060335,0,10,000,00,2,7,01,B01
201000060336,0,07,000,00,1,1,15,A01
201000060337,0,02,000,00,0,0,01,A01
201000060338,0,31,000,00,0,2,16,A01
201000060339,0,07,000,00,2,2,15,A01
201000060339,0,02,000,00,2,3,01,B01
201000060340,0,07,000,01,0,5,11,B01
201000060340,0,32,000,00,0,8,01,A01
201000060341,0,01,000,00,2,2,07,B01
201000060341,0,07,000,00,2,2,17,A01
201000060342,0,33,000,09,0,2,01,A01
201000060343,0,07,000,00,2,1,01,B01
201000060343,0,07,000,00,2,2,15,A01
201000060344,1,30,000,00,0,0,05,A01
201000060344,0,01,000,00,2,1,01,B01
201000060345,0,33,000,00,0,7,01,C01
201000060345,0,07,000,00,0,2,01,A01
201000060345,0,32,000,00,2,7,01,B01
201000060346,0,07,000,15,0,1,16,A01
201000060347,0,07,000,00,0,0,23,B01
201000060347,0,01,000,00,0,0,01,A01
201000060348,0,30,000,00,2,5,16,A01
201000060348,0,33,000,00,2,1,01,B01
201000060349,0,32,000,00,1,1,01,A01
201000060350,1,07,000,00,2,6,11,Z01
201000060350,0,32,000,00,2,2,01,A01
201000060351,0,30,000,12,0,0,14,A01
201000060352,0,37,050,00,2,0,01,A01
201000060352,0,07,000,00,2,0,13,B01
201000060353,0,07,000,00,1,4,04,A01
201000060354,0,01,000,00,2,3,23,B01
201000060354,0,02,000,00,2,2,14,A01
201000060355,0,02,000,00,2,2,01,A01
201000060355,0,01,000,00,2,3,01,B01
201000060356,0,02,000,00,2,4,02,A01
201000060356,1,07,000,00,2,0,02,Z01
201000060357,0,07,000,15,2,1,01,B01
201000060357,0,07,000,00,2,0,01,A01
201000060358,0,07,000,00,1,2,15,A01
201000060359,0,10,000,00,2,7,09,A01
201000060359,0,30,000,01,2,0,01,B01
201000060360,0,07,000,00,2,4,23,B01
201000060360,0,07,000,00,2,1,02,A01
201000060361,0,01,000,00,2,1,01,A01
201000060361,0,07,000,00,2,2,01,B01
201000060362,0,32,000,00,2,1,02,A01
201000060362,0,07,000,00,2,4,23,B01
201000060363,0,07,000,00,2,7,01,A01
201000060363,0,32,000,00,2,1,01,B01
201000060364,0,07,000,00,1,3,15,A01
201000060365,0,01,000,00,2,3,15,B01
201000060365,0,33,000,00,2,2,15,A01
201000060366,0,32,000,00,2,1,07,A01
201000060366,0,07,000,00,2,2,16,B01
201000060367,0,32,000,00,2,1,01,B01
201000060367,0,07,000,00,2,2,01,A01
201000060368,0,07,000,00,2,5,01,B01
201000060368,0,32,000,00,2,1,07,A01
201000060369,0,07,000,00,2,1,04,A01
201000060369,0,33,000,00,2,1,01,B01
201000060370,0,30,000,00,2,6,01,B01
201000060370,0,10,000,00,2,2,09,A01
201000060371,0,10,000,00,2,5,04,A01
201000060371,0,01,000,00,2,3,23,B01
201000060372,0,32,000,00,2,3,01,B01
201000060372,0,07,000,00,2,2,22,A01
201000060373,0,10,000,00,2,7,22,A01
201000060373,0,33,000,00,2,1,18,B01
201000060374,0,07,000,00,1,4,04,A01
201000060375,0,07,000,00,1,2,16,A01
201000060376,0,07,000,00,2,1,09,A01
201000060376,0,31,000,00,2,1,01,B01
201000060377,0,32,000,00,0,0,21,A01
201000060378,0,01,000,00,2,1,01,A01
201000060378,0,14,000,00,2,6,01,B01
201000060379,0,01,000,00,2,1,17,B01
201000060379,0,07,000,00,2,8,22,A01
201000060380,0,32,000,00,0,1,01,A01
201000060380,0,01,000,00,0,4,23,B01
201000060381,0,01,000,00,2,0,07,B01
201000060381,0,07,000,00,2,5,16,A01
201000060382,0,07,000,00,1,1,15,A01
201000060383,0,32,000,00,2,2,05,A01
201000060383,0,07,000,00,2,3,15,B01
201000060384,0,10,000,00,1,4,04,A01
201000060385,0,07,000,00,1,4,04,A01
201000060386,0,10,000,00,1,2,01,A01
201000060387,0,31,000,00,0,0,01,A01
201000060388,0,07,000,00,2,1,01,A01
201000060388,0,32,000,00,0,4,23,B01
201000060389,0,32,000,00,2,2,17,B01
201000060389,0,07,000,00,2,3,13,A01
201000060390,0,32,000,00,0,1,01,A01
201000060390,0,07,000,00,2,3,01,B01
201000060391,0,10,000,00,1,3,01,A01
201000060392,0,02,000,00,2,5,01,A01
201000060392,1,02,000,00,2,0,18,Z01
201000060393,0,07,000,00,2,8,15,B01
201000060393,0,32,000,00,2,7,17,A01
201000060394,0,32,000,11,0,1,14,A01
201000060395,0,07,000,00,2,5,01,A01
201000060395,0,32,000,00,2,1,01,B01
201000060396,0,07,000,00,2,0,11,A01
201000060396,0,33,000,00,2,0,01,B01
201000060397,0,07,000,00,2,5,23,B01
201000060397,0,32,000,00,2,3,02,A01
201000060398,0,31,000,00,2,1,07,A01
201000060398,0,07,000,00,2,2,01,B01
201000060399,0,02,000,00,1,1,01,A01
201000060400,0,33,000,00,2,1,01,A01
201000060400,0,07,000,00,0,5,01,B01
201000060401,0,32,000,00,0,4,23,B01
201000060401,0,13,000,00,0,1,01,A01
201000060402,0,33,000,00,2,1,02,A01
201000060402,0,33,000,00,2,4,23,B01
201000060403,0,32,000,00,0,0,01,A01
201000060404,0,32,000,00,2,1,07,B01
201000060404,0,38,001,00,2,2,16,A01
201000060405,0,07,000,00,2,0,01,A01
201000060405,0,32,000,15,2,2,01,B01
201000060406,1,10,000,00,1,0,01,Z01
201000060407,0,02,000,00,2,4,15,A01
201000060407,1,07,000,00,2,4,17,Z01
201000060408,0,30,000,00,2,5,01,B01
201000060408,0,10,000,00,2,3,10,A01
201000060409,0,07,000,00,1,3,01,A01
201000060410,0,31,000,00,2,8,01,B01
201000060410,0,07,000,00,2,2,09,A01
201000060411,0,07,000,00,2,5,01,B01
201000060411,0,02,000,00,2,3,21,A01
201000060412,0,31,000,00,0,7,07,A01
201000060413,0,30,000,14,0,0,13,A01
201000060414,0,10,000,00,2,0,14,A01
201000060414,0,32,000,00,2,0,23,B01
201000060415,0,32,000,00,2,2,01,B01
201000060415,0,10,000,00,2,3,09,A01
201000060416,0,10,000,00,2,3,15,A01
201000060416,0,02,000,00,2,7,15,B01
201000060417,0,32,000,00,2,1,02,A01
201000060417,0,07,000,00,2,6,15,B01
201000060418,0,33,000,00,2,1,02,A01
201000060418,0,07,000,00,2,6,23,B01
201000060419,0,30,000,01,2,8,01,A01
201000060419,0,10,000,00,2,2,16,B01
201000060420,0,32,000,00,1,1,01,A01
201000060421,0,02,000,00,2,0,01,A01
201000060422,0,31,000,00,0,0,01,A01
201000060423,0,01,000,00,2,1,01,B01
201000060423,0,07,000,00,2,8,22,A01
201000060424,0,07,000,00,2,4,23,B01
201000060424,0,07,000,00,2,1,02,A01
201000060425,0,32,000,00,1,3,01,A01
201000060426,0,33,000,00,2,2,00,A01
201000060426,0,10,000,00,2,7,16,B01
201000060427,0,07,000,00,2,3,15,B01
201000060427,0,30,000,00,2,7,05,A01
201000060428,0,33,000,00,2,5,23,B01
201000060428,0,07,000,00,2,3,02,A01
201000060429,0,32,000,00,2,8,15,B01
201000060429,0,33,000,00,2,8,01,A01
201000060430,0,07,000,00,2,6,01,A01
201000060430,0,33,000,00,2,2,14,B01
201000060431,0,33,000,06,2,1,01,A01
201000060431,0,07,000,00,2,6,16,B01
201000060432,0,07,000,00,1,6,04,A01
201000060433,0,33,000,00,2,8,07,B01
201000060433,0,07,000,00,2,2,16,A01
201000060434,0,07,000,00,2,8,22,A01
201000060434,0,01,000,00,2,1,01,B01
201000060435,0,33,000,00,2,6,23,B01
201000060435,0,07,000,00,2,2,02,A01
201000060436,0,30,000,00,2,5,01,B01
201000060436,0,07,000,00,2,2,01,A01
201000060437,0,01,000,00,2,4,05,A01
201000060437,0,32,000,00,2,1,01,B01
201000060438,0,01,000,00,1,1,01,A01
201000060439,0,32,000,00,2,1,17,B01
201000060439,0,07,000,00,2,3,11,A01
201000060440,0,10,000,00,1,5,04,A01
201000060441,0,31,000,00,1,3,01,A01
201000060442,0,07,000,00,1,1,15,A01
201000060443,0,07,000,00,2,6,16,B01
201000060443,0,01,000,00,2,1,17,A01
201000060444,0,07,000,00,1,1,15,A01
201000060445,0,07,000,00,2,2,01,A01
201000060445,0,30,000,00,2,8,01,B01
201000060446,0,31,000,00,0,0,21,A01
201000060447,0,01,000,01,0,8,13,A01
201000060447,0,07,000,00,0,5,24,B01
201000060448,0,07,000,01,2,5,12,A01
201000060448,0,37,000,00,2,1,07,B01
201000060449,0,31,000,00,2,1,02,A01
201000060449,0,07,000,00,2,4,23,B01
201000060450,0,30,000,00,2,7,16,B01
201000060450,0,02,000,08,2,1,18,A01
201000060451,0,30,000,00,2,1,02,A01
201000060451,0,07,000,00,2,5,02,B01
201000060452,0,01,000,00,0,0,01,A01
201000060453,0,30,000,00,2,1,02,A01
201000060453,0,07,000,00,2,6,02,B01
201000060454,0,30,000,00,2,1,03,A01
201000060454,0,07,000,00,2,5,23,B01
201000060455,0,33,000,01,2,7,17,A01
201000060455,0,07,000,00,2,3,15,B01
201000060456,0,34,000,00,0,0,21,A01
201000060457,0,10,000,00,1,4,04,A01
201000060458,0,01,000,00,2,7,05,A01
201000060458,0,34,000,00,2,7,01,B01
201000060459,0,07,000,00,2,2,01,A01
201000060459,0,32,000,00,2,1,01,B01
201000060460,0,07,000,00,1,8,17,A01
201000060461,0,13,000,00,1,5,04,A01
201000060462,0,32,000,00,2,6,17,B01
201000060462,0,07,000,00,2,3,15,A01
201000060463,0,02,000,00,0,0,01,A01
201000060464,0,31,000,00,1,1,01,A01
201000060465,0,07,000,00,0,7,16,A01
201000060465,0,30,000,00,0,8,01,B01
201000060466,0,07,000,00,1,2,07,A01
201000060467,1,07,000,00,1,1,01,Z01
201000060468,0,07,000,00,2,1,01,A01
201000060468,0,30,000,00,2,7,01,B01
201000060469,0,01,000,00,0,1,07,A01
201000060470,1,30,000,00,2,1,07,Z01
201000060470,0,01,000,00,2,0,23,A01
201000060471,0,32,000,00,0,0,21,A01
201000060472,0,07,000,00,2,3,02,A01
201000060472,0,01,000,00,2,4,02,B01
201000060473,0,07,000,00,1,2,01,A01
201000060474,0,30,000,00,2,1,01,B01
201000060474,0,07,000,00,2,5,01,A01
201000060475,0,07,000,00,1,5,04,A01
201000060476,0,32,000,00,0,0,01,A01
201000060477,0,33,000,12,0,8,15,A01
201000060478,0,01,000,00,2,7,01,B01
201000060478,0,10,000,00,2,1,05,A01
201000060479,0,10,000,00,2,8,09,A01
201000060479,0,32,000,00,2,7,01,B01
201000060480,0,33,000,00,2,1,15,A01
201000060480,0,07,000,00,2,6,15,B01
201000060481,0,02,000,00,2,2,01,B01
201000060481,0,02,000,00,2,6,19,A01
201000060482,0,30,000,00,1,7,01,A01
201000060483,0,13,000,00,2,8,22,A01
201000060483,0,01,000,00,2,2,01,B01
201000060484,0,02,000,00,2,3,12,A01
201000060484,0,01,000,00,2,3,01,B01
201000060485,0,07,000,00,0,0,16,B01
201000060485,0,01,000,00,9,0,07,A01
201000060486,0,02,000,00,0,7,01,A01
201000060486,0,07,000,00,0,3,01,B01
201000060487,0,07,000,00,1,3,01,A01
201000060488,0,33,000,00,0,0,21,A01
201000060489,0,07,000,00,2,4,23,B01
201000060489,0,10,000,00,2,1,02,A01
201000060490,0,32,000,00,1,3,01,A01
201000060491,0,07,000,00,1,2,01,A01
201000060492,0,01,000,00,2,4,02,A01
201000060492,0,01,000,00,2,1,02,B01
201000060493,0,07,000,00,2,7,16,A01
201000060493,0,01,000,00,2,1,01,B01
201000060494,0,34,000,14,0,1,01,A01
201000060494,0,14,000,00,0,0,23,B01
201000060495,0,32,000,00,0,0,21,A01
201000060496,0,07,000,00,0,4,23,C01
201000060496,0,33,000,00,2,7,01,A01
201000060496,0,30,000,00,2,6,23,B01
201000060497,0,07,000,00,2,3,15,A01
201000060497,0,33,000,00,2,1,01,B01
201000060498,0,10,000,00,2,3,23,B01
201000060498,0,33,000,00,2,8,01,A01
201000060499,0,30,000,00,2,0,01,A01
201000060499,0,07,000,00,2,0,22,B01
201000060500,0,07,000,00,2,4,23,B01
201000060500,0,33,000,00,2,1,02,A01
201000060501,0,07,000,00,2,4,23,B01
201000060501,0,10,000,00,2,1,02,A01
201000060502,0,07,000,00,0,4,23,B01
201000060502,0,02,000,00,2,1,01,A01
201000060503,0,30,000,00,2,5,01,A01
201000060503,0,07,000,00,2,3,01,B01
201000060504,0,07,000,00,2,3,15,A01
201000060504,0,31,000,00,2,2,17,B01
201000060505,0,01,000,00,2,1,07,B01
201000060505,0,07,000,00,2,2,16,A01
201000060506,0,03,000,00,2,5,10,A01
201000060506,0,02,000,00,2,1,01,B01
201000060507,0,30,000,00,0,8,16,A01
201000060508,1,32,000,00,1,1,01,Z01
201000060509,0,01,000,00,0,0,01,A01
201000060510,0,07,000,00,2,3,15,A01
201000060510,0,31,000,00,2,8,17,B01
201000060511,0,07,000,00,2,8,23,B01
201000060511,0,10,000,00,2,1,01,C01
201000060511,0,07,000,00,2,7,01,A01
201000060512,0,07,000,00,2,5,02,B01
201000060512,0,07,000,00,2,1,02,A01
201000060513,0,03,000,00,2,3,22,A01
201000060513,0,01,000,00,2,1,01,B01
201000060514,0,07,000,00,2,1,02,A01
201000060514,0,32,000,00,2,7,02,B01
201000060515,0,01,000,00,0,0,21,A01
201000060516,0,07,000,00,0,3,15,A01
201000060517,0,07,000,07,0,1,13,A01
201000060518,0,07,000,00,2,1,01,A01
201000060518,0,07,000,01,2,9,20,B01
201000060519,0,07,000,00,2,3,01,A01
201000060519,0,33,000,00,2,4,09,B01
201000060520,0,30,000,08,0,8,13,A01
201000060521,0,07,000,00,2,1,15,A01
201000060521,0,32,000,00,2,8,01,B01
201000060522,0,07,000,14,0,3,13,A01
201000060523,0,07,000,00,2,4,23,B01
201000060523,0,07,000,00,2,1,02,A01
201000060524,0,07,000,00,1,1,16,A01
201000060525,0,07,000,00,1,7,16,A01
201000060526,0,07,000,00,2,8,11,B01
201000060526,0,33,000,00,2,0,03,A01
201000060527,0,01,000,00,2,4,09,B01
201000060527,0,07,000,00,2,2,01,A01
201000060528,0,07,000,00,2,5,22,A01
201000060528,0,07,000,00,2,7,23,C01
201000060528,0,33,000,00,2,8,03,B01
201000060529,0,07,000,00,2,5,23,C01
201000060529,0,07,000,00,2,4,23,B01
201000060529,0,07,000,00,2,1,02,A01
201000060530,0,30,000,14,0,1,14,A01
201000060531,0,32,000,00,2,4,23,B01
201000060531,0,30,000,00,2,2,02,A01
201000060532,0,32,000,00,1,1,01,A01
201000060533,0,34,000,00,0,1,01,A01
201000060534,0,30,000,14,2,6,02,A01
201000060534,0,07,000,00,2,6,23,B01
201000060535,0,30,000,01,0,1,14,A01
201000060536,0,10,000,00,1,1,01,A01
201000060537,0,07,000,00,2,2,02,A01
201000060537,0,07,000,00,2,6,02,B01
201000060538,0,33,000,00,2,4,02,B01
201000060538,0,30,000,00,2,1,02,A01
201000060539,0,37,000,00,1,2,07,A01
201000060540,0,30,000,00,2,7,01,A01
201000060540,1,07,000,00,2,0,16,Z01
201000060541,0,34,000,00,0,8,01,A01
201000060542,0,07,000,00,2,4,23,B01
201000060542,0,07,000,00,2,1,02,A01
201000060543,0,30,000,00,2,1,09,A01
201000060543,0,07,000,00,2,1,16,B01
201000060544,0,30,000,00,0,0,01,A01
201000060545,0,07,000,00,2,5,22,A01
201000060545,0,01,000,00,2,1,01,B01
201000060546,0,07,000,00,2,3,15,B01
201000060546,0,34,000,00,2,0,01,A01
201000060547,0,33,000,00,1,0,01,A01
201000060548,1,07,000,00,1,1,01,Z01
201000060549,1,07,000,00,1,0,01,Z01
201000060550,0,33,000,00,1,3,01,A01
201000060551,0,02,000,14,0,3,16,A01
201000060552,0,32,000,00,2,0,17,B01
201000060552,0,07,000,00,2,8,15,A01
201000060553,0,31,000,00,1,3,01,A01
201000060554,0,02,000,00,1,1,17,A01
201000060555,0,07,000,00,2,3,01,A01
201000060555,0,32,000,00,2,7,01,B01
201000060556,0,07,000,00,2,1,02,A01
201000060556,0,34,000,00,2,4,23,B01
201000060557,0,37,001,00,2,8,07,B01
201000060557,0,30,000,00,2,1,01,A01
201000060558,0,02,000,00,2,8,18,A01
201000060558,0,07,000,00,2,2,16,B01
201000060559,0,07,000,00,2,3,01,A01
201000060559,0,30,000,00,2,4,15,B01
201000060560,0,31,000,00,0,8,01,A01
201000060561,0,33,000,00,2,0,02,A01
201000060561,0,07,000,00,2,0,04,B01
201000060562,0,02,000,00,2,0,01,A01
201000060562,1,10,000,00,2,0,13,Z01
201000060563,0,32,000,00,1,8,01,A01
201000060564,0,31,000,00,1,5,01,A01
201000060565,0,07,000,00,2,5,15,A01
201000060565,0,33,000,00,2,7,01,B01
201000060566,0,02,000,00,0,0,01,A01
201000060567,0,07,000,00,2,1,01,B01
201000060567,0,31,000,00,2,1,01,A01
201000060568,0,02,000,00,2,7,08,B01
201000060568,0,03,000,00,2,3,15,A01
201000060569,0,14,000,00,2,2,07,B01
201000060569,0,30,000,08,2,5,16,A01
201000060570,0,32,000,00,2,7,16,A01
201000060570,0,07,000,00,2,3,01,B01
201000060571,0,07,000,00,1,1,16,A01
201000060572,0,33,000,00,2,1,02,A01
201000060572,0,33,000,00,2,6,02,B01
201000060573,0,32,000,00,0,8,01,A01
201000060574,0,07,000,00,2,3,01,A01
201000060574,0,07,000,00,2,8,01,B01
201000060575,0,31,000,00,2,2,01,A01
201000060575,1,07,000,00,2,3,10,Z01
201000060576,0,32,000,00,0,1,01,A01
201000060577,0,07,000,00,1,1,01,A01
201000060578,0,07,000,00,2,4,23,B01
201000060578,0,31,000,00,2,1,01,A01
201000060579,0,33,000,00,2,1,01,A01
201000060579,0,07,000,00,2,5,01,B01
201000060580,0,01,000,00,2,0,21,A01
201000060581,0,32,000,00,0,0,21,A01
201000060582,0,31,000,00,1,1,01,A01
201000060583,0,02,000,00,2,8,01,A01
201000060583,0,07,000,00,2,7,16,B01
201000060584,0,01,000,00,1,1,01,A01
201000060585,0,32,000,00,2,0,17,A01
201000060585,0,01,000,00,2,0,13,B01
201000060586,0,30,000,00,0,0,21,A01
201000060587,0,07,000,00,1,2,02,A01
201000060588,0,33,000,00,2,0,03,A01
201000060588,0,07,000,00,2,0,12,B01
201000060589,0,30,000,00,1,8,01,A01
201000060590,0,33,000,00,2,2,17,B01
201000060590,0,07,000,00,2,3,15,A01
201000060591,0,33,000,00,0,7,01,A01
201000060592,0,01,000,01,0,1,01,B01
201000060592,0,07,000,00,2,8,22,A01
201000060593,0,34,000,00,2,7,03,A01
201000060593,0,07,000,00,2,8,01,B01
201000060594,0,33,000,00,0,8,01,A01
201000060595,0,01,000,00,2,8,01,A01
201000060595,0,32,000,00,9,1,01,B01
201000060596,0,07,000,00,1,7,07,A01
201000060597,0,10,000,00,1,1,15,A01
201000060598,0,07,000,00,2,3,07,B01
201000060598,0,32,000,00,2,2,12,A01
201000060599,0,07,000,00,2,3,01,B01
201000060599,0,10,000,00,2,2,01,A01
201000060600,0,07,000,00,2,2,16,B01
201000060600,0,33,000,00,2,3,01,A01
201000060601,0,33,000,00,2,2,01,B01
201000060601,0,07,000,00,2,2,12,A01
201000060602,0,01,000,00,1,1,07,A01
201000060603,0,01,000,00,0,7,21,A01
201000060604,0,07,000,00,1,3,01,A01
201000060605,0,02,000,00,2,7,01,A01
201000060605,0,01,000,00,2,8,01,B01
201000060606,0,32,000,00,0,8,15,A01
201000060607,0,02,000,00,2,3,02,A01