Num_Acc,senc,catv,occutc,obs,obsm,choc,manv,num_veh
201000061015,0,32,000,14,0,1,01,A01
201000061016,0,07,000,00,0,0,09,B01
201000061016,0,30,000,00,2,0,17,A01
201000061017,0,30,000,00,0,0,01,B01
201000061017,0,07,000,00,0,6,01,A01
201000061018,0,33,000,00,0,5,15,A01
201000061019,0,07,000,00,0,6,15,B01
201000061019,0,30,000,00,2,1,05,A01
201000061020,0,32,000,00,2,1,01,A01
201000061020,0,32,000,00,2,4,15,B01
201000061021,0,02,000,12,0,1,01,A01
201000061022,0,01,000,00,1,1,07,A01
201000061023,0,30,000,12,0,1,13,A01
201000061024,0,07,000,00,2,3,16,B01
201000061024,0,01,000,00,2,1,01,A01
201000061025,0,07,000,00,2,5,16,B01
201000061025,0,31,000,00,2,1,02,A01
201000061026,0,30,000,00,0,0,21,A01
201000061027,0,33,000,00,1,0,01,A01
201000061028,0,33,000,00,0,7,01,A01
201000061029,0,01,000,00,1,1,07,A01
201000061030,0,07,000,00,1,2,07,A01
201000061031,0,37,096,00,1,2,07,A01
201000061032,0,07,000,00,2,1,01,B01
201000061032,0,02,000,00,2,2,15,A01
201000061033,0,07,000,00,2,1,16,B01
201000061033,0,30,000,00,2,3,05,A01
201000061034,0,07,000,00,1,3,07,A01
201000061035,0,32,000,00,0,0,01,A01
201000061036,0,07,000,00,1,6,20,A01
201000061037,0,32,000,00,0,8,21,A01
201000061038,0,33,000,00,2,8,23,B01
201000061038,0,33,000,12,2,9,02,A01
201000061039,0,07,000,00,2,5,22,A01
201000061039,0,30,000,00,2,1,18,B01
201000061040,0,32,000,00,0,0,21,A01
201000061041,0,07,000,00,1,3,15,A01
201000061042,0,02,000,00,2,0,01,A01
201000061042,1,10,000,00,2,0,22,Z01
201000061043,0,10,000,00,2,7,16,B01
201000061043,0,32,000,00,2,8,01,A01
201000061044,0,30,000,00,0,0,21,A01
201000061045,0,30,000,00,1,0,01,A01
201000061046,0,32,000,00,0,3,15,A01
201000061047,0,30,000,00,0,1,01,A01
201000061048,0,14,000,00,1,7,01,A01
201000061049,0,07,000,00,1,2,17,A01
201000061050,0,07,000,00,2,7,15,A01
201000061050,0,33,000,00,2,1,01,B01
201000061051,0,30,000,00,1,1,10,A01
201000061052,0,01,000,00,0,0,05,A01
201000061053,0,07,000,11,0,3,15,A01
201000061054,0,07,000,00,2,5,10,B01
201000061054,0,07,000,15,2,1,01,A01
201000061055,0,07,000,00,2,4,02,C01
201000061055,0,07,000,00,2,4,02,B01
201000061055,0,07,000,00,2,1,02,A01
201000061056,0,30,000,00,2,1,01,B01
201000061056,0,07,000,00,2,3,10,A01
201000061057,0,30,000,00,1,1,01,A01
201000061058,0,07,000,00,1,4,04,A01
201000061059,0,07,000,00,1,4,04,A01
201000061060,0,01,000,00,1,1,16,A01
201000061061,0,30,000,00,2,1,02,A01
201000061061,0,07,000,00,2,6,23,B01
201000061062,0,10,000,00,2,8,10,A01
201000061062,0,32,000,00,2,1,01,B01
201000061063,0,07,000,00,2,7,01,B01
201000061063,0,01,000,00,2,7,01,A01
201000061064,0,30,000,00,2,8,01,B01
201000061064,0,07,000,00,2,2,15,A01
201000061065,0,32,000,00,1,1,18,A01
201000061066,0,32,000,00,2,3,01,B01
201000061066,0,07,000,00,2,1,15,A01
201000061067,0,30,000,00,0,7,16,A01
201000061068,0,34,000,00,2,1,02,A01
201000061068,0,33,000,00,2,4,23,B01
201000061069,0,07,000,00,2,2,16,B01
201000061069,0,02,000,00,2,1,18,A01
201000061070,0,07,000,12,0,3,14,A01
201000061071,0,07,000,00,2,3,15,B01
201000061071,0,33,000,00,2,2,08,A01
201000061072,0,33,000,00,2,1,13,A01
201000061072,0,07,000,00,2,1,04,B01
201000061073,1,07,000,00,1,0,10,Z01
201000061074,0,07,000,00,2,4,23,B01
201000061074,0,07,000,00,2,4,23,C01
201000061074,0,07,000,00,2,1,02,A01
201000061075,0,33,000,00,1,1,01,A01
201000061076,0,30,000,00,0,1,21,A01
201000061077,0,07,000,00,2,1,01,B01
201000061077,0,07,000,00,2,7,01,A01
201000061078,0,33,000,00,2,8,02,A01
201000061078,0,07,000,00,2,5,23,B01
201000061079,0,07,000,00,1,2,16,A01
201000061080,0,07,000,00,1,6,04,A01
201000061081,0,37,000,00,2,3,02,A01
201000061081,0,30,000,00,2,4,23,B01
201000061082,0,07,000,00,2,3,15,A01
201000061082,0,30,000,00,2,8,01,B01
201000061083,0,07,000,00,1,2,01,A01
201000061084,0,32,000,11,0,1,13,A01
201000061085,0,07,000,11,0,3,15,A01
201000061086,0,30,000,00,0,0,21,A01
201000061087,0,01,000,00,2,8,19,A01
201000061087,0,07,000,00,2,2,01,B01
201000061088,0,10,000,00,2,8,22,A01
201000061088,0,01,000,00,2,1,01,B01
201000061089,0,31,000,00,2,1,02,A01
201000061089,0,07,000,00,2,4,23,B01
201000061090,0,01,000,14,0,1,13,A01
201000061091,0,35,000,00,2,3,10,A01
201000061091,0,07,000,00,2,3,01,B01
201000061092,0,07,000,08,0,3,15,A01
201000061093,0,30,000,00,2,1,01,B01
201000061093,0,07,000,00,2,8,01,A01
201000061094,0,02,000,00,0,8,15,A01
201000061095,0,33,000,00,1,0,01,A01
201000061096,0,10,000,00,2,3,15,B01
201000061096,0,34,000,00,2,3,17,A01
201000061097,0,02,000,00,2,2,01,B01
201000061097,0,02,000,00,2,6,15,A01
201000061098,0,07,000,00,2,2,02,A01
201000061098,0,07,000,00,2,6,02,B01
201000061098,0,07,000,00,2,6,16,C01
201000061099,0,13,000,00,0,8,24,B01
201000061099,0,30,000,01,0,7,13,A01
201000061100,0,07,000,00,1,3,01,A01
201000061101,0,30,000,00,2,1,02,B01
201000061101,0,07,000,00,2,4,02,A01
201000061102,0,01,000,00,0,7,01,A01
201000061103,0,01,000,00,0,0,01,A01
201000061104,0,32,000,00,2,1,17,A01
201000061104,0,07,000,00,2,3,11,B01
201000061105,0,07,000,00,2,4,23,B01
201000061105,0,07,000,00,2,1,02,A01
201000061106,0,01,000,00,2,7,01,A01
201000061106,0,34,000,00,2,1,01,B01
201000061107,0,32,000,00,2,0,01,A01
201000061107,1,07,000,00,2,0,15,Z01
201000061108,0,02,000,00,2,1,01,B01
201000061108,0,07,000,00,2,2,01,A01
201000061109,0,02,000,00,1,1,01,A01
201000061110,0,07,000,00,2,7,01,B01
201000061110,0,32,000,00,2,7,01,A01
201000061111,0,10,000,00,2,3,11,A01
201000061111,0,32,000,00,2,8,01,B01
201000061112,0,07,000,11,0,1,15,A01
201000061113,0,07,000,00,2,1,02,A01
201000061113,0,32,000,00,2,4,23,B01
201000061114,0,01,000,00,2,0,01,B01
201000061114,0,07,000,00,2,1,09,A01
201000061115,0,32,000,00,2,8,01,B01
201000061115,0,07,000,00,2,2,15,A01
201000061116,0,02,000,00,1,7,01,A01
201000061117,0,07,000,00,2,3,15,A01
201000061117,0,30,000,00,2,4,23,B01
201000061118,0,31,000,00,0,0,21,A01
201000061119,0,07,000,00,0,1,15,A01
201000061120,0,10,000,00,2,8,15,B01
201000061120,0,07,000,00,2,1,01,A01
201000061121,0,07,000,00,2,5,23,B01
201000061121,0,30,000,00,2,5,02,A01
201000061122,0,10,000,00,2,3,22,A01
201000061122,0,01,000,00,2,1,17,B01
201000061123,0,07,000,00,2,6,23,B01
201000061123,0,07,000,00,2,1,02,A01
201000061124,0,07,000,00,1,1,01,A01
201000061125,0,07,000,00,2,3,01,B01
201000061125,0,02,000,00,2,1,01,A01
201000061126,0,10,000,00,9,3,22,A01
201000061126,0,01,000,01,0,1,01,B01
201000061127,0,33,000,00,1,7,01,A01
201000061128,0,32,000,00,2,8,01,A01
201000061128,0,07,000,00,2,5,15,B01
201000061129,0,07,000,00,2,2,15,A01
201000061129,0,32,000,00,2,1,01,B01
201000061130,0,07,000,00,2,1,01,A01
201000061130,0,07,000,00,2,4,23,B01
201000061131,0,07,000,00,2,5,23,C01
201000061131,0,30,000,00,2,0,23,A01
201000061131,0,07,000,00,9,3,01,B01
201000061132,0,02,000,00,0,8,01,A01
201000061133,0,07,000,09,0,3,15,A01
201000061134,0,01,000,00,1,1,05,A01
201000061135,0,07,000,00,2,1,02,A01
201000061135,0,07,000,00,0,4,02,B01
201000061136,0,32,000,00,0,6,01,B01
201000061136,0,07,000,00,0,3,09,A01
201000061137,0,07,000,00,1,0,15,A01
201000061138,0,07,000,00,2,6,01,B01
201000061138,0,30,000,00,2,1,14,A01
201000061139,0,07,000,00,0,3,17,B01
201000061139,0,07,000,00,0,2,15,A01
201000061140,0,07,000,00,1,1,01,A01
201000061141,0,07,000,00,1,1,16,A01
201000061142,0,10,000,00,1,4,04,A01
201000061143,0,07,000,00,2,8,15,B01
201000061143,0,34,000,00,2,7,17,A01
201000061144,0,30,000,00,0,8,01,A01
201000061145,0,07,000,00,1,3,01,A01
201000061146,0,07,000,00,1,2,01,A01
201000061147,1,07,000,00,2,0,01,A01
201000061147,0,01,000,00,2,0,05,B01
201000061148,0,02,000,00,2,0,05,A01
201000061148,0,32,000,00,2,0,15,B01
201000061149,0,01,000,01,2,0,17,A01
201000061149,0,10,000,00,2,0,01,B01
201000061150,0,07,000,00,1,2,01,A01
201000061151,0,32,000,00,2,7,17,B01
201000061151,0,07,000,00,2,8,15,A01
201000061152,0,33,000,00,2,1,01,A01
201000061152,0,07,000,00,2,3,15,B01
201000061153,0,10,000,00,1,1,01,A01
201000061154,0,14,000,00,2,6,22,A01
201000061154,0,32,000,00,2,9,17,B01
201000061155,0,32,000,12,0,2,14,A01
201000061156,0,30,000,12,0,2,14,A01
201000061157,0,32,000,00,0,0,01,A01
201000061158,0,01,000,00,1,2,01,A01
201000061159,0,30,000,00,2,3,01,B01
201000061159,0,07,000,00,2,2,15,A01
201000061160,0,07,000,00,2,7,01,B01
201000061160,0,32,000,00,2,1,01,A01
201000061161,0,07,000,00,2,2,01,A01
201000061161,0,33,000,00,2,6,15,B01
201000061162,0,30,000,12,0,2,14,A01
201000061163,0,31,000,00,2,2,01,A01
201000061163,0,07,000,00,2,2,15,B01
201000061164,0,32,000,12,0,1,14,A01
201000061165,0,07,000,00,2,7,01,A01
201000061165,0,32,000,00,2,8,01,B01
201000061166,0,34,000,00,2,0,21,A01
201000061167,0,07,000,00,2,2,02,A01
201000061167,0,30,000,00,2,3,02,B01
201000061168,0,30,000,12,0,0,14,A01
201000061169,0,02,000,00,2,6,02,A01
201000061169,0,07,000,00,2,6,15,B01
201000061170,0,07,000,00,2,7,10,A01
201000061170,0,33,000,00,2,8,01,B01
201000061171,0,30,000,12,0,2,01,A01
201000061172,0,32,000,12,0,0,14,A01
201000061173,0,32,000,12,0,0,14,A01
201000061174,0,33,000,00,2,8,01,B01
201000061174,0,32,000,00,2,1,01,A01
201000061175,0,07,000,11,0,3,13,A01
201000061176,0,07,000,00,2,3,13,A01
201000061176,0,33,000,01,2,7,17,B01
201000061177,0,32,000,00,0,8,15,A01
201000061178,0,07,000,00,2,3,15,A01
201000061178,0,31,000,00,2,2,01,B01
201000061179,0,07,000,00,2,7,22,A01
201000061179,0,01,000,00,2,3,18,B01
201000061180,0,32,000,00,0,0,01,A01
201000061181,0,01,000,00,2,2,01,B01
201000061181,0,37,009,00,2,3,15,A01
201000061182,0,33,000,00,2,1,01,A01
201000061182,0,07,000,00,2,7,15,B01
201000061183,0,07,000,00,2,2,02,A01
201000061183,0,07,000,00,2,3,02,B01
201000061184,0,30,000,00,2,4,23,C01
201000061184,0,32,000,00,2,4,23,B01
201000061184,0,10,000,07,2,1,02,A01
201000061185,0,32,000,00,2,7,05,B01
201000061185,0,07,000,00,2,3,10,A01
201000061186,0,10,000,00,1,4,04,A01
201000061187,0,10,000,00,2,3,15,B01
201000061187,0,32,000,00,2,2,01,A01
201000061188,0,33,000,00,2,3,01,B01
201000061188,0,07,000,00,2,3,10,A01
201000061189,0,32,000,00,2,7,17,A01
201000061189,0,10,000,00,2,8,13,B01
201000061190,0,10,000,00,2,8,01,B01
201000061190,0,01,000,00,2,8,16,A01
201000061191,0,34,000,00,2,4,01,B01
201000061191,0,10,000,00,2,4,01,C01
201000061191,0,07,000,00,2,1,01,A01
201000061192,0,07,000,00,2,3,23,C01
201000061192,0,17,000,00,2,0,15,A01
201000061192,0,30,000,00,2,9,23,B01
201000061193,0,07,000,00,9,1,17,B01
201000061193,0,01,000,00,2,3,15,A01
201000061194,0,07,000,00,1,2,01,A01
201000061195,0,07,000,01,9,8,22,A01
201000061195,0,01,000,01,9,7,01,B01
201000061196,0,30,000,14,0,0,14,A01
201000061197,0,32,000,00,0,0,01,A01
201000061198,0,07,000,00,0,1,01,A01
201000061198,0,31,000,00,0,8,01,B01
201000061199,0,07,000,00,1,0,01,A01
201000061200,0,10,000,00,2,2,01,A01
201000061200,0,07,000,00,2,3,01,B01
201000061201,0,30,000,05,0,1,01,A01
201000061202,1,30,000,00,1,1,01,Z01
201000061203,0,30,000,00,2,1,18,A01
201000061203,0,01,000,00,2,4,12,B01
201000061204,0,07,000,00,2,2,15,A01
201000061204,0,33,000,00,2,1,01,B01
201000061205,0,01,000,00,2,4,13,B01
201000061205,0,34,000,00,2,1,01,A01
201000061206,0,34,000,00,2,5,01,A01
201000061206,0,07,000,00,0,3,16,B01
201000061207,0,10,000,00,2,0,16,A01
201000061207,0,30,000,00,2,2,01,B01
201000061208,0,10,000,00,1,3,15,A01
201000061209,0,01,000,00,2,4,23,B01
201000061209,0,07,000,00,2,2,02,A01
201000061210,0,07,000,00,2,3,09,A01
201000061210,0,32,000,00,2,2,01,B01
201000061211,0,07,000,00,0,0,09,A01
201000061211,0,07,000,00,2,8,01,B01
201000061212,0,32,000,00,2,1,01,A01
201000061212,0,07,000,00,2,3,01,B01
201000061213,0,07,000,00,1,3,01,A01
201000061214,0,34,000,00,0,4,01,B01
201000061214,0,07,000,00,2,1,01,A01
201000061215,0,10,000,14,2,1,01,A01
201000061215,0,07,000,00,2,4,23,B01
201000061216,0,37,000,00,1,2,07,A01
201000061217,0,02,000,01,0,4,14,A01
201000061218,0,07,000,00,1,2,01,A01
201000061219,0,33,000,00,0,0,01,A01
201000061220,0,07,000,00,2,3,01,B01
201000061220,0,10,000,00,2,3,15,A01
201000061221,1,02,000,00,2,1,16,Z01
201000061221,0,30,000,00,2,3,01,A01
201000061222,0,30,000,00,2,3,18,A01
201000061222,0,07,000,00,2,2,16,B01
201000061223,0,07,000,00,2,1,02,A01
201000061223,0,07,000,00,2,4,23,B01
201000061223,0,07,000,00,2,4,23,C01
201000061224,0,07,000,00,2,7,01,A01
201000061224,0,07,000,00,2,1,01,B01
201000061225,0,07,000,00,2,0,01,A01
201000061225,0,34,000,00,2,0,23,B01
201000061226,0,32,000,00,2,6,01,B01
201000061226,0,07,000,00,2,3,15,A01
201000061227,0,01,000,00,2,1,01,B01
201000061227,0,07,000,00,2,5,16,A01
201000061228,0,07,000,00,2,2,15,A01
201000061228,0,30,000,00,2,1,01,B01
201000061229,0,07,000,00,2,4,04,A01
201000061229,0,07,000,00,2,1,23,B01
201000061230,0,01,000,00,2,3,15,B01
201000061230,0,34,000,00,2,1,05,A01
201000061231,0,32,000,00,0,3,01,A01
201000061232,0,30,000,00,2,1,01,B01
201000061232,0,33,000,00,0,2,15,A01
201000061233,0,33,000,00,0,3,01,A01
201000061233,0,07,000,00,0,2,16,B01
201000061234,0,07,000,00,0,7,15,A01
201000061234,0,32,000,00,0,1,01,B01
201000061235,0,30,000,14,0,0,07,A01
201000061236,0,07,000,00,1,3,01,A01
201000061237,0,37,026,00,0,0,15,A01
201000061237,0,02,000,00,2,1,01,B01
201000061238,0,07,000,00,2,5,12,A01
201000061238,0,02,000,00,2,3,01,B01
201000061239,0,07,000,00,2,3,15,A01
201000061239,0,33,000,00,2,8,01,B01
201000061240,0,32,000,00,0,0,01,A01
201000061241,0,33,000,00,2,1,01,B01
201000061241,0,07,000,00,2,1,15,A01
201000061242,0,30,000,00,2,8,01,B01
201000061242,0,07,000,00,2,1,01,A01
201000061243,0,07,000,06,0,1,14,A01
201000061244,0,07,000,00,1,1,15,A01
201000061245,1,02,000,00,1,0,01,Z01
201000061246,0,34,000,00,1,1,01,A01
201000061247,1,07,000,00,1,1,01,Z01
201000061248,0,10,000,00,1,0,15,A01
201000061249,0,31,000,00,2,7,17,A01
201000061249,0,07,000,00,2,8,15,B01
201000061250,0,10,000,00,1,3,15,A01
201000061251,0,07,000,11,0,1,15,A01
201000061252,0,07,000,00,1,1,01,A01
201000061253,0,30,000,00,2,1,02,A01
201000061253,0,32,000,00,2,4,16,B01
201000061254,0,32,000,00,0,1,16,A01
201000061255,0,07,000,00,2,8,15,B01
201000061255,0,31,000,00,2,1,01,A01
201000061256,0,07,000,00,2,1,01,B01
201000061256,0,07,000,01,2,6,01,A01
201000061257,0,07,000,00,2,1,01,B01
201000061257,0,32,000,00,2,2,01,A01
201000061258,0,30,000,00,2,1,02,A01
201000061258,0,07,000,00,2,4,02,B01
201000061259,0,30,000,00,2,1,01,B01
201000061259,0,02,000,00,2,2,01,A01
201000061260,0,07,000,00,1,2,01,A01
201000061261,0,10,000,00,2,1,01,B01
201000061261,0,32,000,00,2,7,16,A01
201000061262,0,10,000,00,1,5,04,A01
201000061263,0,33,000,00,2,2,17,A01
201000061263,0,07,000,00,2,8,15,B01
201000061264,0,32,000,00,0,7,01,A01
201000061265,0,30,000,00,0,8,01,A01
201000061266,0,30,000,00,1,0,01,A01
201000061267,0,07,000,00,1,7,01,A01
201000061268,0,33,000,00,2,1,01,B01
201000061268,0,07,000,00,2,8,13,A01
201000061269,0,02,000,00,2,1,02,A01
201000061269,0,07,000,00,2,4,23,B01
201000061270,0,07,000,00,1,3,01,A01
201000061271,0,32,000,00,2,8,01,B01
201000061271,0,07,000,00,2,2,15,A01
201000061272,0,07,000,00,1,3,10,A01
201000061273,0,33,000,00,2,1,01,B01
201000061273,0,07,000,00,2,8,01,A01
201000061274,0,32,000,00,0,0,01,A01
201000061275,0,07,000,00,2,7,15,A01
201000061275,0,07,000,00,2,1,01,B01
201000061276,0,07,000,00,2,4,02,B01
201000061276,0,34,000,00,2,1,02,A01
201000061277,0,07,000,00,2,7,14,B01
201000061277,0,02,000,00,2,3,18,A01
201000061278,0,32,000,00,0,0,01,A01
201000061279,0,30,000,00,2,1,02,A01
201000061279,0,07,000,00,2,4,15,B01
201000061280,0,07,000,00,2,7,14,A01
201000061280,0,33,000,00,2,8,01,B01
201000061281,0,07,000,00,1,7,01,A01
201000061282,0,34,000,00,0,8,01,A01
201000061283,0,10,000,00,2,7,11,A01
201000061283,0,32,000,01,2,8,01,B01
201000061284,0,07,000,00,2,3,15,B01
201000061284,0,30,000,00,2,7,17,A01
201000061285,0,30,000,00,2,1,18,A01
201000061285,0,07,000,00,2,7,22,B01
201000061286,0,07,000,00,1,2,01,A01
201000061287,0,07,000,00,2,3,01,A01
201000061287,0,07,000,00,2,5,13,B01
201000061288,0,07,000,00,1,2,07,A01
201000061289,2,07,000,00,2,1,01,Z01
201000061289,0,07,000,00,2,7,01,A01
201000061290,0,07,000,00,1,2,16,A01
201000061291,0,34,000,00,1,1,17,A01
201000061292,0,33,000,00,2,0,01,A01
201000061292,0,07,000,00,2,2,16,B01
201000061293,0,02,000,00,2,1,01,A01
201000061293,0,07,000,00,2,3,09,B01
201000061294,0,02,000,00,2,7,01,B01
201000061294,0,10,000,00,2,3,15,A01
201000061295,0,07,000,00,1,3,01,A01
201000061296,0,02,000,00,1,1,17,A01
201000061297,0,07,000,00,2,3,15,B01
201000061297,0,31,000,00,2,1,01,A01
201000061298,0,33,000,00,2,4,02,B01
201000061298,0,07,000,00,2,3,02,A01
201000061299,0,37,020,00,2,2,08,B01
201000061299,0,10,000,00,2,3,15,A01
201000061300,0,07,000,00,2,4,23,C01
201000061300,0,07,000,00,2,1,02,B01
201000061300,0,07,000,00,2,1,02,A01
201000061301,0,07,000,00,1,2,01,A01
201000061302,0,33,000,00,2,1,07,B01
201000061302,0,07,000,00,2,3,01,A01
201000061303,0,07,000,00,1,1,15,A01
201000061304,0,07,000,00,1,2,01,A01
201000061305,0,32,000,00,0,8,01,A01
201000061306,0,07,000,00,1,2,01,A01
201000061307,0,34,000,00,2,0,01,B01
201000061307,0,10,000,00,2,0,15,A01
201000061308,0,07,000,01,1,3,13,A01
201000061309,0,34,000,00,2,3,01,B01
201000061309,0,07,000,00,2,5,12,A01
201000061310,0,02,000,00,0,0,21,A01
201000061311,0,30,000,00,0,8,01,A01
201000061312,0,07,000,00,1,1,15,A01
201000061313,0,07,000,00,2,1,02,A01
201000061313,0,07,000,00,2,4,02,B01
201000061314,0,30,000,00,2,0,07,B01
201000061314,0,37,001,00,2,0,23,C01
201000061314,0,07,000,00,2,0,13,A01
201000061315,0,32,000,00,1,1,01,A01
201000061316,0,07,000,00,2,2,15,B01
201000061316,0,31,000,00,2,1,01,A01
201000061317,0,33,000,00,0,0,01,A01
201000061318,0,07,000,00,2,1,02,A01
201000061318,0,07,000,00,2,6,02,B01
201000061318,0,07,000,08,2,8,01,C01
201000061319,0,17,000,00,2,7,14,A01
201000061319,0,10,000,00,2,6,24,B01
201000061320,0,37,025,00,1,7,01,A01
201000061321,0,31,000,00,2,1,05,A01
201000061321,0,07,000,00,2,3,15,B01
201000061322,0,34,000,00,2,1,02,A01
201000061322,0,07,000,00,2,4,02,B01
201000061323,0,34,000,00,2,3,01,B01
201000061323,0,07,000,00,2,7,10,A01
201000061324,0,07,000,00,2,3,16,A01
201000061324,0,32,000,00,2,7,01,B01
201000061325,0,07,000,00,2,7,16,A01
201000061325,0,32,000,00,2,8,16,B01
201000061326,0,02,000,00,2,1,01,B01
201000061326,0,07,000,00,2,1,17,A01
201000061327,0,07,000,00,2,1,01,B01
201000061327,0,30,000,00,2,2,01,A01
201000061328,0,31,000,00,2,2,01,A01
201000061328,0,07,000,00,2,3,11,B01
201000061329,0,07,000,00,1,2,01,A01
201000061330,0,30,000,00,2,1,01,B01
201000061330,0,07,000,00,2,2,01,A01
201000061331,0,02,000,00,1,1,01,A01
201000061332,0,32,000,00,2,8,03,A01
201000061332,0,07,000,00,2,2,12,B01
201000061332,0,07,000,00,2,6,01,C01
201000061333,0,07,000,00,1,1,01,A01
201000061334,0,32,000,00,1,1,01,A01
201000061335,1,07,000,00,1,0,01,Z01
201000061336,0,33,000,00,2,1,01,B01
201000061336,0,07,000,00,2,8,09,A01
201000061337,0,07,000,00,2,1,01,A01
201000061337,0,32,000,00,2,7,15,B01
201000061338,0,07,000,00,2,6,01,B01
201000061338,0,07,000,00,2,1,01,A01
201000061339,0,07,000,00,2,2,01,B01
201000061339,0,33,000,00,2,8,17,A01
201000061340,0,07,000,00,2,4,10,A01
201000061340,0,32,000,00,2,1,01,B01
201000061341,2,32,000,00,0,0,01,Z01
201000061342,0,07,000,00,1,1,15,A01
201000061343,0,30,000,00,0,0,21,A01
201000061344,0,07,000,14,0,2,14,A01
201000061345,0,30,000,01,2,8,01,A01
201000061345,1,07,000,00,2,0,01,Z01
201000061346,0,07,000,00,1,1,01,A01
201000061347,0,07,000,00,2,6,15,A01
201000061347,0,32,000,00,2,2,01,B01
201000061348,0,10,000,00,1,4,04,A01
201000061349,0,07,000,07,0,2,16,A01
201000061350,0,37,001,00,2,1,01,B01
201000061350,0,07,000,06,2,8,01,A01
201000061351,0,10,000,00,2,3,13,A01
201000061351,0,33,000,00,2,3,01,B01
201000061352,0,07,000,00,2,3,10,A01
201000061352,0,02,000,00,2,2,01,B01
201000061353,0,07,000,00,2,1,01,B01
201000061353,0,07,000,00,2,7,01,A01
201000061354,0,30,000,00,2,1,18,A01
201000061354,0,07,000,00,2,2,16,B01
201000061355,0,30,000,00,0,0,01,A01
201000061356,0,33,000,00,1,1,17,A01
201000061357,0,07,000,00,2,1,15,B01
201000061357,0,03,000,00,2,7,01,A01
201000061358,0,33,000,00,1,2,01,A01
201000061359,0,32,000,00,2,8,01,B01
201000061359,0,07,000,00,2,2,16,A01
201000061360,0,34,000,00,1,3,01,A01
201000061361,0,07,000,00,2,8,23,C01
201000061361,0,07,000,00,2,5,02,B01
201000061361,0,32,000,00,2,1,02,A01
201000061362,0,33,000,00,2,1,01,B01
201000061362,0,07,000,00,2,2,15,A01
201000061363,0,07,000,00,2,3,09,A01
201000061363,0,32,000,00,2,1,01,B01
201000061364,0,07,000,00,2,7,01,B01
201000061364,0,01,000,00,2,1,01,C01
201000061364,0,07,000,00,2,8,22,A01
201000061365,0,02,000,00,2,3,07,B01
201000061365,0,10,000,00,2,2,15,A01
201000061366,0,33,000,00,2,1,02,A01
201000061366,0,30,000,00,2,4,23,B01
201000061367,0,01,000,12,2,8,01,B01
201000061367,0,30,000,00,2,7,17,A01
201000061368,0,07,000,00,2,3,09,B01
201000061368,0,02,000,00,2,1,01,A01
201000061369,0,34,000,01,2,8,01,A01
201000061369,1,10,000,00,2,8,15,Z01
201000061370,0,07,000,00,2,2,01,B01
201000061370,0,30,000,00,2,1,15,A01
201000061371,0,01,000,00,0,8,21,A01
201000061372,0,07,000,00,2,8,10,A01
201000061372,0,33,000,00,2,7,01,B01
201000061373,0,07,000,00,2,0,15,A01
201000061373,0,31,000,00,2,0,01,B01
201000061374,0,32,000,00,2,0,01,B01
201000061374,0,01,000,11,2,0,01,A01
201000061375,0,07,000,00,2,8,13,A01
201000061375,0,32,000,00,2,7,01,B01
201000061375,0,07,000,00,2,3,24,C01
201000061376,0,02,000,00,0,3,01,A01
201000061377,0,07,000,00,2,1,01,A01
201000061377,0,33,000,00,2,8,01,B01
201000061378,0,07,000,00,2,2,01,A01
201000061378,0,01,000,00,2,1,01,B01
201000061379,0,34,000,00,2,6,01,A01
201000061379,0,07,000,00,2,6,01,B01
201000061379,1,10,000,00,2,0,01,Z01
201000061380,0,32,000,00,2,3,01,B01
201000061380,0,07,000,00,2,2,01,A01
201000061381,0,07,000,00,2,8,01,B01
201000061381,0,07,000,00,2,3,07,A01
201000061382,0,07,000,00,1,3,01,A01
201000061383,0,07,000,00,2,3,11,A01
201000061383,0,32,000,00,2,7,01,B01
201000061384,0,07,000,00,1,1,16,A01
201000061385,0,32,000,01,0,1,21,A01
201000061386,0,07,000,00,1,1,01,A01
201000061387,0,07,000,00,2,7,14,A01
201000061387,0,37,000,00,2,3,01,B01
201000061388,0,07,000,00,2,6,15,A01
201000061388,0,07,000,00,2,2,01,B01
201000061389,0,07,000,00,1,2,16,A01
201000061390,0,30,000,00,0,0,01,A01
201000061391,0,07,000,00,2,6,23,B01
201000061391,0,07,000,00,2,1,02,A01
201000061392,0,32,000,00,0,8,21,A01
201000061393,1,07,000,01,1,2,16,Z01
201000061394,0,33,000,00,2,0,16,B01
201000061394,0,30,000,00,2,3,18,A01
201000061395,0,33,000,00,0,7,21,A01
201000061396,0,37,017,00,0,0,01,A01
201000061397,0,02,000,00,0,7,15,A01
201000061398,0,30,000,00,2,4,02,A01
201000061398,0,07,000,00,2,1,02,B01
201000061399,0,10,000,00,2,1,01,A01
201000061399,0,33,000,00,2,4,11,B01
201000061400,0,32,000,00,0,7,01,A01
201000061401,0,34,000,00,2,2,01,B01
201000061401,0,10,000,00,2,8,01,A01
201000061402,0,33,000,00,0,8,21,A01
201000061403,0,32,000,00,0,0,01,A01
201000061404,1,07,000,00,1,7,16,Z01
201000061405,0,14,000,00,1,1,15,A01
201000061406,0,07,000,00,2,2,15,A01
201000061406,0,33,000,00,2,1,01,B01
201000061407,1,07,000,00,1,3,01,Z01
201000061408,0,32,000,00,2,1,01,A01
201000061408,0,07,000,00,2,3,15,B01
201000061409,0,02,000,00,2,8,13,A01
201000061409,0,07,000,00,2,7,01,B01
201000061410,1,07,000,00,1,1,01,Z01