Num_Acc,senc,catv,occutc,obs,obsm,choc,manv,num_veh
201000067159,0,07,000,00,0,8,01,B01
201000067160,0,07,000,00,0,4,01,C01
201000067160,0,07,000,00,2,1,01,A01
201000067160,0,07,000,00,2,4,01,B01
201000067161,0,07,000,00,0,3,11,B01
201000067161,0,31,000,00,2,2,03,A01
201000067162,0,07,000,00,2,6,23,C01
201000067162,0,07,000,00,2,2,12,A01
201000067162,0,34,000,00,0,6,03,B01
201000067163,0,07,000,00,2,3,01,C01
201000067163,0,07,000,04,2,1,12,A01
201000067163,0,07,000,00,2,4,01,B01
201000067164,0,07,000,00,2,8,11,B01
201000067164,0,33,000,00,2,1,03,A01
201000067165,0,33,000,00,2,6,01,A01
201000067165,0,07,000,00,2,5,12,B01
201000067166,0,33,000,00,0,8,01,A01
201000067167,0,31,000,04,0,7,01,A01
201000067168,0,33,000,00,2,3,11,A01
201000067168,0,10,000,00,2,5,01,B01
201000067169,0,07,000,04,2,6,01,B01
201000067169,0,07,000,04,2,3,13,A01
201000067170,0,10,000,00,2,2,02,A01
201000067170,0,07,000,00,2,6,23,B01
201000067171,0,07,000,00,2,4,01,C01
201000067171,0,10,000,00,2,1,01,A01
201000067171,0,07,000,00,2,4,01,B01
201000067172,0,31,000,00,0,0,01,A01
201000067173,0,33,000,00,2,1,01,A01
201000067173,0,07,000,00,0,4,23,B01
201000067174,0,14,000,00,2,3,01,C01
201000067174,0,07,000,00,2,6,01,B01
201000067174,0,10,000,00,2,1,01,A01
201000067175,0,31,000,00,2,1,03,A01
201000067175,0,07,000,00,0,2,12,B01
201000067176,0,07,000,04,0,3,13,A01
201000067177,0,07,000,00,2,4,02,E01
201000067177,0,07,000,00,2,1,02,A01
201000067177,0,07,000,00,2,4,02,C01
201000067177,0,07,000,00,2,4,02,B01
201000067177,0,07,000,00,2,4,02,D01
201000067178,0,33,000,04,0,1,14,A01
201000067179,0,07,000,00,0,3,11,B01
201000067179,0,33,000,00,2,8,03,A01
201000067180,0,10,000,00,2,1,01,A01
201000067180,0,10,000,00,0,4,01,B01
201000067181,0,07,000,00,2,5,01,C01
201000067181,0,07,000,00,2,3,11,A01
201000067181,0,31,000,00,2,9,01,B01
201000067182,0,33,000,00,2,8,14,A01
201000067182,0,07,000,00,2,6,01,B01
201000067183,0,31,000,00,2,1,03,A01
201000067183,0,31,000,00,2,4,03,B01
201000067184,0,07,000,00,2,4,23,B01
201000067184,0,33,000,00,2,1,02,A01
201000067185,0,07,000,00,2,1,02,A01
201000067185,0,07,000,00,2,0,23,E01
201000067185,0,07,000,00,2,1,23,B01
201000067185,0,07,000,00,2,1,23,C01
201000067185,0,07,000,00,2,1,23,D01
201000067186,0,07,000,04,2,3,13,A01
201000067186,0,07,000,00,2,4,02,B01
201000067186,0,07,000,00,2,4,02,C01
201000067187,0,31,000,00,0,8,01,A01
201000067188,0,34,000,06,2,1,09,A01
201000067188,0,14,000,00,2,2,01,B01
201000067189,0,07,000,00,2,1,01,A01
201000067189,0,07,000,00,0,4,01,B01
201000067189,0,07,000,00,2,1,01,C01
201000067190,0,32,000,00,2,7,03,A01
201000067190,0,07,000,00,2,3,11,B01
201000067191,0,14,000,00,2,2,12,A01
201000067191,0,07,000,00,2,6,01,B01
201000067191,0,07,000,00,2,3,01,C01
201000067191,0,33,000,00,2,2,03,D01
201000067192,0,07,000,00,2,6,01,C01
201000067192,0,07,000,00,2,3,11,B01
201000067192,0,31,000,00,2,7,03,A01
201000067193,0,07,000,00,0,4,01,B01
201000067193,0,07,000,00,2,1,01,A01
201000067193,0,07,000,00,2,1,01,C01
201000067194,0,34,000,00,2,1,02,A01
201000067194,0,07,000,00,2,6,02,B01
201000067195,0,07,000,00,2,3,01,B01
201000067195,0,31,000,00,2,4,12,A01
201000067196,1,07,000,00,2,0,11,Z01
201000067196,0,33,000,00,2,2,01,A01
201000067197,0,31,000,00,2,7,03,B01
201000067197,0,07,000,00,2,8,11,A01
201000067198,0,07,000,00,2,4,02,B01
201000067198,0,15,000,00,2,1,02,A01
201000067199,0,31,000,00,2,1,02,C01
201000067199,0,07,000,00,2,5,02,B01
201000067199,0,30,000,00,2,1,02,A01
201000067200,0,07,000,00,2,6,02,C01
201000067200,0,07,000,00,2,3,02,A01
201000067200,0,07,000,04,2,5,02,B01
201000067201,0,07,000,00,2,6,02,B01
201000067201,1,07,000,00,2,2,02,Z01
201000067201,0,33,000,00,2,2,02,A01
201000067202,0,07,000,04,2,3,13,A01
201000067202,0,07,000,00,2,1,01,B01
201000067202,0,17,000,04,2,8,01,C01
201000067203,0,07,000,08,0,3,13,A01
201000067204,0,07,000,00,2,1,01,A01
201000067204,0,07,000,00,2,4,01,C01
201000067204,0,07,000,00,2,4,13,B01
201000067205,0,07,000,04,0,1,01,A01
201000067206,0,07,000,04,0,2,01,A01
201000067207,0,33,000,00,2,1,01,C01
201000067207,0,10,000,00,2,1,01,A01
201000067207,0,07,000,00,0,4,01,B01
201000067208,0,31,000,00,2,2,03,B01
201000067208,0,07,000,00,2,6,11,A01
201000067209,0,07,000,00,2,7,12,B01
201000067209,0,31,000,00,2,8,03,A01
201000067209,0,07,000,00,2,6,23,C01
201000067210,0,07,000,00,2,4,02,B01
201000067210,0,07,000,00,2,1,02,A01
201000067211,0,07,000,04,0,1,14,A01
201000067212,0,07,000,00,2,6,11,A01
201000067212,0,07,000,00,2,6,02,C01
201000067212,0,32,000,00,2,7,02,B01
201000067213,0,31,000,00,2,1,01,B01
201000067213,0,10,000,00,2,5,12,A01
201000067214,0,33,000,00,2,1,02,A01
201000067214,0,10,000,00,2,4,02,B01
201000067215,0,33,000,00,0,8,21,A01
201000067216,0,07,000,04,0,2,01,A01
201000067217,0,07,000,00,2,3,01,A01
201000067217,0,07,000,00,2,4,23,B01
201000067217,2,07,000,00,2,1,12,Z01
201000067218,0,07,000,04,0,9,14,A01
201000067219,0,33,000,00,2,1,03,B01
201000067219,0,33,000,00,2,4,11,A01
201000067220,0,31,000,00,2,1,09,A01
201000067220,0,10,000,00,1,7,01,B01
201000067221,0,07,000,04,0,3,13,A01
201000067222,0,33,000,00,0,8,01,A01
201000067223,0,07,000,04,2,3,01,A01
201000067223,0,17,000,00,0,2,01,B01
201000067224,0,07,000,00,0,3,11,B01
201000067224,0,33,000,00,2,2,03,A01
201000067225,0,07,000,00,0,4,01,B01
201000067225,0,07,000,00,2,1,01,A01
201000067226,0,31,000,00,2,3,03,A01
201000067226,1,07,000,00,2,5,12,Z01
201000067227,0,07,000,00,2,2,03,A01
201000067227,0,32,000,00,2,8,12,B01
201000067228,0,33,000,00,0,7,01,A01
201000067229,0,07,000,00,2,7,12,A01
201000067229,0,33,000,00,2,3,03,B01
201000067230,0,07,000,00,2,1,12,A01
201000067230,0,07,000,00,0,0,01,B01
201000067231,0,32,000,00,2,1,01,A01
201000067231,0,07,000,00,2,6,11,B01
201000067232,0,07,000,06,0,3,01,A01
201000067233,0,07,000,04,0,2,01,A01
201000067234,0,07,000,00,2,1,01,A01
201000067234,0,07,000,00,0,4,23,B01
201000067235,0,07,000,00,2,2,12,A01
201000067235,0,07,000,00,2,4,01,C01
201000067235,0,33,000,00,2,3,01,B01
201000067236,0,07,000,00,2,7,12,A01
201000067236,0,31,000,00,2,8,03,B01
201000067237,0,10,000,00,2,5,12,A01
201000067237,0,31,000,00,2,3,03,B01
201000067238,0,33,000,00,2,7,12,A01
201000067238,0,33,000,00,0,8,03,B01
201000067239,0,17,000,04,0,2,01,A01
201000067240,0,14,000,02,2,8,09,B01
201000067240,0,07,000,00,2,4,01,A01
201000067240,0,16,000,00,2,2,01,C01
201000067241,0,34,000,00,0,8,03,A01
201000067242,0,07,000,00,2,6,09,B01
201000067242,0,15,000,00,2,2,01,A01
201000067243,0,07,000,00,2,5,12,A01
201000067243,0,33,000,00,0,3,01,B01
201000067244,0,07,000,00,9,0,01,C01
201000067244,0,07,000,04,2,7,14,A01
201000067244,0,17,000,00,0,8,01,B01
201000067245,0,31,000,00,2,8,03,B01
201000067245,0,10,000,00,2,7,12,A01
201000067246,0,07,000,00,0,1,01,A01
201000067246,0,10,000,00,0,4,23,B01
201000067247,0,07,000,02,0,2,01,A01
201000067247,1,07,000,00,2,0,11,Z01
201000067248,0,31,000,00,2,7,01,A01
201000067248,0,07,000,00,0,4,23,B01
201000067249,0,07,000,00,0,4,23,B01
201000067249,0,33,000,00,2,7,01,A01
201000067250,0,07,000,00,2,1,01,A01
201000067250,0,32,000,00,0,4,01,B01
201000067251,0,30,000,04,0,7,14,A01
201000067252,1,07,000,00,2,1,02,Z01
201000067252,0,07,000,00,2,4,02,A01
201000067252,0,07,000,00,2,4,02,B01
201000067253,0,32,000,00,0,7,01,A01
201000067254,0,33,000,00,2,7,03,A01
201000067254,0,33,000,00,2,5,02,C01
201000067254,0,33,000,00,2,1,02,B01
201000067255,0,07,000,00,2,4,01,B01
201000067255,0,07,000,00,2,5,01,C01
201000067255,0,07,000,00,2,1,11,A01
201000067255,0,17,000,00,2,8,23,D01
201000067256,0,31,000,00,2,1,03,A01
201000067256,0,07,000,00,2,4,11,B01
201000067257,0,07,000,00,2,4,23,B01
201000067257,0,07,000,00,2,1,02,A01
201000067258,0,10,000,00,2,3,01,B01
201000067258,0,07,000,00,2,3,05,A01
201000067259,0,31,000,00,2,7,03,B01
201000067259,0,14,000,00,2,8,13,A01
201000067260,0,33,000,00,2,1,01,C01
201000067260,0,07,000,04,2,3,13,A01
201000067260,0,33,000,00,2,1,01,B01
201000067261,0,07,000,04,0,2,14,A01
201000067262,0,07,000,00,2,4,02,B01
201000067262,0,07,000,00,2,1,02,A01
201000067263,0,32,000,00,2,2,03,B01
201000067263,0,07,000,00,2,3,11,A01
201000067264,0,31,000,00,2,3,03,A01
201000067264,0,07,000,00,2,2,12,B01
201000067265,0,07,000,00,2,1,12,A01
201000067265,0,07,000,00,2,4,23,B01
201000067265,0,07,000,00,2,4,23,C01
201000067266,0,07,000,00,2,7,11,B01
201000067266,0,33,000,00,2,3,03,A01
201000067267,1,10,000,00,2,1,02,Z01
201000067267,0,07,000,00,2,4,02,A01
201000067268,0,07,000,00,2,7,12,A01
201000067268,0,33,000,00,2,8,03,B01
201000067269,0,07,000,00,2,4,02,C01
201000067269,0,14,000,00,2,1,02,A01
201000067269,0,07,000,00,2,4,02,B01
201000067270,0,07,000,06,0,3,13,A01
201000067271,0,32,000,00,0,8,01,A01
201000067272,2,07,000,04,0,1,14,Z01
201000067273,0,07,000,04,2,1,02,A01
201000067273,0,07,000,00,2,4,02,B01
201000067274,2,07,000,00,2,5,02,Z01
201000067274,0,07,000,04,2,5,01,C01
201000067274,0,07,000,00,2,1,02,A01
201000067274,0,07,000,00,2,4,02,B01
201000067275,0,07,000,00,2,4,02,C01
201000067275,0,07,000,00,2,1,02,A01
201000067275,0,07,000,00,2,1,02,B01
201000067276,0,10,000,00,2,2,12,A01
201000067276,0,34,000,00,2,3,03,B01
201000067277,0,07,000,00,2,6,11,B01
201000067277,0,33,000,00,2,2,01,A01
201000067278,0,07,000,00,2,3,11,A01
201000067278,0,33,000,00,2,3,03,B01
201000067279,0,31,000,00,2,3,02,C01
201000067279,0,07,000,00,2,1,02,A01
201000067279,0,07,000,00,2,4,02,B01
201000067280,1,10,000,00,2,4,12,Z01
201000067280,0,32,000,00,2,1,01,A01
201000067281,0,07,000,00,2,3,11,A01
201000067281,0,31,000,00,2,2,03,B01
201000067282,0,31,000,00,0,8,01,A01
201000067283,0,33,000,00,0,8,01,A01
201000067284,1,07,000,00,2,1,02,Z01
201000067284,0,07,000,00,2,4,02,A01
201000067285,0,07,000,04,2,2,01,B01
201000067285,0,07,000,00,2,3,02,C01
201000067285,0,10,000,00,2,4,02,E01
201000067285,0,07,000,04,2,3,11,A01
201000067285,0,07,000,00,2,6,01,D01
201000067286,0,07,000,00,2,8,01,C01
201000067286,0,17,000,00,2,3,12,A01
201000067286,0,07,000,00,2,4,01,B01
201000067287,0,33,000,14,0,1,01,A01
201000067288,0,07,000,00,2,4,02,C01
201000067288,0,07,000,00,2,4,02,B01
201000067288,0,07,000,00,2,1,02,A01
201000067289,0,99,000,00,0,1,00,B02
201000067290,0,07,000,00,2,2,20,B02
201000067290,0,33,000,00,2,1,13,A01
201000067291,0,07,000,00,1,2,16,A01
201000067292,0,30,000,00,0,0,15,A01
201000067293,0,30,000,03,0,7,02,A01
201000067294,0,07,000,00,1,7,17,A01
201000067295,0,10,000,00,1,2,01,A01
201000067296,0,33,000,00,2,8,13,B02
201000067296,0,07,000,00,2,7,01,A01
201000067297,0,30,000,00,2,4,23,B02
201000067297,0,07,000,00,2,1,02,A01
201000067298,0,07,000,06,0,1,01,A01
201000067299,0,07,000,00,2,8,17,A01
201000067299,0,33,000,00,2,7,17,B02
201000067300,0,07,000,04,0,3,01,A01
201000067301,0,07,000,00,2,1,01,C03
201000067301,0,07,000,00,2,8,01,B02
201000067301,0,07,000,00,2,3,13,A01
201000067302,0,07,000,00,2,8,01,B02
201000067302,0,10,000,00,2,3,13,A01
201000067303,0,07,000,04,0,1,01,A01
201000067303,0,07,000,00,2,1,01,B02
201000067304,0,07,000,00,2,8,15,B02
201000067304,0,34,000,00,2,1,01,A01
201000067305,0,10,000,00,1,2,01,A01
201000067306,0,07,000,04,0,9,01,A01
201000067307,0,33,000,00,2,1,17,B02
201000067307,0,07,000,00,2,2,15,A01
201000067308,0,07,000,00,2,1,01,B02
201000067308,0,07,000,00,2,2,13,A01
201000067309,0,10,000,00,2,2,19,A01
201000067309,0,01,000,00,2,8,01,B02
201000067310,0,07,000,08,9,8,21,B02
201000067310,0,32,000,00,0,7,13,A01
201000067311,0,07,000,00,2,1,13,A01
201000067311,0,07,000,00,2,1,01,B02
201000067312,0,07,000,00,2,7,15,A01
201000067312,0,33,000,00,2,1,00,B02
201000067313,0,07,000,00,2,3,00,A01
201000067313,0,07,000,00,2,3,00,B02
201000067314,0,32,000,00,2,1,01,B02
201000067314,0,07,000,00,2,6,15,A01
201000067315,0,10,000,02,0,1,01,A01
201000067316,0,30,000,00,0,1,00,A01
201000067317,0,07,000,00,2,8,15,A01
201000067317,0,32,000,00,2,7,17,B02
201000067318,0,30,000,13,0,2,01,A01
201000067319,0,30,000,00,2,1,01,B02
201000067319,0,07,000,00,2,2,15,A01
201000067320,0,07,000,06,0,7,01,A01
201000067321,0,10,000,00,2,2,01,A01
201000067321,0,02,000,00,2,7,06,B02
201000067322,0,07,000,06,0,1,13,A01
201000067323,0,33,000,00,0,0,01,A01
201000067324,0,07,000,00,2,1,01,B02
201000067324,0,07,000,00,2,3,13,C03
201000067324,0,07,000,16,2,3,01,A01
201000067325,0,36,000,12,0,3,16,A01
201000067326,0,07,000,01,1,3,16,A01
201000067327,0,07,000,00,2,1,11,B02
201000067327,0,07,000,00,2,1,01,A01
201000067328,0,31,000,00,1,1,01,A01
201000067329,0,07,000,00,1,2,01,A01
201000067330,0,07,000,00,0,6,15,A01
201000067330,0,33,000,00,0,1,01,B02
201000067331,0,07,000,08,0,1,14,A01
201000067332,0,10,000,01,1,1,17,A01
201000067332,0,07,000,04,0,4,23,B02
201000067333,0,07,000,00,2,1,01,A01
201000067333,0,01,000,00,2,1,13,C03
201000067333,0,01,000,00,2,1,13,B02
201000067334,0,33,000,00,2,1,01,A01
201000067334,0,07,000,00,2,8,19,B02
201000067335,0,07,000,00,1,2,14,A01
201000067336,0,07,000,00,2,7,23,B02
201000067336,0,07,000,00,2,2,01,A01
201000067337,0,07,000,00,0,2,15,A01
201000067337,0,33,000,00,2,1,01,B02
201000067338,0,14,000,06,0,8,01,A01
201000067339,0,14,000,00,0,2,00,A01
201000067340,0,07,000,00,2,1,01,B02
201000067340,0,07,000,00,2,1,13,A01
201000067341,0,07,000,00,1,2,01,A01
201000067342,0,07,000,00,0,5,02,B02
201000067342,0,33,000,00,2,1,18,A01
201000067343,0,07,000,00,2,3,13,A01
201000067343,0,30,000,00,2,1,01,B02
201000067344,0,14,000,00,2,7,16,B02
201000067344,0,01,000,00,2,1,18,A01
201000067345,0,30,000,00,2,1,01,B02
201000067345,0,10,000,00,2,2,15,A01
201000067346,0,07,000,00,2,7,21,B02
201000067346,0,07,000,00,2,8,20,A01
201000067347,1,07,000,06,0,8,00,A01
201000067348,0,07,000,00,1,3,16,A01
201000067349,0,10,000,00,0,0,00,A01
201000067350,0,31,000,15,0,1,14,A01
201000067351,0,07,000,00,1,3,13,A01
201000067352,0,07,000,00,1,2,01,A01
201000067353,0,07,000,00,0,9,01,A01
201000067354,0,34,000,07,0,1,01,A01
201000067355,0,07,000,00,2,3,01,B02
201000067355,0,07,000,00,2,1,15,A01
201000067356,0,07,000,00,2,8,01,B02
201000067356,0,07,000,00,2,1,01,C03
201000067356,0,07,000,00,2,1,01,D04
201000067356,0,07,000,00,2,9,13,A01
201000067357,0,30,000,00,2,1,17,B02
201000067357,0,07,000,00,2,8,15,A01
201000067358,0,07,000,00,2,3,01,B02
201000067358,0,07,000,00,2,3,13,A01
201000067359,0,07,000,03,0,1,15,A01
201000067360,0,07,000,00,1,4,04,A01
201000067361,0,07,000,00,1,2,00,A01
201000067362,0,07,000,00,0,2,09,A01
201000067362,0,33,000,00,2,1,01,B02
201000067363,0,21,000,00,2,1,01,B02
201000067363,0,07,000,00,2,1,05,A01
201000067364,0,31,000,00,2,1,01,A01
201000067364,0,07,000,00,2,1,15,B02
201000067365,0,07,000,00,2,3,01,A01
201000067365,0,07,000,00,2,6,01,B02
201000067365,0,07,000,00,2,2,05,C03
201000067366,0,07,000,00,2,3,15,B02
201000067366,0,34,000,00,2,6,01,A01
201000067367,0,30,000,00,2,3,05,A01
201000067367,0,07,000,00,0,3,01,B02
201000067368,0,07,000,00,2,3,01,B02
201000067368,0,07,000,00,2,1,01,C03
201000067368,0,07,000,00,2,1,17,A01
201000067369,0,07,000,00,0,4,24,B02
201000067369,0,20,000,01,0,1,06,A01
201000067370,0,15,000,00,0,6,20,A01
201000067370,0,07,000,01,0,1,01,B02
201000067371,0,07,000,13,0,1,13,A01
201000067372,0,14,000,13,5,9,01,A01
201000067372,0,14,000,00,2,1,01,B02
201000067373,0,07,000,00,2,1,01,B02
201000067373,0,31,000,00,2,1,18,A01
201000067374,0,07,000,00,2,2,02,A01
201000067374,0,07,000,00,0,8,15,B02
201000067375,0,07,000,10,0,5,01,A01
201000067376,0,07,000,00,2,7,13,A01
201000067376,0,07,000,12,2,3,01,B02
201000067377,0,32,000,00,2,2,02,B02
201000067377,0,07,000,00,2,8,15,A01
201000067378,0,10,000,13,0,9,00,A01
201000067379,0,33,000,00,2,1,01,B02
201000067379,0,07,000,00,2,1,05,A01
201000067380,0,07,000,00,2,3,13,A01
201000067380,0,07,000,00,2,1,01,C03
201000067380,0,10,000,00,2,8,01,B02
201000067381,0,07,000,00,2,3,01,B02
201000067381,0,07,000,00,2,1,13,A01
201000067382,0,10,000,00,2,1,01,B02
201000067382,0,10,000,00,2,1,13,A01
201000067383,0,10,000,00,2,3,13,A01
201000067383,0,10,000,00,2,3,13,B02
201000067384,0,13,000,00,0,3,01,A01
201000067384,0,07,000,00,0,6,01,B02
201000067385,0,10,000,00,9,2,01,A01
201000067386,0,10,000,00,2,3,01,A01
201000067386,0,10,000,00,2,2,14,B02
201000067387,0,10,000,00,1,2,01,A01
201000067388,0,31,000,08,0,1,01,A01
201000067389,0,07,000,00,2,3,01,A01
201000067389,0,07,000,00,2,1,01,B02
201000067390,0,07,000,00,1,1,01,A01
201000067391,0,07,000,00,2,7,17,A01
201000067391,0,07,000,00,2,1,01,B02
201000067392,0,34,000,00,2,1,13,A01
201000067392,0,10,000,00,2,3,01,B02
201000067393,0,02,000,00,0,0,01,A01
201000067394,0,07,000,00,2,8,01,B02
201000067394,2,31,000,00,2,1,15,A01
201000067395,0,07,000,00,2,2,01,B02
201000067395,0,07,000,00,2,1,01,A01
201000067396,0,07,000,00,2,2,01,B02
201000067396,0,07,000,00,2,5,05,A01
201000067397,0,07,000,00,2,1,01,B02
201000067397,0,33,000,00,2,1,01,A01
201000067398,0,07,000,00,1,2,01,A01
201000067399,0,33,000,00,2,2,17,B02
201000067399,0,10,000,00,2,3,15,A01
201000067400,0,07,000,00,1,2,01,A01
201000067401,0,07,000,12,0,1,01,A01
201000067402,0,10,000,00,2,3,06,A01
201000067402,0,07,000,00,2,3,01,C03
201000067402,0,07,000,00,2,8,02,B02
201000067403,0,30,000,00,2,3,01,A01
201000067403,0,07,000,00,2,3,01,B02
201000067404,0,30,000,01,0,1,01,B02
201000067404,0,14,000,00,2,4,23,A01
201000067405,0,33,000,04,0,5,01,A01
201000067406,0,07,000,00,1,2,01,A01
201000067407,0,07,000,13,0,3,00,A01
201000067408,0,07,000,00,2,1,01,A01
201000067408,0,07,000,00,2,1,01,B02
201000067409,0,31,000,00,2,1,01,B02
201000067409,0,07,000,00,9,3,20,A01
201000067410,0,07,000,00,2,3,01,B02
201000067410,0,07,000,00,2,1,01,A01
201000067411,0,07,000,00,2,3,15,A01
201000067411,0,31,000,00,2,1,01,B02
201000067412,0,07,000,00,2,1,13,A01
201000067412,0,07,000,00,2,1,01,B02
201000067413,0,07,000,00,2,1,17,A01
201000067413,0,07,000,00,2,1,01,B02
201000067414,0,07,000,00,2,4,23,B02
201000067414,0,07,000,14,0,1,01,A01
201000067415,0,07,000,00,2,3,01,A01
201000067415,0,07,000,00,0,3,16,B02
201000067416,0,30,000,00,0,0,00,A01
201000067417,0,02,000,00,2,1,00,B02
201000067417,0,07,000,00,2,1,01,A01
201000067418,0,30,000,00,2,1,01,B02
201000067418,0,07,000,00,2,8,13,A01
201000067419,0,01,000,00,2,1,17,A01
201000067419,0,10,000,00,2,1,01,B02
201000067420,0,07,000,13,0,9,01,A01
201000067421,1,30,000,00,1,1,01,A01
201000067422,0,33,000,00,2,8,13,B02
201000067422,0,07,000,00,2,4,15,A01
201000067423,0,36,000,00,0,4,17,B02
201000067423,0,10,000,00,2,0,01,C03
201000067423,0,36,000,00,2,1,17,A01
201000067424,0,31,000,13,0,1,01,A01
201000067425,0,07,000,15,2,2,15,A01
201000067425,0,07,000,15,2,1,01,B02
201000067426,0,07,000,00,2,6,01,B02
201000067426,0,31,000,00,2,1,17,A01
201000067427,0,07,000,00,2,3,15,A01
201000067427,0,33,000,00,2,1,01,B02
201000067428,0,10,000,00,1,3,01,A01
201000067429,0,07,000,00,2,1,13,A01
201000067429,0,07,000,00,2,1,01,B02
201000067430,0,10,000,00,2,3,01,B02
201000067430,0,07,000,00,2,3,17,A01
201000067431,0,02,000,00,2,1,01,B02
201000067431,0,14,000,00,2,3,13,A01
201000067432,0,07,000,02,0,1,01,A01
201000067433,0,07,000,00,2,2,13,A01
201000067433,0,07,000,00,2,2,01,B02
201000067434,0,07,000,00,1,2,01,A01
201000067435,0,07,000,00,0,1,01,A01
201000067436,0,07,000,00,2,1,13,A01
201000067436,0,10,000,00,2,1,01,B02
201000067437,0,33,000,00,2,1,02,A01
201000067437,0,10,000,00,2,1,02,B02
201000067438,0,33,000,05,0,1,01,A01
201000067439,0,14,000,00,2,3,01,B02
201000067439,0,07,000,00,2,1,13,A01
201000067440,0,36,000,00,1,7,10,A01
201000067441,0,07,000,04,0,2,01,A01
201000067442,0,30,000,12,0,0,13,A01
201000067443,0,07,000,13,0,9,14,A01
201000067444,0,32,000,00,2,1,01,B02
201000067444,0,10,000,00,9,3,15,A01
201000067445,0,07,000,06,0,1,14,A01
201000067446,0,07,000,00,2,3,13,A01
201000067446,0,07,000,00,2,1,01,B02
201000067447,0,07,000,00,1,3,01,A01
201000067448,0,07,000,00,2,1,13,A01
201000067448,0,07,000,00,2,2,01,B02
201000067449,0,07,000,00,2,3,01,B02
201000067449,0,30,000,00,2,1,13,A01
201000067450,0,07,000,07,0,2,01,A01
201000067451,0,07,000,00,0,3,09,A01
201000067451,0,33,000,00,0,1,01,B02
201000067452,0,10,000,00,2,1,01,C03
201000067452,0,07,000,00,2,3,13,A01
201000067452,0,07,000,00,2,3,01,B02
201000067453,0,07,000,00,2,3,01,A01
201000067453,0,07,000,00,2,3,01,B02
201000067454,0,07,000,00,2,3,13,A01
201000067454,0,10,000,00,2,3,01,B02
201000067455,0,07,000,14,0,2,14,A01
201000067456,0,31,000,00,2,1,17,A01
201000067456,0,30,000,00,0,1,01,B02
201000067457,0,30,000,00,0,8,01,A01
201000067457,0,07,000,00,0,3,15,B02
201000067458,0,02,000,00,2,1,13,A01
201000067458,0,07,000,00,2,1,21,B02
201000067459,0,07,000,13,0,1,01,A01
201000067459,0,03,000,01,0,2,01,B02
201000067460,0,07,000,00,2,8,02,C03
201000067460,0,30,000,00,2,1,13,A01
201000067460,0,07,000,00,2,3,01,B02
201000067461,0,33,000,00,0,7,01,A01
201000067462,0,07,000,00,0,8,17,A01
201000067462,0,33,000,00,0,7,17,B02
201000067463,0,07,000,02,0,8,02,A01
201000067464,0,30,000,00,1,1,01,A01
201000067465,0,07,000,02,0,3,01,A01
201000067466,0,10,000,02,0,7,14,A01
201000067467,0,07,000,00,2,3,01,C03
201000067467,0,07,000,06,0,0,13,A01
201000067467,0,07,000,00,2,3,13,B02
201000067468,0,07,000,00,1,2,01,A01
201000067469,0,33,000,12,0,1,01,A01
201000067470,0,07,000,12,0,1,01,A01
201000067471,0,07,000,00,2,3,02,B02
201000067471,0,07,000,00,0,8,11,A01
201000067472,0,07,000,02,0,8,01,A01
201000067473,0,07,000,00,2,3,13,A01
201000067473,0,07,000,00,2,3,01,B02
201000067474,0,33,000,02,0,1,01,A01
201000067475,0,07,000,13,0,6,01,A01
201000067476,0,07,000,02,0,7,01,A01
201000067477,0,07,000,00,9,2,02,A01
201000067477,0,01,000,00,0,4,02,B02
201000067478,0,10,000,02,0,3,21,A01
201000067479,0,02,000,00,0,7,14,A01
201000067480,0,20,000,00,2,4,01,C03
201000067480,0,07,000,00,2,1,01,B02
201000067480,0,07,000,00,2,1,01,A01
201000067481,0,07,000,00,2,8,01,C03
201000067481,0,07,000,00,2,1,01,B02
201000067481,0,07,000,00,2,3,13,A01
201000067482,0,07,000,00,9,2,01,A01
201000067482,0,01,000,00,2,1,01,B02
201000067483,0,07,000,00,2,3,01,A01
201000067483,0,07,000,00,2,8,15,B02
201000067484,0,07,000,00,2,1,01,A01
201000067484,0,07,000,00,2,3,01,B02
201000067485,0,07,000,00,2,1,13,A01
201000067485,0,10,000,00,2,1,01,C03
201000067485,0,10,000,00,2,1,01,B02
201000067486,0,07,000,05,0,1,13,A01
201000067487,0,30,000,12,0,2,01,A01
201000067488,0,03,000,00,2,7,15,A01
201000067488,0,07,000,00,2,1,01,B02
201000067489,0,14,000,00,0,1,01,A01
201000067489,0,99,000,00,2,8,23,B02
201000067490,0,07,000,00,2,1,13,A01
201000067490,0,07,000,00,2,1,01,B02
201000067491,0,33,000,00,2,1,21,A01
201000067491,0,10,000,00,2,2,01,B02
201000067492,0,31,000,00,2,1,16,A01
201000067492,0,07,000,00,2,2,17,B02
201000067493,0,33,000,00,2,7,01,B02
201000067493,0,07,000,00,2,3,19,A01
201000067494,0,07,000,00,2,1,01,A01
201000067494,0,07,000,00,0,4,01,B02
201000067495,0,07,000,00,2,3,01,B02
201000067495,0,30,000,00,2,1,13,A01
201000067496,0,30,000,00,2,1,01,B02
201000067496,0,07,000,06,2,8,19,A01
201000067497,2,07,000,15,0,0,13,A01
201000067498,0,38,000,06,1,5,04,A01
201000067499,0,01,000,00,2,3,16,A01
201000067499,0,07,000,00,9,3,01,B02
201000067500,0,07,000,00,0,0,00,A01
201000067500,0,07,000,00,2,3,01,B02
201000067501,0,07,000,00,2,5,23,B02
201000067501,0,30,000,00,2,0,01,A01