Num_Acc,senc,catv,occutc,obs,obsm,choc,manv,num_veh
201000067890,0,07,000,00,2,3,20,A01
201000067890,0,30,000,00,2,1,17,B02
201000067891,0,07,000,00,2,8,15,A01
201000067891,0,30,000,00,2,1,01,B02
201000067892,0,30,000,00,0,0,00,A01
201000067893,0,10,000,00,1,2,01,A01
201000067894,0,07,000,09,0,8,14,A01
201000067895,0,07,000,00,0,9,15,A01
201000067896,0,07,000,13,0,2,15,A01
201000067897,0,07,000,00,2,1,01,A01
201000067897,0,01,000,00,2,1,15,B02
201000067898,0,31,000,00,2,1,17,A01
201000067898,0,07,000,00,2,4,15,B02
201000067899,0,07,000,00,2,2,19,A01
201000067899,0,02,000,00,2,8,01,B02
201000067900,0,10,000,00,0,8,10,B02
201000067900,0,07,000,00,2,1,02,A01
201000067901,0,07,000,12,0,0,01,A01
201000067902,0,30,000,00,0,8,00,B02
201000067902,0,07,000,00,0,1,00,A01
201000067903,0,10,000,00,0,1,13,A01
201000067903,0,10,000,00,0,1,01,B02
201000067904,0,30,000,00,1,1,00,A01
201000067905,0,03,000,00,2,3,01,B02
201000067905,0,07,000,00,2,3,17,A01
201000067906,0,07,000,00,2,3,01,A01
201000067906,0,33,000,00,2,1,01,B02
201000067907,0,07,000,00,2,8,01,B02
201000067907,0,07,000,00,2,3,13,A01
201000067908,0,07,000,06,0,2,01,A01
201000067909,0,31,000,12,0,3,01,A01
201000067910,0,10,000,00,2,1,15,A01
201000067910,0,02,000,00,2,2,01,B02
201000067911,0,38,000,00,1,2,01,A01
201000067912,1,07,000,00,1,0,01,A01
201000067913,0,01,000,12,0,1,01,A01
201000067913,0,10,000,00,0,0,01,B02
201000067914,0,30,000,00,0,0,00,A01
201000067915,0,30,000,00,2,1,00,B02
201000067915,0,07,000,00,2,2,15,A01
201000067916,0,02,000,00,2,1,15,B02
201000067916,0,07,000,00,2,3,01,A01
201000067917,0,02,000,00,2,8,15,B02
201000067917,0,07,000,00,2,2,01,A01
201000067918,0,07,000,00,1,2,14,A01
201000067919,0,30,000,00,2,7,15,A01
201000067919,0,07,000,00,2,1,00,B02
201000067920,0,07,000,00,2,1,01,B02
201000067920,0,10,000,00,2,8,19,C03
201000067920,0,07,000,00,2,1,01,A01
201000067921,0,02,000,00,2,7,01,B02
201000067921,0,07,000,00,2,2,09,A01
201000067922,0,02,000,00,2,1,11,A01
201000067922,0,01,000,00,2,0,15,B02
201000067923,0,07,000,00,2,1,01,A01
201000067923,0,07,000,00,2,1,01,B02
201000067924,0,07,000,00,2,3,01,B02
201000067924,0,07,000,00,2,2,18,A01
201000067925,0,07,000,00,2,8,11,A01
201000067925,0,02,000,00,2,2,17,B02
201000067926,0,02,000,00,2,1,01,B02
201000067926,0,07,000,00,2,2,15,A01
201000067927,0,30,000,00,2,1,01,A01
201000067927,0,01,000,00,2,4,01,B02
201000067928,0,07,000,00,2,8,15,A01
201000067928,0,30,000,00,2,1,17,B02
201000067929,0,07,000,00,2,2,01,B02
201000067929,0,02,000,00,2,8,15,A01
201000067930,0,07,000,00,1,3,17,A01
201000067931,0,07,000,00,2,7,15,A01
201000067931,0,02,000,00,2,1,01,B02
201000067932,0,30,000,16,0,0,01,A01
201000067933,0,07,000,00,2,3,13,A01
201000067933,1,02,000,00,2,1,00,B02
201000067933,0,07,000,00,2,8,24,C03
201000067934,0,30,000,00,2,3,02,A01
201000067934,0,07,000,00,2,7,16,B02
201000067935,0,02,000,00,0,0,02,A01
201000067936,0,07,000,08,0,2,01,A01
201000067937,0,01,000,00,2,5,19,A01
201000067937,0,07,000,00,2,2,01,B02
201000067938,1,30,000,16,0,0,19,A01
201000067939,0,30,000,00,2,8,09,A01
201000067939,0,07,000,00,0,2,00,B02
201000067940,0,02,000,00,2,1,01,B02
201000067940,0,07,000,00,2,3,15,A01
201000067941,0,10,000,00,2,1,01,B02
201000067941,0,07,000,00,2,1,11,A01
201000067942,0,02,000,00,2,4,02,B02
201000067942,0,07,000,00,2,1,02,A01
201000067943,0,07,000,00,2,2,15,A01
201000067943,0,30,000,00,2,1,01,B02
201000067944,0,37,000,00,1,2,01,A01
201000067945,0,07,000,00,2,3,15,A01
201000067945,0,34,000,00,2,1,17,B02
201000067946,0,07,000,13,0,0,01,A01
201000067947,0,20,000,00,2,5,00,A01
201000067947,0,30,000,00,2,1,00,B02
201000067948,0,33,000,00,2,1,01,B02
201000067948,0,07,000,00,2,2,19,A01
201000067949,0,07,000,00,0,1,01,A01
201000067949,0,31,000,00,0,1,13,B02
201000067950,0,01,000,13,0,1,00,A01
201000067951,0,07,000,00,2,1,01,A01
201000067951,0,30,000,00,2,1,01,B02
201000067952,0,33,000,00,0,1,01,A01
201000067953,0,07,000,00,0,6,01,B02
201000067953,0,10,000,03,0,2,14,A01
201000067954,0,07,000,00,2,8,01,B02
201000067954,0,07,000,00,2,7,17,A01
201000067955,0,07,000,00,2,2,14,A01
201000067955,0,01,000,00,0,8,01,B02
201000067956,0,30,000,01,0,2,02,A01
201000067956,0,07,000,00,0,6,24,B02
201000067957,0,02,000,00,2,1,02,A01
201000067957,0,07,000,00,2,6,15,B01
201000067958,0,07,000,00,2,3,01,A01
201000067958,0,01,000,00,2,1,13,B01
201000067959,0,07,000,00,2,2,15,A01
201000067959,0,30,000,00,2,1,01,B01
201000067960,0,07,000,00,2,4,02,B01
201000067960,0,30,000,00,2,1,02,A01
201000067961,0,07,000,00,2,4,16,A01
201000067961,0,07,000,00,2,8,02,B01
201000067962,0,07,000,00,2,4,02,B01
201000067962,0,31,000,00,2,4,01,A01
201000067963,0,31,000,01,0,1,01,B01
201000067963,0,07,000,00,2,4,15,A01
201000067964,0,10,000,00,2,4,15,B01
201000067964,0,07,000,00,2,3,01,C01
201000067964,0,07,000,00,2,4,01,A01
201000067965,0,07,000,00,2,1,02,A01
201000067965,0,07,000,00,2,4,01,B01
201000067966,0,30,000,00,2,8,01,A01
201000067966,0,07,000,00,2,8,01,C01
201000067966,0,07,000,00,2,8,02,B01
201000067967,0,07,000,00,2,3,01,B01
201000067967,0,07,000,00,2,3,13,A01
201000067968,0,07,000,00,9,8,15,B01
201000067968,0,02,000,00,2,2,17,A01
201000067969,0,07,000,00,1,3,01,A01
201000067970,0,07,000,00,1,4,04,A01
201000067971,0,07,000,00,2,6,17,A01
201000067971,0,30,000,00,2,1,17,B01
201000067972,0,30,000,00,2,1,01,B01
201000067972,0,07,000,00,0,4,15,A01
201000067973,0,10,000,00,1,1,01,A01
201000067974,0,02,000,00,2,1,01,B01
201000067974,0,07,000,00,2,3,15,A01
201000067975,0,07,000,00,1,2,01,A01
201000067976,0,07,000,00,1,4,04,A01
201000067977,0,10,000,00,1,1,01,A01
201000067978,0,03,000,00,2,3,13,A01
201000067978,0,07,000,00,2,3,01,B01
201000067979,0,07,000,00,0,7,01,B01
201000067979,0,07,000,00,2,8,09,A01
201000067980,0,30,000,00,2,7,02,B01
201000067980,0,13,000,00,2,8,13,A01
201000067981,0,07,000,00,1,1,01,A01
201000067982,0,10,000,00,1,3,01,A01
201000067983,0,07,000,01,0,1,13,A01
201000067983,0,07,000,00,0,0,10,C01
201000067984,0,30,000,01,0,2,01,B01
201000067984,0,07,000,00,0,8,24,A01
201000067985,1,33,000,00,1,1,01,Z01
201000067986,0,07,000,00,1,3,15,A01
201000067987,0,13,000,00,0,4,24,B01
201000067987,0,07,000,01,0,1,16,A01
201000067988,0,33,000,00,2,1,01,A01
201000067988,0,07,000,00,2,5,15,B01
201000067989,0,30,000,00,1,1,01,A01
201000067990,0,07,000,00,0,4,02,B01
201000067990,0,07,000,00,2,1,02,A01
201000067991,0,13,000,02,0,1,00,A01
201000067992,1,10,000,00,1,0,01,A01
201000067993,0,30,000,00,2,1,01,A01
201000067993,0,07,000,00,0,6,01,B01
201000067994,0,07,000,00,2,4,02,A01
201000067994,0,07,000,00,2,4,02,B01
201000067995,0,07,000,00,2,1,01,A01
201000067995,0,30,000,00,2,6,01,B01
201000067996,0,07,000,00,2,1,01,B01
201000067996,0,30,000,00,2,3,01,A01
201000067997,0,02,000,00,2,7,17,A01
201000067997,0,07,000,00,2,8,17,B01
201000067998,0,07,000,00,2,2,11,A01
201000067998,0,30,000,00,2,1,01,C01
201000067998,0,02,000,00,2,1,01,B01
201000067999,0,07,000,00,2,1,02,C01
201000067999,0,07,000,00,0,4,23,A01
201000067999,0,07,000,00,2,4,23,B01
201000068000,0,07,000,00,1,2,00,A01
201000068001,0,02,000,00,2,2,14,B01
201000068001,0,07,000,00,2,2,15,A01
201000068002,1,99,000,00,1,1,18,A01
201000068003,0,30,000,00,0,1,11,A01
201000068003,0,30,000,16,0,8,15,B01
201000068004,0,07,000,00,1,3,01,A01
201000068005,0,07,000,00,2,1,18,B01
201000068005,0,07,000,00,0,2,16,A01
201000068006,0,07,000,00,1,2,01,A01
201000068007,0,99,000,00,2,1,02,B01
201000068007,0,30,000,00,0,0,00,A01
201000068008,0,01,000,00,0,1,02,B01
201000068008,0,07,000,00,0,0,00,A01
201000068009,0,07,000,00,2,1,01,B01
201000068009,0,07,000,00,2,1,15,A01
201000068010,0,07,000,00,2,3,09,A01
201000068010,0,30,000,00,2,1,01,B01
201000068011,0,07,000,00,0,1,01,B01
201000068011,0,07,000,00,0,2,15,A01
201000068012,0,07,000,00,2,1,01,A01
201000068012,0,30,000,00,2,2,01,B01
201000068013,0,07,000,08,0,1,01,A01
201000068014,0,30,000,00,2,1,00,B01
201000068014,0,07,000,00,2,2,01,A01
201000068015,0,07,000,00,1,0,00,A01
201000068016,0,07,000,00,0,6,00,A01
201000068016,0,33,000,00,0,0,00,B01
201000068017,0,02,000,00,2,1,17,A01
201000068017,0,07,000,00,2,3,01,B01
201000068018,2,07,000,00,0,0,00,A01
201000068018,0,32,000,00,0,0,00,B01
201000068018,0,32,000,00,0,0,00,C01
201000068019,0,02,000,00,0,0,00,B01
201000068019,0,07,000,00,0,8,00,A01
201000068020,0,07,000,00,1,0,00,A01
201000068021,0,07,000,00,0,1,00,A01
201000068021,0,33,000,00,0,0,00,B01
201000068022,0,07,000,00,0,1,00,B01
201000068022,0,07,000,00,0,1,00,A01
201000068023,0,02,000,00,0,0,00,B01
201000068023,0,07,000,00,0,3,00,A01
201000068024,0,07,000,00,0,0,00,B01
201000068024,0,01,000,00,0,0,00,A01
201000068025,0,33,000,00,0,0,00,A01
201000068025,0,07,000,00,0,1,00,B01
201000068026,0,07,000,00,1,0,00,A01
201000068027,0,07,000,00,1,0,00,A01
201000068028,0,31,000,00,0,9,00,B01
201000068028,0,07,000,00,0,1,00,A01
201000068029,0,07,000,00,0,7,00,A01
201000068029,0,33,000,00,0,4,00,B01
201000068030,0,10,000,00,2,1,09,A01
201000068030,0,07,000,00,2,1,01,B01
201000068030,0,07,000,00,4,2,02,C01
201000068031,0,07,000,01,2,1,01,A01
201000068031,0,07,000,00,0,4,23,C01
201000068031,0,07,000,01,2,9,23,B01
201000068032,0,07,000,00,2,7,01,D01
201000068032,0,07,000,00,2,4,01,B01
201000068032,0,07,000,00,2,9,10,A01
201000068032,0,07,000,00,2,1,01,C01
201000068033,0,07,000,00,2,2,01,A01
201000068033,0,30,000,00,2,9,05,B01
201000068034,0,07,000,00,2,2,16,A01
201000068034,0,07,000,00,2,9,01,B01
201000068035,0,07,000,00,2,4,15,A01
201000068035,0,34,000,00,2,8,01,B01
201000068036,0,07,000,00,2,3,02,A01
201000068036,0,07,000,00,2,4,02,B01
201000068037,0,02,000,00,2,0,00,A01
201000068038,0,33,000,00,0,1,00,A01
201000068038,0,34,000,00,0,4,00,B01
201000068039,0,07,000,00,0,3,00,A01
201000068039,0,02,000,00,0,0,00,B01
201000068040,0,07,000,00,0,4,00,B01
201000068040,0,07,000,00,0,0,00,A01
201000068041,0,07,000,00,0,1,00,A01
201000068041,0,01,000,00,2,0,00,B01
201000068042,0,07,000,06,0,1,00,A01
201000068043,0,07,000,00,2,7,00,A01
201000068043,0,07,000,00,2,1,00,B01
201000068044,0,30,000,00,0,0,14,A01
201000068045,0,07,000,06,0,1,00,A01
201000068046,0,02,000,00,0,1,00,B01
201000068046,0,07,000,00,0,2,00,A01
201000068047,0,07,000,00,1,1,00,A01
201000068048,0,07,000,00,1,3,00,A01
201000068049,0,07,000,00,0,5,01,A01
201000068049,0,32,000,00,2,1,02,B01
201000068050,0,07,000,00,2,4,23,A01
201000068050,0,33,000,01,2,1,01,B01
201000068051,0,10,000,00,1,2,01,B01
201000068051,0,30,000,00,2,1,15,A01
201000068052,0,33,000,00,2,1,01,B01
201000068052,0,07,000,00,2,9,10,A01
201000068053,0,33,000,00,2,1,01,B01
201000068053,0,07,000,00,2,3,01,A01
201000068054,0,30,000,00,2,1,01,B01
201000068054,1,07,000,00,2,0,00,Z01
201000068055,0,07,000,00,1,1,01,A01
201000068055,0,07,000,00,1,4,01,B01
201000068056,0,07,000,02,0,1,00,A01
201000068057,0,07,000,02,0,9,01,A01
201000068058,0,07,000,00,0,1,00,B01
201000068058,0,33,000,00,2,9,15,A01
201000068059,0,07,000,00,2,4,01,B01
201000068059,0,02,000,00,2,1,01,A01
201000068060,0,01,000,00,2,0,01,B01
201000068060,0,07,000,00,2,0,01,A01
201000068061,0,02,000,00,2,0,00,B01
201000068061,0,07,000,00,2,2,00,A01
201000068062,0,07,000,00,2,1,16,A01
201000068062,0,33,000,00,2,1,01,B01
201000068063,0,30,000,00,2,0,00,B01
201000068063,0,07,000,00,2,1,09,A01
201000068064,0,07,000,00,2,8,15,A01
201000068064,0,01,000,00,2,1,00,B01
201000068065,0,07,000,01,0,1,01,A01
201000068066,0,07,000,00,2,9,09,A01
201000068066,0,33,000,00,2,9,01,B01
201000068067,0,07,000,00,2,0,01,A01
201000068068,0,01,000,00,2,0,17,B01
201000068068,0,10,000,00,2,3,01,A01
201000068069,0,10,000,00,1,1,09,A01
201000068069,0,07,000,00,0,2,01,B01
201000068070,0,10,000,01,2,1,01,A01
201000068070,0,07,000,00,2,8,13,B01
201000068071,0,01,000,00,0,0,00,B01
201000068071,0,07,000,00,2,0,21,A01
201000068072,0,07,000,00,2,1,01,A01
201000068072,0,07,000,00,2,4,01,B01
201000068073,0,07,000,00,2,1,13,A01
201000068073,0,07,000,00,2,1,01,B01
201000068074,0,37,001,00,2,9,20,A01
201000068074,0,01,000,00,2,9,09,B01
201000068075,0,07,000,00,2,1,17,A01
201000068075,0,07,000,00,2,6,02,C01
201000068075,0,07,000,00,2,1,05,B01
201000068076,0,01,000,00,2,0,09,B01
201000068076,0,07,000,00,2,1,01,A01
201000068077,0,07,000,00,2,6,01,B01
201000068077,0,32,000,00,2,1,13,A01
201000068078,1,30,000,00,1,0,00,Z01
201000068079,0,07,000,00,2,3,17,A01
201000068079,0,01,000,00,0,0,00,B01
201000068080,0,34,000,00,2,1,01,B01
201000068080,0,07,000,00,2,9,10,A01
201000068081,0,07,000,00,2,9,01,B01
201000068081,0,07,000,00,2,1,01,A01
201000068082,0,10,000,00,1,2,09,A01
201000068083,0,07,000,00,0,9,01,A01
201000068084,0,07,000,00,2,6,15,B01
201000068084,0,33,000,00,2,1,11,A01
201000068085,0,07,000,00,2,1,05,B01
201000068085,0,07,000,00,2,9,01,C01
201000068085,0,07,000,00,2,1,05,A01
201000068086,0,34,000,00,2,1,01,B01
201000068086,0,07,000,00,2,5,14,A01
201000068087,0,07,000,00,2,2,01,A01
201000068087,0,07,000,00,2,8,09,B01
201000068088,0,10,000,02,0,1,01,A01
201000068089,0,10,000,00,2,3,09,B01
201000068089,0,33,000,00,2,1,17,A01
201000068090,0,33,000,12,0,9,16,A01
201000068091,0,30,000,00,1,0,05,A01
201000068092,1,07,000,00,0,0,00,Z01
201000068093,0,07,000,00,2,1,09,A01
201000068093,0,02,000,00,2,9,01,B01
201000068094,0,30,000,00,1,0,01,A01
201000068095,0,01,000,00,2,9,01,B01
201000068095,0,10,000,00,2,1,15,A01
201000068096,0,07,000,00,2,0,20,A01
201000068096,0,02,000,00,2,1,01,B01
201000068097,0,07,000,00,1,0,01,A01
201000068098,0,07,000,01,2,1,02,A01
201000068098,0,07,000,00,2,9,02,B01
201000068098,0,07,000,00,2,4,02,C01
201000068099,0,07,000,00,2,9,24,A01
201000068100,0,07,000,00,2,3,01,A01
201000068100,0,07,000,00,2,1,01,B01
201000068101,0,07,000,00,1,0,01,A01
201000068102,0,07,000,00,2,3,01,A01
201000068102,0,30,000,00,2,0,15,B01
201000068103,0,07,000,00,2,7,09,A01
201000068103,0,30,000,00,2,0,01,B01
201000068104,0,07,000,00,2,9,02,C01
201000068104,0,07,000,00,2,1,02,A01
201000068104,0,07,000,00,2,4,01,D01
201000068104,0,07,000,00,2,9,02,B01
201000068105,0,07,000,01,2,6,24,A01
201000068105,0,02,000,01,0,1,01,B01
201000068106,0,07,000,00,2,0,20,A01
201000068107,0,10,000,00,2,3,15,A01
201000068107,0,07,000,00,2,6,15,B01
201000068108,0,07,000,00,2,9,09,A01
201000068108,0,30,000,00,2,9,01,C01
201000068108,0,07,000,00,2,2,01,B01
201000068109,0,07,000,00,0,1,21,A01
201000068110,0,33,000,00,2,5,01,A01
201000068110,0,07,000,00,2,5,14,B01
201000068110,0,07,000,00,2,3,01,C01
201000068111,0,07,000,00,1,0,01,A01
201000068112,0,30,000,00,2,7,10,B01
201000068112,0,07,000,00,2,1,01,A01
201000068113,0,07,000,00,2,1,09,A01
201000068113,0,02,000,00,2,8,01,B01
201000068114,0,07,000,00,2,1,13,A01
201000068114,0,01,000,00,2,0,24,B01
201000068115,0,02,000,00,2,1,09,A01
201000068115,0,37,001,00,2,0,01,B01
201000068116,0,01,000,01,0,0,01,B01
201000068116,0,07,000,00,2,4,24,A01
201000068117,0,30,000,00,2,0,17,A01
201000068117,0,07,000,00,2,3,01,B01
201000068118,0,10,000,04,2,9,02,A01
201000068118,0,07,000,00,2,9,01,B01
201000068119,0,07,000,00,2,3,01,A01
201000068119,0,07,000,00,2,4,01,B01
201000068120,0,07,000,00,2,6,23,B01
201000068120,0,33,000,00,2,1,17,A01
201000068121,0,34,000,00,1,0,01,A01
201000068122,0,07,000,00,2,7,01,A01
201000068122,0,13,000,00,2,8,13,B01
201000068123,0,10,000,00,1,0,01,A01
201000068124,0,07,000,00,1,1,01,A01
201000068125,0,07,000,00,2,1,01,B01
201000068125,0,07,000,00,2,0,13,A01
201000068126,0,07,000,00,1,0,01,A01
201000068127,0,10,000,00,1,1,01,A01
201000068128,0,07,000,00,2,6,01,B01
201000068128,0,07,000,00,1,1,01,A01
201000068129,0,07,000,00,2,1,01,A01
201000068130,0,07,000,00,2,1,01,B01
201000068130,0,02,000,00,2,9,09,A01
201000068131,0,07,000,00,1,2,01,A01
201000068132,0,07,000,00,1,0,01,A01
201000068133,0,07,000,14,2,1,05,B01
201000068133,0,07,000,14,2,1,09,A01
201000068134,0,07,000,00,2,9,01,A01
201000068135,0,07,000,00,2,1,01,A01
201000068135,0,07,000,00,2,1,01,B01
201000068136,0,07,000,00,1,0,01,A01
201000068137,0,31,000,00,2,1,01,A01
201000068137,0,07,000,00,2,3,09,B01
201000068138,0,07,000,00,2,4,01,C01
201000068138,0,07,000,00,2,9,01,B01
201000068138,0,07,000,02,2,1,01,A01
201000068139,0,14,000,00,2,3,01,A01
201000068139,0,07,000,00,2,9,15,B01
201000068139,0,07,000,00,2,9,01,C01
201000068140,0,07,000,00,2,1,05,B01
201000068140,0,07,000,00,2,1,05,A01
201000068141,0,07,000,00,1,0,01,A01
201000068142,0,07,000,00,1,0,01,A01
201000068143,0,07,000,06,2,2,01,A01
201000068144,0,07,000,00,2,4,01,B01
201000068144,0,07,000,00,1,1,01,A01
201000068145,0,07,000,02,0,9,01,A01
201000068146,0,07,000,00,2,1,17,A01
201000068146,0,07,000,00,2,1,01,B01
201000068147,0,07,000,00,2,2,13,A01
201000068147,0,07,000,00,2,1,01,B01
201000068148,0,32,000,00,2,9,23,B01
201000068148,0,07,000,00,2,1,01,A01
201000068149,0,07,000,00,2,6,01,B01
201000068149,0,30,000,00,2,0,17,A01
201000068150,0,30,000,00,2,0,17,B01
201000068150,0,07,000,05,2,9,01,A01
201000068151,0,07,000,00,0,9,01,A01
201000068152,1,07,000,00,2,5,15,Z01
201000068152,0,31,000,00,2,1,01,B01
201000068153,0,07,000,00,2,6,00,A01
201000068153,0,30,000,00,2,1,01,B01
201000068154,0,34,000,00,2,9,17,A01
201000068154,0,07,000,00,2,1,01,B01
201000068155,0,07,000,00,2,3,01,B01
201000068155,0,30,000,00,2,9,13,A01
201000068156,0,07,000,00,2,3,09,A01
201000068156,0,30,000,00,2,1,01,B01
201000068157,0,30,000,00,2,8,09,A01
201000068157,0,07,000,00,2,9,02,B01
201000068158,0,30,000,00,2,7,01,B01
201000068158,0,07,000,00,2,3,09,A01
201000068159,0,07,000,06,0,1,01,A01
201000068160,0,07,000,00,2,1,01,B01
201000068160,0,07,000,00,2,9,09,A01
201000068161,0,02,000,00,2,1,01,B01
201000068161,0,07,000,00,2,1,01,A01
201000068162,0,07,000,00,1,0,01,A01
201000068163,0,07,000,02,0,9,01,A01
201000068164,0,07,000,03,2,1,01,B01
201000068164,0,07,000,00,2,9,17,A01
201000068165,0,07,000,00,2,2,01,A01
201000068165,0,07,000,00,2,3,01,B01
201000068166,0,07,000,00,2,1,01,A01
201000068166,0,07,000,00,2,7,01,B01
201000068167,0,07,000,00,1,1,01,A01
201000068168,0,02,000,00,2,1,01,B01
201000068168,0,02,000,00,2,1,01,A01
201000068169,0,10,000,00,2,1,01,A01
201000068169,0,07,000,00,2,8,01,B01
201000068170,0,10,000,00,2,1,01,B01
201000068170,0,02,000,00,2,8,19,A01
201000068171,0,07,000,04,2,7,01,B01
201000068171,0,07,000,04,2,8,11,A01
201000068172,0,07,000,00,2,1,01,B01
201000068172,0,07,000,00,2,1,01,A01
201000068173,0,07,000,00,2,1,01,A01
201000068173,0,07,000,00,2,4,01,B01
201000068174,0,07,000,00,2,4,23,B01
201000068174,0,07,000,00,2,1,01,A01
201000068175,0,02,000,00,2,0,01,B01
201000068175,0,07,000,00,2,7,00,A01
201000068176,0,07,000,00,0,4,01,A01
201000068177,0,07,000,00,2,1,01,A01
201000068177,0,07,000,00,2,1,01,B01
201000068178,0,07,000,00,1,1,01,A01
201000068179,0,07,000,04,0,1,01,A01
201000068180,0,07,000,00,2,4,01,B01
201000068180,0,07,000,04,2,5,01,A01
201000068181,0,07,000,00,1,1,01,A01
201000068181,0,01,000,00,2,0,01,B01
201000068182,0,33,000,00,2,1,09,A01
201000068182,0,07,000,00,2,9,01,B01
201000068183,0,07,000,00,2,8,09,B01
201000068183,0,07,000,00,2,3,01,A01
201000068184,0,07,000,00,1,0,01,A01
201000068185,0,07,000,00,2,3,15,A01
201000068185,0,02,000,00,2,0,01,B01
201000068186,0,07,000,00,2,5,01,A01
201000068186,0,07,000,00,2,1,02,B01
201000068187,0,07,000,00,1,2,01,A01
201000068188,0,02,000,00,0,8,01,A01
201000068189,0,07,000,00,1,0,01,A01
201000068190,0,07,000,00,2,2,17,A01
201000068190,0,10,000,00,2,3,01,B01
201000068191,0,07,000,00,1,1,01,A01
201000068192,0,07,000,00,1,1,01,A01
201000068193,0,10,000,00,2,1,01,A01
201000068193,0,07,000,00,2,1,01,B01
201000068193,0,07,000,00,2,1,01,C01
201000068194,1,10,000,00,1,0,01,Z01
201000068195,0,07,000,00,2,3,01,A01
201000068195,0,07,000,00,2,8,01,B01
201000068196,0,07,000,00,2,9,13,A01
201000068196,0,07,000,00,2,8,01,B01
201000068197,0,07,000,00,2,8,01,A01
201000068197,0,10,000,00,2,7,01,C01
201000068197,0,07,000,00,2,8,01,B01
201000068198,0,33,000,00,0,0,00,A01
201000068199,0,30,000,00,0,0,00,A01
201000068200,0,07,000,00,0,1,01,B01
201000068200,0,07,000,00,2,9,09,A01
201000068201,0,07,000,00,2,1,01,B01
201000068201,0,07,000,00,2,1,01,A01
201000068202,0,07,000,00,2,7,01,A01
201000068202,0,01,000,00,2,0,01,B01
201000068203,0,07,000,00,2,8,01,B01
201000068203,0,01,000,00,2,9,16,A01
201000068204,0,07,000,00,2,1,01,A01
201000068204,0,07,000,00,2,1,01,B01
201000068205,0,07,000,00,2,1,05,A01
201000068205,0,07,000,00,2,1,01,B01
201000068206,0,07,000,00,2,3,15,A01
201000068206,0,30,000,00,2,1,01,B01
201000068207,2,07,000,00,2,1,01,A01
201000068207,0,07,000,00,2,4,01,C01
201000068207,0,07,000,00,2,4,01,B01
201000068208,0,07,000,00,2,9,09,A01
201000068208,0,07,000,00,2,2,01,B01
201000068209,0,07,000,00,2,0,01,A01
201000068210,0,07,000,00,2,1,01,B01
201000068210,0,07,000,00,2,1,01,A01
201000068211,0,07,000,00,0,1,01,A01
201000068212,0,99,000,00,2,1,01,B01
201000068212,0,30,000,00,2,1,01,A01
201000068213,0,10,000,00,2,0,01,A01
201000068213,0,07,000,00,2,8,01,B01
201000068213,0,07,000,00,2,3,01,C01
201000068214,0,07,000,01,0,5,01,A01
201000068215,0,07,000,00,2,4,02,C01
201000068215,0,07,000,00,2,4,02,B01
201000068215,0,07,000,00,2,1,02,A01
201000068215,0,07,000,00,0,0,02,D01
201000068216,0,07,000,15,2,9,01,A01
201000068216,0,07,000,15,2,9,00,B01
201000068217,0,07,000,00,2,4,02,C01
201000068217,0,07,000,00,2,1,02,D01
201000068217,0,07,000,00,2,1,01,A01
201000068217,0,07,000,00,2,9,01,B01
201000068218,1,07,000,00,1,0,00,Z01
201000068218,0,07,000,00,1,0,01,A01
201000068219,0,07,000,01,1,1,01,A01
201000068220,0,07,000,02,0,9,01,A01
201000068221,0,07,000,00,2,7,20,B01
201000068221,0,07,000,00,2,1,18,A01
201000068222,0,07,000,00,2,7,01,A01
201000068222,0,33,000,00,2,1,01,B01
201000068223,0,07,000,00,2,4,01,A01
201000068223,0,33,000,00,2,9,16,B01
201000068224,0,07,000,00,1,7,01,A01
201000068225,0,10,000,00,1,7,01,A01
201000068226,0,07,000,02,0,9,21,A01
201000068227,0,30,000,00,2,1,01,B01
201000068227,0,07,000,00,2,1,19,A01
201000068228,0,07,000,00,1,1,01,A01
201000068229,0,33,000,00,2,1,02,A01
201000068229,0,10,000,00,2,6,01,B01
201000068230,0,07,000,00,2,3,01,A01
201000068230,0,01,000,00,2,4,01,B01
201000068231,0,07,000,00,2,1,13,A01
201000068231,0,07,000,00,2,9,01,B01
201000068232,0,07,000,00,2,4,02,B01
201000068232,0,07,000,00,2,1,02,A01
201000068233,0,07,000,00,2,0,02,A01
201000068233,0,07,000,00,2,0,15,B01
201000068234,0,02,000,00,2,1,02,A01
201000068234,0,07,000,00,2,7,15,B01
201000068235,0,07,000,00,2,1,01,B01
201000068235,0,07,000,00,2,1,01,A01
201000068236,0,10,000,00,2,1,01,A01
201000068236,0,07,000,00,2,4,02,B01
201000068237,0,07,000,00,2,8,01,B01
201000068237,2,33,000,00,2,1,01,A01
201000068238,0,07,000,00,2,1,13,A01
201000068238,0,07,000,00,2,1,01,B01
201000068239,0,07,000,06,0,1,01,A01
201000068240,0,07,000,00,2,6,15,B01
201000068240,0,07,000,00,2,1,01,A01
201000068241,0,07,000,00,2,1,15,B01
201000068241,0,30,000,00,2,1,01,A01
201000068242,0,33,000,00,2,1,02,A01
201000068242,2,32,000,00,0,4,02,B01
201000068243,0,07,000,00,2,3,01,A01
201000068243,0,07,000,00,2,3,01,B01
201000068244,0,07,000,00,1,0,01,A01
201000068245,0,07,000,00,2,4,02,B01
201000068245,0,02,000,00,2,1,02,A01
201000068246,1,07,000,00,1,1,01,Z01
201000068246,0,07,000,00,0,4,02,A01
201000068247,0,30,000,00,2,4,18,A01