Num_Acc,senc,catv,occutc,obs,obsm,choc,manv,num_veh
201000068987,0,07,000,00,1,2,01,A01
201000068988,0,02,000,00,2,1,00,B01
201000068988,0,07,000,00,2,4,01,A01
201000068989,0,07,000,00,1,1,01,A01
201000068990,0,30,000,13,0,0,02,A01
201000068991,0,31,000,00,2,3,01,B01
201000068991,0,07,000,00,2,1,06,A01
201000068992,0,33,000,00,0,0,17,A01
201000068992,0,38,001,00,0,0,13,B01
201000068993,0,01,000,00,0,0,00,A01
201000068994,0,07,000,00,2,1,01,B01
201000068994,0,02,000,00,2,8,15,A01
201000068995,0,02,000,00,1,1,01,A01
201000068996,0,07,000,00,1,2,01,A01
201000068997,0,01,000,00,0,8,01,B01
201000068997,0,07,000,00,9,7,16,A01
201000068998,0,07,000,00,2,3,11,A01
201000068998,0,33,000,00,0,5,01,B01
201000068999,0,07,000,00,1,1,01,A01
201000069000,0,31,000,00,0,0,00,A01
201000069001,0,07,000,00,2,6,00,B01
201000069001,0,33,000,00,2,6,00,A01
201000069002,0,07,000,00,0,6,02,B01
201000069002,0,33,000,00,2,6,02,A01
201000069002,0,33,000,00,2,1,02,C01
201000069003,0,07,000,00,2,3,13,A01
201000069003,0,02,000,00,2,1,01,B01
201000069004,0,07,000,13,0,7,02,A01
201000069005,0,31,000,00,0,8,01,B01
201000069005,0,07,000,00,2,1,01,A01
201000069006,0,02,000,00,2,1,00,B01
201000069006,0,07,000,00,2,5,00,A01
201000069007,0,02,000,14,0,1,02,A01
201000069008,0,07,000,00,2,3,15,A01
201000069008,0,02,000,00,2,1,17,B01
201000069009,0,02,000,00,0,0,00,A01
201000069010,0,07,000,00,1,1,01,A01
201000069011,0,07,000,00,2,1,01,B01
201000069011,0,33,000,00,2,2,01,A01
201000069012,0,31,000,00,0,7,00,A01
201000069013,0,37,001,00,1,8,00,A01
201000069014,0,07,000,00,1,3,01,A01
201000069015,1,07,000,00,2,1,01,Z01
201000069015,0,07,000,00,0,4,01,A01
201000069016,0,07,000,00,1,1,01,A01
201000069017,0,07,000,00,1,3,01,A01
201000069018,0,02,000,00,0,1,00,A01
201000069019,0,07,000,00,2,2,00,B01
201000069019,0,07,000,00,2,3,01,A01
201000069020,0,33,000,00,0,3,01,A01
201000069021,0,33,000,00,2,1,01,B01
201000069021,0,07,000,00,2,8,11,A01
201000069022,0,07,000,03,0,1,01,A01
201000069023,0,02,000,00,2,0,00,A01
201000069023,0,07,000,00,2,0,01,B01
201000069024,0,07,000,00,2,2,00,B01
201000069024,0,07,000,00,2,3,00,A01
201000069025,1,02,000,00,1,0,00,Z01
201000069026,0,02,000,01,0,0,01,A01
201000069027,0,07,000,00,2,1,01,A01
201000069027,0,07,000,00,0,4,17,B01
201000069028,0,37,000,00,2,2,01,B01
201000069028,0,02,000,00,2,3,07,A01
201000069029,0,07,000,00,2,1,00,B01
201000069029,0,02,000,00,2,1,00,A01
201000069030,0,07,000,00,2,2,15,A01
201000069030,0,01,000,00,2,1,01,B01
201000069031,0,07,000,12,0,2,00,A01
201000069032,0,07,000,00,2,2,01,A01
201000069032,0,07,000,00,2,1,01,B01
201000069033,0,07,000,00,1,4,04,A01
201000069034,0,07,000,00,2,1,11,A01
201000069034,0,33,000,00,2,1,00,B01
201000069035,0,07,000,00,2,8,01,A01
201000069035,0,37,001,00,2,8,00,B01
201000069036,0,07,000,00,1,2,16,A01
201000069037,0,07,000,01,0,3,11,A01
201000069038,0,07,000,00,1,4,20,A01
201000069039,0,32,000,14,0,1,02,A01
201000069039,0,07,000,00,2,5,23,B01
201000069040,0,37,001,00,1,7,00,A01
201000069041,0,02,000,00,2,1,01,A01
201000069041,0,07,000,00,2,3,01,B01
201000069042,0,07,000,01,2,0,01,D01
201000069042,0,07,000,00,0,0,00,A01
201000069042,0,10,000,00,2,0,00,B01
201000069042,0,07,000,01,2,0,01,C01
201000069043,0,07,000,00,2,1,01,A01
201000069043,0,07,000,00,2,3,01,C01
201000069043,0,07,000,00,2,4,01,B01
201000069044,0,07,000,00,1,2,01,A01
201000069045,0,07,000,00,2,8,00,A01
201000069045,0,01,000,00,2,1,01,B01
201000069046,0,07,000,00,2,8,01,B01
201000069046,0,02,000,00,2,1,01,A01
201000069047,0,33,000,14,0,0,01,A01
201000069047,0,33,000,14,0,0,01,B01
201000069048,0,33,000,00,0,1,00,A01
201000069049,0,33,000,00,2,2,01,A01
201000069049,0,07,000,00,0,6,01,B01
201000069050,0,33,000,00,2,0,21,B01
201000069050,0,07,000,00,2,2,09,A01
201000069051,0,07,000,14,1,3,01,A01
201000069052,0,07,000,00,2,3,01,B01
201000069052,0,07,000,00,2,3,13,A01
201000069053,0,07,000,03,0,1,00,A01
201000069054,0,33,000,00,2,4,02,B01
201000069054,0,07,000,00,2,4,00,A01
201000069055,0,33,000,00,2,7,00,A01
201000069055,0,07,000,00,2,7,00,B01
201000069056,0,07,000,15,0,2,01,A01
201000069057,0,07,000,01,0,1,01,A01
201000069058,0,07,000,00,2,1,01,B01
201000069058,0,07,000,00,0,4,00,A01
201000069058,0,07,000,00,0,0,00,C01
201000069059,0,33,000,00,1,7,01,A01
201000069060,0,31,000,00,2,1,00,B01
201000069060,0,07,000,00,2,1,00,A01
201000069061,0,07,000,00,0,8,01,B01
201000069061,0,35,000,00,2,1,01,A01
201000069062,0,07,000,00,1,0,01,A01
201000069063,0,30,000,00,1,1,07,A01
201000069064,0,07,000,00,2,5,12,A01
201000069064,0,33,000,00,2,1,01,B01
201000069065,0,07,000,08,0,7,01,A01
201000069066,0,07,000,00,2,6,00,A01
201000069066,0,10,000,00,2,1,01,B01
201000069067,0,07,000,00,1,1,01,A01
201000069068,0,07,000,01,0,1,02,A01
201000069068,0,07,000,00,2,4,01,B01
201000069069,0,07,000,03,0,3,00,A01
201000069070,0,33,000,00,2,1,01,B01
201000069070,0,02,000,00,2,1,05,A01
201000069071,0,31,000,00,0,0,01,A01
201000069072,0,07,000,00,1,3,00,A01
201000069073,0,07,000,00,1,1,01,A01
201000069074,0,30,000,00,2,1,00,A01
201000069074,0,07,000,00,2,1,00,B01
201000069075,0,37,025,00,1,5,01,A01
201000069076,0,02,000,00,0,0,00,A01
201000069076,0,07,000,00,0,0,00,B01
201000069077,0,07,000,00,2,1,01,B01
201000069077,0,07,000,00,2,3,05,A01
201000069078,0,07,000,00,0,4,01,B01
201000069078,0,02,000,00,2,1,01,A01
201000069079,0,33,000,01,2,1,01,B01
201000069079,0,07,000,00,2,5,01,A01
201000069080,0,07,000,00,0,1,00,A01
201000069081,0,30,000,00,2,1,02,B01
201000069081,0,02,000,00,0,0,00,A01
201000069082,0,07,000,00,0,0,01,A01
201000069083,0,07,000,00,2,6,01,B01
201000069083,0,33,000,00,2,1,11,A01
201000069084,0,01,000,00,2,4,02,B01
201000069084,0,07,000,00,2,1,02,A01
201000069085,0,07,000,00,1,1,02,A01
201000069086,0,07,000,00,9,1,13,A01
201000069087,0,07,000,00,2,2,12,A01
201000069087,0,30,000,00,2,8,01,B01
201000069088,0,07,000,00,9,2,16,A01
201000069088,0,01,000,00,2,8,18,B01
201000069089,0,33,000,00,2,1,01,A01
201000069089,0,07,000,00,2,4,15,B01
201000069090,0,31,000,00,2,1,01,A01
201000069090,0,07,000,00,2,3,15,B01
201000069091,0,07,000,00,2,7,01,B01
201000069091,0,01,000,00,2,1,01,A01
201000069092,0,07,000,00,1,1,01,A01
201000069093,0,07,000,00,2,2,15,A01
201000069093,0,33,000,00,2,2,01,B01
201000069094,0,07,000,00,2,1,00,B01
201000069094,0,33,000,00,2,3,01,A01
201000069095,0,33,000,16,0,7,02,A01
201000069096,0,31,000,00,0,2,02,A01
201000069097,0,02,000,00,0,0,01,A01
201000069098,0,07,000,00,1,1,01,A01
201000069099,0,07,000,04,0,2,01,A01
201000069100,0,07,000,00,0,4,01,A01
201000069100,0,07,000,00,2,1,02,B01
201000069101,0,07,000,00,1,1,01,A01
201000069102,0,31,000,00,0,4,01,B01
201000069102,0,07,000,00,2,3,01,A01
201000069103,0,07,000,00,2,3,09,A01
201000069103,0,07,000,00,2,7,01,B01
201000069104,0,07,000,00,2,1,00,B01
201000069104,0,07,000,00,2,1,01,A01
201000069105,0,14,000,00,2,1,01,A01
201000069105,0,07,000,00,0,4,01,B01
201000069106,0,07,000,01,0,2,17,A01
201000069107,0,07,000,00,2,1,18,A01
201000069107,0,07,000,00,0,6,15,B01
201000069108,0,07,000,00,2,6,00,A01
201000069108,0,02,000,00,2,1,00,B01
201000069109,0,07,000,00,2,1,15,A01
201000069109,0,30,000,00,2,1,01,B01
201000069110,0,07,000,00,2,1,00,A01
201000069110,0,07,000,00,2,8,01,B01
201000069111,0,02,000,00,2,1,00,B01
201000069111,0,07,000,00,2,5,00,A01
201000069112,0,07,000,00,1,3,01,A01
201000069113,0,02,000,03,0,0,00,A01
201000069114,0,02,000,00,2,2,19,B01
201000069114,0,07,000,00,2,1,01,A01
201000069115,0,07,000,15,0,1,00,A01
201000069116,0,30,000,00,2,1,01,A01
201000069116,0,07,000,00,2,2,01,B01
201000069117,0,07,000,00,1,1,00,A01
201000069118,0,07,000,00,2,8,20,A01
201000069118,0,33,000,00,2,6,21,B01
201000069119,0,07,000,00,2,2,02,A01
201000069119,0,07,000,06,2,3,02,B01
201000069120,0,30,000,00,2,1,11,A01
201000069120,0,07,000,00,2,3,01,B01
201000069121,0,33,000,00,2,7,17,A01
201000069121,0,07,000,00,2,1,10,B01
201000069122,0,33,000,00,2,8,01,B01
201000069122,0,07,000,00,2,2,01,A01
201000069123,0,33,000,00,2,1,01,A01
201000069123,0,07,000,00,2,4,01,B01
201000069124,0,07,000,06,0,2,01,A01
201000069125,0,30,000,00,2,1,08,A01
201000069125,0,07,000,00,2,3,01,B01
201000069126,0,07,000,00,2,3,09,A01
201000069126,0,34,000,00,2,3,01,B01
201000069127,0,30,000,00,1,1,01,A01
201000069128,0,01,000,00,2,1,00,A01
201000069128,0,01,000,00,2,1,00,B01
201000069128,0,07,000,00,2,3,00,C01
201000069129,0,02,000,00,2,1,18,A01
201000069129,0,07,000,00,2,4,24,B01
201000069130,0,07,000,00,1,2,09,A01
201000069131,0,33,000,00,2,1,01,B01
201000069131,0,07,000,00,2,3,09,A01
201000069132,0,30,000,00,2,1,01,A01
201000069132,0,07,000,00,2,4,01,B01
201000069133,0,07,000,00,1,4,04,A01
201000069134,0,07,000,00,0,7,01,A01
201000069135,0,01,000,00,1,1,00,A01
201000069136,0,07,000,00,0,7,01,A01
201000069136,0,01,000,00,2,1,09,B01
201000069137,0,07,000,00,2,3,01,A01
201000069137,0,07,000,00,2,4,00,B01
201000069138,1,10,000,00,1,1,01,Z01
201000069139,0,07,000,06,0,1,01,A01
201000069140,0,07,000,00,2,8,10,A01
201000069140,0,34,000,00,2,1,01,B01
201000069141,0,07,000,00,1,2,01,A01
201000069142,0,07,000,08,0,1,00,A01
201000069143,0,07,000,00,2,6,00,B01
201000069143,0,07,000,00,2,2,00,A01
201000069144,0,07,000,00,2,1,01,B01
201000069144,0,07,000,00,2,1,01,A01
201000069145,0,33,000,00,0,0,00,A01
201000069146,0,33,000,00,2,1,01,B01
201000069146,0,07,000,00,2,5,00,A01
201000069147,0,33,000,00,2,1,01,B01
201000069147,0,07,000,00,2,0,09,A01
201000069148,0,33,000,00,2,1,01,A01
201000069148,0,07,000,00,2,5,12,B01
201000069149,0,33,000,00,2,8,01,B01
201000069149,0,07,000,00,2,8,11,A01
201000069150,0,07,000,00,2,6,01,B01
201000069150,0,33,000,00,2,1,11,A01
201000069151,0,07,000,14,0,8,21,A01
201000069152,0,30,000,00,2,1,01,A01
201000069153,0,07,000,00,0,4,01,B01
201000069153,0,07,000,00,2,1,01,A01
201000069154,0,07,000,00,2,1,01,B01
201000069154,0,07,000,00,2,2,00,A01
201000069155,0,07,000,00,1,1,01,A01
201000069156,0,07,000,00,2,4,01,B01
201000069156,0,31,000,00,2,1,01,A01
201000069157,0,07,000,00,2,8,01,B01
201000069157,0,32,000,00,2,1,00,A01
201000069158,0,07,000,04,0,0,00,A01
201000069159,0,31,000,01,0,1,01,A01
201000069160,0,07,000,00,1,2,16,A01
201000069161,0,32,000,00,2,1,02,A01
201000069161,0,07,000,00,2,4,02,B01
201000069162,0,07,000,00,1,1,00,A01
201000069163,0,32,000,00,0,0,01,A01
201000069164,0,07,000,08,0,1,01,A01
201000069165,0,07,000,00,1,1,01,A01
201000069166,0,07,000,00,1,3,10,A01
201000069167,0,30,000,00,2,0,00,B01
201000069167,0,33,000,00,2,7,01,A01
201000069168,0,33,000,00,2,0,21,A01
201000069169,0,32,000,06,0,0,01,A01
201000069170,0,31,000,00,2,6,01,B01
201000069170,0,07,000,00,2,1,16,A01
201000069171,0,07,000,00,2,2,00,B01
201000069171,0,31,000,00,2,1,00,A01
201000069172,0,07,000,00,1,1,00,A01
201000069173,0,01,000,00,2,1,02,A01
201000069174,0,33,000,00,2,6,01,A01
201000069174,0,07,000,00,2,2,11,B01
201000069175,0,30,000,00,2,1,05,A01
201000069175,0,31,000,00,2,1,01,B01
201000069176,0,07,000,00,2,4,00,A01
201000069176,0,30,000,00,2,1,00,B01
201000069177,0,02,000,01,0,0,01,A01
201000069178,0,07,000,00,2,1,05,B01
201000069178,0,31,000,00,2,1,05,A01
201000069179,0,02,000,00,2,4,15,A01
201000069180,0,07,000,00,2,0,00,A01
201000069180,0,07,000,00,2,0,00,B01
201000069181,0,07,000,00,2,4,11,A01
201000069181,0,07,000,00,2,1,11,B01
201000069182,0,37,001,00,1,1,01,A01
201000069183,0,07,000,00,2,4,02,A01
201000069184,0,07,000,00,1,0,00,A01
201000069185,0,30,000,00,2,1,05,A01
201000069185,0,07,000,00,2,7,01,B01
201000069186,0,07,000,00,1,1,11,A01
201000069187,0,07,000,00,1,0,00,A01
201000069188,0,07,000,00,1,1,00,A01
201000069189,0,07,000,00,1,1,00,A01
201000069190,0,07,000,04,0,3,00,A01
201000069191,0,32,000,00,0,0,00,A01
201000069192,0,07,000,04,2,2,00,A01
201000069192,0,07,000,00,0,3,00,B01
201000069193,0,02,000,00,2,1,00,A01
201000069193,0,07,000,00,0,7,00,B01
201000069194,0,07,000,00,2,0,00,B01
201000069194,0,07,000,00,2,1,05,A01
201000069195,0,07,000,00,2,0,00,A01
201000069195,0,01,000,00,2,0,00,B01
201000069196,0,33,000,00,1,1,00,A01
201000069197,0,30,000,00,0,0,00,A01
201000069198,0,07,000,00,0,0,00,A01
201000069199,0,02,000,00,2,2,05,A01
201000069199,0,07,000,00,2,3,05,B01
201000069200,0,07,000,06,0,1,01,A01
201000069201,0,07,000,03,0,1,01,A01
201000069202,0,33,000,01,0,1,01,A01
201000069203,0,30,000,00,2,7,01,A01
201000069203,0,07,000,00,2,8,01,B01
201000069204,0,07,000,00,2,1,01,B01
201000069204,0,07,000,00,2,4,01,A01
201000069205,0,07,000,08,0,1,13,A01
201000069206,0,30,000,00,1,1,01,A01
201000069207,0,33,000,00,2,1,01,A01
201000069207,0,07,000,00,2,8,13,B01
201000069208,0,07,000,01,2,1,01,A01
201000069208,0,07,000,00,0,4,01,B01
201000069209,0,07,000,00,1,1,01,A01
201000069210,0,01,000,00,2,1,01,B01
201000069210,0,07,000,00,2,1,01,A01
201000069211,0,07,000,00,2,1,01,A01
201000069211,0,07,000,00,2,1,01,B01
201000069212,0,07,000,00,2,8,01,A01
201000069212,0,07,000,01,2,3,13,C01
201000069213,0,02,000,02,0,1,14,A01
201000069214,0,07,000,00,2,1,01,B01
201000069214,0,07,000,00,2,8,01,A01
201000069215,0,07,000,03,0,1,01,A01
201000069216,0,07,000,00,1,1,01,B01
201000069216,0,07,000,00,1,8,01,A01
201000069217,0,33,000,00,0,0,01,A01
201000069218,0,07,000,00,1,0,01,A01
201000069219,0,07,000,00,1,1,01,A01
201000069220,0,07,000,00,1,1,01,A01
201000069221,0,07,000,00,2,8,15,A01
201000069221,0,01,000,00,2,1,01,B01
201000069222,0,33,000,07,0,1,17,A01
201000069223,0,30,000,00,2,1,18,B01
201000069223,0,07,000,00,2,7,15,A01
201000069224,0,07,000,00,1,0,01,A01
201000069225,0,07,000,00,1,3,01,A01
201000069226,0,33,000,00,0,0,01,A01
201000069227,0,07,000,00,2,1,13,A01
201000069227,0,07,000,00,2,1,01,B01
201000069228,1,07,000,00,2,3,01,B01
201000069228,0,01,000,00,2,7,01,A01
201000069229,0,07,000,00,2,1,01,B01
201000069229,0,33,000,00,2,4,01,A01
201000069230,0,07,000,00,1,1,01,A01
201000069231,0,07,000,00,2,8,15,A01
201000069231,0,07,000,00,2,1,01,B01
201000069232,0,02,000,00,2,1,01,A01
201000069232,0,07,000,00,2,1,13,B01
201000069233,0,07,000,00,2,3,23,B01
201000069233,0,33,000,00,2,1,17,A01
201000069234,0,07,000,01,0,1,14,B01
201000069235,0,07,000,13,0,1,01,A01
201000069236,0,07,000,00,1,4,01,A01
201000069237,0,02,000,00,0,0,01,A01
201000069238,1,07,000,00,1,0,00,A01
201000069239,0,07,000,00,1,1,01,A01
201000069240,0,14,000,00,2,4,01,B01
201000069240,0,10,000,00,2,1,01,A01
201000069241,0,07,000,00,2,1,09,A01
201000069241,0,07,000,00,2,4,23,B01
201000069242,0,07,000,00,1,1,01,A01
201000069243,0,07,000,00,2,7,16,A01
201000069243,0,33,000,00,2,1,18,B01
201000069244,0,07,000,00,2,3,15,B01
201000069244,0,02,000,00,2,1,01,A01
201000069245,0,07,000,00,2,7,01,B01
201000069245,0,01,000,00,2,2,01,A01
201000069246,0,07,000,00,2,1,01,C01
201000069246,0,07,000,00,2,4,23,A01
201000069246,0,07,000,00,2,4,23,B01
201000069247,0,33,000,00,1,1,21,A01
201000069248,0,31,000,00,2,7,01,A01
201000069248,0,07,000,00,2,1,01,B01
201000069249,0,10,000,00,2,7,01,A01
201000069249,0,07,000,00,2,8,21,B01
201000069250,0,31,000,00,2,1,01,B01
201000069250,0,10,000,00,2,3,01,A01
201000069251,0,01,000,00,2,3,15,A01
201000069251,0,07,000,00,2,3,01,B01
201000069252,0,02,000,00,1,1,01,A01
201000069253,0,32,000,00,2,1,21,B01
201000069253,0,16,000,00,2,1,01,A01
201000069254,0,33,000,00,0,1,01,A01
201000069255,0,07,000,00,0,7,14,A01
201000069256,1,07,000,00,1,0,01,A01
201000069257,0,07,000,00,1,1,01,A01
201000069258,0,07,000,00,0,4,21,A01
201000069258,0,07,000,00,2,1,01,B01
201000069259,0,02,000,00,2,1,01,A01
201000069259,0,07,000,00,2,7,15,B01
201000069260,0,07,000,00,1,1,01,A01
201000069261,0,32,000,00,1,1,17,A01
201000069262,0,30,000,00,1,1,01,A01
201000069263,0,33,000,00,0,0,01,A01
201000069264,0,07,000,02,0,1,01,A01
201000069265,0,07,000,00,2,3,16,B01
201000069265,0,31,000,00,2,7,01,A01
201000069266,0,07,000,00,1,1,01,A01
201000069267,0,07,000,00,2,7,01,A01
201000069267,0,02,000,00,2,8,01,B01
201000069268,0,31,000,00,0,1,01,A01
201000069269,0,01,000,00,0,0,01,A01
201000069270,0,37,000,00,1,1,01,A01
201000069271,0,07,000,00,2,1,06,B01
201000069271,0,02,000,00,2,1,01,A01
201000069272,0,07,000,00,2,1,09,B01
201000069272,0,07,000,00,2,4,01,A01
201000069273,0,07,000,06,0,1,01,A01
201000069274,0,07,000,00,0,0,01,A01
201000069275,0,07,000,00,0,0,21,A01
201000069276,0,10,000,00,2,1,01,B01
201000069276,0,07,000,00,2,4,01,A01
201000069277,0,07,000,00,2,1,01,B01
201000069277,0,07,000,00,2,7,01,A01
201000069278,0,01,000,00,0,0,01,A01
201000069279,1,02,000,00,2,1,01,A01
201000069279,0,07,000,00,2,7,15,B01
201000069280,0,07,000,00,0,0,01,A01
201000069281,0,07,000,00,2,4,24,A01
201000069281,0,07,000,01,0,8,21,B01
201000069282,0,07,000,00,1,1,01,A01
201000069283,0,33,000,00,1,1,01,A01
201000069284,2,02,000,00,2,6,01,B01
201000069284,0,07,000,00,2,2,01,A01
201000069285,0,07,000,00,1,1,01,A01
201000069286,0,02,000,00,0,0,01,A01
201000069287,0,02,000,00,2,7,16,A01
201000069287,0,38,000,00,2,3,01,B01
201000069288,0,07,000,00,2,3,15,B01
201000069288,0,02,000,00,2,3,01,A01
201000069289,0,07,000,00,2,9,01,B01
201000069289,0,07,000,00,2,9,01,A01
201000069289,0,07,000,00,2,1,01,C01
201000069290,0,07,000,00,2,7,01,A01
201000069290,0,02,000,00,2,1,09,B01
201000069291,0,01,000,00,2,7,01,A01
201000069291,0,07,000,00,2,1,01,B01
201000069292,0,07,000,00,2,1,01,B01
201000069292,0,07,000,00,2,1,01,C01
201000069292,0,07,000,00,2,4,01,A01
201000069293,0,07,000,00,2,1,21,A01
201000069293,0,07,000,00,2,4,01,C01
201000069293,0,07,000,00,2,6,01,B01
201000069294,0,07,000,00,2,8,15,B01
201000069294,0,02,000,00,2,1,01,A01
201000069295,0,07,000,00,2,1,01,B01
201000069295,0,02,000,00,2,1,10,A01
201000069296,0,02,000,00,2,3,01,A01
201000069296,0,07,000,00,2,4,04,B01
201000069297,0,07,000,00,1,7,15,A01
201000069298,0,07,000,00,2,4,01,C01
201000069298,0,07,000,00,2,1,01,A01
201000069298,0,07,000,00,2,4,01,B01
201000069299,0,33,000,00,6,1,21,A01
201000069300,0,01,000,00,0,0,01,A01
201000069301,0,07,000,00,2,4,01,B01
201000069301,0,07,000,00,2,1,01,A01
201000069301,0,07,000,00,2,1,01,D01
201000069301,0,07,000,00,2,4,01,C01
201000069302,1,02,000,00,1,0,01,A01
201000069303,0,07,000,00,2,4,01,A01
201000069303,0,07,000,00,2,1,01,B01
201000069304,0,10,000,00,2,6,23,B01
201000069304,0,30,000,01,0,2,14,A01
201000069305,0,07,000,00,1,1,01,A01
201000069306,0,30,000,00,0,1,01,A01
201000069307,0,30,000,00,0,1,01,A01
201000069308,0,07,000,00,2,1,01,B01
201000069308,0,07,000,00,2,1,17,A01
201000069309,0,07,000,00,2,1,01,B01
201000069309,0,07,000,00,2,8,01,A01
201000069310,0,30,000,00,2,1,01,B01
201000069310,0,07,000,00,2,2,15,A01
201000069311,0,10,000,00,2,1,01,B01
201000069311,0,07,000,00,2,4,01,A01
201000069312,0,30,000,00,2,1,01,B01
201000069312,0,01,000,00,2,6,15,A01
201000069313,0,30,000,00,0,0,01,A01
201000069314,0,07,000,00,2,1,17,A01
201000069314,0,07,000,00,2,1,01,B01
201000069315,0,07,000,00,2,4,23,A01
201000069315,0,30,000,00,2,1,01,B01
201000069316,0,07,000,00,2,7,01,B01
201000069316,0,02,000,00,2,1,01,A01
201000069317,0,02,000,00,0,0,01,A01
201000069318,0,07,000,00,2,1,09,A01
201000069318,0,17,000,00,2,6,01,B01
201000069319,0,07,000,00,0,1,12,A01
201000069320,0,07,000,00,2,1,01,A01
201000069320,0,07,000,00,2,4,01,B01
201000069321,0,07,000,00,2,3,15,B01
201000069321,0,01,000,00,2,1,01,A01
201000069322,0,02,000,00,2,1,15,A01
201000069322,0,07,000,00,2,3,01,B01
201000069323,0,07,000,14,0,1,01,A01
201000069324,0,07,000,00,1,1,01,C01
201000069324,0,07,000,00,2,1,01,A01
201000069324,0,07,000,00,2,4,01,B01
201000069325,0,07,000,00,2,2,15,A01
201000069325,0,07,000,00,2,3,01,B01
201000069326,0,30,000,00,0,0,01,A01
201000069327,0,07,000,02,0,1,01,A01
201000069328,0,07,000,10,0,3,01,A01
201000069329,0,07,000,00,2,1,06,A01
201000069329,0,07,000,00,2,1,01,B01
201000069330,0,07,000,00,1,1,01,A01
201000069331,0,07,000,00,2,9,01,A01
201000069331,0,07,000,00,2,2,01,B01
201000069332,0,07,000,00,0,0,01,A01
201000069333,0,07,000,00,0,0,01,A01
201000069334,0,33,000,15,0,1,21,A01
201000069334,0,07,000,00,0,0,21,B01
201000069335,0,07,000,16,0,1,01,A01
201000069336,0,02,000,00,2,1,01,B01
201000069336,0,07,000,00,2,7,15,A01
201000069337,0,07,000,00,2,1,01,A01
201000069337,0,33,000,00,2,8,01,B01
201000069338,0,33,000,00,0,0,01,A01
201000069339,0,02,000,00,0,7,01,A01
201000069340,0,07,000,00,2,1,01,B01
201000069340,0,07,000,00,2,7,01,A01
201000069341,0,07,000,00,0,1,01,A01
201000069342,0,07,000,00,2,3,17,B01
201000069342,0,33,000,00,2,2,01,A01
201000069343,0,07,000,03,0,2,01,A01
201000069344,0,07,000,00,2,4,21,A01
201000069344,0,07,000,00,2,1,01,B01
201000069345,0,07,000,00,0,0,00,A01
201000069346,0,07,000,16,0,9,01,C01
201000069346,0,07,000,13,0,9,01,B01
201000069346,0,07,000,01,0,2,12,D01
201000069347,0,30,000,00,1,1,01,A01
201000069348,0,07,000,00,2,4,01,C01
201000069348,0,07,000,00,2,1,01,A01
201000069348,0,07,000,00,2,4,01,B01
201000069349,0,07,000,00,2,1,01,B01
201000069349,0,07,000,00,2,4,21,A01
201000069350,0,07,000,00,0,1,01,A01
201000069351,0,10,000,14,0,1,01,A01
201000069352,0,07,000,16,0,0,21,A01
201000069353,0,33,000,00,0,0,01,A01
201000069354,0,33,000,00,2,1,01,A01
201000069354,0,07,000,00,2,4,21,B01
201000069355,0,07,000,00,1,1,01,A01
201000069356,0,31,000,00,2,1,01,A01
201000069356,0,10,000,00,2,7,15,B01
201000069357,0,30,000,00,2,1,01,A01
201000069357,0,07,000,00,2,6,01,B01
201000069358,0,07,000,00,2,8,01,B01
201000069358,0,30,000,00,2,1,01,A01
201000069359,0,07,000,16,0,0,01,A01
201000069360,0,21,000,00,2,3,15,B01
201000069360,0,02,000,00,2,1,17,A01
201000069361,0,07,000,00,2,1,01,D01
201000069361,0,07,000,00,2,1,01,E01
201000069361,0,07,000,00,0,1,01,B01
201000069361,0,07,000,00,2,1,01,C01
201000069361,0,07,000,00,2,1,01,F02
201000069361,0,07,000,00,2,4,21,A01
201000069362,0,07,000,00,1,1,01,A01
201000069363,0,07,000,00,2,4,01,A01
201000069363,0,07,000,00,2,1,21,B01
201000069364,0,07,000,00,2,8,01,A01
201000069364,0,33,000,00,2,1,01,B01
201000069365,0,07,000,00,2,4,01,B01
201000069365,0,07,000,00,2,4,01,C01
201000069365,0,37,000,00,2,1,01,A01
201000069366,0,07,000,00,2,8,01,A01
201000069366,0,07,000,00,2,1,01,B01
201000069367,0,07,000,10,0,6,21,A01
201000069368,1,07,000,00,1,0,01,A01
201000069369,0,07,000,00,1,1,16,A01
201000069370,0,07,000,00,2,4,01,A01
201000069370,0,07,000,00,2,1,21,B01
201000069371,0,07,000,00,2,3,20,A01
201000069371,0,02,000,00,2,2,01,B01
201000069372,0,07,000,16,0,0,01,A01
201000069373,0,33,000,00,2,1,01,A01
201000069373,0,07,000,00,2,8,15,B01
201000069374,0,30,000,00,2,1,01,A01
201000069374,0,07,000,00,2,8,15,B01
201000069375,0,07,000,00,2,3,09,B01
201000069375,0,31,000,00,2,1,14,A01
201000069376,0,02,000,16,0,0,01,A01
201000069377,0,07,000,00,2,1,01,B01
201000069377,0,07,000,00,2,4,01,A01
201000069378,0,07,000,16,0,0,01,A01
201000069379,0,07,000,00,2,1,21,B01
201000069379,0,07,000,00,2,4,21,A01
201000069379,0,07,000,16,0,0,01,C01
201000069380,0,07,000,00,2,8,01,A01
201000069380,0,07,000,00,2,3,13,B01
201000069381,0,07,000,00,1,1,01,A01
201000069382,0,02,000,16,0,0,01,A01
201000069383,0,07,000,16,0,0,01,A01
201000069384,0,07,000,16,0,1,01,A01
201000069385,0,01,000,00,2,1,21,B01
201000069385,0,07,000,00,2,3,15,A01
201000069386,0,01,000,00,2,1,17,B01
201000069386,0,07,000,00,2,3,01,A01